/usr/local/lib/python3.12/dist-packages/mmcv/__init__.py:20: UserWarning: On January 1, 2023, MMCV will release v2.0.0, in which it will remove components related to the training process and add a data transformation module. In addition, it will rename the package names mmcv to mmcv-lite and mmcv-full to mmcv. See https://github.com/open-mmlab/mmcv/blob/master/docs/en/compatibility.md for more details.
  warnings.warn(
2026-06-30 13:04:22,306 - mmdet - INFO - Environment info:
------------------------------------------------------------
sys.platform: linux
Python: 3.12.13 (main, Mar  4 2026, 09:23:07) [GCC 11.4.0]
CUDA available: True
GPU 0: Tesla T4
CUDA_HOME: /usr/local/cuda
NVCC: Cuda compilation tools, release 12.8, V12.8.93
GCC: x86_64-linux-gnu-gcc (Ubuntu 11.4.0-1ubuntu1~22.04.3) 11.4.0
PyTorch: 2.11.0+cu128
PyTorch compiling details: PyTorch built with:
  - GCC 13.3
  - C++ Version: 201703
  - Intel(R) oneAPI Math Kernel Library Version 2024.2-Product Build 20240605 for Intel(R) 64 architecture applications
  - Intel(R) MKL-DNN v3.10.2 (Git Hash f1d471933dc852f956fd05389f9313c7148783d5)
  - OpenMP 201511 (a.k.a. OpenMP 4.5)
  - LAPACK is enabled (usually provided by MKL)
  - NNPACK is enabled
  - CPU capability usage: AVX512
  - CUDA Runtime 12.8
  - NVCC architecture flags: -gencode;arch=compute_75,code=sm_75;-gencode;arch=compute_80,code=sm_80;-gencode;arch=compute_86,code=sm_86;-gencode;arch=compute_90,code=sm_90;-gencode;arch=compute_100,code=sm_100;-gencode;arch=compute_120,code=sm_120
  - CuDNN 91.9  (built against CUDA 12.9)
  - Magma 2.6.1
  - Build settings: BLAS_INFO=mkl, BUILD_TYPE=Release, COMMIT_SHA=70d99e998b4955e0049d13a98d77ae1b14db1f45, CUDA_VERSION=12.8, CUDNN_VERSION=9.19.0, CXX_COMPILER=/opt/rh/gcc-toolset-13/root/usr/bin/c++, CXX_FLAGS= -fvisibility-inlines-hidden -DUSE_PTHREADPOOL -DNDEBUG -DUSE_KINETO -DLIBKINETO_NOROCTRACER -DLIBKINETO_NOXPUPTI=ON -DUSE_FBGEMM -DUSE_MSLK -DUSE_PYTORCH_QNNPACK -DUSE_XNNPACK -DSYMBOLICATE_MOBILE_DEBUG_HANDLE -O2 -fPIC -DC10_NODEPRECATED -Wall -Wextra -Werror=return-type -Werror=non-virtual-dtor -Werror=range-loop-construct -Werror=bool-operation -Wnarrowing -Wno-missing-field-initializers -Wno-unknown-pragmas -Wno-unused-parameter -Wno-strict-overflow -Wno-strict-aliasing -Wno-stringop-overflow -Wsuggest-override -Wno-psabi -Wno-error=old-style-cast -faligned-new -Wno-maybe-uninitialized -fno-math-errno -fno-trapping-math -Werror=format -Wno-dangling-reference -Wno-error=dangling-reference -Wno-stringop-overflow, LAPACK_INFO=mkl, PERF_WITH_AVX=1, PERF_WITH_AVX2=1, TORCH_VERSION=2.11.0, USE_CUDA=ON, USE_CUDNN=ON, USE_CUSPARSELT=1, USE_GFLAGS=OFF, USE_GLOG=OFF, USE_GLOO=ON, USE_MKL=ON, USE_MKLDNN=ON, USE_MPI=OFF, USE_NCCL=1, USE_NNPACK=ON, USE_OPENMP=ON, USE_ROCM=OFF, USE_ROCM_KERNEL_ASSERT=OFF, USE_XCCL=OFF, USE_XPU=OFF, 

TorchVision: 0.26.0+cu128
OpenCV: 4.13.0
MMCV: 1.7.2
MMCV Compiler: GCC 11.4
MMCV CUDA Compiler: 12.8
MMDetection: 2.15.1+df1d8a6
------------------------------------------------------------

2026-06-30 13:04:23,040 - mmdet - INFO - Distributed training: False
2026-06-30 13:04:23,512 - mmdet - INFO - Config:
dataset_type = 'CocoDataset'
data_root = 'data/coco/'
img_norm_cfg = dict(
    mean=[103.53, 116.28, 123.675], std=[1.0, 1.0, 1.0], to_rgb=False)
train_pipeline = [
    dict(type='LoadImageFromFile'),
    dict(
        type='LoadAnnotations',
        with_bbox=True,
        with_mask=True,
        poly2mask=False),
    dict(type='GenerateEdgeTargets'),
    dict(
        type='Resize',
        img_scale=(600, 400),
        keep_ratio=True,
        interpolate_mode='nearest'),
    dict(type='RandomFlip', flip_ratio=0.5),
    dict(
        type='AddNoisyImg',
        model='PGRU',
        camera='CanonEOS5D4',
        cfa='bayer',
        use_255=True,
        pre_adjust_brightness=False,
        mode='unprocess_addnoise',
        dark_ratio=(1.0, 1.0),
        noise_ratio=(10, 100)),
    dict(
        type='Normalize',
        mean=[103.53, 116.28, 123.675],
        std=[1.0, 1.0, 1.0],
        to_rgb=False),
    dict(type='Pad', size_divisor=32),
    dict(type='DefaultFormatBundle'),
    dict(
        type='Collect',
        keys=[
            'img', 'noisy_img', 'gt_bboxes', 'gt_labels', 'gt_masks',
            'gt_edges'
        ])
]
test_pipeline = [
    dict(type='LoadImageFromFile'),
    dict(
        type='MultiScaleFlipAug',
        img_scale=(600, 400),
        flip=False,
        transforms=[
            dict(type='Resize', keep_ratio=True, interpolate_mode='nearest'),
            dict(type='RandomFlip'),
            dict(
                type='Normalize',
                mean=[103.53, 116.28, 123.675],
                std=[1.0, 1.0, 1.0],
                to_rgb=False),
            dict(type='Pad', size_divisor=32),
            dict(type='ImageToTensor', keys=['img']),
            dict(type='Collect', keys=['img'])
        ])
]
test_lod_coco = dict(
    classes=('bicycle', 'car', 'motorbike', 'bus', 'bottle', 'chair',
             'diningtable', 'tvmonitor'),
    type='CocoDataset',
    ann_file='data/eallis/annotations/eallis_coco_JPG_test+1.json',
    img_prefix='data/eallis/',
    pipeline=[
        dict(type='LoadImageFromFile'),
        dict(
            type='MultiScaleFlipAug',
            img_scale=(600, 400),
            flip=False,
            transforms=[
                dict(
                    type='Resize', keep_ratio=True,
                    interpolate_mode='nearest'),
                dict(type='RandomFlip'),
                dict(
                    type='Normalize',
                    mean=[103.53, 116.28, 123.675],
                    std=[1.0, 1.0, 1.0],
                    to_rgb=False),
                dict(type='Pad', size_divisor=32),
                dict(type='ImageToTensor', keys=['img']),
                dict(type='Collect', keys=['img'])
            ])
    ])
train_eallis = dict(
    classes=('bicycle', 'car', 'motorbike', 'bus', 'bottle', 'chair',
             'diningtable', 'tvmonitor'),
    type='CocoDataset',
    ann_file='data/eallis/annotations/eallis_coco_JPG_train+1.json',
    img_prefix='data/eallis/',
    pipeline=[
        dict(type='LoadImageFromFile'),
        dict(
            type='LoadAnnotations',
            with_bbox=True,
            with_mask=True,
            poly2mask=False),
        dict(type='GenerateEdgeTargets'),
        dict(
            type='Resize',
            img_scale=(600, 400),
            keep_ratio=True,
            interpolate_mode='nearest'),
        dict(type='RandomFlip', flip_ratio=0.5),
        dict(
            type='AddNoisyImg',
            model='PGRU',
            camera='CanonEOS5D4',
            cfa='bayer',
            use_255=True,
            pre_adjust_brightness=False,
            mode='unprocess_addnoise',
            dark_ratio=(1.0, 1.0),
            noise_ratio=(10, 100)),
        dict(
            type='Normalize',
            mean=[103.53, 116.28, 123.675],
            std=[1.0, 1.0, 1.0],
            to_rgb=False),
        dict(type='Pad', size_divisor=32),
        dict(type='DefaultFormatBundle'),
        dict(
            type='Collect',
            keys=[
                'img', 'noisy_img', 'gt_bboxes', 'gt_labels', 'gt_masks',
                'gt_edges'
            ])
    ])
coco = dict(
    classes=('bicycle', 'chair', 'dining table', 'bottle', 'motorcycle', 'car',
             'tv', 'bus'),
    type='CocoDataset',
    ann_file='data/coco_subset/instances_train2017_subset.json',
    img_prefix='data/coco/train2017/',
    pipeline=[
        dict(type='LoadImageFromFile'),
        dict(
            type='LoadAnnotations',
            with_bbox=True,
            with_mask=True,
            poly2mask=False),
        dict(type='GenerateEdgeTargets'),
        dict(
            type='Resize',
            img_scale=(600, 400),
            keep_ratio=True,
            interpolate_mode='nearest'),
        dict(type='RandomFlip', flip_ratio=0.5),
        dict(
            type='AddNoisyImg',
            model='PGRU',
            camera='CanonEOS5D4',
            cfa='bayer',
            use_255=True,
            pre_adjust_brightness=False,
            mode='unprocess_addnoise',
            dark_ratio=(1.0, 1.0),
            noise_ratio=(10, 100)),
        dict(
            type='Normalize',
            mean=[103.53, 116.28, 123.675],
            std=[1.0, 1.0, 1.0],
            to_rgb=False),
        dict(type='Pad', size_divisor=32),
        dict(type='DefaultFormatBundle'),
        dict(
            type='Collect',
            keys=[
                'img', 'noisy_img', 'gt_bboxes', 'gt_labels', 'gt_masks',
                'gt_edges'
            ])
    ])
coco_val = dict(
    classes=('bicycle', 'chair', 'dining table', 'bottle', 'motorcycle', 'car',
             'tv', 'bus'),
    type='CocoDataset',
    ann_file='data/coco/annotations/instances_val2017.json',
    img_prefix='data/coco/val2017/',
    pipeline=[
        dict(type='LoadImageFromFile'),
        dict(
            type='MultiScaleFlipAug',
            img_scale=(600, 400),
            flip=False,
            transforms=[
                dict(
                    type='Resize', keep_ratio=True,
                    interpolate_mode='nearest'),
                dict(type='RandomFlip'),
                dict(
                    type='Normalize',
                    mean=[103.53, 116.28, 123.675],
                    std=[1.0, 1.0, 1.0],
                    to_rgb=False),
                dict(type='Pad', size_divisor=32),
                dict(type='ImageToTensor', keys=['img']),
                dict(type='Collect', keys=['img'])
            ])
    ])
BATCHSIZE = 8
GPU = 1
data = dict(
    samples_per_gpu=8,
    workers_per_gpu=4,
    train=[
        dict(
            classes=('bicycle', 'chair', 'dining table', 'bottle',
                     'motorcycle', 'car', 'tv', 'bus'),
            type='CocoDataset',
            ann_file='data/coco_subset/instances_train2017_subset.json',
            img_prefix='data/coco/train2017/',
            pipeline=[
                dict(type='LoadImageFromFile'),
                dict(
                    type='LoadAnnotations',
                    with_bbox=True,
                    with_mask=True,
                    poly2mask=False),
                dict(type='GenerateEdgeTargets'),
                dict(
                    type='Resize',
                    img_scale=(600, 400),
                    keep_ratio=True,
                    interpolate_mode='nearest'),
                dict(type='RandomFlip', flip_ratio=0.5),
                dict(
                    type='AddNoisyImg',
                    model='PGRU',
                    camera='CanonEOS5D4',
                    cfa='bayer',
                    use_255=True,
                    pre_adjust_brightness=False,
                    mode='unprocess_addnoise',
                    dark_ratio=(1.0, 1.0),
                    noise_ratio=(10, 100)),
                dict(
                    type='Normalize',
                    mean=[103.53, 116.28, 123.675],
                    std=[1.0, 1.0, 1.0],
                    to_rgb=False),
                dict(type='Pad', size_divisor=32),
                dict(type='DefaultFormatBundle'),
                dict(
                    type='Collect',
                    keys=[
                        'img', 'noisy_img', 'gt_bboxes', 'gt_labels',
                        'gt_masks', 'gt_edges'
                    ])
            ])
    ],
    val=dict(
        classes=('bicycle', 'car', 'motorbike', 'bus', 'bottle', 'chair',
                 'diningtable', 'tvmonitor'),
        type='CocoDataset',
        ann_file='data/eallis/annotations/eallis_coco_JPG_test+1.json',
        img_prefix='data/eallis/',
        pipeline=[
            dict(type='LoadImageFromFile'),
            dict(
                type='MultiScaleFlipAug',
                img_scale=(600, 400),
                flip=False,
                transforms=[
                    dict(
                        type='Resize',
                        keep_ratio=True,
                        interpolate_mode='nearest'),
                    dict(type='RandomFlip'),
                    dict(
                        type='Normalize',
                        mean=[103.53, 116.28, 123.675],
                        std=[1.0, 1.0, 1.0],
                        to_rgb=False),
                    dict(type='Pad', size_divisor=32),
                    dict(type='ImageToTensor', keys=['img']),
                    dict(type='Collect', keys=['img'])
                ])
        ]),
    test=dict(
        classes=('bicycle', 'car', 'motorbike', 'bus', 'bottle', 'chair',
                 'diningtable', 'tvmonitor'),
        type='CocoDataset',
        ann_file='data/eallis/annotations/eallis_coco_JPG_test+1.json',
        img_prefix='data/eallis/',
        pipeline=[
            dict(type='LoadImageFromFile'),
            dict(
                type='MultiScaleFlipAug',
                img_scale=(600, 400),
                flip=False,
                transforms=[
                    dict(
                        type='Resize',
                        keep_ratio=True,
                        interpolate_mode='nearest'),
                    dict(type='RandomFlip'),
                    dict(
                        type='Normalize',
                        mean=[103.53, 116.28, 123.675],
                        std=[1.0, 1.0, 1.0],
                        to_rgb=False),
                    dict(type='Pad', size_divisor=32),
                    dict(type='ImageToTensor', keys=['img']),
                    dict(type='Collect', keys=['img'])
                ])
        ]))
evaluation = dict(interval=1, metric=['bbox', 'segm'], save_best='bbox_mAP')
optimizer = dict(
    type='SGD',
    lr=0.01,
    momentum=0.9,
    weight_decay=0.0001,
    paramwise_cfg=dict(
        custom_keys=dict(
            llpf=dict(lr_mult=2.0),
            learnable_conv1=dict(lr_mult=2.0),
            AdaD=dict(lr_mult=2.0))))
optimizer_config = dict(grad_clip=None)
lr_config = dict(
    policy='step',
    warmup='linear',
    warmup_iters=500,
    warmup_ratio=0.001,
    step=[9, 11])
runner = dict(type='EpochBasedRunner', max_epochs=12)
checkpoint_config = dict(interval=1, max_keep_ckpts=2)
log_config = dict(interval=50, hooks=[dict(type='TextLoggerHook')])
custom_hooks = [dict(type='NumClassCheckHook')]
dist_params = dict(backend='nccl')
log_level = 'INFO'
work_dir = '/content/drive/MyDrive/Ablation/illum'
load_from = '/content/drive/MyDrive/EALLIS_checkpoints/Checkpoint1.pth'
resume_from = None
gpu_ids = range(0, 1)
seed = 42
workflow = [('train', 1)]
find_unused_parameters = True
model = dict(
    type='MaskRCNNNoiseInv',
    backbone=dict(
        type='ResNet',
        depth=50,
        num_stages=4,
        out_indices=(0, 1, 2, 3),
        frozen_stages=1,
        norm_cfg=dict(type='BN', requires_grad=True),
        norm_eval=True,
        style='caffe',
        init_cfg=dict(
            type='Pretrained',
            checkpoint='open-mmlab://detectron2/resnet50_caffe'),
        use_eallis=True,
        use_edge=False),
    neck=dict(
        type='FPN',
        in_channels=[256, 512, 1024, 2048],
        out_channels=256,
        num_outs=5),
    rpn_head=dict(
        type='RPNHead',
        in_channels=256,
        feat_channels=256,
        anchor_generator=dict(
            type='AnchorGenerator',
            scales=[8],
            ratios=[0.5, 1.0, 2.0],
            strides=[4, 8, 16, 32, 64]),
        bbox_coder=dict(
            type='DeltaXYWHBBoxCoder',
            target_means=[0.0, 0.0, 0.0, 0.0],
            target_stds=[1.0, 1.0, 1.0, 1.0]),
        loss_cls=dict(
            type='CrossEntropyLoss', use_sigmoid=True, loss_weight=1.0),
        loss_bbox=dict(type='L1Loss', loss_weight=1.0)),
    roi_head=dict(
        type='StandardRoIHead',
        bbox_roi_extractor=dict(
            type='SingleRoIExtractor',
            roi_layer=dict(type='RoIAlign', output_size=7, sampling_ratio=0),
            out_channels=256,
            featmap_strides=[4, 8, 16, 32]),
        bbox_head=dict(
            type='Shared2FCBBoxHead',
            in_channels=256,
            fc_out_channels=1024,
            roi_feat_size=7,
            num_classes=8,
            bbox_coder=dict(
                type='DeltaXYWHBBoxCoder',
                target_means=[0.0, 0.0, 0.0, 0.0],
                target_stds=[0.1, 0.1, 0.2, 0.2]),
            reg_class_agnostic=False,
            loss_cls=dict(
                type='CrossEntropyLoss', use_sigmoid=False, loss_weight=1.0),
            loss_bbox=dict(type='L1Loss', loss_weight=1.0)),
        mask_roi_extractor=dict(
            type='SingleRoIExtractor',
            roi_layer=dict(type='RoIAlign', output_size=14, sampling_ratio=0),
            out_channels=256,
            featmap_strides=[4, 8, 16, 32]),
        mask_head=dict(
            type='FCNMaskHead',
            num_convs=4,
            in_channels=256,
            conv_out_channels=256,
            num_classes=8,
            loss_mask=dict(
                type='CrossEntropyLoss', use_mask=True, loss_weight=1.0))),
    train_cfg=dict(
        rpn=dict(
            assigner=dict(
                type='MaxIoUAssigner',
                pos_iou_thr=0.7,
                neg_iou_thr=0.3,
                min_pos_iou=0.3,
                match_low_quality=True,
                ignore_iof_thr=-1),
            sampler=dict(
                type='RandomSampler',
                num=256,
                pos_fraction=0.5,
                neg_pos_ub=-1,
                add_gt_as_proposals=False),
            allowed_border=-1,
            pos_weight=-1,
            debug=False),
        rpn_proposal=dict(
            nms_pre=2000,
            max_per_img=1000,
            nms=dict(type='nms', iou_threshold=0.7),
            min_bbox_size=0),
        rcnn=dict(
            assigner=dict(
                type='MaxIoUAssigner',
                pos_iou_thr=0.5,
                neg_iou_thr=0.5,
                min_pos_iou=0.5,
                match_low_quality=True,
                ignore_iof_thr=-1),
            sampler=dict(
                type='RandomSampler',
                num=512,
                pos_fraction=0.25,
                neg_pos_ub=-1,
                add_gt_as_proposals=True),
            mask_size=28,
            pos_weight=-1,
            debug=False)),
    test_cfg=dict(
        rpn=dict(
            nms_pre=1000,
            max_per_img=1000,
            nms=dict(type='nms', iou_threshold=0.7),
            min_bbox_size=0),
        rcnn=dict(
            score_thr=0.05,
            nms=dict(type='nms', iou_threshold=0.5),
            max_per_img=100,
            mask_thr_binary=0.5)))
edge_loss = dict(type='EdgeLoss', loss_weight=1.0)
custom_imports = dict(
    imports=[
        'mmdetection_custom_part.mmdet.datasets.pipelines.edge_target',
        'mmdetection_custom_part.mmdet.models.backbones.resnet'
    ],
    allow_failed_imports=False)

2026-06-30 13:04:23,514 - mmdet - INFO - Set random seed to 42, deterministic: False
/content/EALLIS/mmdetection/mmdet/core/anchor/builder.py:15: UserWarning: ``build_anchor_generator`` would be deprecated soon, please use ``build_prior_generator`` 
  warnings.warn(
2026-06-30 13:04:24,771 - mmcv - INFO - initialize ResNet with init_cfg {'type': 'Pretrained', 'checkpoint': 'open-mmlab://detectron2/resnet50_caffe'}
2026-06-30 13:04:24,771 - mmcv - INFO - load model from: open-mmlab://detectron2/resnet50_caffe
2026-06-30 13:04:24,772 - mmcv - INFO - load checkpoint from openmmlab path: open-mmlab://detectron2/resnet50_caffe
Downloading: "https://download.openmmlab.com/pretrain/third_party/resnet50_msra-5891d200.pth" to /root/.cache/torch/hub/checkpoints/resnet50_msra-5891d200.pth

  0%|          | 0.00/89.9M [00:00<?, ?B/s]
  0%|          | 256k/89.9M [00:00<00:45, 2.06MB/s]
  1%|          | 512k/89.9M [00:00<00:40, 2.30MB/s]
  1%|          | 896k/89.9M [00:00<00:35, 2.64MB/s]
  1%|▏         | 1.25M/89.9M [00:00<00:31, 2.97MB/s]
  2%|▏         | 1.75M/89.9M [00:00<00:26, 3.49MB/s]
  3%|▎         | 2.38M/89.9M [00:00<00:21, 4.18MB/s]
  3%|▎         | 3.00M/89.9M [00:00<00:18, 4.82MB/s]
  4%|▍         | 3.75M/89.9M [00:00<00:15, 5.69MB/s]
  5%|▌         | 4.75M/89.9M [00:01<00:12, 6.90MB/s]
  7%|▋         | 5.88M/89.9M [00:01<00:10, 8.20MB/s]
  8%|▊         | 7.12M/89.9M [00:01<00:09, 9.49MB/s]
  9%|▉         | 8.38M/89.9M [00:01<00:08, 10.5MB/s]
 11%|█         | 9.62M/89.9M [00:01<00:07, 11.2MB/s]
 12%|█▏        | 10.9M/89.9M [00:01<00:07, 11.6MB/s]
 13%|█▎        | 12.1M/89.9M [00:01<00:06, 12.0MB/s]
 15%|█▌        | 13.5M/89.9M [00:01<00:06, 12.5MB/s]
 17%|█▋        | 14.9M/89.9M [00:01<00:06, 12.7MB/s]
 18%|█▊        | 16.1M/89.9M [00:01<00:06, 12.7MB/s]
 19%|█▉        | 17.4M/89.9M [00:02<00:06, 12.6MB/s]
 21%|██        | 18.8M/89.9M [00:02<00:05, 13.0MB/s]
 22%|██▏       | 20.1M/89.9M [00:02<00:05, 12.8MB/s]
 24%|██▍       | 21.5M/89.9M [00:02<00:05, 13.1MB/s]
 25%|██▌       | 22.9M/89.9M [00:02<00:05, 13.2MB/s]
 27%|██▋       | 24.2M/89.9M [00:02<00:05, 13.0MB/s]
 28%|██▊       | 25.6M/89.9M [00:02<00:05, 13.3MB/s]
 30%|███       | 27.0M/89.9M [00:02<00:05, 13.1MB/s]
 32%|███▏      | 28.4M/89.9M [00:02<00:04, 13.3MB/s]
 33%|███▎      | 29.8M/89.9M [00:03<00:04, 13.5MB/s]
 35%|███▍      | 31.1M/89.9M [00:03<00:04, 13.2MB/s]
 36%|███▌      | 32.5M/89.9M [00:03<00:04, 13.4MB/s]
 38%|███▊      | 33.9M/89.9M [00:03<00:04, 13.6MB/s]
 39%|███▉      | 35.2M/89.9M [00:03<00:04, 13.6MB/s]
 41%|████      | 36.6M/89.9M [00:03<00:04, 13.5MB/s]
 42%|████▏     | 38.0M/89.9M [00:03<00:03, 13.6MB/s]
 44%|████▍     | 39.4M/89.9M [00:03<00:03, 13.3MB/s]
 45%|████▌     | 40.8M/89.9M [00:03<00:03, 13.5MB/s]
 47%|████▋     | 42.1M/89.9M [00:04<00:03, 13.7MB/s]
 48%|████▊     | 43.5M/89.9M [00:04<00:03, 13.5MB/s]
 50%|████▉     | 44.9M/89.9M [00:04<00:03, 13.6MB/s]
 51%|█████▏    | 46.2M/89.9M [00:04<00:03, 13.2MB/s]
 53%|█████▎    | 47.6M/89.9M [00:04<00:03, 13.5MB/s]
 54%|█████▍    | 49.0M/89.9M [00:04<00:03, 13.6MB/s]
 56%|█████▌    | 50.4M/89.9M [00:04<00:03, 13.5MB/s]
 58%|█████▊    | 51.8M/89.9M [00:04<00:02, 13.5MB/s]
 59%|█████▉    | 53.1M/89.9M [00:04<00:02, 13.6MB/s]
 61%|██████    | 54.5M/89.9M [00:04<00:02, 13.7MB/s]
 62%|██████▏   | 55.9M/89.9M [00:05<00:02, 13.3MB/s]
 64%|██████▎   | 57.2M/89.9M [00:05<00:02, 13.5MB/s]
 65%|██████▌   | 58.6M/89.9M [00:05<00:02, 13.2MB/s]
 67%|██████▋   | 60.0M/89.9M [00:05<00:02, 13.5MB/s]
 68%|██████▊   | 61.4M/89.9M [00:05<00:02, 13.6MB/s]
 70%|██████▉   | 62.8M/89.9M [00:05<00:02, 13.7MB/s]
 71%|███████▏  | 64.1M/89.9M [00:05<00:01, 13.7MB/s]
 73%|███████▎  | 65.5M/89.9M [00:05<00:01, 13.8MB/s]
 74%|███████▍  | 66.9M/89.9M [00:05<00:01, 13.5MB/s]
 76%|███████▌  | 68.2M/89.9M [00:06<00:01, 13.7MB/s]
 77%|███████▋  | 69.6M/89.9M [00:06<00:01, 13.5MB/s]
 79%|███████▉  | 71.0M/89.9M [00:06<00:01, 13.5MB/s]
 80%|████████  | 72.4M/89.9M [00:06<00:01, 13.8MB/s]
 82%|████████▏ | 73.8M/89.9M [00:06<00:01, 13.6MB/s]
 84%|████████▎ | 75.1M/89.9M [00:06<00:01, 13.7MB/s]
 85%|████████▌ | 76.5M/89.9M [00:06<00:01, 13.7MB/s]
 87%|████████▋ | 77.9M/89.9M [00:06<00:00, 13.8MB/s]
 88%|████████▊ | 79.2M/89.9M [00:06<00:00, 13.7MB/s]
 90%|████████▉ | 80.6M/89.9M [00:06<00:00, 13.9MB/s]
 91%|█████████ | 82.0M/89.9M [00:07<00:00, 13.7MB/s]
 93%|█████████▎| 83.4M/89.9M [00:07<00:00, 13.7MB/s]
 94%|█████████▍| 84.9M/89.9M [00:07<00:00, 13.6MB/s]
 96%|█████████▌| 86.2M/89.9M [00:07<00:00, 13.7MB/s]
 97%|█████████▋| 87.6M/89.9M [00:07<00:00, 13.6MB/s]
 99%|█████████▉| 89.0M/89.9M [00:07<00:00, 13.8MB/s]
100%|██████████| 89.9M/89.9M [00:07<00:00, 12.3MB/s]
2026-06-30 13:04:33,100 - mmcv - WARNING - The model and loaded state dict do not match exactly

unexpected key in source state_dict: conv1.bias

missing keys in source state_dict: eallis_c3.illum.channel_mlp.0.weight, eallis_c3.illum.channel_mlp.0.bias, eallis_c3.illum.channel_mlp.2.weight, eallis_c3.illum.channel_mlp.2.bias, eallis_c3.illum.spatial_conv.0.weight, eallis_c3.illum.spatial_conv.0.bias, eallis_c3.illum.spatial_conv.1.weight, eallis_c3.illum.spatial_conv.1.bias, eallis_c3.rectifier.conv1.weight, eallis_c3.rectifier.conv1.bias, eallis_c3.rectifier.conv2.weight, eallis_c3.rectifier.conv2.bias, eallis_c3.rectifier.gate.0.weight, eallis_c3.rectifier.gate.0.bias, eallis_c4.illum.channel_mlp.0.weight, eallis_c4.illum.channel_mlp.0.bias, eallis_c4.illum.channel_mlp.2.weight, eallis_c4.illum.channel_mlp.2.bias, eallis_c4.illum.spatial_conv.0.weight, eallis_c4.illum.spatial_conv.0.bias, eallis_c4.illum.spatial_conv.1.weight, eallis_c4.illum.spatial_conv.1.bias, eallis_c4.rectifier.conv1.weight, eallis_c4.rectifier.conv1.bias, eallis_c4.rectifier.conv2.weight, eallis_c4.rectifier.conv2.bias, eallis_c4.rectifier.gate.0.weight, eallis_c4.rectifier.gate.0.bias

2026-06-30 13:04:33,156 - mmcv - INFO - initialize FPN with init_cfg {'type': 'Xavier', 'layer': 'Conv2d', 'distribution': 'uniform'}
2026-06-30 13:04:33,180 - mmcv - INFO - initialize RPNHead with init_cfg {'type': 'Normal', 'layer': 'Conv2d', 'std': 0.01}
2026-06-30 13:04:33,185 - mmcv - INFO - initialize Shared2FCBBoxHead with init_cfg [{'type': 'Normal', 'std': 0.01, 'override': {'name': 'fc_cls'}}, {'type': 'Normal', 'std': 0.001, 'override': {'name': 'fc_reg'}}, {'type': 'Xavier', 'layer': 'Linear', 'override': [{'name': 'shared_fcs'}, {'name': 'cls_fcs'}, {'name': 'reg_fcs'}]}]
2026-06-30 13:04:33,405 - mmcv - INFO - 
backbone.conv1.weight - torch.Size([64, 3, 7, 7]): 
PretrainedInit: load from open-mmlab://detectron2/resnet50_caffe 
 
2026-06-30 13:04:33,405 - mmcv - INFO - 
backbone.bn1.weight - torch.Size([64]): 
PretrainedInit: load from open-mmlab://detectron2/resnet50_caffe 
 
2026-06-30 13:04:33,405 - mmcv - INFO - 
backbone.bn1.bias - torch.Size([64]): 
PretrainedInit: load from open-mmlab://detectron2/resnet50_caffe 
 
2026-06-30 13:04:33,405 - mmcv - INFO - 
backbone.layer1.0.conv1.weight - torch.Size([64, 64, 1, 1]): 
PretrainedInit: load from open-mmlab://detectron2/resnet50_caffe 
 
2026-06-30 13:04:33,405 - mmcv - INFO - 
backbone.layer1.0.bn1.weight - torch.Size([64]): 
PretrainedInit: load from open-mmlab://detectron2/resnet50_caffe 
 
2026-06-30 13:04:33,405 - mmcv - INFO - 
backbone.layer1.0.bn1.bias - torch.Size([64]): 
PretrainedInit: load from open-mmlab://detectron2/resnet50_caffe 
 
2026-06-30 13:04:33,406 - mmcv - INFO - 
backbone.layer1.0.conv2.weight - torch.Size([64, 64, 3, 3]): 
PretrainedInit: load from open-mmlab://detectron2/resnet50_caffe 
 
2026-06-30 13:04:33,406 - mmcv - INFO - 
backbone.layer1.0.bn2.weight - torch.Size([64]): 
PretrainedInit: load from open-mmlab://detectron2/resnet50_caffe 
 
2026-06-30 13:04:33,406 - mmcv - INFO - 
backbone.layer1.0.bn2.bias - torch.Size([64]): 
PretrainedInit: load from open-mmlab://detectron2/resnet50_caffe 
 
2026-06-30 13:04:33,406 - mmcv - INFO - 
backbone.layer1.0.conv3.weight - torch.Size([256, 64, 1, 1]): 
PretrainedInit: load from open-mmlab://detectron2/resnet50_caffe 
 
2026-06-30 13:04:33,406 - mmcv - INFO - 
backbone.layer1.0.bn3.weight - torch.Size([256]): 
PretrainedInit: load from open-mmlab://detectron2/resnet50_caffe 
 
2026-06-30 13:04:33,406 - mmcv - INFO - 
backbone.layer1.0.bn3.bias - torch.Size([256]): 
PretrainedInit: load from open-mmlab://detectron2/resnet50_caffe 
 
2026-06-30 13:04:33,406 - mmcv - INFO - 
backbone.layer1.0.downsample.0.weight - torch.Size([256, 64, 1, 1]): 
PretrainedInit: load from open-mmlab://detectron2/resnet50_caffe 
 
2026-06-30 13:04:33,406 - mmcv - INFO - 
backbone.layer1.0.downsample.1.weight - torch.Size([256]): 
PretrainedInit: load from open-mmlab://detectron2/resnet50_caffe 
 
2026-06-30 13:04:33,406 - mmcv - INFO - 
backbone.layer1.0.downsample.1.bias - torch.Size([256]): 
PretrainedInit: load from open-mmlab://detectron2/resnet50_caffe 
 
2026-06-30 13:04:33,406 - mmcv - INFO - 
backbone.layer1.1.conv1.weight - torch.Size([64, 256, 1, 1]): 
PretrainedInit: load from open-mmlab://detectron2/resnet50_caffe 
 
2026-06-30 13:04:33,406 - mmcv - INFO - 
backbone.layer1.1.bn1.weight - torch.Size([64]): 
PretrainedInit: load from open-mmlab://detectron2/resnet50_caffe 
 
2026-06-30 13:04:33,406 - mmcv - INFO - 
backbone.layer1.1.bn1.bias - torch.Size([64]): 
PretrainedInit: load from open-mmlab://detectron2/resnet50_caffe 
 
2026-06-30 13:04:33,406 - mmcv - INFO - 
backbone.layer1.1.conv2.weight - torch.Size([64, 64, 3, 3]): 
PretrainedInit: load from open-mmlab://detectron2/resnet50_caffe 
 
2026-06-30 13:04:33,406 - mmcv - INFO - 
backbone.layer1.1.bn2.weight - torch.Size([64]): 
PretrainedInit: load from open-mmlab://detectron2/resnet50_caffe 
 
2026-06-30 13:04:33,406 - mmcv - INFO - 
backbone.layer1.1.bn2.bias - torch.Size([64]): 
PretrainedInit: load from open-mmlab://detectron2/resnet50_caffe 
 
2026-06-30 13:04:33,406 - mmcv - INFO - 
backbone.layer1.1.conv3.weight - torch.Size([256, 64, 1, 1]): 
PretrainedInit: load from open-mmlab://detectron2/resnet50_caffe 
 
2026-06-30 13:04:33,406 - mmcv - INFO - 
backbone.layer1.1.bn3.weight - torch.Size([256]): 
PretrainedInit: load from open-mmlab://detectron2/resnet50_caffe 
 
2026-06-30 13:04:33,406 - mmcv - INFO - 
backbone.layer1.1.bn3.bias - torch.Size([256]): 
PretrainedInit: load from open-mmlab://detectron2/resnet50_caffe 
 
2026-06-30 13:04:33,407 - mmcv - INFO - 
backbone.layer1.2.conv1.weight - torch.Size([64, 256, 1, 1]): 
PretrainedInit: load from open-mmlab://detectron2/resnet50_caffe 
 
2026-06-30 13:04:33,407 - mmcv - INFO - 
backbone.layer1.2.bn1.weight - torch.Size([64]): 
PretrainedInit: load from open-mmlab://detectron2/resnet50_caffe 
 
2026-06-30 13:04:33,407 - mmcv - INFO - 
backbone.layer1.2.bn1.bias - torch.Size([64]): 
PretrainedInit: load from open-mmlab://detectron2/resnet50_caffe 
 
2026-06-30 13:04:33,407 - mmcv - INFO - 
backbone.layer1.2.conv2.weight - torch.Size([64, 64, 3, 3]): 
PretrainedInit: load from open-mmlab://detectron2/resnet50_caffe 
 
2026-06-30 13:04:33,407 - mmcv - INFO - 
backbone.layer1.2.bn2.weight - torch.Size([64]): 
PretrainedInit: load from open-mmlab://detectron2/resnet50_caffe 
 
2026-06-30 13:04:33,407 - mmcv - INFO - 
backbone.layer1.2.bn2.bias - torch.Size([64]): 
PretrainedInit: load from open-mmlab://detectron2/resnet50_caffe 
 
2026-06-30 13:04:33,407 - mmcv - INFO - 
backbone.layer1.2.conv3.weight - torch.Size([256, 64, 1, 1]): 
PretrainedInit: load from open-mmlab://detectron2/resnet50_caffe 
 
2026-06-30 13:04:33,407 - mmcv - INFO - 
backbone.layer1.2.bn3.weight - torch.Size([256]): 
PretrainedInit: load from open-mmlab://detectron2/resnet50_caffe 
 
2026-06-30 13:04:33,407 - mmcv - INFO - 
backbone.layer1.2.bn3.bias - torch.Size([256]): 
PretrainedInit: load from open-mmlab://detectron2/resnet50_caffe 
 
2026-06-30 13:04:33,407 - mmcv - INFO - 
backbone.layer2.0.conv1.weight - torch.Size([128, 256, 1, 1]): 
PretrainedInit: load from open-mmlab://detectron2/resnet50_caffe 
 
2026-06-30 13:04:33,407 - mmcv - INFO - 
backbone.layer2.0.bn1.weight - torch.Size([128]): 
PretrainedInit: load from open-mmlab://detectron2/resnet50_caffe 
 
2026-06-30 13:04:33,407 - mmcv - INFO - 
backbone.layer2.0.bn1.bias - torch.Size([128]): 
PretrainedInit: load from open-mmlab://detectron2/resnet50_caffe 
 
2026-06-30 13:04:33,407 - mmcv - INFO - 
backbone.layer2.0.conv2.weight - torch.Size([128, 128, 3, 3]): 
PretrainedInit: load from open-mmlab://detectron2/resnet50_caffe 
 
2026-06-30 13:04:33,407 - mmcv - INFO - 
backbone.layer2.0.bn2.weight - torch.Size([128]): 
PretrainedInit: load from open-mmlab://detectron2/resnet50_caffe 
 
2026-06-30 13:04:33,407 - mmcv - INFO - 
backbone.layer2.0.bn2.bias - torch.Size([128]): 
PretrainedInit: load from open-mmlab://detectron2/resnet50_caffe 
 
2026-06-30 13:04:33,407 - mmcv - INFO - 
backbone.layer2.0.conv3.weight - torch.Size([512, 128, 1, 1]): 
PretrainedInit: load from open-mmlab://detectron2/resnet50_caffe 
 
2026-06-30 13:04:33,407 - mmcv - INFO - 
backbone.layer2.0.bn3.weight - torch.Size([512]): 
PretrainedInit: load from open-mmlab://detectron2/resnet50_caffe 
 
2026-06-30 13:04:33,408 - mmcv - INFO - 
backbone.layer2.0.bn3.bias - torch.Size([512]): 
PretrainedInit: load from open-mmlab://detectron2/resnet50_caffe 
 
2026-06-30 13:04:33,408 - mmcv - INFO - 
backbone.layer2.0.downsample.0.weight - torch.Size([512, 256, 1, 1]): 
PretrainedInit: load from open-mmlab://detectron2/resnet50_caffe 
 
2026-06-30 13:04:33,408 - mmcv - INFO - 
backbone.layer2.0.downsample.1.weight - torch.Size([512]): 
PretrainedInit: load from open-mmlab://detectron2/resnet50_caffe 
 
2026-06-30 13:04:33,408 - mmcv - INFO - 
backbone.layer2.0.downsample.1.bias - torch.Size([512]): 
PretrainedInit: load from open-mmlab://detectron2/resnet50_caffe 
 
2026-06-30 13:04:33,408 - mmcv - INFO - 
backbone.layer2.1.conv1.weight - torch.Size([128, 512, 1, 1]): 
PretrainedInit: load from open-mmlab://detectron2/resnet50_caffe 
 
2026-06-30 13:04:33,408 - mmcv - INFO - 
backbone.layer2.1.bn1.weight - torch.Size([128]): 
PretrainedInit: load from open-mmlab://detectron2/resnet50_caffe 
 
2026-06-30 13:04:33,408 - mmcv - INFO - 
backbone.layer2.1.bn1.bias - torch.Size([128]): 
PretrainedInit: load from open-mmlab://detectron2/resnet50_caffe 
 
2026-06-30 13:04:33,408 - mmcv - INFO - 
backbone.layer2.1.conv2.weight - torch.Size([128, 128, 3, 3]): 
PretrainedInit: load from open-mmlab://detectron2/resnet50_caffe 
 
2026-06-30 13:04:33,408 - mmcv - INFO - 
backbone.layer2.1.bn2.weight - torch.Size([128]): 
PretrainedInit: load from open-mmlab://detectron2/resnet50_caffe 
 
2026-06-30 13:04:33,408 - mmcv - INFO - 
backbone.layer2.1.bn2.bias - torch.Size([128]): 
PretrainedInit: load from open-mmlab://detectron2/resnet50_caffe 
 
2026-06-30 13:04:33,408 - mmcv - INFO - 
backbone.layer2.1.conv3.weight - torch.Size([512, 128, 1, 1]): 
PretrainedInit: load from open-mmlab://detectron2/resnet50_caffe 
 
2026-06-30 13:04:33,408 - mmcv - INFO - 
backbone.layer2.1.bn3.weight - torch.Size([512]): 
PretrainedInit: load from open-mmlab://detectron2/resnet50_caffe 
 
2026-06-30 13:04:33,408 - mmcv - INFO - 
backbone.layer2.1.bn3.bias - torch.Size([512]): 
PretrainedInit: load from open-mmlab://detectron2/resnet50_caffe 
 
2026-06-30 13:04:33,408 - mmcv - INFO - 
backbone.layer2.2.conv1.weight - torch.Size([128, 512, 1, 1]): 
PretrainedInit: load from open-mmlab://detectron2/resnet50_caffe 
 
2026-06-30 13:04:33,408 - mmcv - INFO - 
backbone.layer2.2.bn1.weight - torch.Size([128]): 
PretrainedInit: load from open-mmlab://detectron2/resnet50_caffe 
 
2026-06-30 13:04:33,408 - mmcv - INFO - 
backbone.layer2.2.bn1.bias - torch.Size([128]): 
PretrainedInit: load from open-mmlab://detectron2/resnet50_caffe 
 
2026-06-30 13:04:33,408 - mmcv - INFO - 
backbone.layer2.2.conv2.weight - torch.Size([128, 128, 3, 3]): 
PretrainedInit: load from open-mmlab://detectron2/resnet50_caffe 
 
2026-06-30 13:04:33,408 - mmcv - INFO - 
backbone.layer2.2.bn2.weight - torch.Size([128]): 
PretrainedInit: load from open-mmlab://detectron2/resnet50_caffe 
 
2026-06-30 13:04:33,408 - mmcv - INFO - 
backbone.layer2.2.bn2.bias - torch.Size([128]): 
PretrainedInit: load from open-mmlab://detectron2/resnet50_caffe 
 
2026-06-30 13:04:33,408 - mmcv - INFO - 
backbone.layer2.2.conv3.weight - torch.Size([512, 128, 1, 1]): 
PretrainedInit: load from open-mmlab://detectron2/resnet50_caffe 
 
2026-06-30 13:04:33,408 - mmcv - INFO - 
backbone.layer2.2.bn3.weight - torch.Size([512]): 
PretrainedInit: load from open-mmlab://detectron2/resnet50_caffe 
 
2026-06-30 13:04:33,409 - mmcv - INFO - 
backbone.layer2.2.bn3.bias - torch.Size([512]): 
PretrainedInit: load from open-mmlab://detectron2/resnet50_caffe 
 
2026-06-30 13:04:33,409 - mmcv - INFO - 
backbone.layer2.3.conv1.weight - torch.Size([128, 512, 1, 1]): 
PretrainedInit: load from open-mmlab://detectron2/resnet50_caffe 
 
2026-06-30 13:04:33,409 - mmcv - INFO - 
backbone.layer2.3.bn1.weight - torch.Size([128]): 
PretrainedInit: load from open-mmlab://detectron2/resnet50_caffe 
 
2026-06-30 13:04:33,409 - mmcv - INFO - 
backbone.layer2.3.bn1.bias - torch.Size([128]): 
PretrainedInit: load from open-mmlab://detectron2/resnet50_caffe 
 
2026-06-30 13:04:33,409 - mmcv - INFO - 
backbone.layer2.3.conv2.weight - torch.Size([128, 128, 3, 3]): 
PretrainedInit: load from open-mmlab://detectron2/resnet50_caffe 
 
2026-06-30 13:04:33,409 - mmcv - INFO - 
backbone.layer2.3.bn2.weight - torch.Size([128]): 
PretrainedInit: load from open-mmlab://detectron2/resnet50_caffe 
 
2026-06-30 13:04:33,409 - mmcv - INFO - 
backbone.layer2.3.bn2.bias - torch.Size([128]): 
PretrainedInit: load from open-mmlab://detectron2/resnet50_caffe 
 
2026-06-30 13:04:33,409 - mmcv - INFO - 
backbone.layer2.3.conv3.weight - torch.Size([512, 128, 1, 1]): 
PretrainedInit: load from open-mmlab://detectron2/resnet50_caffe 
 
2026-06-30 13:04:33,409 - mmcv - INFO - 
backbone.layer2.3.bn3.weight - torch.Size([512]): 
PretrainedInit: load from open-mmlab://detectron2/resnet50_caffe 
 
2026-06-30 13:04:33,409 - mmcv - INFO - 
backbone.layer2.3.bn3.bias - torch.Size([512]): 
PretrainedInit: load from open-mmlab://detectron2/resnet50_caffe 
 
2026-06-30 13:04:33,409 - mmcv - INFO - 
backbone.layer3.0.conv1.weight - torch.Size([256, 512, 1, 1]): 
PretrainedInit: load from open-mmlab://detectron2/resnet50_caffe 
 
2026-06-30 13:04:33,409 - mmcv - INFO - 
backbone.layer3.0.bn1.weight - torch.Size([256]): 
PretrainedInit: load from open-mmlab://detectron2/resnet50_caffe 
 
2026-06-30 13:04:33,409 - mmcv - INFO - 
backbone.layer3.0.bn1.bias - torch.Size([256]): 
PretrainedInit: load from open-mmlab://detectron2/resnet50_caffe 
 
2026-06-30 13:04:33,409 - mmcv - INFO - 
backbone.layer3.0.conv2.weight - torch.Size([256, 256, 3, 3]): 
PretrainedInit: load from open-mmlab://detectron2/resnet50_caffe 
 
2026-06-30 13:04:33,409 - mmcv - INFO - 
backbone.layer3.0.bn2.weight - torch.Size([256]): 
PretrainedInit: load from open-mmlab://detectron2/resnet50_caffe 
 
2026-06-30 13:04:33,409 - mmcv - INFO - 
backbone.layer3.0.bn2.bias - torch.Size([256]): 
PretrainedInit: load from open-mmlab://detectron2/resnet50_caffe 
 
2026-06-30 13:04:33,409 - mmcv - INFO - 
backbone.layer3.0.conv3.weight - torch.Size([1024, 256, 1, 1]): 
PretrainedInit: load from open-mmlab://detectron2/resnet50_caffe 
 
2026-06-30 13:04:33,409 - mmcv - INFO - 
backbone.layer3.0.bn3.weight - torch.Size([1024]): 
PretrainedInit: load from open-mmlab://detectron2/resnet50_caffe 
 
2026-06-30 13:04:33,409 - mmcv - INFO - 
backbone.layer3.0.bn3.bias - torch.Size([1024]): 
PretrainedInit: load from open-mmlab://detectron2/resnet50_caffe 
 
2026-06-30 13:04:33,409 - mmcv - INFO - 
backbone.layer3.0.downsample.0.weight - torch.Size([1024, 512, 1, 1]): 
PretrainedInit: load from open-mmlab://detectron2/resnet50_caffe 
 
2026-06-30 13:04:33,409 - mmcv - INFO - 
backbone.layer3.0.downsample.1.weight - torch.Size([1024]): 
PretrainedInit: load from open-mmlab://detectron2/resnet50_caffe 
 
2026-06-30 13:04:33,409 - mmcv - INFO - 
backbone.layer3.0.downsample.1.bias - torch.Size([1024]): 
PretrainedInit: load from open-mmlab://detectron2/resnet50_caffe 
 
2026-06-30 13:04:33,409 - mmcv - INFO - 
backbone.layer3.1.conv1.weight - torch.Size([256, 1024, 1, 1]): 
PretrainedInit: load from open-mmlab://detectron2/resnet50_caffe 
 
2026-06-30 13:04:33,409 - mmcv - INFO - 
backbone.layer3.1.bn1.weight - torch.Size([256]): 
PretrainedInit: load from open-mmlab://detectron2/resnet50_caffe 
 
2026-06-30 13:04:33,409 - mmcv - INFO - 
backbone.layer3.1.bn1.bias - torch.Size([256]): 
PretrainedInit: load from open-mmlab://detectron2/resnet50_caffe 
 
2026-06-30 13:04:33,409 - mmcv - INFO - 
backbone.layer3.1.conv2.weight - torch.Size([256, 256, 3, 3]): 
PretrainedInit: load from open-mmlab://detectron2/resnet50_caffe 
 
2026-06-30 13:04:33,410 - mmcv - INFO - 
backbone.layer3.1.bn2.weight - torch.Size([256]): 
PretrainedInit: load from open-mmlab://detectron2/resnet50_caffe 
 
2026-06-30 13:04:33,410 - mmcv - INFO - 
backbone.layer3.1.bn2.bias - torch.Size([256]): 
PretrainedInit: load from open-mmlab://detectron2/resnet50_caffe 
 
2026-06-30 13:04:33,410 - mmcv - INFO - 
backbone.layer3.1.conv3.weight - torch.Size([1024, 256, 1, 1]): 
PretrainedInit: load from open-mmlab://detectron2/resnet50_caffe 
 
2026-06-30 13:04:33,410 - mmcv - INFO - 
backbone.layer3.1.bn3.weight - torch.Size([1024]): 
PretrainedInit: load from open-mmlab://detectron2/resnet50_caffe 
 
2026-06-30 13:04:33,410 - mmcv - INFO - 
backbone.layer3.1.bn3.bias - torch.Size([1024]): 
PretrainedInit: load from open-mmlab://detectron2/resnet50_caffe 
 
2026-06-30 13:04:33,410 - mmcv - INFO - 
backbone.layer3.2.conv1.weight - torch.Size([256, 1024, 1, 1]): 
PretrainedInit: load from open-mmlab://detectron2/resnet50_caffe 
 
2026-06-30 13:04:33,410 - mmcv - INFO - 
backbone.layer3.2.bn1.weight - torch.Size([256]): 
PretrainedInit: load from open-mmlab://detectron2/resnet50_caffe 
 
2026-06-30 13:04:33,410 - mmcv - INFO - 
backbone.layer3.2.bn1.bias - torch.Size([256]): 
PretrainedInit: load from open-mmlab://detectron2/resnet50_caffe 
 
2026-06-30 13:04:33,410 - mmcv - INFO - 
backbone.layer3.2.conv2.weight - torch.Size([256, 256, 3, 3]): 
PretrainedInit: load from open-mmlab://detectron2/resnet50_caffe 
 
2026-06-30 13:04:33,410 - mmcv - INFO - 
backbone.layer3.2.bn2.weight - torch.Size([256]): 
PretrainedInit: load from open-mmlab://detectron2/resnet50_caffe 
 
2026-06-30 13:04:33,410 - mmcv - INFO - 
backbone.layer3.2.bn2.bias - torch.Size([256]): 
PretrainedInit: load from open-mmlab://detectron2/resnet50_caffe 
 
2026-06-30 13:04:33,410 - mmcv - INFO - 
backbone.layer3.2.conv3.weight - torch.Size([1024, 256, 1, 1]): 
PretrainedInit: load from open-mmlab://detectron2/resnet50_caffe 
 
2026-06-30 13:04:33,410 - mmcv - INFO - 
backbone.layer3.2.bn3.weight - torch.Size([1024]): 
PretrainedInit: load from open-mmlab://detectron2/resnet50_caffe 
 
2026-06-30 13:04:33,410 - mmcv - INFO - 
backbone.layer3.2.bn3.bias - torch.Size([1024]): 
PretrainedInit: load from open-mmlab://detectron2/resnet50_caffe 
 
2026-06-30 13:04:33,410 - mmcv - INFO - 
backbone.layer3.3.conv1.weight - torch.Size([256, 1024, 1, 1]): 
PretrainedInit: load from open-mmlab://detectron2/resnet50_caffe 
 
2026-06-30 13:04:33,410 - mmcv - INFO - 
backbone.layer3.3.bn1.weight - torch.Size([256]): 
PretrainedInit: load from open-mmlab://detectron2/resnet50_caffe 
 
2026-06-30 13:04:33,410 - mmcv - INFO - 
backbone.layer3.3.bn1.bias - torch.Size([256]): 
PretrainedInit: load from open-mmlab://detectron2/resnet50_caffe 
 
2026-06-30 13:04:33,410 - mmcv - INFO - 
backbone.layer3.3.conv2.weight - torch.Size([256, 256, 3, 3]): 
PretrainedInit: load from open-mmlab://detectron2/resnet50_caffe 
 
2026-06-30 13:04:33,410 - mmcv - INFO - 
backbone.layer3.3.bn2.weight - torch.Size([256]): 
PretrainedInit: load from open-mmlab://detectron2/resnet50_caffe 
 
2026-06-30 13:04:33,410 - mmcv - INFO - 
backbone.layer3.3.bn2.bias - torch.Size([256]): 
PretrainedInit: load from open-mmlab://detectron2/resnet50_caffe 
 
2026-06-30 13:04:33,410 - mmcv - INFO - 
backbone.layer3.3.conv3.weight - torch.Size([1024, 256, 1, 1]): 
PretrainedInit: load from open-mmlab://detectron2/resnet50_caffe 
 
2026-06-30 13:04:33,410 - mmcv - INFO - 
backbone.layer3.3.bn3.weight - torch.Size([1024]): 
PretrainedInit: load from open-mmlab://detectron2/resnet50_caffe 
 
2026-06-30 13:04:33,410 - mmcv - INFO - 
backbone.layer3.3.bn3.bias - torch.Size([1024]): 
PretrainedInit: load from open-mmlab://detectron2/resnet50_caffe 
 
2026-06-30 13:04:33,410 - mmcv - INFO - 
backbone.layer3.4.conv1.weight - torch.Size([256, 1024, 1, 1]): 
PretrainedInit: load from open-mmlab://detectron2/resnet50_caffe 
 
2026-06-30 13:04:33,410 - mmcv - INFO - 
backbone.layer3.4.bn1.weight - torch.Size([256]): 
PretrainedInit: load from open-mmlab://detectron2/resnet50_caffe 
 
2026-06-30 13:04:33,410 - mmcv - INFO - 
backbone.layer3.4.bn1.bias - torch.Size([256]): 
PretrainedInit: load from open-mmlab://detectron2/resnet50_caffe 
 
2026-06-30 13:04:33,410 - mmcv - INFO - 
backbone.layer3.4.conv2.weight - torch.Size([256, 256, 3, 3]): 
PretrainedInit: load from open-mmlab://detectron2/resnet50_caffe 
 
2026-06-30 13:04:33,410 - mmcv - INFO - 
backbone.layer3.4.bn2.weight - torch.Size([256]): 
PretrainedInit: load from open-mmlab://detectron2/resnet50_caffe 
 
2026-06-30 13:04:33,410 - mmcv - INFO - 
backbone.layer3.4.bn2.bias - torch.Size([256]): 
PretrainedInit: load from open-mmlab://detectron2/resnet50_caffe 
 
2026-06-30 13:04:33,411 - mmcv - INFO - 
backbone.layer3.4.conv3.weight - torch.Size([1024, 256, 1, 1]): 
PretrainedInit: load from open-mmlab://detectron2/resnet50_caffe 
 
2026-06-30 13:04:33,411 - mmcv - INFO - 
backbone.layer3.4.bn3.weight - torch.Size([1024]): 
PretrainedInit: load from open-mmlab://detectron2/resnet50_caffe 
 
2026-06-30 13:04:33,411 - mmcv - INFO - 
backbone.layer3.4.bn3.bias - torch.Size([1024]): 
PretrainedInit: load from open-mmlab://detectron2/resnet50_caffe 
 
2026-06-30 13:04:33,411 - mmcv - INFO - 
backbone.layer3.5.conv1.weight - torch.Size([256, 1024, 1, 1]): 
PretrainedInit: load from open-mmlab://detectron2/resnet50_caffe 
 
2026-06-30 13:04:33,411 - mmcv - INFO - 
backbone.layer3.5.bn1.weight - torch.Size([256]): 
PretrainedInit: load from open-mmlab://detectron2/resnet50_caffe 
 
2026-06-30 13:04:33,411 - mmcv - INFO - 
backbone.layer3.5.bn1.bias - torch.Size([256]): 
PretrainedInit: load from open-mmlab://detectron2/resnet50_caffe 
 
2026-06-30 13:04:33,411 - mmcv - INFO - 
backbone.layer3.5.conv2.weight - torch.Size([256, 256, 3, 3]): 
PretrainedInit: load from open-mmlab://detectron2/resnet50_caffe 
 
2026-06-30 13:04:33,411 - mmcv - INFO - 
backbone.layer3.5.bn2.weight - torch.Size([256]): 
PretrainedInit: load from open-mmlab://detectron2/resnet50_caffe 
 
2026-06-30 13:04:33,411 - mmcv - INFO - 
backbone.layer3.5.bn2.bias - torch.Size([256]): 
PretrainedInit: load from open-mmlab://detectron2/resnet50_caffe 
 
2026-06-30 13:04:33,411 - mmcv - INFO - 
backbone.layer3.5.conv3.weight - torch.Size([1024, 256, 1, 1]): 
PretrainedInit: load from open-mmlab://detectron2/resnet50_caffe 
 
2026-06-30 13:04:33,411 - mmcv - INFO - 
backbone.layer3.5.bn3.weight - torch.Size([1024]): 
PretrainedInit: load from open-mmlab://detectron2/resnet50_caffe 
 
2026-06-30 13:04:33,411 - mmcv - INFO - 
backbone.layer3.5.bn3.bias - torch.Size([1024]): 
PretrainedInit: load from open-mmlab://detectron2/resnet50_caffe 
 
2026-06-30 13:04:33,411 - mmcv - INFO - 
backbone.layer4.0.conv1.weight - torch.Size([512, 1024, 1, 1]): 
PretrainedInit: load from open-mmlab://detectron2/resnet50_caffe 
 
2026-06-30 13:04:33,411 - mmcv - INFO - 
backbone.layer4.0.bn1.weight - torch.Size([512]): 
PretrainedInit: load from open-mmlab://detectron2/resnet50_caffe 
 
2026-06-30 13:04:33,411 - mmcv - INFO - 
backbone.layer4.0.bn1.bias - torch.Size([512]): 
PretrainedInit: load from open-mmlab://detectron2/resnet50_caffe 
 
2026-06-30 13:04:33,411 - mmcv - INFO - 
backbone.layer4.0.conv2.weight - torch.Size([512, 512, 3, 3]): 
PretrainedInit: load from open-mmlab://detectron2/resnet50_caffe 
 
2026-06-30 13:04:33,411 - mmcv - INFO - 
backbone.layer4.0.bn2.weight - torch.Size([512]): 
PretrainedInit: load from open-mmlab://detectron2/resnet50_caffe 
 
2026-06-30 13:04:33,411 - mmcv - INFO - 
backbone.layer4.0.bn2.bias - torch.Size([512]): 
PretrainedInit: load from open-mmlab://detectron2/resnet50_caffe 
 
2026-06-30 13:04:33,411 - mmcv - INFO - 
backbone.layer4.0.conv3.weight - torch.Size([2048, 512, 1, 1]): 
PretrainedInit: load from open-mmlab://detectron2/resnet50_caffe 
 
2026-06-30 13:04:33,411 - mmcv - INFO - 
backbone.layer4.0.bn3.weight - torch.Size([2048]): 
PretrainedInit: load from open-mmlab://detectron2/resnet50_caffe 
 
2026-06-30 13:04:33,412 - mmcv - INFO - 
backbone.layer4.0.bn3.bias - torch.Size([2048]): 
PretrainedInit: load from open-mmlab://detectron2/resnet50_caffe 
 
2026-06-30 13:04:33,412 - mmcv - INFO - 
backbone.layer4.0.downsample.0.weight - torch.Size([2048, 1024, 1, 1]): 
PretrainedInit: load from open-mmlab://detectron2/resnet50_caffe 
 
2026-06-30 13:04:33,412 - mmcv - INFO - 
backbone.layer4.0.downsample.1.weight - torch.Size([2048]): 
PretrainedInit: load from open-mmlab://detectron2/resnet50_caffe 
 
2026-06-30 13:04:33,412 - mmcv - INFO - 
backbone.layer4.0.downsample.1.bias - torch.Size([2048]): 
PretrainedInit: load from open-mmlab://detectron2/resnet50_caffe 
 
2026-06-30 13:04:33,412 - mmcv - INFO - 
backbone.layer4.1.conv1.weight - torch.Size([512, 2048, 1, 1]): 
PretrainedInit: load from open-mmlab://detectron2/resnet50_caffe 
 
2026-06-30 13:04:33,412 - mmcv - INFO - 
backbone.layer4.1.bn1.weight - torch.Size([512]): 
PretrainedInit: load from open-mmlab://detectron2/resnet50_caffe 
 
2026-06-30 13:04:33,412 - mmcv - INFO - 
backbone.layer4.1.bn1.bias - torch.Size([512]): 
PretrainedInit: load from open-mmlab://detectron2/resnet50_caffe 
 
2026-06-30 13:04:33,412 - mmcv - INFO - 
backbone.layer4.1.conv2.weight - torch.Size([512, 512, 3, 3]): 
PretrainedInit: load from open-mmlab://detectron2/resnet50_caffe 
 
2026-06-30 13:04:33,412 - mmcv - INFO - 
backbone.layer4.1.bn2.weight - torch.Size([512]): 
PretrainedInit: load from open-mmlab://detectron2/resnet50_caffe 
 
2026-06-30 13:04:33,412 - mmcv - INFO - 
backbone.layer4.1.bn2.bias - torch.Size([512]): 
PretrainedInit: load from open-mmlab://detectron2/resnet50_caffe 
 
2026-06-30 13:04:33,412 - mmcv - INFO - 
backbone.layer4.1.conv3.weight - torch.Size([2048, 512, 1, 1]): 
PretrainedInit: load from open-mmlab://detectron2/resnet50_caffe 
 
2026-06-30 13:04:33,412 - mmcv - INFO - 
backbone.layer4.1.bn3.weight - torch.Size([2048]): 
PretrainedInit: load from open-mmlab://detectron2/resnet50_caffe 
 
2026-06-30 13:04:33,412 - mmcv - INFO - 
backbone.layer4.1.bn3.bias - torch.Size([2048]): 
PretrainedInit: load from open-mmlab://detectron2/resnet50_caffe 
 
2026-06-30 13:04:33,412 - mmcv - INFO - 
backbone.layer4.2.conv1.weight - torch.Size([512, 2048, 1, 1]): 
PretrainedInit: load from open-mmlab://detectron2/resnet50_caffe 
 
2026-06-30 13:04:33,412 - mmcv - INFO - 
backbone.layer4.2.bn1.weight - torch.Size([512]): 
PretrainedInit: load from open-mmlab://detectron2/resnet50_caffe 
 
2026-06-30 13:04:33,412 - mmcv - INFO - 
backbone.layer4.2.bn1.bias - torch.Size([512]): 
PretrainedInit: load from open-mmlab://detectron2/resnet50_caffe 
 
2026-06-30 13:04:33,412 - mmcv - INFO - 
backbone.layer4.2.conv2.weight - torch.Size([512, 512, 3, 3]): 
PretrainedInit: load from open-mmlab://detectron2/resnet50_caffe 
 
2026-06-30 13:04:33,412 - mmcv - INFO - 
backbone.layer4.2.bn2.weight - torch.Size([512]): 
PretrainedInit: load from open-mmlab://detectron2/resnet50_caffe 
 
2026-06-30 13:04:33,412 - mmcv - INFO - 
backbone.layer4.2.bn2.bias - torch.Size([512]): 
PretrainedInit: load from open-mmlab://detectron2/resnet50_caffe 
 
2026-06-30 13:04:33,412 - mmcv - INFO - 
backbone.layer4.2.conv3.weight - torch.Size([2048, 512, 1, 1]): 
PretrainedInit: load from open-mmlab://detectron2/resnet50_caffe 
 
2026-06-30 13:04:33,413 - mmcv - INFO - 
backbone.layer4.2.bn3.weight - torch.Size([2048]): 
PretrainedInit: load from open-mmlab://detectron2/resnet50_caffe 
 
2026-06-30 13:04:33,413 - mmcv - INFO - 
backbone.layer4.2.bn3.bias - torch.Size([2048]): 
PretrainedInit: load from open-mmlab://detectron2/resnet50_caffe 
 
2026-06-30 13:04:33,413 - mmcv - INFO - 
backbone.eallis_c3.illum.channel_mlp.0.weight - torch.Size([32, 512, 1, 1]): 
The value is the same before and after calling `init_weights` of MaskRCNNNoiseInv  
 
2026-06-30 13:04:33,413 - mmcv - INFO - 
backbone.eallis_c3.illum.channel_mlp.0.bias - torch.Size([32]): 
The value is the same before and after calling `init_weights` of MaskRCNNNoiseInv  
 
2026-06-30 13:04:33,413 - mmcv - INFO - 
backbone.eallis_c3.illum.channel_mlp.2.weight - torch.Size([512, 32, 1, 1]): 
The value is the same before and after calling `init_weights` of MaskRCNNNoiseInv  
 
2026-06-30 13:04:33,413 - mmcv - INFO - 
backbone.eallis_c3.illum.channel_mlp.2.bias - torch.Size([512]): 
The value is the same before and after calling `init_weights` of MaskRCNNNoiseInv  
 
2026-06-30 13:04:33,413 - mmcv - INFO - 
backbone.eallis_c3.illum.spatial_conv.0.weight - torch.Size([512, 1, 3, 3]): 
The value is the same before and after calling `init_weights` of MaskRCNNNoiseInv  
 
2026-06-30 13:04:33,413 - mmcv - INFO - 
backbone.eallis_c3.illum.spatial_conv.0.bias - torch.Size([512]): 
The value is the same before and after calling `init_weights` of MaskRCNNNoiseInv  
 
2026-06-30 13:04:33,413 - mmcv - INFO - 
backbone.eallis_c3.illum.spatial_conv.1.weight - torch.Size([1, 512, 1, 1]): 
The value is the same before and after calling `init_weights` of MaskRCNNNoiseInv  
 
2026-06-30 13:04:33,413 - mmcv - INFO - 
backbone.eallis_c3.illum.spatial_conv.1.bias - torch.Size([1]): 
The value is the same before and after calling `init_weights` of MaskRCNNNoiseInv  
 
2026-06-30 13:04:33,413 - mmcv - INFO - 
backbone.eallis_c3.rectifier.conv1.weight - torch.Size([512, 512, 3, 3]): 
The value is the same before and after calling `init_weights` of MaskRCNNNoiseInv  
 
2026-06-30 13:04:33,413 - mmcv - INFO - 
backbone.eallis_c3.rectifier.conv1.bias - torch.Size([512]): 
The value is the same before and after calling `init_weights` of MaskRCNNNoiseInv  
 
2026-06-30 13:04:33,413 - mmcv - INFO - 
backbone.eallis_c3.rectifier.conv2.weight - torch.Size([512, 512, 3, 3]): 
The value is the same before and after calling `init_weights` of MaskRCNNNoiseInv  
 
2026-06-30 13:04:33,413 - mmcv - INFO - 
backbone.eallis_c3.rectifier.conv2.bias - torch.Size([512]): 
The value is the same before and after calling `init_weights` of MaskRCNNNoiseInv  
 
2026-06-30 13:04:33,413 - mmcv - INFO - 
backbone.eallis_c3.rectifier.gate.0.weight - torch.Size([512, 512, 1, 1]): 
The value is the same before and after calling `init_weights` of MaskRCNNNoiseInv  
 
2026-06-30 13:04:33,413 - mmcv - INFO - 
backbone.eallis_c3.rectifier.gate.0.bias - torch.Size([512]): 
The value is the same before and after calling `init_weights` of MaskRCNNNoiseInv  
 
2026-06-30 13:04:33,413 - mmcv - INFO - 
backbone.eallis_c4.illum.channel_mlp.0.weight - torch.Size([64, 1024, 1, 1]): 
The value is the same before and after calling `init_weights` of MaskRCNNNoiseInv  
 
2026-06-30 13:04:33,413 - mmcv - INFO - 
backbone.eallis_c4.illum.channel_mlp.0.bias - torch.Size([64]): 
The value is the same before and after calling `init_weights` of MaskRCNNNoiseInv  
 
2026-06-30 13:04:33,414 - mmcv - INFO - 
backbone.eallis_c4.illum.channel_mlp.2.weight - torch.Size([1024, 64, 1, 1]): 
The value is the same before and after calling `init_weights` of MaskRCNNNoiseInv  
 
2026-06-30 13:04:33,414 - mmcv - INFO - 
backbone.eallis_c4.illum.channel_mlp.2.bias - torch.Size([1024]): 
The value is the same before and after calling `init_weights` of MaskRCNNNoiseInv  
 
2026-06-30 13:04:33,414 - mmcv - INFO - 
backbone.eallis_c4.illum.spatial_conv.0.weight - torch.Size([1024, 1, 3, 3]): 
The value is the same before and after calling `init_weights` of MaskRCNNNoiseInv  
 
2026-06-30 13:04:33,414 - mmcv - INFO - 
backbone.eallis_c4.illum.spatial_conv.0.bias - torch.Size([1024]): 
The value is the same before and after calling `init_weights` of MaskRCNNNoiseInv  
 
2026-06-30 13:04:33,414 - mmcv - INFO - 
backbone.eallis_c4.illum.spatial_conv.1.weight - torch.Size([1, 1024, 1, 1]): 
The value is the same before and after calling `init_weights` of MaskRCNNNoiseInv  
 
2026-06-30 13:04:33,414 - mmcv - INFO - 
backbone.eallis_c4.illum.spatial_conv.1.bias - torch.Size([1]): 
The value is the same before and after calling `init_weights` of MaskRCNNNoiseInv  
 
2026-06-30 13:04:33,414 - mmcv - INFO - 
backbone.eallis_c4.rectifier.conv1.weight - torch.Size([1024, 1024, 3, 3]): 
The value is the same before and after calling `init_weights` of MaskRCNNNoiseInv  
 
2026-06-30 13:04:33,414 - mmcv - INFO - 
backbone.eallis_c4.rectifier.conv1.bias - torch.Size([1024]): 
The value is the same before and after calling `init_weights` of MaskRCNNNoiseInv  
 
2026-06-30 13:04:33,414 - mmcv - INFO - 
backbone.eallis_c4.rectifier.conv2.weight - torch.Size([1024, 1024, 3, 3]): 
The value is the same before and after calling `init_weights` of MaskRCNNNoiseInv  
 
2026-06-30 13:04:33,414 - mmcv - INFO - 
backbone.eallis_c4.rectifier.conv2.bias - torch.Size([1024]): 
The value is the same before and after calling `init_weights` of MaskRCNNNoiseInv  
 
2026-06-30 13:04:33,414 - mmcv - INFO - 
backbone.eallis_c4.rectifier.gate.0.weight - torch.Size([1024, 1024, 1, 1]): 
The value is the same before and after calling `init_weights` of MaskRCNNNoiseInv  
 
2026-06-30 13:04:33,414 - mmcv - INFO - 
backbone.eallis_c4.rectifier.gate.0.bias - torch.Size([1024]): 
The value is the same before and after calling `init_weights` of MaskRCNNNoiseInv  
 
2026-06-30 13:04:33,414 - mmcv - INFO - 
neck.lateral_convs.0.conv.weight - torch.Size([256, 256, 1, 1]): 
XavierInit: gain=1, distribution=uniform, bias=0 
 
2026-06-30 13:04:33,414 - mmcv - INFO - 
neck.lateral_convs.0.conv.bias - torch.Size([256]): 
The value is the same before and after calling `init_weights` of MaskRCNNNoiseInv  
 
2026-06-30 13:04:33,414 - mmcv - INFO - 
neck.lateral_convs.1.conv.weight - torch.Size([256, 512, 1, 1]): 
XavierInit: gain=1, distribution=uniform, bias=0 
 
2026-06-30 13:04:33,414 - mmcv - INFO - 
neck.lateral_convs.1.conv.bias - torch.Size([256]): 
The value is the same before and after calling `init_weights` of MaskRCNNNoiseInv  
 
2026-06-30 13:04:33,414 - mmcv - INFO - 
neck.lateral_convs.2.conv.weight - torch.Size([256, 1024, 1, 1]): 
XavierInit: gain=1, distribution=uniform, bias=0 
 
2026-06-30 13:04:33,414 - mmcv - INFO - 
neck.lateral_convs.2.conv.bias - torch.Size([256]): 
The value is the same before and after calling `init_weights` of MaskRCNNNoiseInv  
 
2026-06-30 13:04:33,414 - mmcv - INFO - 
neck.lateral_convs.3.conv.weight - torch.Size([256, 2048, 1, 1]): 
XavierInit: gain=1, distribution=uniform, bias=0 
 
2026-06-30 13:04:33,414 - mmcv - INFO - 
neck.lateral_convs.3.conv.bias - torch.Size([256]): 
The value is the same before and after calling `init_weights` of MaskRCNNNoiseInv  
 
2026-06-30 13:04:33,415 - mmcv - INFO - 
neck.fpn_convs.0.conv.weight - torch.Size([256, 256, 3, 3]): 
XavierInit: gain=1, distribution=uniform, bias=0 
 
2026-06-30 13:04:33,415 - mmcv - INFO - 
neck.fpn_convs.0.conv.bias - torch.Size([256]): 
The value is the same before and after calling `init_weights` of MaskRCNNNoiseInv  
 
2026-06-30 13:04:33,415 - mmcv - INFO - 
neck.fpn_convs.1.conv.weight - torch.Size([256, 256, 3, 3]): 
XavierInit: gain=1, distribution=uniform, bias=0 
 
2026-06-30 13:04:33,415 - mmcv - INFO - 
neck.fpn_convs.1.conv.bias - torch.Size([256]): 
The value is the same before and after calling `init_weights` of MaskRCNNNoiseInv  
 
2026-06-30 13:04:33,415 - mmcv - INFO - 
neck.fpn_convs.2.conv.weight - torch.Size([256, 256, 3, 3]): 
XavierInit: gain=1, distribution=uniform, bias=0 
 
2026-06-30 13:04:33,415 - mmcv - INFO - 
neck.fpn_convs.2.conv.bias - torch.Size([256]): 
The value is the same before and after calling `init_weights` of MaskRCNNNoiseInv  
 
2026-06-30 13:04:33,415 - mmcv - INFO - 
neck.fpn_convs.3.conv.weight - torch.Size([256, 256, 3, 3]): 
XavierInit: gain=1, distribution=uniform, bias=0 
 
2026-06-30 13:04:33,415 - mmcv - INFO - 
neck.fpn_convs.3.conv.bias - torch.Size([256]): 
The value is the same before and after calling `init_weights` of MaskRCNNNoiseInv  
 
2026-06-30 13:04:33,415 - mmcv - INFO - 
rpn_head.rpn_conv.weight - torch.Size([256, 256, 3, 3]): 
NormalInit: mean=0, std=0.01, bias=0 
 
2026-06-30 13:04:33,415 - mmcv - INFO - 
rpn_head.rpn_conv.bias - torch.Size([256]): 
NormalInit: mean=0, std=0.01, bias=0 
 
2026-06-30 13:04:33,415 - mmcv - INFO - 
rpn_head.rpn_cls.weight - torch.Size([3, 256, 1, 1]): 
NormalInit: mean=0, std=0.01, bias=0 
 
2026-06-30 13:04:33,415 - mmcv - INFO - 
rpn_head.rpn_cls.bias - torch.Size([3]): 
NormalInit: mean=0, std=0.01, bias=0 
 
2026-06-30 13:04:33,415 - mmcv - INFO - 
rpn_head.rpn_reg.weight - torch.Size([12, 256, 1, 1]): 
NormalInit: mean=0, std=0.01, bias=0 
 
2026-06-30 13:04:33,415 - mmcv - INFO - 
rpn_head.rpn_reg.bias - torch.Size([12]): 
NormalInit: mean=0, std=0.01, bias=0 
 
2026-06-30 13:04:33,415 - mmcv - INFO - 
roi_head.bbox_head.fc_cls.weight - torch.Size([9, 1024]): 
XavierInit: gain=1, distribution=normal, bias=0 
 
2026-06-30 13:04:33,415 - mmcv - INFO - 
roi_head.bbox_head.fc_cls.bias - torch.Size([9]): 
NormalInit: mean=0, std=0.01, bias=0 
 
2026-06-30 13:04:33,415 - mmcv - INFO - 
roi_head.bbox_head.fc_reg.weight - torch.Size([32, 1024]): 
XavierInit: gain=1, distribution=normal, bias=0 
 
2026-06-30 13:04:33,415 - mmcv - INFO - 
roi_head.bbox_head.fc_reg.bias - torch.Size([32]): 
NormalInit: mean=0, std=0.001, bias=0 
 
2026-06-30 13:04:33,415 - mmcv - INFO - 
roi_head.bbox_head.shared_fcs.0.weight - torch.Size([1024, 12544]): 
XavierInit: gain=1, distribution=normal, bias=0 
 
2026-06-30 13:04:33,415 - mmcv - INFO - 
roi_head.bbox_head.shared_fcs.0.bias - torch.Size([1024]): 
XavierInit: gain=1, distribution=normal, bias=0 
 
2026-06-30 13:04:33,416 - mmcv - INFO - 
roi_head.bbox_head.shared_fcs.1.weight - torch.Size([1024, 1024]): 
XavierInit: gain=1, distribution=normal, bias=0 
 
2026-06-30 13:04:33,416 - mmcv - INFO - 
roi_head.bbox_head.shared_fcs.1.bias - torch.Size([1024]): 
XavierInit: gain=1, distribution=normal, bias=0 
 
2026-06-30 13:04:33,416 - mmcv - INFO - 
roi_head.mask_head.convs.0.conv.weight - torch.Size([256, 256, 3, 3]): 
Initialized by user-defined `init_weights` in ConvModule  
 
2026-06-30 13:04:33,416 - mmcv - INFO - 
roi_head.mask_head.convs.0.conv.bias - torch.Size([256]): 
The value is the same before and after calling `init_weights` of MaskRCNNNoiseInv  
 
2026-06-30 13:04:33,416 - mmcv - INFO - 
roi_head.mask_head.convs.1.conv.weight - torch.Size([256, 256, 3, 3]): 
Initialized by user-defined `init_weights` in ConvModule  
 
2026-06-30 13:04:33,416 - mmcv - INFO - 
roi_head.mask_head.convs.1.conv.bias - torch.Size([256]): 
The value is the same before and after calling `init_weights` of MaskRCNNNoiseInv  
 
2026-06-30 13:04:33,416 - mmcv - INFO - 
roi_head.mask_head.convs.2.conv.weight - torch.Size([256, 256, 3, 3]): 
Initialized by user-defined `init_weights` in ConvModule  
 
2026-06-30 13:04:33,416 - mmcv - INFO - 
roi_head.mask_head.convs.2.conv.bias - torch.Size([256]): 
The value is the same before and after calling `init_weights` of MaskRCNNNoiseInv  
 
2026-06-30 13:04:33,416 - mmcv - INFO - 
roi_head.mask_head.convs.3.conv.weight - torch.Size([256, 256, 3, 3]): 
Initialized by user-defined `init_weights` in ConvModule  
 
2026-06-30 13:04:33,416 - mmcv - INFO - 
roi_head.mask_head.convs.3.conv.bias - torch.Size([256]): 
The value is the same before and after calling `init_weights` of MaskRCNNNoiseInv  
 
2026-06-30 13:04:33,416 - mmcv - INFO - 
roi_head.mask_head.upsample.weight - torch.Size([256, 256, 2, 2]): 
Initialized by user-defined `init_weights` in FCNMaskHead  
 
2026-06-30 13:04:33,416 - mmcv - INFO - 
roi_head.mask_head.upsample.bias - torch.Size([256]): 
Initialized by user-defined `init_weights` in FCNMaskHead  
 
2026-06-30 13:04:33,416 - mmcv - INFO - 
roi_head.mask_head.conv_logits.weight - torch.Size([8, 256, 1, 1]): 
Initialized by user-defined `init_weights` in FCNMaskHead  
 
2026-06-30 13:04:33,416 - mmcv - INFO - 
roi_head.mask_head.conv_logits.bias - torch.Size([8]): 
Initialized by user-defined `init_weights` in FCNMaskHead  
 
/usr/local/lib/python3.12/dist-packages/torch/utils/data/dataloader.py:424: UserWarning: This DataLoader will create 4 worker processes in total. Our suggested max number of worker in current system is 2, which is smaller than what this DataLoader is going to create. Please be aware that excessive worker creation might get DataLoader running slow or even freeze, lower the worker number to avoid potential slowness/freeze if necessary.
  self.check_worker_number_rationality()
2026-06-30 13:04:39,366 - mmdet - INFO - load checkpoint from local path: /content/drive/MyDrive/EALLIS_checkpoints/Checkpoint1.pth
2026-06-30 13:04:47,742 - mmdet - WARNING - The model and loaded state dict do not match exactly

unexpected key in source state_dict: backbone.AdaD.1.weight_net.0.weight, backbone.AdaD.1.weight_net.1.weight, backbone.AdaD.1.weight_net.1.bias, backbone.AdaD.1.weight_net.1.running_mean, backbone.AdaD.1.weight_net.1.running_var, backbone.AdaD.1.weight_net.1.num_batches_tracked, backbone.AdaD.1.channel_net.1.weight, backbone.AdaD.1.channel_net.3.weight, backbone.AdaD.2.weight_net.0.weight, backbone.AdaD.2.weight_net.1.weight, backbone.AdaD.2.weight_net.1.bias, backbone.AdaD.2.weight_net.1.running_mean, backbone.AdaD.2.weight_net.1.running_var, backbone.AdaD.2.weight_net.1.num_batches_tracked, backbone.AdaD.2.channel_net.1.weight, backbone.AdaD.2.channel_net.3.weight, backbone.AdaD.3.weight_net.0.weight, backbone.AdaD.3.weight_net.1.weight, backbone.AdaD.3.weight_net.1.bias, backbone.AdaD.3.weight_net.1.running_mean, backbone.AdaD.3.weight_net.1.running_var, backbone.AdaD.3.weight_net.1.num_batches_tracked, backbone.AdaD.3.channel_net.1.weight, backbone.AdaD.3.channel_net.3.weight, backbone.layer2.0.llpf.weight, backbone.layer2.0.learnable_conv1.weight, backbone.layer2.1.llpf.weight, backbone.layer2.1.learnable_conv1.weight, backbone.layer2.2.llpf.weight, backbone.layer2.2.learnable_conv1.weight, backbone.layer2.3.llpf.weight, backbone.layer2.3.learnable_conv1.weight, backbone.layer3.0.llpf.weight, backbone.layer3.0.learnable_conv1.weight, backbone.layer3.1.llpf.weight, backbone.layer3.1.learnable_conv1.weight, backbone.layer3.2.llpf.weight, backbone.layer3.2.learnable_conv1.weight, backbone.layer3.3.llpf.weight, backbone.layer3.3.learnable_conv1.weight, backbone.layer3.4.llpf.weight, backbone.layer3.4.learnable_conv1.weight, backbone.layer3.5.llpf.weight, backbone.layer3.5.learnable_conv1.weight, backbone.layer4.0.llpf.weight, backbone.layer4.0.learnable_conv1.weight, backbone.layer4.1.llpf.weight, backbone.layer4.1.learnable_conv1.weight, backbone.layer4.2.llpf.weight, backbone.layer4.2.learnable_conv1.weight

missing keys in source state_dict: backbone.eallis_c3.illum.channel_mlp.0.weight, backbone.eallis_c3.illum.channel_mlp.0.bias, backbone.eallis_c3.illum.channel_mlp.2.weight, backbone.eallis_c3.illum.channel_mlp.2.bias, backbone.eallis_c3.illum.spatial_conv.0.weight, backbone.eallis_c3.illum.spatial_conv.0.bias, backbone.eallis_c3.illum.spatial_conv.1.weight, backbone.eallis_c3.illum.spatial_conv.1.bias, backbone.eallis_c3.rectifier.conv1.weight, backbone.eallis_c3.rectifier.conv1.bias, backbone.eallis_c3.rectifier.conv2.weight, backbone.eallis_c3.rectifier.conv2.bias, backbone.eallis_c3.rectifier.gate.0.weight, backbone.eallis_c3.rectifier.gate.0.bias, backbone.eallis_c4.illum.channel_mlp.0.weight, backbone.eallis_c4.illum.channel_mlp.0.bias, backbone.eallis_c4.illum.channel_mlp.2.weight, backbone.eallis_c4.illum.channel_mlp.2.bias, backbone.eallis_c4.illum.spatial_conv.0.weight, backbone.eallis_c4.illum.spatial_conv.0.bias, backbone.eallis_c4.illum.spatial_conv.1.weight, backbone.eallis_c4.illum.spatial_conv.1.bias, backbone.eallis_c4.rectifier.conv1.weight, backbone.eallis_c4.rectifier.conv1.bias, backbone.eallis_c4.rectifier.conv2.weight, backbone.eallis_c4.rectifier.conv2.bias, backbone.eallis_c4.rectifier.gate.0.weight, backbone.eallis_c4.rectifier.gate.0.bias

2026-06-30 13:04:47,760 - mmdet - INFO - Start running, host: root@76db6ad01d56, work_dir: /content/drive/MyDrive/Ablation/illum
2026-06-30 13:04:47,760 - mmdet - INFO - Hooks will be executed in the following order:
before_run:
(VERY_HIGH   ) StepLrUpdaterHook                  
(NORMAL      ) CheckpointHook                     
(NORMAL      ) EvalHook                           
(VERY_LOW    ) TextLoggerHook                     
 -------------------- 
before_train_epoch:
(VERY_HIGH   ) StepLrUpdaterHook                  
(NORMAL      ) EvalHook                           
(NORMAL      ) NumClassCheckHook                  
(LOW         ) IterTimerHook                      
(VERY_LOW    ) TextLoggerHook                     
 -------------------- 
before_train_iter:
(VERY_HIGH   ) StepLrUpdaterHook                  
(NORMAL      ) EvalHook                           
(LOW         ) IterTimerHook                      
 -------------------- 
after_train_iter:
(ABOVE_NORMAL) OptimizerHook                      
(NORMAL      ) CheckpointHook                     
(NORMAL      ) EvalHook                           
(LOW         ) IterTimerHook                      
(VERY_LOW    ) TextLoggerHook                     
 -------------------- 
after_train_epoch:
(NORMAL      ) CheckpointHook                     
(NORMAL      ) EvalHook                           
(VERY_LOW    ) TextLoggerHook                     
 -------------------- 
before_val_epoch:
(NORMAL      ) NumClassCheckHook                  
(LOW         ) IterTimerHook                      
(VERY_LOW    ) TextLoggerHook                     
 -------------------- 
before_val_iter:
(LOW         ) IterTimerHook                      
 -------------------- 
after_val_iter:
(LOW         ) IterTimerHook                      
 -------------------- 
after_val_epoch:
(VERY_LOW    ) TextLoggerHook                     
 -------------------- 
after_run:
(VERY_LOW    ) TextLoggerHook                     
 -------------------- 
2026-06-30 13:04:47,761 - mmdet - INFO - workflow: [('train', 1)], max: 5 epochs
2026-06-30 13:04:47,761 - mmdet - INFO - Checkpoints will be saved to /content/drive/MyDrive/Ablation/illum by HardDiskBackend.
/usr/local/lib/python3.12/dist-packages/torch/utils/data/dataloader.py:432: UserWarning: This DataLoader will create 4 worker processes in total. Our suggested max number of worker in current system is 2, which is smaller than what this DataLoader is going to create. Please be aware that excessive worker creation might get DataLoader running slow or even freeze, lower the worker number to avoid potential slowness/freeze if necessary.
  self.check_worker_number_rationality()
loading annotations into memory...
Done (t=3.24s)
creating index...
index created!
[i] NoiseModel with /content/EALLIS/mmdetection/mmdet/datasets/pipelines/noisemodel/camera_params
[i] camera: CanonEOS5D4
[i] using noise model PGRU
[i] dark ratio (1.0, 1.0)
[i] noise ratio (10, 100)
loading annotations into memory...
Done (t=0.23s)
creating index...
index created!
/content/EALLIS/mmdetection/mmdet/core/anchor/anchor_generator.py:323: UserWarning: ``grid_anchors`` would be deprecated soon. Please use ``grid_priors`` 
  warnings.warn('``grid_anchors`` would be deprecated soon. '
/content/EALLIS/mmdetection/mmdet/core/anchor/anchor_generator.py:359: UserWarning: ``single_level_grid_anchors`` would be deprecated soon. Please use ``single_level_grid_priors`` 
  warnings.warn(
2026-06-30 13:07:12,637 - mmdet - INFO - Epoch [1][50/1324]	lr: 9.890e-04, eta: 5:16:29, time: 2.890, data_time: 0.214, memory: 9035, noise_inv_loss: 0.0008, clean_loss_rpn_cls: 0.0562, clean_loss_rpn_bbox: 0.0218, clean_loss_cls: 0.1425, clean_acc: 95.3398, clean_loss_bbox: 0.1496, clean_loss_mask: 0.3385, loss_rpn_cls: 0.0696, loss_rpn_bbox: 0.0229, loss_cls: 0.1474, acc: 95.6436, loss_bbox: 0.1397, loss_mask: 0.3837, loss: 1.4726
2026-06-30 13:09:37,399 - mmdet - INFO - Epoch [1][100/1324]	lr: 1.988e-03, eta: 5:14:20, time: 2.895, data_time: 0.044, memory: 9520, noise_inv_loss: 0.0008, clean_loss_rpn_cls: 0.0344, clean_loss_rpn_bbox: 0.0183, clean_loss_cls: 0.1287, clean_acc: 95.4146, clean_loss_bbox: 0.1444, clean_loss_mask: 0.2945, loss_rpn_cls: 0.0487, loss_rpn_bbox: 0.0202, loss_cls: 0.1412, acc: 95.4727, loss_bbox: 0.1462, loss_mask: 0.3315, loss: 1.3089
2026-06-30 13:12:00,060 - mmdet - INFO - Epoch [1][150/1324]	lr: 2.987e-03, eta: 5:10:30, time: 2.853, data_time: 0.039, memory: 9520, noise_inv_loss: 0.0008, clean_loss_rpn_cls: 0.0303, clean_loss_rpn_bbox: 0.0179, clean_loss_cls: 0.1223, clean_acc: 95.6128, clean_loss_bbox: 0.1377, clean_loss_mask: 0.2966, loss_rpn_cls: 0.0434, loss_rpn_bbox: 0.0195, loss_cls: 0.1357, acc: 95.5386, loss_bbox: 0.1394, loss_mask: 0.3430, loss: 1.2865
2026-06-30 13:14:24,517 - mmdet - INFO - Epoch [1][200/1324]	lr: 3.986e-03, eta: 5:08:22, time: 2.889, data_time: 0.039, memory: 9520, noise_inv_loss: 0.0008, clean_loss_rpn_cls: 0.0253, clean_loss_rpn_bbox: 0.0160, clean_loss_cls: 0.1156, clean_acc: 95.8320, clean_loss_bbox: 0.1306, clean_loss_mask: 0.3052, loss_rpn_cls: 0.0371, loss_rpn_bbox: 0.0178, loss_cls: 0.1302, acc: 95.6704, loss_bbox: 0.1348, loss_mask: 0.3437, loss: 1.2571
2026-06-30 13:16:50,777 - mmdet - INFO - Epoch [1][250/1324]	lr: 4.985e-03, eta: 5:06:53, time: 2.925, data_time: 0.042, memory: 9697, noise_inv_loss: 0.0008, clean_loss_rpn_cls: 0.0299, clean_loss_rpn_bbox: 0.0205, clean_loss_cls: 0.1259, clean_acc: 95.5698, clean_loss_bbox: 0.1491, clean_loss_mask: 0.3070, loss_rpn_cls: 0.0439, loss_rpn_bbox: 0.0227, loss_cls: 0.1432, acc: 95.3843, loss_bbox: 0.1504, loss_mask: 0.3481, loss: 1.3414
2026-06-30 13:19:12,110 - mmdet - INFO - Epoch [1][300/1324]	lr: 5.984e-03, eta: 5:03:21, time: 2.827, data_time: 0.041, memory: 9697, noise_inv_loss: 0.0008, clean_loss_rpn_cls: 0.0314, clean_loss_rpn_bbox: 0.0191, clean_loss_cls: 0.1171, clean_acc: 95.9468, clean_loss_bbox: 0.1340, clean_loss_mask: 0.3123, loss_rpn_cls: 0.0459, loss_rpn_bbox: 0.0213, loss_cls: 0.1340, acc: 95.7842, loss_bbox: 0.1364, loss_mask: 0.3592, loss: 1.3116
2026-06-30 13:21:34,982 - mmdet - INFO - Epoch [1][350/1324]	lr: 6.983e-03, eta: 5:00:36, time: 2.857, data_time: 0.038, memory: 9697, noise_inv_loss: 0.0008, clean_loss_rpn_cls: 0.0275, clean_loss_rpn_bbox: 0.0166, clean_loss_cls: 0.1187, clean_acc: 95.8618, clean_loss_bbox: 0.1342, clean_loss_mask: 0.2960, loss_rpn_cls: 0.0402, loss_rpn_bbox: 0.0185, loss_cls: 0.1326, acc: 95.7397, loss_bbox: 0.1359, loss_mask: 0.3421, loss: 1.2631
2026-06-30 13:23:57,091 - mmdet - INFO - Epoch [1][400/1324]	lr: 7.982e-03, eta: 4:57:46, time: 2.842, data_time: 0.039, memory: 9697, noise_inv_loss: 0.0008, clean_loss_rpn_cls: 0.0304, clean_loss_rpn_bbox: 0.0170, clean_loss_cls: 0.1150, clean_acc: 96.1035, clean_loss_bbox: 0.1272, clean_loss_mask: 0.3065, loss_rpn_cls: 0.0422, loss_rpn_bbox: 0.0189, loss_cls: 0.1299, acc: 95.9580, loss_bbox: 0.1283, loss_mask: 0.3518, loss: 1.2681
2026-06-30 13:26:21,846 - mmdet - INFO - Epoch [1][450/1324]	lr: 8.981e-03, eta: 4:55:38, time: 2.895, data_time: 0.039, memory: 9697, noise_inv_loss: 0.0008, clean_loss_rpn_cls: 0.0267, clean_loss_rpn_bbox: 0.0175, clean_loss_cls: 0.1286, clean_acc: 95.5220, clean_loss_bbox: 0.1424, clean_loss_mask: 0.3016, loss_rpn_cls: 0.0393, loss_rpn_bbox: 0.0192, loss_cls: 0.1420, acc: 95.4761, loss_bbox: 0.1419, loss_mask: 0.3375, loss: 1.2974
2026-06-30 13:28:45,695 - mmdet - INFO - Epoch [1][500/1324]	lr: 9.980e-03, eta: 4:53:15, time: 2.877, data_time: 0.039, memory: 9697, noise_inv_loss: 0.0008, clean_loss_rpn_cls: 0.0313, clean_loss_rpn_bbox: 0.0191, clean_loss_cls: 0.1307, clean_acc: 95.5244, clean_loss_bbox: 0.1384, clean_loss_mask: 0.3096, loss_rpn_cls: 0.0434, loss_rpn_bbox: 0.0210, loss_cls: 0.1462, acc: 95.5000, loss_bbox: 0.1406, loss_mask: 0.3531, loss: 1.3342
2026-06-30 13:31:07,753 - mmdet - INFO - Epoch [1][550/1324]	lr: 1.000e-02, eta: 4:50:33, time: 2.841, data_time: 0.040, memory: 9697, noise_inv_loss: 0.0008, clean_loss_rpn_cls: 0.0332, clean_loss_rpn_bbox: 0.0176, clean_loss_cls: 0.1262, clean_acc: 95.5947, clean_loss_bbox: 0.1387, clean_loss_mask: 0.3193, loss_rpn_cls: 0.0465, loss_rpn_bbox: 0.0192, loss_cls: 0.1416, acc: 95.5605, loss_bbox: 0.1385, loss_mask: 0.3581, loss: 1.3397
2026-06-30 13:33:31,088 - mmdet - INFO - Epoch [1][600/1324]	lr: 1.000e-02, eta: 4:48:06, time: 2.867, data_time: 0.039, memory: 9697, noise_inv_loss: 0.0008, clean_loss_rpn_cls: 0.0348, clean_loss_rpn_bbox: 0.0216, clean_loss_cls: 0.1379, clean_acc: 95.2847, clean_loss_bbox: 0.1536, clean_loss_mask: 0.3246, loss_rpn_cls: 0.0504, loss_rpn_bbox: 0.0231, loss_cls: 0.1530, acc: 95.1987, loss_bbox: 0.1499, loss_mask: 0.3627, loss: 1.4125
2026-06-30 13:35:53,034 - mmdet - INFO - Epoch [1][650/1324]	lr: 1.000e-02, eta: 4:45:28, time: 2.839, data_time: 0.039, memory: 9934, noise_inv_loss: 0.0008, clean_loss_rpn_cls: 0.0348, clean_loss_rpn_bbox: 0.0190, clean_loss_cls: 0.1281, clean_acc: 95.6294, clean_loss_bbox: 0.1379, clean_loss_mask: 0.3250, loss_rpn_cls: 0.0455, loss_rpn_bbox: 0.0202, loss_cls: 0.1367, acc: 95.6777, loss_bbox: 0.1372, loss_mask: 0.3628, loss: 1.3480
2026-06-30 13:38:15,579 - mmdet - INFO - Epoch [1][700/1324]	lr: 1.000e-02, eta: 4:42:57, time: 2.851, data_time: 0.041, memory: 9934, noise_inv_loss: 0.0008, clean_loss_rpn_cls: 0.0318, clean_loss_rpn_bbox: 0.0186, clean_loss_cls: 0.1326, clean_acc: 95.5684, clean_loss_bbox: 0.1430, clean_loss_mask: 0.3143, loss_rpn_cls: 0.0471, loss_rpn_bbox: 0.0207, loss_cls: 0.1440, acc: 95.5815, loss_bbox: 0.1369, loss_mask: 0.3598, loss: 1.3495
2026-06-30 13:40:38,567 - mmdet - INFO - Epoch [1][750/1324]	lr: 1.000e-02, eta: 4:40:30, time: 2.860, data_time: 0.041, memory: 9934, noise_inv_loss: 0.0008, clean_loss_rpn_cls: 0.0350, clean_loss_rpn_bbox: 0.0188, clean_loss_cls: 0.1399, clean_acc: 95.4897, clean_loss_bbox: 0.1412, clean_loss_mask: 0.3229, loss_rpn_cls: 0.0493, loss_rpn_bbox: 0.0204, loss_cls: 0.1504, acc: 95.5776, loss_bbox: 0.1371, loss_mask: 0.3623, loss: 1.3781
2026-06-30 13:43:04,230 - mmdet - INFO - Epoch [1][800/1324]	lr: 1.000e-02, eta: 4:38:24, time: 2.913, data_time: 0.043, memory: 9934, noise_inv_loss: 0.0008, clean_loss_rpn_cls: 0.0348, clean_loss_rpn_bbox: 0.0211, clean_loss_cls: 0.1339, clean_acc: 95.4346, clean_loss_bbox: 0.1488, clean_loss_mask: 0.3046, loss_rpn_cls: 0.0486, loss_rpn_bbox: 0.0229, loss_cls: 0.1494, acc: 95.2886, loss_bbox: 0.1501, loss_mask: 0.3424, loss: 1.3573
2026-06-30 13:45:27,981 - mmdet - INFO - Epoch [1][850/1324]	lr: 1.000e-02, eta: 4:36:02, time: 2.875, data_time: 0.043, memory: 9934, noise_inv_loss: 0.0008, clean_loss_rpn_cls: 0.0330, clean_loss_rpn_bbox: 0.0198, clean_loss_cls: 0.1337, clean_acc: 95.3926, clean_loss_bbox: 0.1519, clean_loss_mask: 0.3283, loss_rpn_cls: 0.0469, loss_rpn_bbox: 0.0210, loss_cls: 0.1456, acc: 95.3774, loss_bbox: 0.1468, loss_mask: 0.3678, loss: 1.3955
2026-06-30 13:47:53,756 - mmdet - INFO - Epoch [1][900/1324]	lr: 1.000e-02, eta: 4:33:53, time: 2.915, data_time: 0.045, memory: 9934, noise_inv_loss: 0.0008, clean_loss_rpn_cls: 0.0334, clean_loss_rpn_bbox: 0.0200, clean_loss_cls: 0.1346, clean_acc: 95.4683, clean_loss_bbox: 0.1508, clean_loss_mask: 0.3134, loss_rpn_cls: 0.0487, loss_rpn_bbox: 0.0221, loss_cls: 0.1486, acc: 95.3755, loss_bbox: 0.1469, loss_mask: 0.3479, loss: 1.3671
2026-06-30 13:50:17,731 - mmdet - INFO - Epoch [1][950/1324]	lr: 1.000e-02, eta: 4:31:31, time: 2.880, data_time: 0.043, memory: 9934, noise_inv_loss: 0.0008, clean_loss_rpn_cls: 0.0317, clean_loss_rpn_bbox: 0.0170, clean_loss_cls: 0.1290, clean_acc: 95.6270, clean_loss_bbox: 0.1360, clean_loss_mask: 0.3222, loss_rpn_cls: 0.0472, loss_rpn_bbox: 0.0188, loss_cls: 0.1418, acc: 95.6138, loss_bbox: 0.1354, loss_mask: 0.3645, loss: 1.3444
2026-06-30 13:52:39,320 - mmdet - INFO - Exp name: train_kaggle.py
2026-06-30 13:52:39,320 - mmdet - INFO - Epoch [1][1000/1324]	lr: 1.000e-02, eta: 4:28:55, time: 2.832, data_time: 0.043, memory: 9934, noise_inv_loss: 0.0008, clean_loss_rpn_cls: 0.0286, clean_loss_rpn_bbox: 0.0156, clean_loss_cls: 0.1201, clean_acc: 95.7910, clean_loss_bbox: 0.1340, clean_loss_mask: 0.3216, loss_rpn_cls: 0.0412, loss_rpn_bbox: 0.0170, loss_cls: 0.1329, acc: 95.7173, loss_bbox: 0.1320, loss_mask: 0.3624, loss: 1.3062
2026-06-30 13:55:04,180 - mmdet - INFO - Epoch [1][1050/1324]	lr: 1.000e-02, eta: 4:26:39, time: 2.897, data_time: 0.044, memory: 9934, noise_inv_loss: 0.0008, clean_loss_rpn_cls: 0.0321, clean_loss_rpn_bbox: 0.0204, clean_loss_cls: 0.1344, clean_acc: 95.3823, clean_loss_bbox: 0.1484, clean_loss_mask: 0.3267, loss_rpn_cls: 0.0461, loss_rpn_bbox: 0.0217, loss_cls: 0.1459, acc: 95.3667, loss_bbox: 0.1468, loss_mask: 0.3705, loss: 1.3937
2026-06-30 13:57:30,153 - mmdet - INFO - Epoch [1][1100/1324]	lr: 1.000e-02, eta: 4:24:27, time: 2.919, data_time: 0.044, memory: 9934, noise_inv_loss: 0.0008, clean_loss_rpn_cls: 0.0353, clean_loss_rpn_bbox: 0.0209, clean_loss_cls: 0.1430, clean_acc: 95.0566, clean_loss_bbox: 0.1589, clean_loss_mask: 0.3265, loss_rpn_cls: 0.0472, loss_rpn_bbox: 0.0223, loss_cls: 0.1574, acc: 94.9912, loss_bbox: 0.1610, loss_mask: 0.3691, loss: 1.4424
2026-06-30 13:59:54,711 - mmdet - INFO - Epoch [1][1150/1324]	lr: 1.000e-02, eta: 4:22:07, time: 2.891, data_time: 0.042, memory: 9934, noise_inv_loss: 0.0008, clean_loss_rpn_cls: 0.0338, clean_loss_rpn_bbox: 0.0182, clean_loss_cls: 0.1277, clean_acc: 95.7744, clean_loss_bbox: 0.1316, clean_loss_mask: 0.3160, loss_rpn_cls: 0.0465, loss_rpn_bbox: 0.0197, loss_cls: 0.1407, acc: 95.6655, loss_bbox: 0.1331, loss_mask: 0.3570, loss: 1.3251
2026-06-30 14:02:23,676 - mmdet - INFO - Epoch [1][1200/1324]	lr: 1.000e-02, eta: 4:20:07, time: 2.979, data_time: 0.045, memory: 9934, noise_inv_loss: 0.0008, clean_loss_rpn_cls: 0.0339, clean_loss_rpn_bbox: 0.0221, clean_loss_cls: 0.1408, clean_acc: 95.1382, clean_loss_bbox: 0.1545, clean_loss_mask: 0.3200, loss_rpn_cls: 0.0501, loss_rpn_bbox: 0.0243, loss_cls: 0.1561, acc: 95.0635, loss_bbox: 0.1548, loss_mask: 0.3612, loss: 1.4186
2026-06-30 14:04:51,021 - mmdet - INFO - Epoch [1][1250/1324]	lr: 1.000e-02, eta: 4:17:57, time: 2.947, data_time: 0.046, memory: 9934, noise_inv_loss: 0.0008, clean_loss_rpn_cls: 0.0340, clean_loss_rpn_bbox: 0.0196, clean_loss_cls: 0.1441, clean_acc: 95.0371, clean_loss_bbox: 0.1559, clean_loss_mask: 0.3149, loss_rpn_cls: 0.0461, loss_rpn_bbox: 0.0209, loss_cls: 0.1581, acc: 94.9463, loss_bbox: 0.1576, loss_mask: 0.3555, loss: 1.4075
2026-06-30 14:07:14,977 - mmdet - INFO - Epoch [1][1300/1324]	lr: 1.000e-02, eta: 4:15:33, time: 2.879, data_time: 0.041, memory: 9934, noise_inv_loss: 0.0008, clean_loss_rpn_cls: 0.0309, clean_loss_rpn_bbox: 0.0182, clean_loss_cls: 0.1307, clean_acc: 95.5469, clean_loss_bbox: 0.1423, clean_loss_mask: 0.3151, loss_rpn_cls: 0.0453, loss_rpn_bbox: 0.0196, loss_cls: 0.1433, acc: 95.4438, loss_bbox: 0.1417, loss_mask: 0.3542, loss: 1.3423
[                                                  ] 0/669, elapsed: 0s, ETA:
[                                 ] 1/669, 1.4 task/s, elapsed: 1s, ETA:   464s
[                                 ] 2/669, 2.5 task/s, elapsed: 1s, ETA:   264s
[                                 ] 3/669, 3.4 task/s, elapsed: 1s, ETA:   193s
[                                 ] 4/669, 4.0 task/s, elapsed: 1s, ETA:   165s
[                                 ] 5/669, 4.6 task/s, elapsed: 1s, ETA:   144s
[                                 ] 6/669, 5.0 task/s, elapsed: 1s, ETA:   132s
[                                 ] 7/669, 5.4 task/s, elapsed: 1s, ETA:   122s
[                                 ] 8/669, 5.5 task/s, elapsed: 1s, ETA:   121s
[                                 ] 9/669, 5.7 task/s, elapsed: 2s, ETA:   115s
[                                ] 10/669, 5.7 task/s, elapsed: 2s, ETA:   116s
[                                ] 11/669, 5.7 task/s, elapsed: 2s, ETA:   115s
[                                ] 12/669, 5.8 task/s, elapsed: 2s, ETA:   114s
[                                ] 13/669, 5.9 task/s, elapsed: 2s, ETA:   111s
[                                ] 14/669, 6.1 task/s, elapsed: 2s, ETA:   107s
[                                ] 15/669, 6.3 task/s, elapsed: 2s, ETA:   103s
[                                ] 16/669, 6.5 task/s, elapsed: 2s, ETA:   101s
[                                ] 17/669, 6.6 task/s, elapsed: 3s, ETA:    98s
[                                ] 18/669, 6.7 task/s, elapsed: 3s, ETA:    97s
[                                ] 19/669, 6.9 task/s, elapsed: 3s, ETA:    95s
[                                ] 20/669, 7.0 task/s, elapsed: 3s, ETA:    93s
[>                               ] 21/669, 7.1 task/s, elapsed: 3s, ETA:    91s
[>                               ] 22/669, 7.1 task/s, elapsed: 3s, ETA:    91s
[>                               ] 23/669, 7.2 task/s, elapsed: 3s, ETA:    90s
[>                               ] 24/669, 7.3 task/s, elapsed: 3s, ETA:    88s
[>                               ] 25/669, 7.4 task/s, elapsed: 3s, ETA:    87s
[>                               ] 26/669, 7.4 task/s, elapsed: 3s, ETA:    86s
[>                               ] 27/669, 7.5 task/s, elapsed: 4s, ETA:    86s
[>                               ] 28/669, 7.3 task/s, elapsed: 4s, ETA:    88s
[>                               ] 29/669, 7.3 task/s, elapsed: 4s, ETA:    88s
[>                               ] 30/669, 7.3 task/s, elapsed: 4s, ETA:    87s
[>                               ] 31/669, 7.3 task/s, elapsed: 4s, ETA:    87s
[>                               ] 32/669, 7.4 task/s, elapsed: 4s, ETA:    86s
[>                               ] 33/669, 7.4 task/s, elapsed: 4s, ETA:    86s
[>                               ] 34/669, 7.4 task/s, elapsed: 5s, ETA:    85s
[>                               ] 35/669, 7.5 task/s, elapsed: 5s, ETA:    85s
[>                               ] 36/669, 7.5 task/s, elapsed: 5s, ETA:    84s
[>                               ] 37/669, 7.6 task/s, elapsed: 5s, ETA:    83s
[>                               ] 38/669, 7.6 task/s, elapsed: 5s, ETA:    83s
[>                               ] 39/669, 7.7 task/s, elapsed: 5s, ETA:    82s
[>                               ] 40/669, 7.7 task/s, elapsed: 5s, ETA:    82s
[>                               ] 41/669, 7.7 task/s, elapsed: 5s, ETA:    81s
[>>                              ] 42/669, 7.7 task/s, elapsed: 5s, ETA:    81s
[>>                              ] 43/669, 7.7 task/s, elapsed: 6s, ETA:    81s
[>>                              ] 44/669, 7.7 task/s, elapsed: 6s, ETA:    81s
[>>                              ] 45/669, 7.7 task/s, elapsed: 6s, ETA:    81s
[>>                              ] 46/669, 7.7 task/s, elapsed: 6s, ETA:    81s
[>>                              ] 47/669, 7.7 task/s, elapsed: 6s, ETA:    81s
[>>                              ] 48/669, 7.7 task/s, elapsed: 6s, ETA:    80s
[>>                              ] 49/669, 7.8 task/s, elapsed: 6s, ETA:    80s
[>>                              ] 50/669, 7.8 task/s, elapsed: 6s, ETA:    80s
[>>                              ] 51/669, 7.7 task/s, elapsed: 7s, ETA:    80s
[>>                              ] 52/669, 7.7 task/s, elapsed: 7s, ETA:    80s
[>>                              ] 53/669, 7.6 task/s, elapsed: 7s, ETA:    81s
[>>                              ] 54/669, 7.6 task/s, elapsed: 7s, ETA:    80s
[>>                              ] 55/669, 7.6 task/s, elapsed: 7s, ETA:    80s
[>>                              ] 56/669, 7.6 task/s, elapsed: 7s, ETA:    81s
[>>                              ] 57/669, 7.6 task/s, elapsed: 7s, ETA:    80s
[>>                              ] 58/669, 7.6 task/s, elapsed: 8s, ETA:    80s
[>>                              ] 59/669, 7.6 task/s, elapsed: 8s, ETA:    80s
[>>                              ] 60/669, 7.6 task/s, elapsed: 8s, ETA:    80s
[>>                              ] 61/669, 7.7 task/s, elapsed: 8s, ETA:    79s
[>>                              ] 62/669, 7.7 task/s, elapsed: 8s, ETA:    79s
[>>>                             ] 63/669, 7.7 task/s, elapsed: 8s, ETA:    78s
[>>>                             ] 64/669, 7.8 task/s, elapsed: 8s, ETA:    78s
[>>>                             ] 65/669, 7.8 task/s, elapsed: 8s, ETA:    78s
[>>>                             ] 66/669, 7.8 task/s, elapsed: 8s, ETA:    77s
[>>>                             ] 67/669, 7.8 task/s, elapsed: 9s, ETA:    77s
[>>>                             ] 68/669, 7.8 task/s, elapsed: 9s, ETA:    77s
[>>>                             ] 69/669, 7.8 task/s, elapsed: 9s, ETA:    77s
[>>>                             ] 70/669, 7.9 task/s, elapsed: 9s, ETA:    76s
[>>>                             ] 71/669, 7.8 task/s, elapsed: 9s, ETA:    76s
[>>>                             ] 72/669, 7.9 task/s, elapsed: 9s, ETA:    76s
[>>>                             ] 73/669, 7.8 task/s, elapsed: 9s, ETA:    76s
[>>>                             ] 74/669, 7.8 task/s, elapsed: 9s, ETA:    76s
[>>>                            ] 75/669, 7.8 task/s, elapsed: 10s, ETA:    76s
[>>>                            ] 76/669, 7.9 task/s, elapsed: 10s, ETA:    75s
[>>>                            ] 77/669, 7.9 task/s, elapsed: 10s, ETA:    75s
[>>>                            ] 78/669, 7.9 task/s, elapsed: 10s, ETA:    75s
[>>>                            ] 79/669, 7.9 task/s, elapsed: 10s, ETA:    75s
[>>>                            ] 80/669, 7.9 task/s, elapsed: 10s, ETA:    75s
[>>>                            ] 81/669, 7.9 task/s, elapsed: 10s, ETA:    75s
[>>>                            ] 82/669, 7.9 task/s, elapsed: 10s, ETA:    74s
[>>>                            ] 83/669, 7.9 task/s, elapsed: 10s, ETA:    74s
[>>>                            ] 84/669, 7.9 task/s, elapsed: 11s, ETA:    74s
[>>>                            ] 85/669, 8.0 task/s, elapsed: 11s, ETA:    73s
[>>>                            ] 86/669, 8.0 task/s, elapsed: 11s, ETA:    73s
[>>>>                           ] 87/669, 7.9 task/s, elapsed: 11s, ETA:    73s
[>>>>                           ] 88/669, 7.9 task/s, elapsed: 11s, ETA:    73s
[>>>>                           ] 89/669, 7.9 task/s, elapsed: 11s, ETA:    73s
[>>>>                           ] 90/669, 7.9 task/s, elapsed: 11s, ETA:    73s
[>>>>                           ] 91/669, 8.0 task/s, elapsed: 11s, ETA:    73s
[>>>>                           ] 92/669, 8.0 task/s, elapsed: 12s, ETA:    72s
[>>>>                           ] 93/669, 8.0 task/s, elapsed: 12s, ETA:    72s
[>>>>                           ] 94/669, 8.0 task/s, elapsed: 12s, ETA:    72s
[>>>>                           ] 95/669, 8.0 task/s, elapsed: 12s, ETA:    72s
[>>>>                           ] 96/669, 8.0 task/s, elapsed: 12s, ETA:    71s
[>>>>                           ] 97/669, 8.0 task/s, elapsed: 12s, ETA:    71s
[>>>>                           ] 98/669, 8.1 task/s, elapsed: 12s, ETA:    71s
[>>>>                           ] 99/669, 8.1 task/s, elapsed: 12s, ETA:    71s
[>>>>                          ] 100/669, 8.1 task/s, elapsed: 12s, ETA:    70s
[>>>>                          ] 101/669, 8.1 task/s, elapsed: 12s, ETA:    70s
[>>>>                          ] 102/669, 8.1 task/s, elapsed: 13s, ETA:    70s
[>>>>                          ] 103/669, 8.1 task/s, elapsed: 13s, ETA:    70s
[>>>>                          ] 104/669, 8.2 task/s, elapsed: 13s, ETA:    69s
[>>>>                          ] 105/669, 8.2 task/s, elapsed: 13s, ETA:    69s
[>>>>                          ] 106/669, 8.2 task/s, elapsed: 13s, ETA:    69s
[>>>>                          ] 107/669, 8.2 task/s, elapsed: 13s, ETA:    69s
[>>>>                          ] 108/669, 8.2 task/s, elapsed: 13s, ETA:    69s
[>>>>                          ] 109/669, 8.2 task/s, elapsed: 13s, ETA:    69s
[>>>>                          ] 110/669, 8.2 task/s, elapsed: 13s, ETA:    68s
[>>>>                          ] 111/669, 8.2 task/s, elapsed: 14s, ETA:    68s
[>>>>>                         ] 112/669, 8.2 task/s, elapsed: 14s, ETA:    68s
[>>>>>                         ] 113/669, 8.2 task/s, elapsed: 14s, ETA:    68s
[>>>>>                         ] 114/669, 8.2 task/s, elapsed: 14s, ETA:    68s
[>>>>>                         ] 115/669, 8.2 task/s, elapsed: 14s, ETA:    68s
[>>>>>                         ] 116/669, 8.2 task/s, elapsed: 14s, ETA:    68s
[>>>>>                         ] 117/669, 8.2 task/s, elapsed: 14s, ETA:    67s
[>>>>>                         ] 118/669, 8.2 task/s, elapsed: 14s, ETA:    67s
[>>>>>                         ] 119/669, 8.2 task/s, elapsed: 15s, ETA:    67s
[>>>>>                         ] 120/669, 8.2 task/s, elapsed: 15s, ETA:    67s
[>>>>>                         ] 121/669, 8.1 task/s, elapsed: 15s, ETA:    68s
[>>>>>                         ] 122/669, 8.1 task/s, elapsed: 15s, ETA:    67s
[>>>>>                         ] 123/669, 8.1 task/s, elapsed: 15s, ETA:    67s
[>>>>>                         ] 124/669, 8.1 task/s, elapsed: 15s, ETA:    67s
[>>>>>                         ] 125/669, 8.1 task/s, elapsed: 15s, ETA:    67s
[>>>>>                         ] 126/669, 8.1 task/s, elapsed: 16s, ETA:    67s
[>>>>>                         ] 127/669, 8.1 task/s, elapsed: 16s, ETA:    67s
[>>>>>                         ] 128/669, 8.2 task/s, elapsed: 16s, ETA:    66s
[>>>>>                         ] 129/669, 8.2 task/s, elapsed: 16s, ETA:    66s
[>>>>>                         ] 130/669, 8.2 task/s, elapsed: 16s, ETA:    66s
[>>>>>                         ] 131/669, 8.2 task/s, elapsed: 16s, ETA:    66s
[>>>>>                         ] 132/669, 8.2 task/s, elapsed: 16s, ETA:    65s
[>>>>>                         ] 133/669, 8.2 task/s, elapsed: 16s, ETA:    65s
[>>>>>>                        ] 134/669, 8.3 task/s, elapsed: 16s, ETA:    65s
[>>>>>>                        ] 135/669, 8.3 task/s, elapsed: 16s, ETA:    65s
[>>>>>>                        ] 136/669, 8.3 task/s, elapsed: 16s, ETA:    64s
[>>>>>>                        ] 137/669, 8.3 task/s, elapsed: 17s, ETA:    64s
[>>>>>>                        ] 138/669, 8.3 task/s, elapsed: 17s, ETA:    64s
[>>>>>>                        ] 139/669, 8.3 task/s, elapsed: 17s, ETA:    64s
[>>>>>>                        ] 140/669, 8.3 task/s, elapsed: 17s, ETA:    64s
[>>>>>>                        ] 141/669, 8.3 task/s, elapsed: 17s, ETA:    64s
[>>>>>>                        ] 142/669, 8.3 task/s, elapsed: 17s, ETA:    64s
[>>>>>>                        ] 143/669, 8.3 task/s, elapsed: 17s, ETA:    64s
[>>>>>>                        ] 144/669, 8.3 task/s, elapsed: 17s, ETA:    64s
[>>>>>>                        ] 145/669, 8.3 task/s, elapsed: 18s, ETA:    63s
[>>>>>>                        ] 146/669, 8.2 task/s, elapsed: 18s, ETA:    63s
[>>>>>>                        ] 147/669, 8.2 task/s, elapsed: 18s, ETA:    63s
[>>>>>>                        ] 148/669, 8.2 task/s, elapsed: 18s, ETA:    63s
[>>>>>>                        ] 149/669, 8.1 task/s, elapsed: 18s, ETA:    64s
[>>>>>>                        ] 150/669, 8.1 task/s, elapsed: 19s, ETA:    64s
[>>>>>>                        ] 151/669, 8.1 task/s, elapsed: 19s, ETA:    64s
[>>>>>>                        ] 152/669, 8.0 task/s, elapsed: 19s, ETA:    64s
[>>>>>>                        ] 153/669, 8.0 task/s, elapsed: 19s, ETA:    64s
[>>>>>>                        ] 154/669, 8.0 task/s, elapsed: 19s, ETA:    64s
[>>>>>>                        ] 155/669, 8.0 task/s, elapsed: 19s, ETA:    64s
[>>>>>>                        ] 156/669, 8.0 task/s, elapsed: 19s, ETA:    64s
[>>>>>>>                       ] 157/669, 8.0 task/s, elapsed: 20s, ETA:    64s
[>>>>>>>                       ] 158/669, 8.0 task/s, elapsed: 20s, ETA:    64s
[>>>>>>>                       ] 159/669, 8.0 task/s, elapsed: 20s, ETA:    64s
[>>>>>>>                       ] 160/669, 8.0 task/s, elapsed: 20s, ETA:    63s
[>>>>>>>                       ] 161/669, 8.0 task/s, elapsed: 20s, ETA:    63s
[>>>>>>>                       ] 162/669, 8.0 task/s, elapsed: 20s, ETA:    63s
[>>>>>>>                       ] 163/669, 8.0 task/s, elapsed: 20s, ETA:    63s
[>>>>>>>                       ] 164/669, 8.0 task/s, elapsed: 20s, ETA:    63s
[>>>>>>>                       ] 165/669, 8.0 task/s, elapsed: 21s, ETA:    63s
[>>>>>>>                       ] 166/669, 8.0 task/s, elapsed: 21s, ETA:    63s
[>>>>>>>                       ] 167/669, 8.0 task/s, elapsed: 21s, ETA:    63s
[>>>>>>>                       ] 168/669, 8.0 task/s, elapsed: 21s, ETA:    63s
[>>>>>>>                       ] 169/669, 8.0 task/s, elapsed: 21s, ETA:    62s
[>>>>>>>                       ] 170/669, 8.0 task/s, elapsed: 21s, ETA:    62s
[>>>>>>>                       ] 171/669, 8.0 task/s, elapsed: 21s, ETA:    62s
[>>>>>>>                       ] 172/669, 8.0 task/s, elapsed: 21s, ETA:    62s
[>>>>>>>                       ] 173/669, 8.0 task/s, elapsed: 22s, ETA:    62s
[>>>>>>>                       ] 174/669, 8.0 task/s, elapsed: 22s, ETA:    62s
[>>>>>>>                       ] 175/669, 8.0 task/s, elapsed: 22s, ETA:    62s
[>>>>>>>                       ] 176/669, 8.0 task/s, elapsed: 22s, ETA:    61s
[>>>>>>>                       ] 177/669, 8.0 task/s, elapsed: 22s, ETA:    61s
[>>>>>>>                       ] 178/669, 8.0 task/s, elapsed: 22s, ETA:    61s
[>>>>>>>>                      ] 179/669, 8.0 task/s, elapsed: 22s, ETA:    61s
[>>>>>>>>                      ] 180/669, 8.1 task/s, elapsed: 22s, ETA:    61s
[>>>>>>>>                      ] 181/669, 8.1 task/s, elapsed: 22s, ETA:    61s
[>>>>>>>>                      ] 182/669, 8.0 task/s, elapsed: 23s, ETA:    61s
[>>>>>>>>                      ] 183/669, 8.1 task/s, elapsed: 23s, ETA:    60s
[>>>>>>>>                      ] 184/669, 8.1 task/s, elapsed: 23s, ETA:    60s
[>>>>>>>>                      ] 185/669, 8.1 task/s, elapsed: 23s, ETA:    60s
[>>>>>>>>                      ] 186/669, 8.1 task/s, elapsed: 23s, ETA:    60s
[>>>>>>>>                      ] 187/669, 8.1 task/s, elapsed: 23s, ETA:    60s
[>>>>>>>>                      ] 188/669, 8.1 task/s, elapsed: 23s, ETA:    60s
[>>>>>>>>                      ] 189/669, 8.1 task/s, elapsed: 23s, ETA:    60s
[>>>>>>>>                      ] 190/669, 8.0 task/s, elapsed: 24s, ETA:    60s
[>>>>>>>>                      ] 191/669, 8.0 task/s, elapsed: 24s, ETA:    60s
[>>>>>>>>                      ] 192/669, 8.0 task/s, elapsed: 24s, ETA:    60s
[>>>>>>>>                      ] 193/669, 8.0 task/s, elapsed: 24s, ETA:    60s
[>>>>>>>>                      ] 194/669, 8.0 task/s, elapsed: 24s, ETA:    59s
[>>>>>>>>                      ] 195/669, 8.0 task/s, elapsed: 24s, ETA:    59s
[>>>>>>>>                      ] 196/669, 8.0 task/s, elapsed: 25s, ETA:    59s
[>>>>>>>>                      ] 197/669, 7.9 task/s, elapsed: 25s, ETA:    60s
[>>>>>>>>                      ] 198/669, 7.9 task/s, elapsed: 25s, ETA:    60s
[>>>>>>>>                      ] 199/669, 7.9 task/s, elapsed: 25s, ETA:    60s
[>>>>>>>>                      ] 200/669, 7.9 task/s, elapsed: 25s, ETA:    60s
[>>>>>>>>>                     ] 201/669, 7.8 task/s, elapsed: 26s, ETA:    60s
[>>>>>>>>>                     ] 202/669, 7.8 task/s, elapsed: 26s, ETA:    60s
[>>>>>>>>>                     ] 203/669, 7.8 task/s, elapsed: 26s, ETA:    60s
[>>>>>>>>>                     ] 204/669, 7.8 task/s, elapsed: 26s, ETA:    59s
[>>>>>>>>>                     ] 205/669, 7.8 task/s, elapsed: 26s, ETA:    59s
[>>>>>>>>>                     ] 206/669, 7.8 task/s, elapsed: 26s, ETA:    59s
[>>>>>>>>>                     ] 207/669, 7.8 task/s, elapsed: 26s, ETA:    59s
[>>>>>>>>>                     ] 208/669, 7.9 task/s, elapsed: 26s, ETA:    59s
[>>>>>>>>>                     ] 209/669, 7.9 task/s, elapsed: 27s, ETA:    59s
[>>>>>>>>>                     ] 210/669, 7.9 task/s, elapsed: 27s, ETA:    58s
[>>>>>>>>>                     ] 211/669, 7.9 task/s, elapsed: 27s, ETA:    58s
[>>>>>>>>>                     ] 212/669, 7.9 task/s, elapsed: 27s, ETA:    58s
[>>>>>>>>>                     ] 213/669, 7.9 task/s, elapsed: 27s, ETA:    58s
[>>>>>>>>>                     ] 214/669, 7.9 task/s, elapsed: 27s, ETA:    58s
[>>>>>>>>>                     ] 215/669, 7.9 task/s, elapsed: 27s, ETA:    57s
[>>>>>>>>>                     ] 216/669, 7.9 task/s, elapsed: 27s, ETA:    57s
[>>>>>>>>>                     ] 217/669, 7.9 task/s, elapsed: 27s, ETA:    57s
[>>>>>>>>>                     ] 218/669, 7.9 task/s, elapsed: 28s, ETA:    57s
[>>>>>>>>>                     ] 219/669, 7.9 task/s, elapsed: 28s, ETA:    57s
[>>>>>>>>>                     ] 220/669, 7.9 task/s, elapsed: 28s, ETA:    57s
[>>>>>>>>>                     ] 221/669, 7.9 task/s, elapsed: 28s, ETA:    57s
[>>>>>>>>>                     ] 222/669, 7.9 task/s, elapsed: 28s, ETA:    57s
[>>>>>>>>>>                    ] 223/669, 7.9 task/s, elapsed: 28s, ETA:    56s
[>>>>>>>>>>                    ] 224/669, 7.9 task/s, elapsed: 28s, ETA:    56s
[>>>>>>>>>>                    ] 225/669, 7.9 task/s, elapsed: 28s, ETA:    56s
[>>>>>>>>>>                    ] 226/669, 7.9 task/s, elapsed: 29s, ETA:    56s
[>>>>>>>>>>                    ] 227/669, 7.9 task/s, elapsed: 29s, ETA:    56s
[>>>>>>>>>>                    ] 228/669, 7.9 task/s, elapsed: 29s, ETA:    56s
[>>>>>>>>>>                    ] 229/669, 7.9 task/s, elapsed: 29s, ETA:    55s
[>>>>>>>>>>                    ] 230/669, 7.9 task/s, elapsed: 29s, ETA:    55s
[>>>>>>>>>>                    ] 231/669, 8.0 task/s, elapsed: 29s, ETA:    55s
[>>>>>>>>>>                    ] 232/669, 8.0 task/s, elapsed: 29s, ETA:    55s
[>>>>>>>>>>                    ] 233/669, 8.0 task/s, elapsed: 29s, ETA:    55s
[>>>>>>>>>>                    ] 234/669, 8.0 task/s, elapsed: 29s, ETA:    54s
[>>>>>>>>>>                    ] 235/669, 8.0 task/s, elapsed: 29s, ETA:    54s
[>>>>>>>>>>                    ] 236/669, 8.0 task/s, elapsed: 30s, ETA:    54s
[>>>>>>>>>>                    ] 237/669, 8.0 task/s, elapsed: 30s, ETA:    54s
[>>>>>>>>>>                    ] 238/669, 8.0 task/s, elapsed: 30s, ETA:    54s
[>>>>>>>>>>                    ] 239/669, 8.0 task/s, elapsed: 30s, ETA:    54s
[>>>>>>>>>>                    ] 240/669, 8.0 task/s, elapsed: 30s, ETA:    54s
[>>>>>>>>>>                    ] 241/669, 8.0 task/s, elapsed: 30s, ETA:    53s
[>>>>>>>>>>                    ] 242/669, 8.0 task/s, elapsed: 30s, ETA:    53s
[>>>>>>>>>>                    ] 243/669, 8.0 task/s, elapsed: 30s, ETA:    53s
[>>>>>>>>>>                    ] 244/669, 8.0 task/s, elapsed: 30s, ETA:    53s
[>>>>>>>>>>                    ] 245/669, 8.0 task/s, elapsed: 31s, ETA:    53s
[>>>>>>>>>>>                   ] 246/669, 8.0 task/s, elapsed: 31s, ETA:    53s
[>>>>>>>>>>>                   ] 247/669, 8.0 task/s, elapsed: 31s, ETA:    53s
[>>>>>>>>>>>                   ] 248/669, 8.0 task/s, elapsed: 31s, ETA:    53s
[>>>>>>>>>>>                   ] 249/669, 8.0 task/s, elapsed: 31s, ETA:    53s
[>>>>>>>>>>>                   ] 250/669, 8.0 task/s, elapsed: 31s, ETA:    53s
[>>>>>>>>>>>                   ] 251/669, 8.0 task/s, elapsed: 31s, ETA:    52s
[>>>>>>>>>>>                   ] 252/669, 8.0 task/s, elapsed: 32s, ETA:    52s
[>>>>>>>>>>>                   ] 253/669, 8.0 task/s, elapsed: 32s, ETA:    52s
[>>>>>>>>>>>                   ] 254/669, 8.0 task/s, elapsed: 32s, ETA:    52s
[>>>>>>>>>>>                   ] 255/669, 8.0 task/s, elapsed: 32s, ETA:    52s
[>>>>>>>>>>>                   ] 256/669, 8.0 task/s, elapsed: 32s, ETA:    52s
[>>>>>>>>>>>                   ] 257/669, 8.0 task/s, elapsed: 32s, ETA:    52s
[>>>>>>>>>>>                   ] 258/669, 8.0 task/s, elapsed: 32s, ETA:    52s
[>>>>>>>>>>>                   ] 259/669, 8.0 task/s, elapsed: 33s, ETA:    51s
[>>>>>>>>>>>                   ] 260/669, 8.0 task/s, elapsed: 33s, ETA:    51s
[>>>>>>>>>>>                   ] 261/669, 7.9 task/s, elapsed: 33s, ETA:    51s
[>>>>>>>>>>>                   ] 262/669, 7.9 task/s, elapsed: 33s, ETA:    52s
[>>>>>>>>>>>                   ] 263/669, 7.8 task/s, elapsed: 34s, ETA:    52s
[>>>>>>>>>>>                   ] 264/669, 7.8 task/s, elapsed: 34s, ETA:    52s
[>>>>>>>>>>>                   ] 265/669, 7.8 task/s, elapsed: 34s, ETA:    52s
[>>>>>>>>>>>                   ] 266/669, 7.8 task/s, elapsed: 34s, ETA:    52s
[>>>>>>>>>>>                   ] 267/669, 7.8 task/s, elapsed: 34s, ETA:    52s
[>>>>>>>>>>>>                  ] 268/669, 7.7 task/s, elapsed: 35s, ETA:    52s
[>>>>>>>>>>>>                  ] 269/669, 7.7 task/s, elapsed: 35s, ETA:    52s
[>>>>>>>>>>>>                  ] 270/669, 7.7 task/s, elapsed: 35s, ETA:    52s
[>>>>>>>>>>>>                  ] 271/669, 7.7 task/s, elapsed: 35s, ETA:    52s
[>>>>>>>>>>>>                  ] 272/669, 7.7 task/s, elapsed: 35s, ETA:    52s
[>>>>>>>>>>>>                  ] 273/669, 7.7 task/s, elapsed: 36s, ETA:    52s
[>>>>>>>>>>>>                  ] 274/669, 7.7 task/s, elapsed: 36s, ETA:    52s
[>>>>>>>>>>>>                  ] 275/669, 7.6 task/s, elapsed: 36s, ETA:    52s
[>>>>>>>>>>>>                  ] 276/669, 7.6 task/s, elapsed: 37s, ETA:    52s
[>>>>>>>>>>>>                  ] 277/669, 7.5 task/s, elapsed: 37s, ETA:    52s
[>>>>>>>>>>>>                  ] 278/669, 7.5 task/s, elapsed: 37s, ETA:    52s
[>>>>>>>>>>>>                  ] 279/669, 7.5 task/s, elapsed: 37s, ETA:    52s
[>>>>>>>>>>>>                  ] 280/669, 7.5 task/s, elapsed: 37s, ETA:    52s
[>>>>>>>>>>>>                  ] 281/669, 7.5 task/s, elapsed: 37s, ETA:    52s
[>>>>>>>>>>>>                  ] 282/669, 7.5 task/s, elapsed: 38s, ETA:    51s
[>>>>>>>>>>>>                  ] 283/669, 7.5 task/s, elapsed: 38s, ETA:    52s
[>>>>>>>>>>>>                  ] 284/669, 7.5 task/s, elapsed: 38s, ETA:    51s
[>>>>>>>>>>>>                  ] 285/669, 7.5 task/s, elapsed: 38s, ETA:    51s
[>>>>>>>>>>>>                  ] 286/669, 7.5 task/s, elapsed: 38s, ETA:    51s
[>>>>>>>>>>>>                  ] 287/669, 7.5 task/s, elapsed: 38s, ETA:    51s
[>>>>>>>>>>>>                  ] 288/669, 7.5 task/s, elapsed: 38s, ETA:    51s
[>>>>>>>>>>>>                  ] 289/669, 7.5 task/s, elapsed: 39s, ETA:    51s
[>>>>>>>>>>>>>                 ] 290/669, 7.5 task/s, elapsed: 39s, ETA:    50s
[>>>>>>>>>>>>>                 ] 291/669, 7.5 task/s, elapsed: 39s, ETA:    50s
[>>>>>>>>>>>>>                 ] 292/669, 7.5 task/s, elapsed: 39s, ETA:    50s
[>>>>>>>>>>>>>                 ] 293/669, 7.5 task/s, elapsed: 39s, ETA:    50s
[>>>>>>>>>>>>>                 ] 294/669, 7.5 task/s, elapsed: 39s, ETA:    50s
[>>>>>>>>>>>>>                 ] 295/669, 7.5 task/s, elapsed: 39s, ETA:    50s
[>>>>>>>>>>>>>                 ] 296/669, 7.5 task/s, elapsed: 39s, ETA:    49s
[>>>>>>>>>>>>>                 ] 297/669, 7.6 task/s, elapsed: 39s, ETA:    49s
[>>>>>>>>>>>>>                 ] 298/669, 7.6 task/s, elapsed: 39s, ETA:    49s
[>>>>>>>>>>>>>                 ] 299/669, 7.6 task/s, elapsed: 39s, ETA:    49s
[>>>>>>>>>>>>>                 ] 300/669, 7.6 task/s, elapsed: 40s, ETA:    49s
[>>>>>>>>>>>>>                 ] 301/669, 7.6 task/s, elapsed: 40s, ETA:    49s
[>>>>>>>>>>>>>                 ] 302/669, 7.6 task/s, elapsed: 40s, ETA:    48s
[>>>>>>>>>>>>>                 ] 303/669, 7.6 task/s, elapsed: 40s, ETA:    48s
[>>>>>>>>>>>>>                 ] 304/669, 7.6 task/s, elapsed: 40s, ETA:    48s
[>>>>>>>>>>>>>                 ] 305/669, 7.6 task/s, elapsed: 40s, ETA:    48s
[>>>>>>>>>>>>>                 ] 306/669, 7.6 task/s, elapsed: 40s, ETA:    48s
[>>>>>>>>>>>>>                 ] 307/669, 7.6 task/s, elapsed: 40s, ETA:    48s
[>>>>>>>>>>>>>                 ] 308/669, 7.6 task/s, elapsed: 40s, ETA:    47s
[>>>>>>>>>>>>>                 ] 309/669, 7.6 task/s, elapsed: 41s, ETA:    47s
[>>>>>>>>>>>>>                 ] 310/669, 7.6 task/s, elapsed: 41s, ETA:    47s
[>>>>>>>>>>>>>                 ] 311/669, 7.6 task/s, elapsed: 41s, ETA:    47s
[>>>>>>>>>>>>>                 ] 312/669, 7.6 task/s, elapsed: 41s, ETA:    47s
[>>>>>>>>>>>>>>                ] 313/669, 7.6 task/s, elapsed: 41s, ETA:    47s
[>>>>>>>>>>>>>>                ] 314/669, 7.6 task/s, elapsed: 41s, ETA:    46s
[>>>>>>>>>>>>>>                ] 315/669, 7.6 task/s, elapsed: 41s, ETA:    46s
[>>>>>>>>>>>>>>                ] 316/669, 7.7 task/s, elapsed: 41s, ETA:    46s
[>>>>>>>>>>>>>>                ] 317/669, 7.7 task/s, elapsed: 41s, ETA:    46s
[>>>>>>>>>>>>>>                ] 318/669, 7.7 task/s, elapsed: 41s, ETA:    46s
[>>>>>>>>>>>>>>                ] 319/669, 7.7 task/s, elapsed: 42s, ETA:    46s
[>>>>>>>>>>>>>>                ] 320/669, 7.7 task/s, elapsed: 42s, ETA:    46s
[>>>>>>>>>>>>>>                ] 321/669, 7.7 task/s, elapsed: 42s, ETA:    45s
[>>>>>>>>>>>>>>                ] 322/669, 7.7 task/s, elapsed: 42s, ETA:    45s
[>>>>>>>>>>>>>>                ] 323/669, 7.7 task/s, elapsed: 42s, ETA:    45s
[>>>>>>>>>>>>>>                ] 324/669, 7.7 task/s, elapsed: 42s, ETA:    45s
[>>>>>>>>>>>>>>                ] 325/669, 7.7 task/s, elapsed: 42s, ETA:    45s
[>>>>>>>>>>>>>>                ] 326/669, 7.7 task/s, elapsed: 42s, ETA:    45s
[>>>>>>>>>>>>>>                ] 327/669, 7.7 task/s, elapsed: 43s, ETA:    44s
[>>>>>>>>>>>>>>                ] 328/669, 7.7 task/s, elapsed: 43s, ETA:    44s
[>>>>>>>>>>>>>>                ] 329/669, 7.7 task/s, elapsed: 43s, ETA:    44s
[>>>>>>>>>>>>>>                ] 330/669, 7.7 task/s, elapsed: 43s, ETA:    44s
[>>>>>>>>>>>>>>                ] 331/669, 7.7 task/s, elapsed: 43s, ETA:    44s
[>>>>>>>>>>>>>>                ] 332/669, 7.7 task/s, elapsed: 43s, ETA:    44s
[>>>>>>>>>>>>>>                ] 333/669, 7.7 task/s, elapsed: 43s, ETA:    43s
[>>>>>>>>>>>>>>                ] 334/669, 7.7 task/s, elapsed: 43s, ETA:    43s
[>>>>>>>>>>>>>>>               ] 335/669, 7.7 task/s, elapsed: 43s, ETA:    43s
[>>>>>>>>>>>>>>>               ] 336/669, 7.7 task/s, elapsed: 43s, ETA:    43s
[>>>>>>>>>>>>>>>               ] 337/669, 7.7 task/s, elapsed: 44s, ETA:    43s
[>>>>>>>>>>>>>>>               ] 338/669, 7.7 task/s, elapsed: 44s, ETA:    43s
[>>>>>>>>>>>>>>>               ] 339/669, 7.7 task/s, elapsed: 44s, ETA:    43s
[>>>>>>>>>>>>>>>               ] 340/669, 7.7 task/s, elapsed: 44s, ETA:    42s
[>>>>>>>>>>>>>>>               ] 341/669, 7.8 task/s, elapsed: 44s, ETA:    42s
[>>>>>>>>>>>>>>>               ] 342/669, 7.8 task/s, elapsed: 44s, ETA:    42s
[>>>>>>>>>>>>>>>               ] 343/669, 7.8 task/s, elapsed: 44s, ETA:    42s
[>>>>>>>>>>>>>>>               ] 344/669, 7.8 task/s, elapsed: 44s, ETA:    42s
[>>>>>>>>>>>>>>>               ] 345/669, 7.8 task/s, elapsed: 44s, ETA:    42s
[>>>>>>>>>>>>>>>               ] 346/669, 7.8 task/s, elapsed: 44s, ETA:    41s
[>>>>>>>>>>>>>>>               ] 347/669, 7.8 task/s, elapsed: 45s, ETA:    41s
[>>>>>>>>>>>>>>>               ] 348/669, 7.8 task/s, elapsed: 45s, ETA:    41s
[>>>>>>>>>>>>>>>               ] 349/669, 7.8 task/s, elapsed: 45s, ETA:    41s
[>>>>>>>>>>>>>>>               ] 350/669, 7.8 task/s, elapsed: 45s, ETA:    41s
[>>>>>>>>>>>>>>>               ] 351/669, 7.8 task/s, elapsed: 45s, ETA:    41s
[>>>>>>>>>>>>>>>               ] 352/669, 7.8 task/s, elapsed: 45s, ETA:    40s
[>>>>>>>>>>>>>>>               ] 353/669, 7.8 task/s, elapsed: 45s, ETA:    40s
[>>>>>>>>>>>>>>>               ] 354/669, 7.8 task/s, elapsed: 45s, ETA:    40s
[>>>>>>>>>>>>>>>               ] 355/669, 7.8 task/s, elapsed: 45s, ETA:    40s
[>>>>>>>>>>>>>>>               ] 356/669, 7.8 task/s, elapsed: 45s, ETA:    40s
[>>>>>>>>>>>>>>>>              ] 357/669, 7.8 task/s, elapsed: 45s, ETA:    40s
[>>>>>>>>>>>>>>>>              ] 358/669, 7.9 task/s, elapsed: 46s, ETA:    40s
[>>>>>>>>>>>>>>>>              ] 359/669, 7.9 task/s, elapsed: 46s, ETA:    39s
[>>>>>>>>>>>>>>>>              ] 360/669, 7.9 task/s, elapsed: 46s, ETA:    39s
[>>>>>>>>>>>>>>>>              ] 361/669, 7.9 task/s, elapsed: 46s, ETA:    39s
[>>>>>>>>>>>>>>>>              ] 362/669, 7.9 task/s, elapsed: 46s, ETA:    39s
[>>>>>>>>>>>>>>>>              ] 363/669, 7.9 task/s, elapsed: 46s, ETA:    39s
[>>>>>>>>>>>>>>>>              ] 364/669, 7.9 task/s, elapsed: 46s, ETA:    39s
[>>>>>>>>>>>>>>>>              ] 365/669, 7.9 task/s, elapsed: 46s, ETA:    39s
[>>>>>>>>>>>>>>>>              ] 366/669, 7.9 task/s, elapsed: 46s, ETA:    38s
[>>>>>>>>>>>>>>>>              ] 367/669, 7.9 task/s, elapsed: 47s, ETA:    38s
[>>>>>>>>>>>>>>>>              ] 368/669, 7.9 task/s, elapsed: 47s, ETA:    38s
[>>>>>>>>>>>>>>>>              ] 369/669, 7.9 task/s, elapsed: 47s, ETA:    38s
[>>>>>>>>>>>>>>>>              ] 370/669, 7.9 task/s, elapsed: 47s, ETA:    38s
[>>>>>>>>>>>>>>>>              ] 371/669, 7.9 task/s, elapsed: 47s, ETA:    38s
[>>>>>>>>>>>>>>>>              ] 372/669, 7.9 task/s, elapsed: 47s, ETA:    38s
[>>>>>>>>>>>>>>>>              ] 373/669, 7.9 task/s, elapsed: 47s, ETA:    37s
[>>>>>>>>>>>>>>>>              ] 374/669, 7.9 task/s, elapsed: 47s, ETA:    37s
[>>>>>>>>>>>>>>>>              ] 375/669, 7.9 task/s, elapsed: 47s, ETA:    37s
[>>>>>>>>>>>>>>>>              ] 376/669, 7.9 task/s, elapsed: 48s, ETA:    37s
[>>>>>>>>>>>>>>>>              ] 377/669, 7.9 task/s, elapsed: 48s, ETA:    37s
[>>>>>>>>>>>>>>>>              ] 378/669, 7.9 task/s, elapsed: 48s, ETA:    37s
[>>>>>>>>>>>>>>>>              ] 379/669, 7.9 task/s, elapsed: 48s, ETA:    37s
[>>>>>>>>>>>>>>>>>             ] 380/669, 7.9 task/s, elapsed: 48s, ETA:    37s
[>>>>>>>>>>>>>>>>>             ] 381/669, 7.9 task/s, elapsed: 48s, ETA:    36s
[>>>>>>>>>>>>>>>>>             ] 382/669, 7.9 task/s, elapsed: 48s, ETA:    36s
[>>>>>>>>>>>>>>>>>             ] 383/669, 7.9 task/s, elapsed: 48s, ETA:    36s
[>>>>>>>>>>>>>>>>>             ] 384/669, 7.9 task/s, elapsed: 49s, ETA:    36s
[>>>>>>>>>>>>>>>>>             ] 385/669, 7.9 task/s, elapsed: 49s, ETA:    36s
[>>>>>>>>>>>>>>>>>             ] 386/669, 7.9 task/s, elapsed: 49s, ETA:    36s
[>>>>>>>>>>>>>>>>>             ] 387/669, 7.9 task/s, elapsed: 49s, ETA:    36s
[>>>>>>>>>>>>>>>>>             ] 388/669, 7.9 task/s, elapsed: 49s, ETA:    36s
[>>>>>>>>>>>>>>>>>             ] 389/669, 7.9 task/s, elapsed: 49s, ETA:    35s
[>>>>>>>>>>>>>>>>>             ] 390/669, 7.9 task/s, elapsed: 49s, ETA:    35s
[>>>>>>>>>>>>>>>>>             ] 391/669, 7.9 task/s, elapsed: 49s, ETA:    35s
[>>>>>>>>>>>>>>>>>             ] 392/669, 7.9 task/s, elapsed: 49s, ETA:    35s
[>>>>>>>>>>>>>>>>>             ] 393/669, 7.9 task/s, elapsed: 50s, ETA:    35s
[>>>>>>>>>>>>>>>>>             ] 394/669, 7.9 task/s, elapsed: 50s, ETA:    35s
[>>>>>>>>>>>>>>>>>             ] 395/669, 7.9 task/s, elapsed: 50s, ETA:    35s
[>>>>>>>>>>>>>>>>>             ] 396/669, 7.9 task/s, elapsed: 50s, ETA:    34s
[>>>>>>>>>>>>>>>>>             ] 397/669, 7.9 task/s, elapsed: 50s, ETA:    34s
[>>>>>>>>>>>>>>>>>             ] 398/669, 7.9 task/s, elapsed: 50s, ETA:    34s
[>>>>>>>>>>>>>>>>>             ] 399/669, 7.9 task/s, elapsed: 50s, ETA:    34s
[>>>>>>>>>>>>>>>>>             ] 400/669, 7.9 task/s, elapsed: 50s, ETA:    34s
[>>>>>>>>>>>>>>>>>             ] 401/669, 7.9 task/s, elapsed: 51s, ETA:    34s
[>>>>>>>>>>>>>>>>>>            ] 402/669, 7.9 task/s, elapsed: 51s, ETA:    34s
[>>>>>>>>>>>>>>>>>>            ] 403/669, 7.9 task/s, elapsed: 51s, ETA:    33s
[>>>>>>>>>>>>>>>>>>            ] 404/669, 7.9 task/s, elapsed: 51s, ETA:    33s
[>>>>>>>>>>>>>>>>>>            ] 405/669, 8.0 task/s, elapsed: 51s, ETA:    33s
[>>>>>>>>>>>>>>>>>>            ] 406/669, 8.0 task/s, elapsed: 51s, ETA:    33s
[>>>>>>>>>>>>>>>>>>            ] 407/669, 8.0 task/s, elapsed: 51s, ETA:    33s
[>>>>>>>>>>>>>>>>>>            ] 408/669, 8.0 task/s, elapsed: 51s, ETA:    33s
[>>>>>>>>>>>>>>>>>>            ] 409/669, 8.0 task/s, elapsed: 51s, ETA:    33s
[>>>>>>>>>>>>>>>>>>            ] 410/669, 8.0 task/s, elapsed: 52s, ETA:    33s
[>>>>>>>>>>>>>>>>>>            ] 411/669, 8.0 task/s, elapsed: 52s, ETA:    32s
[>>>>>>>>>>>>>>>>>>            ] 412/669, 8.0 task/s, elapsed: 52s, ETA:    32s
[>>>>>>>>>>>>>>>>>>            ] 413/669, 8.0 task/s, elapsed: 52s, ETA:    32s
[>>>>>>>>>>>>>>>>>>            ] 414/669, 8.0 task/s, elapsed: 52s, ETA:    32s
[>>>>>>>>>>>>>>>>>>            ] 415/669, 8.0 task/s, elapsed: 52s, ETA:    32s
[>>>>>>>>>>>>>>>>>>            ] 416/669, 8.0 task/s, elapsed: 52s, ETA:    32s
[>>>>>>>>>>>>>>>>>>            ] 417/669, 8.0 task/s, elapsed: 52s, ETA:    32s
[>>>>>>>>>>>>>>>>>>            ] 418/669, 8.0 task/s, elapsed: 52s, ETA:    31s
[>>>>>>>>>>>>>>>>>>            ] 419/669, 8.0 task/s, elapsed: 52s, ETA:    31s
[>>>>>>>>>>>>>>>>>>            ] 420/669, 8.0 task/s, elapsed: 53s, ETA:    31s
[>>>>>>>>>>>>>>>>>>            ] 421/669, 8.0 task/s, elapsed: 53s, ETA:    31s
[>>>>>>>>>>>>>>>>>>            ] 422/669, 8.0 task/s, elapsed: 53s, ETA:    31s
[>>>>>>>>>>>>>>>>>>            ] 423/669, 8.0 task/s, elapsed: 53s, ETA:    31s
[>>>>>>>>>>>>>>>>>>>           ] 424/669, 8.0 task/s, elapsed: 53s, ETA:    31s
[>>>>>>>>>>>>>>>>>>>           ] 425/669, 8.0 task/s, elapsed: 53s, ETA:    30s
[>>>>>>>>>>>>>>>>>>>           ] 426/669, 8.0 task/s, elapsed: 53s, ETA:    30s
[>>>>>>>>>>>>>>>>>>>           ] 427/669, 8.0 task/s, elapsed: 53s, ETA:    30s
[>>>>>>>>>>>>>>>>>>>           ] 428/669, 8.0 task/s, elapsed: 53s, ETA:    30s
[>>>>>>>>>>>>>>>>>>>           ] 429/669, 8.0 task/s, elapsed: 53s, ETA:    30s
[>>>>>>>>>>>>>>>>>>>           ] 430/669, 8.0 task/s, elapsed: 54s, ETA:    30s
[>>>>>>>>>>>>>>>>>>>           ] 431/669, 8.0 task/s, elapsed: 54s, ETA:    30s
[>>>>>>>>>>>>>>>>>>>           ] 432/669, 8.0 task/s, elapsed: 54s, ETA:    29s
[>>>>>>>>>>>>>>>>>>>           ] 433/669, 8.1 task/s, elapsed: 54s, ETA:    29s
[>>>>>>>>>>>>>>>>>>>           ] 434/669, 8.1 task/s, elapsed: 54s, ETA:    29s
[>>>>>>>>>>>>>>>>>>>           ] 435/669, 8.1 task/s, elapsed: 54s, ETA:    29s
[>>>>>>>>>>>>>>>>>>>           ] 436/669, 8.1 task/s, elapsed: 54s, ETA:    29s
[>>>>>>>>>>>>>>>>>>>           ] 437/669, 8.1 task/s, elapsed: 54s, ETA:    29s
[>>>>>>>>>>>>>>>>>>>           ] 438/669, 8.1 task/s, elapsed: 54s, ETA:    29s
[>>>>>>>>>>>>>>>>>>>           ] 439/669, 8.1 task/s, elapsed: 54s, ETA:    28s
[>>>>>>>>>>>>>>>>>>>           ] 440/669, 8.1 task/s, elapsed: 54s, ETA:    28s
[>>>>>>>>>>>>>>>>>>>           ] 441/669, 8.1 task/s, elapsed: 55s, ETA:    28s
[>>>>>>>>>>>>>>>>>>>           ] 442/669, 8.1 task/s, elapsed: 55s, ETA:    28s
[>>>>>>>>>>>>>>>>>>>           ] 443/669, 8.1 task/s, elapsed: 55s, ETA:    28s
[>>>>>>>>>>>>>>>>>>>           ] 444/669, 8.1 task/s, elapsed: 55s, ETA:    28s
[>>>>>>>>>>>>>>>>>>>           ] 445/669, 8.1 task/s, elapsed: 55s, ETA:    28s
[>>>>>>>>>>>>>>>>>>>>          ] 446/669, 8.1 task/s, elapsed: 55s, ETA:    28s
[>>>>>>>>>>>>>>>>>>>>          ] 447/669, 8.1 task/s, elapsed: 55s, ETA:    27s
[>>>>>>>>>>>>>>>>>>>>          ] 448/669, 8.1 task/s, elapsed: 55s, ETA:    27s
[>>>>>>>>>>>>>>>>>>>>          ] 449/669, 8.1 task/s, elapsed: 55s, ETA:    27s
[>>>>>>>>>>>>>>>>>>>>          ] 450/669, 8.1 task/s, elapsed: 56s, ETA:    27s
[>>>>>>>>>>>>>>>>>>>>          ] 451/669, 8.1 task/s, elapsed: 56s, ETA:    27s
[>>>>>>>>>>>>>>>>>>>>          ] 452/669, 8.1 task/s, elapsed: 56s, ETA:    27s
[>>>>>>>>>>>>>>>>>>>>          ] 453/669, 8.1 task/s, elapsed: 56s, ETA:    27s
[>>>>>>>>>>>>>>>>>>>>          ] 454/669, 8.1 task/s, elapsed: 56s, ETA:    26s
[>>>>>>>>>>>>>>>>>>>>          ] 455/669, 8.1 task/s, elapsed: 56s, ETA:    26s
[>>>>>>>>>>>>>>>>>>>>          ] 456/669, 8.1 task/s, elapsed: 56s, ETA:    26s
[>>>>>>>>>>>>>>>>>>>>          ] 457/669, 8.1 task/s, elapsed: 56s, ETA:    26s
[>>>>>>>>>>>>>>>>>>>>          ] 458/669, 8.1 task/s, elapsed: 56s, ETA:    26s
[>>>>>>>>>>>>>>>>>>>>          ] 459/669, 8.1 task/s, elapsed: 57s, ETA:    26s
[>>>>>>>>>>>>>>>>>>>>          ] 460/669, 8.1 task/s, elapsed: 57s, ETA:    26s
[>>>>>>>>>>>>>>>>>>>>          ] 461/669, 8.1 task/s, elapsed: 57s, ETA:    26s
[>>>>>>>>>>>>>>>>>>>>          ] 462/669, 8.1 task/s, elapsed: 57s, ETA:    26s
[>>>>>>>>>>>>>>>>>>>>          ] 463/669, 8.1 task/s, elapsed: 57s, ETA:    25s
[>>>>>>>>>>>>>>>>>>>>          ] 464/669, 8.1 task/s, elapsed: 57s, ETA:    25s
[>>>>>>>>>>>>>>>>>>>>          ] 465/669, 8.1 task/s, elapsed: 57s, ETA:    25s
[>>>>>>>>>>>>>>>>>>>>          ] 466/669, 8.1 task/s, elapsed: 58s, ETA:    25s
[>>>>>>>>>>>>>>>>>>>>          ] 467/669, 8.1 task/s, elapsed: 58s, ETA:    25s
[>>>>>>>>>>>>>>>>>>>>          ] 468/669, 8.1 task/s, elapsed: 58s, ETA:    25s
[>>>>>>>>>>>>>>>>>>>>>         ] 469/669, 8.1 task/s, elapsed: 58s, ETA:    25s
[>>>>>>>>>>>>>>>>>>>>>         ] 470/669, 8.1 task/s, elapsed: 58s, ETA:    25s
[>>>>>>>>>>>>>>>>>>>>>         ] 471/669, 8.1 task/s, elapsed: 58s, ETA:    24s
[>>>>>>>>>>>>>>>>>>>>>         ] 472/669, 8.1 task/s, elapsed: 58s, ETA:    24s
[>>>>>>>>>>>>>>>>>>>>>         ] 473/669, 8.1 task/s, elapsed: 58s, ETA:    24s
[>>>>>>>>>>>>>>>>>>>>>         ] 474/669, 8.1 task/s, elapsed: 59s, ETA:    24s
[>>>>>>>>>>>>>>>>>>>>>         ] 475/669, 8.1 task/s, elapsed: 59s, ETA:    24s
[>>>>>>>>>>>>>>>>>>>>>         ] 476/669, 8.1 task/s, elapsed: 59s, ETA:    24s
[>>>>>>>>>>>>>>>>>>>>>         ] 477/669, 8.1 task/s, elapsed: 59s, ETA:    24s
[>>>>>>>>>>>>>>>>>>>>>         ] 478/669, 8.1 task/s, elapsed: 59s, ETA:    24s
[>>>>>>>>>>>>>>>>>>>>>         ] 479/669, 8.1 task/s, elapsed: 59s, ETA:    23s
[>>>>>>>>>>>>>>>>>>>>>         ] 480/669, 8.1 task/s, elapsed: 59s, ETA:    23s
[>>>>>>>>>>>>>>>>>>>>>         ] 481/669, 8.1 task/s, elapsed: 59s, ETA:    23s
[>>>>>>>>>>>>>>>>>>>>>         ] 482/669, 8.1 task/s, elapsed: 59s, ETA:    23s
[>>>>>>>>>>>>>>>>>>>>>         ] 483/669, 8.1 task/s, elapsed: 59s, ETA:    23s
[>>>>>>>>>>>>>>>>>>>>>         ] 484/669, 8.1 task/s, elapsed: 60s, ETA:    23s
[>>>>>>>>>>>>>>>>>>>>>         ] 485/669, 8.1 task/s, elapsed: 60s, ETA:    23s
[>>>>>>>>>>>>>>>>>>>>>         ] 486/669, 8.1 task/s, elapsed: 60s, ETA:    22s
[>>>>>>>>>>>>>>>>>>>>>         ] 487/669, 8.1 task/s, elapsed: 60s, ETA:    22s
[>>>>>>>>>>>>>>>>>>>>>         ] 488/669, 8.1 task/s, elapsed: 60s, ETA:    22s
[>>>>>>>>>>>>>>>>>>>>>         ] 489/669, 8.1 task/s, elapsed: 60s, ETA:    22s
[>>>>>>>>>>>>>>>>>>>>>         ] 490/669, 8.1 task/s, elapsed: 60s, ETA:    22s
[>>>>>>>>>>>>>>>>>>>>>>        ] 491/669, 8.1 task/s, elapsed: 60s, ETA:    22s
[>>>>>>>>>>>>>>>>>>>>>>        ] 492/669, 8.1 task/s, elapsed: 61s, ETA:    22s
[>>>>>>>>>>>>>>>>>>>>>>        ] 493/669, 8.1 task/s, elapsed: 61s, ETA:    22s
[>>>>>>>>>>>>>>>>>>>>>>        ] 494/669, 8.1 task/s, elapsed: 61s, ETA:    22s
[>>>>>>>>>>>>>>>>>>>>>>        ] 495/669, 8.1 task/s, elapsed: 61s, ETA:    21s
[>>>>>>>>>>>>>>>>>>>>>>        ] 496/669, 8.1 task/s, elapsed: 61s, ETA:    21s
[>>>>>>>>>>>>>>>>>>>>>>        ] 497/669, 8.1 task/s, elapsed: 61s, ETA:    21s
[>>>>>>>>>>>>>>>>>>>>>>        ] 498/669, 8.1 task/s, elapsed: 61s, ETA:    21s
[>>>>>>>>>>>>>>>>>>>>>>        ] 499/669, 8.1 task/s, elapsed: 62s, ETA:    21s
[>>>>>>>>>>>>>>>>>>>>>>        ] 500/669, 8.1 task/s, elapsed: 62s, ETA:    21s
[>>>>>>>>>>>>>>>>>>>>>>        ] 501/669, 8.1 task/s, elapsed: 62s, ETA:    21s
[>>>>>>>>>>>>>>>>>>>>>>        ] 502/669, 8.1 task/s, elapsed: 62s, ETA:    21s
[>>>>>>>>>>>>>>>>>>>>>>        ] 503/669, 8.1 task/s, elapsed: 62s, ETA:    20s
[>>>>>>>>>>>>>>>>>>>>>>        ] 504/669, 8.1 task/s, elapsed: 62s, ETA:    20s
[>>>>>>>>>>>>>>>>>>>>>>        ] 505/669, 8.1 task/s, elapsed: 62s, ETA:    20s
[>>>>>>>>>>>>>>>>>>>>>>        ] 506/669, 8.1 task/s, elapsed: 62s, ETA:    20s
[>>>>>>>>>>>>>>>>>>>>>>        ] 507/669, 8.1 task/s, elapsed: 62s, ETA:    20s
[>>>>>>>>>>>>>>>>>>>>>>        ] 508/669, 8.1 task/s, elapsed: 63s, ETA:    20s
[>>>>>>>>>>>>>>>>>>>>>>        ] 509/669, 8.1 task/s, elapsed: 63s, ETA:    20s
[>>>>>>>>>>>>>>>>>>>>>>        ] 510/669, 8.1 task/s, elapsed: 63s, ETA:    20s
[>>>>>>>>>>>>>>>>>>>>>>        ] 511/669, 8.1 task/s, elapsed: 63s, ETA:    20s
[>>>>>>>>>>>>>>>>>>>>>>        ] 512/669, 8.1 task/s, elapsed: 63s, ETA:    19s
[>>>>>>>>>>>>>>>>>>>>>>>       ] 513/669, 8.1 task/s, elapsed: 63s, ETA:    19s
[>>>>>>>>>>>>>>>>>>>>>>>       ] 514/669, 8.1 task/s, elapsed: 63s, ETA:    19s
[>>>>>>>>>>>>>>>>>>>>>>>       ] 515/669, 8.1 task/s, elapsed: 64s, ETA:    19s
[>>>>>>>>>>>>>>>>>>>>>>>       ] 516/669, 8.1 task/s, elapsed: 64s, ETA:    19s
[>>>>>>>>>>>>>>>>>>>>>>>       ] 517/669, 8.1 task/s, elapsed: 64s, ETA:    19s
[>>>>>>>>>>>>>>>>>>>>>>>       ] 518/669, 8.1 task/s, elapsed: 64s, ETA:    19s
[>>>>>>>>>>>>>>>>>>>>>>>       ] 519/669, 8.1 task/s, elapsed: 64s, ETA:    19s
[>>>>>>>>>>>>>>>>>>>>>>>       ] 520/669, 8.1 task/s, elapsed: 64s, ETA:    18s
[>>>>>>>>>>>>>>>>>>>>>>>       ] 521/669, 8.1 task/s, elapsed: 64s, ETA:    18s
[>>>>>>>>>>>>>>>>>>>>>>>       ] 522/669, 8.1 task/s, elapsed: 64s, ETA:    18s
[>>>>>>>>>>>>>>>>>>>>>>>       ] 523/669, 8.1 task/s, elapsed: 65s, ETA:    18s
[>>>>>>>>>>>>>>>>>>>>>>>       ] 524/669, 8.1 task/s, elapsed: 65s, ETA:    18s
[>>>>>>>>>>>>>>>>>>>>>>>       ] 525/669, 8.1 task/s, elapsed: 65s, ETA:    18s
[>>>>>>>>>>>>>>>>>>>>>>>       ] 526/669, 8.1 task/s, elapsed: 65s, ETA:    18s
[>>>>>>>>>>>>>>>>>>>>>>>       ] 527/669, 8.1 task/s, elapsed: 65s, ETA:    18s
[>>>>>>>>>>>>>>>>>>>>>>>       ] 528/669, 8.0 task/s, elapsed: 66s, ETA:    18s
[>>>>>>>>>>>>>>>>>>>>>>>       ] 529/669, 8.0 task/s, elapsed: 66s, ETA:    18s
[>>>>>>>>>>>>>>>>>>>>>>>       ] 530/669, 8.0 task/s, elapsed: 66s, ETA:    17s
[>>>>>>>>>>>>>>>>>>>>>>>       ] 531/669, 8.0 task/s, elapsed: 66s, ETA:    17s
[>>>>>>>>>>>>>>>>>>>>>>>       ] 532/669, 8.0 task/s, elapsed: 67s, ETA:    17s
[>>>>>>>>>>>>>>>>>>>>>>>       ] 533/669, 8.0 task/s, elapsed: 67s, ETA:    17s
[>>>>>>>>>>>>>>>>>>>>>>>       ] 534/669, 8.0 task/s, elapsed: 67s, ETA:    17s
[>>>>>>>>>>>>>>>>>>>>>>>       ] 535/669, 8.0 task/s, elapsed: 67s, ETA:    17s
[>>>>>>>>>>>>>>>>>>>>>>>>      ] 536/669, 8.0 task/s, elapsed: 67s, ETA:    17s
[>>>>>>>>>>>>>>>>>>>>>>>>      ] 537/669, 8.0 task/s, elapsed: 67s, ETA:    16s
[>>>>>>>>>>>>>>>>>>>>>>>>      ] 538/669, 8.0 task/s, elapsed: 67s, ETA:    16s
[>>>>>>>>>>>>>>>>>>>>>>>>      ] 539/669, 8.0 task/s, elapsed: 67s, ETA:    16s
[>>>>>>>>>>>>>>>>>>>>>>>>      ] 540/669, 8.0 task/s, elapsed: 67s, ETA:    16s
[>>>>>>>>>>>>>>>>>>>>>>>>      ] 541/669, 8.0 task/s, elapsed: 67s, ETA:    16s
[>>>>>>>>>>>>>>>>>>>>>>>>      ] 542/669, 8.0 task/s, elapsed: 68s, ETA:    16s
[>>>>>>>>>>>>>>>>>>>>>>>>      ] 543/669, 8.0 task/s, elapsed: 68s, ETA:    16s
[>>>>>>>>>>>>>>>>>>>>>>>>      ] 544/669, 8.0 task/s, elapsed: 68s, ETA:    16s
[>>>>>>>>>>>>>>>>>>>>>>>>      ] 545/669, 8.0 task/s, elapsed: 68s, ETA:    15s
[>>>>>>>>>>>>>>>>>>>>>>>>      ] 546/669, 8.0 task/s, elapsed: 68s, ETA:    15s
[>>>>>>>>>>>>>>>>>>>>>>>>      ] 547/669, 8.0 task/s, elapsed: 68s, ETA:    15s
[>>>>>>>>>>>>>>>>>>>>>>>>      ] 548/669, 8.0 task/s, elapsed: 68s, ETA:    15s
[>>>>>>>>>>>>>>>>>>>>>>>>      ] 549/669, 8.0 task/s, elapsed: 68s, ETA:    15s
[>>>>>>>>>>>>>>>>>>>>>>>>      ] 550/669, 8.0 task/s, elapsed: 68s, ETA:    15s
[>>>>>>>>>>>>>>>>>>>>>>>>      ] 551/669, 8.0 task/s, elapsed: 69s, ETA:    15s
[>>>>>>>>>>>>>>>>>>>>>>>>      ] 552/669, 8.0 task/s, elapsed: 69s, ETA:    15s
[>>>>>>>>>>>>>>>>>>>>>>>>      ] 553/669, 8.0 task/s, elapsed: 69s, ETA:    14s
[>>>>>>>>>>>>>>>>>>>>>>>>      ] 554/669, 8.1 task/s, elapsed: 69s, ETA:    14s
[>>>>>>>>>>>>>>>>>>>>>>>>      ] 555/669, 8.0 task/s, elapsed: 69s, ETA:    14s
[>>>>>>>>>>>>>>>>>>>>>>>>      ] 556/669, 8.0 task/s, elapsed: 69s, ETA:    14s
[>>>>>>>>>>>>>>>>>>>>>>>>      ] 557/669, 8.0 task/s, elapsed: 69s, ETA:    14s
[>>>>>>>>>>>>>>>>>>>>>>>>>     ] 558/669, 8.1 task/s, elapsed: 69s, ETA:    14s
[>>>>>>>>>>>>>>>>>>>>>>>>>     ] 559/669, 8.1 task/s, elapsed: 69s, ETA:    14s
[>>>>>>>>>>>>>>>>>>>>>>>>>     ] 560/669, 8.1 task/s, elapsed: 69s, ETA:    14s
[>>>>>>>>>>>>>>>>>>>>>>>>>     ] 561/669, 8.1 task/s, elapsed: 70s, ETA:    13s
[>>>>>>>>>>>>>>>>>>>>>>>>>     ] 562/669, 8.1 task/s, elapsed: 70s, ETA:    13s
[>>>>>>>>>>>>>>>>>>>>>>>>>     ] 563/669, 8.1 task/s, elapsed: 70s, ETA:    13s
[>>>>>>>>>>>>>>>>>>>>>>>>>     ] 564/669, 8.1 task/s, elapsed: 70s, ETA:    13s
[>>>>>>>>>>>>>>>>>>>>>>>>>     ] 565/669, 8.1 task/s, elapsed: 70s, ETA:    13s
[>>>>>>>>>>>>>>>>>>>>>>>>>     ] 566/669, 8.1 task/s, elapsed: 70s, ETA:    13s
[>>>>>>>>>>>>>>>>>>>>>>>>>     ] 567/669, 8.1 task/s, elapsed: 70s, ETA:    13s
[>>>>>>>>>>>>>>>>>>>>>>>>>     ] 568/669, 8.1 task/s, elapsed: 70s, ETA:    13s
[>>>>>>>>>>>>>>>>>>>>>>>>>     ] 569/669, 8.1 task/s, elapsed: 71s, ETA:    12s
[>>>>>>>>>>>>>>>>>>>>>>>>>     ] 570/669, 8.1 task/s, elapsed: 71s, ETA:    12s
[>>>>>>>>>>>>>>>>>>>>>>>>>     ] 571/669, 8.1 task/s, elapsed: 71s, ETA:    12s
[>>>>>>>>>>>>>>>>>>>>>>>>>     ] 572/669, 8.1 task/s, elapsed: 71s, ETA:    12s
[>>>>>>>>>>>>>>>>>>>>>>>>>     ] 573/669, 8.1 task/s, elapsed: 71s, ETA:    12s
[>>>>>>>>>>>>>>>>>>>>>>>>>     ] 574/669, 8.1 task/s, elapsed: 71s, ETA:    12s
[>>>>>>>>>>>>>>>>>>>>>>>>>     ] 575/669, 8.1 task/s, elapsed: 71s, ETA:    12s
[>>>>>>>>>>>>>>>>>>>>>>>>>     ] 576/669, 8.1 task/s, elapsed: 71s, ETA:    12s
[>>>>>>>>>>>>>>>>>>>>>>>>>     ] 577/669, 8.1 task/s, elapsed: 72s, ETA:    11s
[>>>>>>>>>>>>>>>>>>>>>>>>>     ] 578/669, 8.1 task/s, elapsed: 72s, ETA:    11s
[>>>>>>>>>>>>>>>>>>>>>>>>>     ] 579/669, 8.1 task/s, elapsed: 72s, ETA:    11s
[>>>>>>>>>>>>>>>>>>>>>>>>>>    ] 580/669, 8.1 task/s, elapsed: 72s, ETA:    11s
[>>>>>>>>>>>>>>>>>>>>>>>>>>    ] 581/669, 8.1 task/s, elapsed: 72s, ETA:    11s
[>>>>>>>>>>>>>>>>>>>>>>>>>>    ] 582/669, 8.1 task/s, elapsed: 72s, ETA:    11s
[>>>>>>>>>>>>>>>>>>>>>>>>>>    ] 583/669, 8.1 task/s, elapsed: 72s, ETA:    11s
[>>>>>>>>>>>>>>>>>>>>>>>>>>    ] 584/669, 8.1 task/s, elapsed: 72s, ETA:    11s
[>>>>>>>>>>>>>>>>>>>>>>>>>>    ] 585/669, 8.1 task/s, elapsed: 73s, ETA:    10s
[>>>>>>>>>>>>>>>>>>>>>>>>>>    ] 586/669, 8.1 task/s, elapsed: 73s, ETA:    10s
[>>>>>>>>>>>>>>>>>>>>>>>>>>    ] 587/669, 8.1 task/s, elapsed: 73s, ETA:    10s
[>>>>>>>>>>>>>>>>>>>>>>>>>>    ] 588/669, 8.1 task/s, elapsed: 73s, ETA:    10s
[>>>>>>>>>>>>>>>>>>>>>>>>>>    ] 589/669, 8.1 task/s, elapsed: 73s, ETA:    10s
[>>>>>>>>>>>>>>>>>>>>>>>>>>    ] 590/669, 8.1 task/s, elapsed: 73s, ETA:    10s
[>>>>>>>>>>>>>>>>>>>>>>>>>>    ] 591/669, 8.1 task/s, elapsed: 73s, ETA:    10s
[>>>>>>>>>>>>>>>>>>>>>>>>>>    ] 592/669, 8.1 task/s, elapsed: 73s, ETA:    10s
[>>>>>>>>>>>>>>>>>>>>>>>>>>    ] 593/669, 8.1 task/s, elapsed: 74s, ETA:     9s
[>>>>>>>>>>>>>>>>>>>>>>>>>>    ] 594/669, 8.1 task/s, elapsed: 74s, ETA:     9s
[>>>>>>>>>>>>>>>>>>>>>>>>>>    ] 595/669, 8.1 task/s, elapsed: 74s, ETA:     9s
[>>>>>>>>>>>>>>>>>>>>>>>>>>    ] 596/669, 8.1 task/s, elapsed: 74s, ETA:     9s
[>>>>>>>>>>>>>>>>>>>>>>>>>>    ] 597/669, 8.1 task/s, elapsed: 74s, ETA:     9s
[>>>>>>>>>>>>>>>>>>>>>>>>>>    ] 598/669, 8.1 task/s, elapsed: 74s, ETA:     9s
[>>>>>>>>>>>>>>>>>>>>>>>>>>    ] 599/669, 8.1 task/s, elapsed: 74s, ETA:     9s
[>>>>>>>>>>>>>>>>>>>>>>>>>>    ] 600/669, 8.1 task/s, elapsed: 74s, ETA:     9s
[>>>>>>>>>>>>>>>>>>>>>>>>>>    ] 601/669, 8.1 task/s, elapsed: 74s, ETA:     8s
[>>>>>>>>>>>>>>>>>>>>>>>>>>    ] 602/669, 8.1 task/s, elapsed: 75s, ETA:     8s
[>>>>>>>>>>>>>>>>>>>>>>>>>>>   ] 603/669, 8.1 task/s, elapsed: 75s, ETA:     8s
[>>>>>>>>>>>>>>>>>>>>>>>>>>>   ] 604/669, 8.1 task/s, elapsed: 75s, ETA:     8s
[>>>>>>>>>>>>>>>>>>>>>>>>>>>   ] 605/669, 8.1 task/s, elapsed: 75s, ETA:     8s
[>>>>>>>>>>>>>>>>>>>>>>>>>>>   ] 606/669, 8.1 task/s, elapsed: 75s, ETA:     8s
[>>>>>>>>>>>>>>>>>>>>>>>>>>>   ] 607/669, 8.1 task/s, elapsed: 75s, ETA:     8s
[>>>>>>>>>>>>>>>>>>>>>>>>>>>   ] 608/669, 8.1 task/s, elapsed: 75s, ETA:     8s
[>>>>>>>>>>>>>>>>>>>>>>>>>>>   ] 609/669, 8.1 task/s, elapsed: 75s, ETA:     7s
[>>>>>>>>>>>>>>>>>>>>>>>>>>>   ] 610/669, 8.1 task/s, elapsed: 75s, ETA:     7s
[>>>>>>>>>>>>>>>>>>>>>>>>>>>   ] 611/669, 8.1 task/s, elapsed: 75s, ETA:     7s
[>>>>>>>>>>>>>>>>>>>>>>>>>>>   ] 612/669, 8.1 task/s, elapsed: 75s, ETA:     7s
[>>>>>>>>>>>>>>>>>>>>>>>>>>>   ] 613/669, 8.1 task/s, elapsed: 76s, ETA:     7s
[>>>>>>>>>>>>>>>>>>>>>>>>>>>   ] 614/669, 8.1 task/s, elapsed: 76s, ETA:     7s
[>>>>>>>>>>>>>>>>>>>>>>>>>>>   ] 615/669, 8.1 task/s, elapsed: 76s, ETA:     7s
[>>>>>>>>>>>>>>>>>>>>>>>>>>>   ] 616/669, 8.1 task/s, elapsed: 76s, ETA:     7s
[>>>>>>>>>>>>>>>>>>>>>>>>>>>   ] 617/669, 8.1 task/s, elapsed: 76s, ETA:     6s
[>>>>>>>>>>>>>>>>>>>>>>>>>>>   ] 618/669, 8.1 task/s, elapsed: 76s, ETA:     6s
[>>>>>>>>>>>>>>>>>>>>>>>>>>>   ] 619/669, 8.1 task/s, elapsed: 76s, ETA:     6s
[>>>>>>>>>>>>>>>>>>>>>>>>>>>   ] 620/669, 8.1 task/s, elapsed: 76s, ETA:     6s
[>>>>>>>>>>>>>>>>>>>>>>>>>>>   ] 621/669, 8.1 task/s, elapsed: 77s, ETA:     6s
[>>>>>>>>>>>>>>>>>>>>>>>>>>>   ] 622/669, 8.1 task/s, elapsed: 77s, ETA:     6s
[>>>>>>>>>>>>>>>>>>>>>>>>>>>   ] 623/669, 8.1 task/s, elapsed: 77s, ETA:     6s
[>>>>>>>>>>>>>>>>>>>>>>>>>>>   ] 624/669, 8.1 task/s, elapsed: 77s, ETA:     6s
[>>>>>>>>>>>>>>>>>>>>>>>>>>>>  ] 625/669, 8.1 task/s, elapsed: 77s, ETA:     5s
[>>>>>>>>>>>>>>>>>>>>>>>>>>>>  ] 626/669, 8.1 task/s, elapsed: 77s, ETA:     5s
[>>>>>>>>>>>>>>>>>>>>>>>>>>>>  ] 627/669, 8.1 task/s, elapsed: 78s, ETA:     5s
[>>>>>>>>>>>>>>>>>>>>>>>>>>>>  ] 628/669, 8.1 task/s, elapsed: 78s, ETA:     5s
[>>>>>>>>>>>>>>>>>>>>>>>>>>>>  ] 629/669, 8.1 task/s, elapsed: 78s, ETA:     5s
[>>>>>>>>>>>>>>>>>>>>>>>>>>>>  ] 630/669, 8.1 task/s, elapsed: 78s, ETA:     5s
[>>>>>>>>>>>>>>>>>>>>>>>>>>>>  ] 631/669, 8.1 task/s, elapsed: 78s, ETA:     5s
[>>>>>>>>>>>>>>>>>>>>>>>>>>>>  ] 632/669, 8.0 task/s, elapsed: 79s, ETA:     5s
[>>>>>>>>>>>>>>>>>>>>>>>>>>>>  ] 633/669, 8.0 task/s, elapsed: 79s, ETA:     4s
[>>>>>>>>>>>>>>>>>>>>>>>>>>>>  ] 634/669, 8.0 task/s, elapsed: 79s, ETA:     4s
[>>>>>>>>>>>>>>>>>>>>>>>>>>>>  ] 635/669, 8.0 task/s, elapsed: 79s, ETA:     4s
[>>>>>>>>>>>>>>>>>>>>>>>>>>>>  ] 636/669, 8.0 task/s, elapsed: 79s, ETA:     4s
[>>>>>>>>>>>>>>>>>>>>>>>>>>>>  ] 637/669, 8.0 task/s, elapsed: 79s, ETA:     4s
[>>>>>>>>>>>>>>>>>>>>>>>>>>>>  ] 638/669, 8.0 task/s, elapsed: 80s, ETA:     4s
[>>>>>>>>>>>>>>>>>>>>>>>>>>>>  ] 639/669, 8.0 task/s, elapsed: 80s, ETA:     4s
[>>>>>>>>>>>>>>>>>>>>>>>>>>>>  ] 640/669, 8.0 task/s, elapsed: 80s, ETA:     4s
[>>>>>>>>>>>>>>>>>>>>>>>>>>>>  ] 641/669, 8.0 task/s, elapsed: 80s, ETA:     4s
[>>>>>>>>>>>>>>>>>>>>>>>>>>>>  ] 642/669, 8.0 task/s, elapsed: 80s, ETA:     3s
[>>>>>>>>>>>>>>>>>>>>>>>>>>>>  ] 643/669, 8.0 task/s, elapsed: 80s, ETA:     3s
[>>>>>>>>>>>>>>>>>>>>>>>>>>>>  ] 644/669, 8.0 task/s, elapsed: 81s, ETA:     3s
[>>>>>>>>>>>>>>>>>>>>>>>>>>>>  ] 645/669, 8.0 task/s, elapsed: 81s, ETA:     3s
[>>>>>>>>>>>>>>>>>>>>>>>>>>>>  ] 646/669, 8.0 task/s, elapsed: 81s, ETA:     3s
[>>>>>>>>>>>>>>>>>>>>>>>>>>>>> ] 647/669, 8.0 task/s, elapsed: 81s, ETA:     3s
[>>>>>>>>>>>>>>>>>>>>>>>>>>>>> ] 648/669, 8.0 task/s, elapsed: 81s, ETA:     3s
[>>>>>>>>>>>>>>>>>>>>>>>>>>>>> ] 649/669, 8.0 task/s, elapsed: 81s, ETA:     3s
[>>>>>>>>>>>>>>>>>>>>>>>>>>>>> ] 650/669, 8.0 task/s, elapsed: 81s, ETA:     2s
[>>>>>>>>>>>>>>>>>>>>>>>>>>>>> ] 651/669, 8.0 task/s, elapsed: 82s, ETA:     2s
[>>>>>>>>>>>>>>>>>>>>>>>>>>>>> ] 652/669, 8.0 task/s, elapsed: 82s, ETA:     2s
[>>>>>>>>>>>>>>>>>>>>>>>>>>>>> ] 653/669, 8.0 task/s, elapsed: 82s, ETA:     2s
[>>>>>>>>>>>>>>>>>>>>>>>>>>>>> ] 654/669, 8.0 task/s, elapsed: 82s, ETA:     2s
[>>>>>>>>>>>>>>>>>>>>>>>>>>>>> ] 655/669, 8.0 task/s, elapsed: 82s, ETA:     2s
[>>>>>>>>>>>>>>>>>>>>>>>>>>>>> ] 656/669, 8.0 task/s, elapsed: 82s, ETA:     2s
[>>>>>>>>>>>>>>>>>>>>>>>>>>>>> ] 657/669, 8.0 task/s, elapsed: 82s, ETA:     2s
[>>>>>>>>>>>>>>>>>>>>>>>>>>>>> ] 658/669, 8.0 task/s, elapsed: 82s, ETA:     1s
[>>>>>>>>>>>>>>>>>>>>>>>>>>>>> ] 659/669, 8.0 task/s, elapsed: 83s, ETA:     1s
[>>>>>>>>>>>>>>>>>>>>>>>>>>>>> ] 660/669, 8.0 task/s, elapsed: 83s, ETA:     1s
[>>>>>>>>>>>>>>>>>>>>>>>>>>>>> ] 661/669, 8.0 task/s, elapsed: 83s, ETA:     1s
[>>>>>>>>>>>>>>>>>>>>>>>>>>>>> ] 662/669, 8.0 task/s, elapsed: 83s, ETA:     1s
[>>>>>>>>>>>>>>>>>>>>>>>>>>>>> ] 663/669, 8.0 task/s, elapsed: 83s, ETA:     1s
[>>>>>>>>>>>>>>>>>>>>>>>>>>>>> ] 664/669, 8.0 task/s, elapsed: 83s, ETA:     1s
[>>>>>>>>>>>>>>>>>>>>>>>>>>>>> ] 665/669, 8.0 task/s, elapsed: 83s, ETA:     1s
[>>>>>>>>>>>>>>>>>>>>>>>>>>>>> ] 666/669, 8.0 task/s, elapsed: 83s, ETA:     0s
[>>>>>>>>>>>>>>>>>>>>>>>>>>>>> ] 667/669, 8.0 task/s, elapsed: 83s, ETA:     0s
[>>>>>>>>>>>>>>>>>>>>>>>>>>>>> ] 668/669, 8.0 task/s, elapsed: 84s, ETA:     0s
[>>>>>>>>>>>>>>>>>>>>>>>>>>>>>>] 669/669, 8.0 task/s, elapsed: 84s, ETA:     0s2026-06-30 14:09:47,645 - mmdet - INFO - Evaluating bbox...
2026-06-30 14:09:49,308 - mmdet - INFO - 
+-----------+-------+-----------+-------+-------------+-------+
| category  | AP    | category  | AP    | category    | AP    |
+-----------+-------+-----------+-------+-------------+-------+
| bicycle   | 0.272 | chair     | 0.565 | diningtable | 0.230 |
| bottle    | 0.409 | motorbike | 0.329 | car         | 0.296 |
| tvmonitor | 0.126 | bus       | 0.267 | None        | None  |
+-----------+-------+-----------+-------+-------------+-------+
2026-06-30 14:09:49,308 - mmdet - INFO - Evaluating segm...
/content/EALLIS/mmdetection/mmdet/datasets/coco.py:453: UserWarning: The key "bbox" is deleted for more accurate mask AP of small/medium/large instances since v2.12.0. This does not change the overall mAP calculation.
  warnings.warn(
2026-06-30 14:09:51,847 - mmdet - INFO - 
+-----------+-------+-----------+-------+-------------+-------+
| category  | AP    | category  | AP    | category    | AP    |
+-----------+-------+-----------+-------+-------------+-------+
| bicycle   | 0.136 | chair     | 0.551 | diningtable | 0.190 |
| bottle    | 0.426 | motorbike | 0.319 | car         | 0.124 |
| tvmonitor | 0.037 | bus       | 0.301 | None        | None  |
+-----------+-------+-----------+-------+-------------+-------+
2026-06-30 14:10:05,548 - mmdet - INFO - Now best checkpoint is saved as best_bbox_mAP_epoch_1.pth.
2026-06-30 14:10:05,548 - mmdet - INFO - Best bbox_mAP is 0.3120 at 1 epoch.
2026-06-30 14:10:05,559 - mmdet - INFO - Exp name: train_kaggle.py
2026-06-30 14:10:05,559 - mmdet - INFO - Epoch(val) [1][669]	bbox_mAP: 0.3120, bbox_mAP_50: 0.5250, bbox_mAP_75: 0.3340, bbox_mAP_s: 0.0000, bbox_mAP_m: 0.0750, bbox_mAP_l: 0.3870, bbox_mAP_copypaste: 0.312 0.525 0.334 0.000 0.075 0.387, segm_mAP: 0.2600, segm_mAP_50: 0.4680, segm_mAP_75: 0.2520, segm_mAP_s: 0.0000, segm_mAP_m: 0.0600, segm_mAP_l: 0.3310, segm_mAP_copypaste: 0.260 0.468 0.252 0.000 0.060 0.331
/usr/local/lib/python3.12/dist-packages/torch/utils/data/dataloader.py:432: UserWarning: This DataLoader will create 4 worker processes in total. Our suggested max number of worker in current system is 2, which is smaller than what this DataLoader is going to create. Please be aware that excessive worker creation might get DataLoader running slow or even freeze, lower the worker number to avoid potential slowness/freeze if necessary.
  self.check_worker_number_rationality()
Loading and preparing results...
DONE (t=0.01s)
creating index...
index created!
Running per image evaluation...
Evaluate annotation type *bbox*
DONE (t=1.30s).
Accumulating evaluation results...
DONE (t=0.31s).
 Average Precision  (AP) @[ IoU=0.50:0.95 | area=   all | maxDets=100 ] = 0.312
 Average Precision  (AP) @[ IoU=0.50      | area=   all | maxDets=1000 ] = 0.525
 Average Precision  (AP) @[ IoU=0.75      | area=   all | maxDets=1000 ] = 0.334
 Average Precision  (AP) @[ IoU=0.50:0.95 | area= small | maxDets=1000 ] = 0.000
 Average Precision  (AP) @[ IoU=0.50:0.95 | area=medium | maxDets=1000 ] = 0.075
 Average Precision  (AP) @[ IoU=0.50:0.95 | area= large | maxDets=1000 ] = 0.387
 Average Recall     (AR) @[ IoU=0.50:0.95 | area=   all | maxDets=100 ] = 0.421
 Average Recall     (AR) @[ IoU=0.50:0.95 | area=   all | maxDets=300 ] = 0.421
 Average Recall     (AR) @[ IoU=0.50:0.95 | area=   all | maxDets=1000 ] = 0.421
 Average Recall     (AR) @[ IoU=0.50:0.95 | area= small | maxDets=1000 ] = 0.000
 Average Recall     (AR) @[ IoU=0.50:0.95 | area=medium | maxDets=1000 ] = 0.160
 Average Recall     (AR) @[ IoU=0.50:0.95 | area= large | maxDets=1000 ] = 0.502
Loading and preparing results...
DONE (t=0.24s)
creating index...
index created!
Running per image evaluation...
Evaluate annotation type *segm*
DONE (t=1.86s).
Accumulating evaluation results...
DONE (t=0.29s).
 Average Precision  (AP) @[ IoU=0.50:0.95 | area=   all | maxDets=100 ] = 0.260
 Average Precision  (AP) @[ IoU=0.50      | area=   all | maxDets=1000 ] = 0.468
 Average Precision  (AP) @[ IoU=0.75      | area=   all | maxDets=1000 ] = 0.252
 Average Precision  (AP) @[ IoU=0.50:0.95 | area= small | maxDets=1000 ] = 0.000
 Average Precision  (AP) @[ IoU=0.50:0.95 | area=medium | maxDets=1000 ] = 0.060
 Average Precision  (AP) @[ IoU=0.50:0.95 | area= large | maxDets=1000 ] = 0.331
 Average Recall     (AR) @[ IoU=0.50:0.95 | area=   all | maxDets=100 ] = 0.351
 Average Recall     (AR) @[ IoU=0.50:0.95 | area=   all | maxDets=300 ] = 0.351
 Average Recall     (AR) @[ IoU=0.50:0.95 | area=   all | maxDets=1000 ] = 0.351
 Average Recall     (AR) @[ IoU=0.50:0.95 | area= small | maxDets=1000 ] = 0.000
 Average Recall     (AR) @[ IoU=0.50:0.95 | area=medium | maxDets=1000 ] = 0.144
 Average Recall     (AR) @[ IoU=0.50:0.95 | area= large | maxDets=1000 ] = 0.422
OrderedDict({'bbox_mAP': 0.312, 'bbox_mAP_50': 0.525, 'bbox_mAP_75': 0.334, 'bbox_mAP_s': 0.0, 'bbox_mAP_m': 0.075, 'bbox_mAP_l': 0.387, 'bbox_mAP_copypaste': '0.312 0.525 0.334 0.000 0.075 0.387', 'segm_mAP': 0.26, 'segm_mAP_50': 0.468, 'segm_mAP_75': 0.252, 'segm_mAP_s': 0.0, 'segm_mAP_m': 0.06, 'segm_mAP_l': 0.331, 'segm_mAP_copypaste': '0.260 0.468 0.252 0.000 0.060 0.331'})
/usr/lib/python3.12/multiprocessing/popen_fork.py:66: DeprecationWarning: This process (pid=7546) is multi-threaded, use of fork() may lead to deadlocks in the child.
  self.pid = os.fork()
/content/EALLIS/mmdetection/mmdet/core/anchor/anchor_generator.py:323: UserWarning: ``grid_anchors`` would be deprecated soon. Please use ``grid_priors`` 
  warnings.warn('``grid_anchors`` would be deprecated soon. '
/content/EALLIS/mmdetection/mmdet/core/anchor/anchor_generator.py:359: UserWarning: ``single_level_grid_anchors`` would be deprecated soon. Please use ``single_level_grid_priors`` 
  warnings.warn(
2026-06-30 14:12:43,343 - mmdet - INFO - Epoch [2][50/1324]	lr: 1.000e-02, eta: 4:08:27, time: 3.153, data_time: 0.192, memory: 9934, noise_inv_loss: 0.0008, clean_loss_rpn_cls: 0.0273, clean_loss_rpn_bbox: 0.0185, clean_loss_cls: 0.1189, clean_acc: 95.9297, clean_loss_bbox: 0.1362, clean_loss_mask: 0.3025, loss_rpn_cls: 0.0389, loss_rpn_bbox: 0.0202, loss_cls: 0.1329, acc: 95.7324, loss_bbox: 0.1366, loss_mask: 0.3415, loss: 1.2744
2026-06-30 14:15:07,184 - mmdet - INFO - Epoch [2][100/1324]	lr: 1.000e-02, eta: 4:06:11, time: 2.877, data_time: 0.042, memory: 9934, noise_inv_loss: 0.0008, clean_loss_rpn_cls: 0.0292, clean_loss_rpn_bbox: 0.0197, clean_loss_cls: 0.1205, clean_acc: 95.7280, clean_loss_bbox: 0.1417, clean_loss_mask: 0.3102, loss_rpn_cls: 0.0437, loss_rpn_bbox: 0.0215, loss_cls: 0.1333, acc: 95.6221, loss_bbox: 0.1406, loss_mask: 0.3495, loss: 1.3106
2026-06-30 14:17:29,482 - mmdet - INFO - Epoch [2][150/1324]	lr: 1.000e-02, eta: 4:03:50, time: 2.846, data_time: 0.045, memory: 9934, noise_inv_loss: 0.0008, clean_loss_rpn_cls: 0.0259, clean_loss_rpn_bbox: 0.0194, clean_loss_cls: 0.1244, clean_acc: 95.6953, clean_loss_bbox: 0.1434, clean_loss_mask: 0.3147, loss_rpn_cls: 0.0403, loss_rpn_bbox: 0.0213, loss_cls: 0.1392, acc: 95.5923, loss_bbox: 0.1437, loss_mask: 0.3595, loss: 1.3326
2026-06-30 14:19:53,323 - mmdet - INFO - Epoch [2][200/1324]	lr: 1.000e-02, eta: 4:01:33, time: 2.877, data_time: 0.038, memory: 9934, noise_inv_loss: 0.0008, clean_loss_rpn_cls: 0.0290, clean_loss_rpn_bbox: 0.0176, clean_loss_cls: 0.1217, clean_acc: 95.7881, clean_loss_bbox: 0.1367, clean_loss_mask: 0.2968, loss_rpn_cls: 0.0412, loss_rpn_bbox: 0.0192, loss_cls: 0.1351, acc: 95.6885, loss_bbox: 0.1373, loss_mask: 0.3350, loss: 1.2704
2026-06-30 14:22:18,176 - mmdet - INFO - Epoch [2][250/1324]	lr: 1.000e-02, eta: 3:59:19, time: 2.897, data_time: 0.044, memory: 9949, noise_inv_loss: 0.0008, clean_loss_rpn_cls: 0.0265, clean_loss_rpn_bbox: 0.0200, clean_loss_cls: 0.1260, clean_acc: 95.5869, clean_loss_bbox: 0.1408, clean_loss_mask: 0.2983, loss_rpn_cls: 0.0412, loss_rpn_bbox: 0.0222, loss_cls: 0.1436, acc: 95.3862, loss_bbox: 0.1416, loss_mask: 0.3429, loss: 1.3040
2026-06-30 14:24:42,004 - mmdet - INFO - Epoch [2][300/1324]	lr: 1.000e-02, eta: 3:57:02, time: 2.876, data_time: 0.040, memory: 9949, noise_inv_loss: 0.0008, clean_loss_rpn_cls: 0.0287, clean_loss_rpn_bbox: 0.0189, clean_loss_cls: 0.1212, clean_acc: 95.7178, clean_loss_bbox: 0.1404, clean_loss_mask: 0.2998, loss_rpn_cls: 0.0426, loss_rpn_bbox: 0.0204, loss_cls: 0.1291, acc: 95.7241, loss_bbox: 0.1365, loss_mask: 0.3323, loss: 1.2707
2026-06-30 14:27:05,591 - mmdet - INFO - Epoch [2][350/1324]	lr: 1.000e-02, eta: 3:54:43, time: 2.872, data_time: 0.043, memory: 10119, noise_inv_loss: 0.0008, clean_loss_rpn_cls: 0.0293, clean_loss_rpn_bbox: 0.0190, clean_loss_cls: 0.1361, clean_acc: 95.3086, clean_loss_bbox: 0.1517, clean_loss_mask: 0.3093, loss_rpn_cls: 0.0462, loss_rpn_bbox: 0.0210, loss_cls: 0.1532, acc: 95.1528, loss_bbox: 0.1518, loss_mask: 0.3512, loss: 1.3696
2026-06-30 14:29:28,298 - mmdet - INFO - Epoch [2][400/1324]	lr: 1.000e-02, eta: 3:52:22, time: 2.854, data_time: 0.040, memory: 10119, noise_inv_loss: 0.0008, clean_loss_rpn_cls: 0.0251, clean_loss_rpn_bbox: 0.0174, clean_loss_cls: 0.1288, clean_acc: 95.4380, clean_loss_bbox: 0.1508, clean_loss_mask: 0.3127, loss_rpn_cls: 0.0379, loss_rpn_bbox: 0.0186, loss_cls: 0.1394, acc: 95.3545, loss_bbox: 0.1480, loss_mask: 0.3466, loss: 1.3261
2026-06-30 14:31:50,426 - mmdet - INFO - Epoch [2][450/1324]	lr: 1.000e-02, eta: 3:49:59, time: 2.843, data_time: 0.043, memory: 10119, noise_inv_loss: 0.0008, clean_loss_rpn_cls: 0.0245, clean_loss_rpn_bbox: 0.0162, clean_loss_cls: 0.1217, clean_acc: 95.7173, clean_loss_bbox: 0.1371, clean_loss_mask: 0.3005, loss_rpn_cls: 0.0392, loss_rpn_bbox: 0.0176, loss_cls: 0.1339, acc: 95.6592, loss_bbox: 0.1344, loss_mask: 0.3424, loss: 1.2682
2026-06-30 14:34:13,024 - mmdet - INFO - Epoch [2][500/1324]	lr: 1.000e-02, eta: 3:47:37, time: 2.852, data_time: 0.039, memory: 10119, noise_inv_loss: 0.0008, clean_loss_rpn_cls: 0.0259, clean_loss_rpn_bbox: 0.0173, clean_loss_cls: 0.1179, clean_acc: 95.9390, clean_loss_bbox: 0.1338, clean_loss_mask: 0.3081, loss_rpn_cls: 0.0375, loss_rpn_bbox: 0.0187, loss_cls: 0.1288, acc: 95.7856, loss_bbox: 0.1331, loss_mask: 0.3453, loss: 1.2674
2026-06-30 14:36:35,091 - mmdet - INFO - Epoch [2][550/1324]	lr: 1.000e-02, eta: 3:45:14, time: 2.841, data_time: 0.045, memory: 10119, noise_inv_loss: 0.0008, clean_loss_rpn_cls: 0.0290, clean_loss_rpn_bbox: 0.0188, clean_loss_cls: 0.1277, clean_acc: 95.6885, clean_loss_bbox: 0.1411, clean_loss_mask: 0.3005, loss_rpn_cls: 0.0446, loss_rpn_bbox: 0.0209, loss_cls: 0.1412, acc: 95.5483, loss_bbox: 0.1386, loss_mask: 0.3425, loss: 1.3057
2026-06-30 14:38:58,611 - mmdet - INFO - Epoch [2][600/1324]	lr: 1.000e-02, eta: 3:42:54, time: 2.870, data_time: 0.039, memory: 10119, noise_inv_loss: 0.0008, clean_loss_rpn_cls: 0.0303, clean_loss_rpn_bbox: 0.0202, clean_loss_cls: 0.1351, clean_acc: 95.3511, clean_loss_bbox: 0.1557, clean_loss_mask: 0.3087, loss_rpn_cls: 0.0450, loss_rpn_bbox: 0.0217, loss_cls: 0.1489, acc: 95.3281, loss_bbox: 0.1509, loss_mask: 0.3511, loss: 1.3685
2026-06-30 14:41:20,863 - mmdet - INFO - Epoch [2][650/1324]	lr: 1.000e-02, eta: 3:40:31, time: 2.845, data_time: 0.042, memory: 10119, noise_inv_loss: 0.0008, clean_loss_rpn_cls: 0.0265, clean_loss_rpn_bbox: 0.0190, clean_loss_cls: 0.1165, clean_acc: 95.8975, clean_loss_bbox: 0.1378, clean_loss_mask: 0.3032, loss_rpn_cls: 0.0385, loss_rpn_bbox: 0.0205, loss_cls: 0.1270, acc: 95.9209, loss_bbox: 0.1343, loss_mask: 0.3395, loss: 1.2636
2026-06-30 14:43:42,415 - mmdet - INFO - Epoch [2][700/1324]	lr: 1.000e-02, eta: 3:38:07, time: 2.831, data_time: 0.039, memory: 10119, noise_inv_loss: 0.0008, clean_loss_rpn_cls: 0.0267, clean_loss_rpn_bbox: 0.0188, clean_loss_cls: 0.1167, clean_acc: 95.8691, clean_loss_bbox: 0.1363, clean_loss_mask: 0.3095, loss_rpn_cls: 0.0404, loss_rpn_bbox: 0.0202, loss_cls: 0.1312, acc: 95.7725, loss_bbox: 0.1330, loss_mask: 0.3483, loss: 1.2819
2026-06-30 14:46:07,667 - mmdet - INFO - Epoch [2][750/1324]	lr: 1.000e-02, eta: 3:35:51, time: 2.905, data_time: 0.044, memory: 10119, noise_inv_loss: 0.0008, clean_loss_rpn_cls: 0.0325, clean_loss_rpn_bbox: 0.0195, clean_loss_cls: 0.1311, clean_acc: 95.4473, clean_loss_bbox: 0.1468, clean_loss_mask: 0.3059, loss_rpn_cls: 0.0440, loss_rpn_bbox: 0.0207, loss_cls: 0.1443, acc: 95.3706, loss_bbox: 0.1484, loss_mask: 0.3440, loss: 1.3382
2026-06-30 14:48:30,388 - mmdet - INFO - Epoch [2][800/1324]	lr: 1.000e-02, eta: 3:33:29, time: 2.854, data_time: 0.040, memory: 10119, noise_inv_loss: 0.0008, clean_loss_rpn_cls: 0.0291, clean_loss_rpn_bbox: 0.0197, clean_loss_cls: 0.1277, clean_acc: 95.5356, clean_loss_bbox: 0.1477, clean_loss_mask: 0.3070, loss_rpn_cls: 0.0427, loss_rpn_bbox: 0.0214, loss_cls: 0.1412, acc: 95.4556, loss_bbox: 0.1463, loss_mask: 0.3469, loss: 1.3305
2026-06-30 14:50:55,864 - mmdet - INFO - Epoch [2][850/1324]	lr: 1.000e-02, eta: 3:31:13, time: 2.909, data_time: 0.043, memory: 10119, noise_inv_loss: 0.0008, clean_loss_rpn_cls: 0.0257, clean_loss_rpn_bbox: 0.0201, clean_loss_cls: 0.1302, clean_acc: 95.4253, clean_loss_bbox: 0.1524, clean_loss_mask: 0.2994, loss_rpn_cls: 0.0403, loss_rpn_bbox: 0.0215, loss_cls: 0.1428, acc: 95.3984, loss_bbox: 0.1501, loss_mask: 0.3376, loss: 1.3209
2026-06-30 14:53:18,996 - mmdet - INFO - Epoch [2][900/1324]	lr: 1.000e-02, eta: 3:28:51, time: 2.863, data_time: 0.040, memory: 10119, noise_inv_loss: 0.0008, clean_loss_rpn_cls: 0.0279, clean_loss_rpn_bbox: 0.0177, clean_loss_cls: 0.1224, clean_acc: 95.7935, clean_loss_bbox: 0.1356, clean_loss_mask: 0.3046, loss_rpn_cls: 0.0417, loss_rpn_bbox: 0.0193, loss_cls: 0.1342, acc: 95.7144, loss_bbox: 0.1327, loss_mask: 0.3470, loss: 1.2841
2026-06-30 14:55:40,445 - mmdet - INFO - Epoch [2][950/1324]	lr: 1.000e-02, eta: 3:26:27, time: 2.829, data_time: 0.043, memory: 10119, noise_inv_loss: 0.0008, clean_loss_rpn_cls: 0.0290, clean_loss_rpn_bbox: 0.0171, clean_loss_cls: 0.1218, clean_acc: 95.8701, clean_loss_bbox: 0.1323, clean_loss_mask: 0.3060, loss_rpn_cls: 0.0435, loss_rpn_bbox: 0.0189, loss_cls: 0.1352, acc: 95.9150, loss_bbox: 0.1275, loss_mask: 0.3457, loss: 1.2779
2026-06-30 14:58:04,738 - mmdet - INFO - Epoch [2][1000/1324]	lr: 1.000e-02, eta: 3:24:08, time: 2.886, data_time: 0.041, memory: 10119, noise_inv_loss: 0.0008, clean_loss_rpn_cls: 0.0308, clean_loss_rpn_bbox: 0.0183, clean_loss_cls: 0.1333, clean_acc: 95.2925, clean_loss_bbox: 0.1503, clean_loss_mask: 0.3196, loss_rpn_cls: 0.0443, loss_rpn_bbox: 0.0203, loss_cls: 0.1509, acc: 95.1250, loss_bbox: 0.1499, loss_mask: 0.3633, loss: 1.3818
2026-06-30 15:00:27,370 - mmdet - INFO - Epoch [2][1050/1324]	lr: 1.000e-02, eta: 3:21:45, time: 2.853, data_time: 0.044, memory: 10119, noise_inv_loss: 0.0008, clean_loss_rpn_cls: 0.0285, clean_loss_rpn_bbox: 0.0183, clean_loss_cls: 0.1274, clean_acc: 95.6147, clean_loss_bbox: 0.1491, clean_loss_mask: 0.3136, loss_rpn_cls: 0.0444, loss_rpn_bbox: 0.0200, loss_cls: 0.1412, acc: 95.5894, loss_bbox: 0.1475, loss_mask: 0.3570, loss: 1.3478
2026-06-30 15:02:49,491 - mmdet - INFO - Epoch [2][1100/1324]	lr: 1.000e-02, eta: 3:19:22, time: 2.843, data_time: 0.042, memory: 10119, noise_inv_loss: 0.0008, clean_loss_rpn_cls: 0.0267, clean_loss_rpn_bbox: 0.0160, clean_loss_cls: 0.1209, clean_acc: 95.7759, clean_loss_bbox: 0.1350, clean_loss_mask: 0.3098, loss_rpn_cls: 0.0397, loss_rpn_bbox: 0.0172, loss_cls: 0.1377, acc: 95.6299, loss_bbox: 0.1343, loss_mask: 0.3499, loss: 1.2880
2026-06-30 15:05:12,499 - mmdet - INFO - Epoch [2][1150/1324]	lr: 1.000e-02, eta: 3:17:00, time: 2.860, data_time: 0.043, memory: 10119, noise_inv_loss: 0.0008, clean_loss_rpn_cls: 0.0304, clean_loss_rpn_bbox: 0.0172, clean_loss_cls: 0.1353, clean_acc: 95.4976, clean_loss_bbox: 0.1471, clean_loss_mask: 0.3198, loss_rpn_cls: 0.0428, loss_rpn_bbox: 0.0187, loss_cls: 0.1458, acc: 95.4316, loss_bbox: 0.1468, loss_mask: 0.3595, loss: 1.3643
2026-06-30 15:07:36,175 - mmdet - INFO - Epoch [2][1200/1324]	lr: 1.000e-02, eta: 3:14:39, time: 2.873, data_time: 0.041, memory: 10119, noise_inv_loss: 0.0008, clean_loss_rpn_cls: 0.0311, clean_loss_rpn_bbox: 0.0195, clean_loss_cls: 0.1246, clean_acc: 95.7056, clean_loss_bbox: 0.1438, clean_loss_mask: 0.3073, loss_rpn_cls: 0.0433, loss_rpn_bbox: 0.0211, loss_cls: 0.1401, acc: 95.5039, loss_bbox: 0.1469, loss_mask: 0.3494, loss: 1.3280
2026-06-30 15:10:00,042 - mmdet - INFO - Epoch [2][1250/1324]	lr: 1.000e-02, eta: 3:12:19, time: 2.877, data_time: 0.049, memory: 10119, noise_inv_loss: 0.0008, clean_loss_rpn_cls: 0.0328, clean_loss_rpn_bbox: 0.0215, clean_loss_cls: 0.1393, clean_acc: 95.2666, clean_loss_bbox: 0.1568, clean_loss_mask: 0.3141, loss_rpn_cls: 0.0483, loss_rpn_bbox: 0.0234, loss_cls: 0.1494, acc: 95.2715, loss_bbox: 0.1525, loss_mask: 0.3454, loss: 1.3844
2026-06-30 15:12:22,663 - mmdet - INFO - Epoch [2][1300/1324]	lr: 1.000e-02, eta: 3:09:56, time: 2.852, data_time: 0.039, memory: 10119, noise_inv_loss: 0.0008, clean_loss_rpn_cls: 0.0263, clean_loss_rpn_bbox: 0.0168, clean_loss_cls: 0.1214, clean_acc: 95.6973, clean_loss_bbox: 0.1333, clean_loss_mask: 0.3040, loss_rpn_cls: 0.0377, loss_rpn_bbox: 0.0181, loss_cls: 0.1332, acc: 95.6328, loss_bbox: 0.1342, loss_mask: 0.3475, loss: 1.2734
[                                                  ] 0/669, elapsed: 0s, ETA:
[                                 ] 1/669, 1.8 task/s, elapsed: 1s, ETA:   375s
[                                 ] 2/669, 3.1 task/s, elapsed: 1s, ETA:   218s
[                                 ] 3/669, 4.1 task/s, elapsed: 1s, ETA:   163s
[                                 ] 4/669, 4.8 task/s, elapsed: 1s, ETA:   139s
[                                 ] 5/669, 5.4 task/s, elapsed: 1s, ETA:   123s
[                                 ] 6/669, 5.9 task/s, elapsed: 1s, ETA:   112s
[                                 ] 7/669, 6.3 task/s, elapsed: 1s, ETA:   105s
[                                 ] 8/669, 6.2 task/s, elapsed: 1s, ETA:   107s
[                                 ] 9/669, 6.5 task/s, elapsed: 1s, ETA:   101s
[                                ] 10/669, 6.5 task/s, elapsed: 2s, ETA:   101s
[                                ] 11/669, 6.5 task/s, elapsed: 2s, ETA:   101s
[                                ] 12/669, 6.5 task/s, elapsed: 2s, ETA:   100s
[                                ] 13/669, 6.7 task/s, elapsed: 2s, ETA:    97s
[                                ] 14/669, 6.9 task/s, elapsed: 2s, ETA:    95s
[                                ] 15/669, 7.1 task/s, elapsed: 2s, ETA:    92s
[                                ] 16/669, 7.3 task/s, elapsed: 2s, ETA:    89s
[                                ] 17/669, 7.5 task/s, elapsed: 2s, ETA:    87s
[                                ] 18/669, 7.6 task/s, elapsed: 2s, ETA:    86s
[                                ] 19/669, 7.7 task/s, elapsed: 2s, ETA:    85s
[                                ] 20/669, 7.8 task/s, elapsed: 3s, ETA:    83s
[>                               ] 21/669, 7.9 task/s, elapsed: 3s, ETA:    82s
[>                               ] 22/669, 7.8 task/s, elapsed: 3s, ETA:    83s
[>                               ] 23/669, 7.9 task/s, elapsed: 3s, ETA:    82s
[>                               ] 24/669, 7.9 task/s, elapsed: 3s, ETA:    82s
[>                               ] 25/669, 7.9 task/s, elapsed: 3s, ETA:    81s
[>                               ] 26/669, 7.9 task/s, elapsed: 3s, ETA:    81s
[>                               ] 27/669, 7.9 task/s, elapsed: 3s, ETA:    81s
[>                               ] 28/669, 7.8 task/s, elapsed: 4s, ETA:    82s
[>                               ] 29/669, 7.7 task/s, elapsed: 4s, ETA:    83s
[>                               ] 30/669, 7.7 task/s, elapsed: 4s, ETA:    83s
[>                               ] 31/669, 7.7 task/s, elapsed: 4s, ETA:    83s
[>                               ] 32/669, 7.8 task/s, elapsed: 4s, ETA:    82s
[>                               ] 33/669, 7.8 task/s, elapsed: 4s, ETA:    81s
[>                               ] 34/669, 7.9 task/s, elapsed: 4s, ETA:    80s
[>                               ] 35/669, 7.9 task/s, elapsed: 4s, ETA:    80s
[>                               ] 36/669, 8.0 task/s, elapsed: 5s, ETA:    80s
[>                               ] 37/669, 8.0 task/s, elapsed: 5s, ETA:    79s
[>                               ] 38/669, 8.0 task/s, elapsed: 5s, ETA:    79s
[>                               ] 39/669, 8.1 task/s, elapsed: 5s, ETA:    78s
[>                               ] 40/669, 8.1 task/s, elapsed: 5s, ETA:    78s
[>                               ] 41/669, 8.1 task/s, elapsed: 5s, ETA:    77s
[>>                              ] 42/669, 8.1 task/s, elapsed: 5s, ETA:    77s
[>>                              ] 43/669, 8.1 task/s, elapsed: 5s, ETA:    78s
[>>                              ] 44/669, 8.1 task/s, elapsed: 5s, ETA:    77s
[>>                              ] 45/669, 8.1 task/s, elapsed: 6s, ETA:    77s
[>>                              ] 46/669, 8.1 task/s, elapsed: 6s, ETA:    77s
[>>                              ] 47/669, 8.0 task/s, elapsed: 6s, ETA:    78s
[>>                              ] 48/669, 8.0 task/s, elapsed: 6s, ETA:    78s
[>>                              ] 49/669, 8.0 task/s, elapsed: 6s, ETA:    77s
[>>                              ] 50/669, 8.0 task/s, elapsed: 6s, ETA:    77s
[>>                              ] 51/669, 8.0 task/s, elapsed: 6s, ETA:    78s
[>>                              ] 52/669, 8.0 task/s, elapsed: 7s, ETA:    78s
[>>                              ] 53/669, 7.9 task/s, elapsed: 7s, ETA:    78s
[>>                              ] 54/669, 7.9 task/s, elapsed: 7s, ETA:    77s
[>>                              ] 55/669, 7.9 task/s, elapsed: 7s, ETA:    78s
[>>                              ] 56/669, 7.9 task/s, elapsed: 7s, ETA:    78s
[>>                              ] 57/669, 7.9 task/s, elapsed: 7s, ETA:    77s
[>>                              ] 58/669, 8.0 task/s, elapsed: 7s, ETA:    77s
[>>                              ] 59/669, 7.9 task/s, elapsed: 7s, ETA:    77s
[>>                              ] 60/669, 8.0 task/s, elapsed: 8s, ETA:    76s
[>>                              ] 61/669, 8.0 task/s, elapsed: 8s, ETA:    76s
[>>                              ] 62/669, 8.1 task/s, elapsed: 8s, ETA:    75s
[>>>                             ] 63/669, 8.1 task/s, elapsed: 8s, ETA:    75s
[>>>                             ] 64/669, 8.1 task/s, elapsed: 8s, ETA:    74s
[>>>                             ] 65/669, 8.1 task/s, elapsed: 8s, ETA:    74s
[>>>                             ] 66/669, 8.2 task/s, elapsed: 8s, ETA:    74s
[>>>                             ] 67/669, 8.1 task/s, elapsed: 8s, ETA:    74s
[>>>                             ] 68/669, 8.1 task/s, elapsed: 8s, ETA:    74s
[>>>                             ] 69/669, 8.1 task/s, elapsed: 8s, ETA:    74s
[>>>                             ] 70/669, 8.2 task/s, elapsed: 9s, ETA:    73s
[>>>                             ] 71/669, 8.2 task/s, elapsed: 9s, ETA:    73s
[>>>                             ] 72/669, 8.2 task/s, elapsed: 9s, ETA:    73s
[>>>                             ] 73/669, 8.2 task/s, elapsed: 9s, ETA:    73s
[>>>                             ] 74/669, 8.1 task/s, elapsed: 9s, ETA:    73s
[>>>                             ] 75/669, 8.2 task/s, elapsed: 9s, ETA:    73s
[>>>                             ] 76/669, 8.2 task/s, elapsed: 9s, ETA:    72s
[>>>                             ] 77/669, 8.2 task/s, elapsed: 9s, ETA:    72s
[>>>                             ] 78/669, 8.2 task/s, elapsed: 9s, ETA:    72s
[>>>                            ] 79/669, 8.3 task/s, elapsed: 10s, ETA:    71s
[>>>                            ] 80/669, 8.3 task/s, elapsed: 10s, ETA:    71s
[>>>                            ] 81/669, 8.3 task/s, elapsed: 10s, ETA:    71s
[>>>                            ] 82/669, 8.3 task/s, elapsed: 10s, ETA:    71s
[>>>                            ] 83/669, 8.3 task/s, elapsed: 10s, ETA:    70s
[>>>                            ] 84/669, 8.3 task/s, elapsed: 10s, ETA:    70s
[>>>                            ] 85/669, 8.4 task/s, elapsed: 10s, ETA:    70s
[>>>                            ] 86/669, 8.3 task/s, elapsed: 10s, ETA:    70s
[>>>>                           ] 87/669, 8.3 task/s, elapsed: 10s, ETA:    70s
[>>>>                           ] 88/669, 8.3 task/s, elapsed: 11s, ETA:    70s
[>>>>                           ] 89/669, 8.3 task/s, elapsed: 11s, ETA:    70s
[>>>>                           ] 90/669, 8.4 task/s, elapsed: 11s, ETA:    69s
[>>>>                           ] 91/669, 8.4 task/s, elapsed: 11s, ETA:    69s
[>>>>                           ] 92/669, 8.4 task/s, elapsed: 11s, ETA:    69s
[>>>>                           ] 93/669, 8.4 task/s, elapsed: 11s, ETA:    69s
[>>>>                           ] 94/669, 8.4 task/s, elapsed: 11s, ETA:    68s
[>>>>                           ] 95/669, 8.4 task/s, elapsed: 11s, ETA:    68s
[>>>>                           ] 96/669, 8.4 task/s, elapsed: 11s, ETA:    68s
[>>>>                           ] 97/669, 8.5 task/s, elapsed: 11s, ETA:    68s
[>>>>                           ] 98/669, 8.5 task/s, elapsed: 12s, ETA:    67s
[>>>>                           ] 99/669, 8.5 task/s, elapsed: 12s, ETA:    67s
[>>>>                          ] 100/669, 8.5 task/s, elapsed: 12s, ETA:    67s
[>>>>                          ] 101/669, 8.5 task/s, elapsed: 12s, ETA:    67s
[>>>>                          ] 102/669, 8.5 task/s, elapsed: 12s, ETA:    66s
[>>>>                          ] 103/669, 8.6 task/s, elapsed: 12s, ETA:    66s
[>>>>                          ] 104/669, 8.6 task/s, elapsed: 12s, ETA:    66s
[>>>>                          ] 105/669, 8.6 task/s, elapsed: 12s, ETA:    66s
[>>>>                          ] 106/669, 8.6 task/s, elapsed: 12s, ETA:    65s
[>>>>                          ] 107/669, 8.6 task/s, elapsed: 12s, ETA:    65s
[>>>>                          ] 108/669, 8.6 task/s, elapsed: 13s, ETA:    65s
[>>>>                          ] 109/669, 8.6 task/s, elapsed: 13s, ETA:    65s
[>>>>                          ] 110/669, 8.6 task/s, elapsed: 13s, ETA:    65s
[>>>>                          ] 111/669, 8.6 task/s, elapsed: 13s, ETA:    65s
[>>>>>                         ] 112/669, 8.6 task/s, elapsed: 13s, ETA:    65s
[>>>>>                         ] 113/669, 8.6 task/s, elapsed: 13s, ETA:    65s
[>>>>>                         ] 114/669, 8.6 task/s, elapsed: 13s, ETA:    64s
[>>>>>                         ] 115/669, 8.6 task/s, elapsed: 13s, ETA:    64s
[>>>>>                         ] 116/669, 8.6 task/s, elapsed: 13s, ETA:    64s
[>>>>>                         ] 117/669, 8.6 task/s, elapsed: 14s, ETA:    64s
[>>>>>                         ] 118/669, 8.6 task/s, elapsed: 14s, ETA:    64s
[>>>>>                         ] 119/669, 8.6 task/s, elapsed: 14s, ETA:    64s
[>>>>>                         ] 120/669, 8.6 task/s, elapsed: 14s, ETA:    64s
[>>>>>                         ] 121/669, 8.5 task/s, elapsed: 14s, ETA:    64s
[>>>>>                         ] 122/669, 8.5 task/s, elapsed: 14s, ETA:    64s
[>>>>>                         ] 123/669, 8.5 task/s, elapsed: 14s, ETA:    64s
[>>>>>                         ] 124/669, 8.5 task/s, elapsed: 15s, ETA:    64s
[>>>>>                         ] 125/669, 8.5 task/s, elapsed: 15s, ETA:    64s
[>>>>>                         ] 126/669, 8.5 task/s, elapsed: 15s, ETA:    64s
[>>>>>                         ] 127/669, 8.5 task/s, elapsed: 15s, ETA:    63s
[>>>>>                         ] 128/669, 8.6 task/s, elapsed: 15s, ETA:    63s
[>>>>>                         ] 129/669, 8.6 task/s, elapsed: 15s, ETA:    63s
[>>>>>                         ] 130/669, 8.6 task/s, elapsed: 15s, ETA:    63s
[>>>>>                         ] 131/669, 8.6 task/s, elapsed: 15s, ETA:    63s
[>>>>>                         ] 132/669, 8.6 task/s, elapsed: 15s, ETA:    62s
[>>>>>                         ] 133/669, 8.6 task/s, elapsed: 15s, ETA:    62s
[>>>>>>                        ] 134/669, 8.6 task/s, elapsed: 16s, ETA:    62s
[>>>>>>                        ] 135/669, 8.7 task/s, elapsed: 16s, ETA:    62s
[>>>>>>                        ] 136/669, 8.7 task/s, elapsed: 16s, ETA:    62s
[>>>>>>                        ] 137/669, 8.7 task/s, elapsed: 16s, ETA:    61s
[>>>>>>                        ] 138/669, 8.6 task/s, elapsed: 16s, ETA:    62s
[>>>>>>                        ] 139/669, 8.6 task/s, elapsed: 16s, ETA:    61s
[>>>>>>                        ] 140/669, 8.6 task/s, elapsed: 16s, ETA:    61s
[>>>>>>                        ] 141/669, 8.6 task/s, elapsed: 16s, ETA:    61s
[>>>>>>                        ] 142/669, 8.6 task/s, elapsed: 16s, ETA:    61s
[>>>>>>                        ] 143/669, 8.6 task/s, elapsed: 17s, ETA:    61s
[>>>>>>                        ] 144/669, 8.6 task/s, elapsed: 17s, ETA:    61s
[>>>>>>                        ] 145/669, 8.6 task/s, elapsed: 17s, ETA:    61s
[>>>>>>                        ] 146/669, 8.6 task/s, elapsed: 17s, ETA:    61s
[>>>>>>                        ] 147/669, 8.6 task/s, elapsed: 17s, ETA:    61s
[>>>>>>                        ] 148/669, 8.6 task/s, elapsed: 17s, ETA:    61s
[>>>>>>                        ] 149/669, 8.4 task/s, elapsed: 18s, ETA:    62s
[>>>>>>                        ] 150/669, 8.4 task/s, elapsed: 18s, ETA:    62s
[>>>>>>                        ] 151/669, 8.4 task/s, elapsed: 18s, ETA:    62s
[>>>>>>                        ] 152/669, 8.4 task/s, elapsed: 18s, ETA:    62s
[>>>>>>                        ] 153/669, 8.4 task/s, elapsed: 18s, ETA:    62s
[>>>>>>                        ] 154/669, 8.4 task/s, elapsed: 18s, ETA:    61s
[>>>>>>                        ] 155/669, 8.4 task/s, elapsed: 19s, ETA:    61s
[>>>>>>                        ] 156/669, 8.4 task/s, elapsed: 19s, ETA:    61s
[>>>>>>>                       ] 157/669, 8.4 task/s, elapsed: 19s, ETA:    61s
[>>>>>>>                       ] 158/669, 8.4 task/s, elapsed: 19s, ETA:    61s
[>>>>>>>                       ] 159/669, 8.4 task/s, elapsed: 19s, ETA:    61s
[>>>>>>>                       ] 160/669, 8.4 task/s, elapsed: 19s, ETA:    61s
[>>>>>>>                       ] 161/669, 8.4 task/s, elapsed: 19s, ETA:    61s
[>>>>>>>                       ] 162/669, 8.4 task/s, elapsed: 19s, ETA:    61s
[>>>>>>>                       ] 163/669, 8.4 task/s, elapsed: 19s, ETA:    60s
[>>>>>>>                       ] 164/669, 8.4 task/s, elapsed: 20s, ETA:    60s
[>>>>>>>                       ] 165/669, 8.4 task/s, elapsed: 20s, ETA:    60s
[>>>>>>>                       ] 166/669, 8.4 task/s, elapsed: 20s, ETA:    60s
[>>>>>>>                       ] 167/669, 8.4 task/s, elapsed: 20s, ETA:    60s
[>>>>>>>                       ] 168/669, 8.4 task/s, elapsed: 20s, ETA:    60s
[>>>>>>>                       ] 169/669, 8.4 task/s, elapsed: 20s, ETA:    60s
[>>>>>>>                       ] 170/669, 8.4 task/s, elapsed: 20s, ETA:    60s
[>>>>>>>                       ] 171/669, 8.4 task/s, elapsed: 20s, ETA:    59s
[>>>>>>>                       ] 172/669, 8.4 task/s, elapsed: 21s, ETA:    59s
[>>>>>>>                       ] 173/669, 8.4 task/s, elapsed: 21s, ETA:    59s
[>>>>>>>                       ] 174/669, 8.4 task/s, elapsed: 21s, ETA:    59s
[>>>>>>>                       ] 175/669, 8.4 task/s, elapsed: 21s, ETA:    59s
[>>>>>>>                       ] 176/669, 8.4 task/s, elapsed: 21s, ETA:    59s
[>>>>>>>                       ] 177/669, 8.4 task/s, elapsed: 21s, ETA:    59s
[>>>>>>>                       ] 178/669, 8.4 task/s, elapsed: 21s, ETA:    59s
[>>>>>>>>                      ] 179/669, 8.4 task/s, elapsed: 21s, ETA:    59s
[>>>>>>>>                      ] 180/669, 8.4 task/s, elapsed: 21s, ETA:    58s
[>>>>>>>>                      ] 181/669, 8.4 task/s, elapsed: 22s, ETA:    58s
[>>>>>>>>                      ] 182/669, 8.4 task/s, elapsed: 22s, ETA:    58s
[>>>>>>>>                      ] 183/669, 8.4 task/s, elapsed: 22s, ETA:    58s
[>>>>>>>>                      ] 184/669, 8.4 task/s, elapsed: 22s, ETA:    58s
[>>>>>>>>                      ] 185/669, 8.4 task/s, elapsed: 22s, ETA:    58s
[>>>>>>>>                      ] 186/669, 8.4 task/s, elapsed: 22s, ETA:    57s
[>>>>>>>>                      ] 187/669, 8.4 task/s, elapsed: 22s, ETA:    58s
[>>>>>>>>                      ] 188/669, 8.4 task/s, elapsed: 22s, ETA:    58s
[>>>>>>>>                      ] 189/669, 8.4 task/s, elapsed: 23s, ETA:    57s
[>>>>>>>>                      ] 190/669, 8.3 task/s, elapsed: 23s, ETA:    58s
[>>>>>>>>                      ] 191/669, 8.3 task/s, elapsed: 23s, ETA:    58s
[>>>>>>>>                      ] 192/669, 8.3 task/s, elapsed: 23s, ETA:    58s
[>>>>>>>>                      ] 193/669, 8.3 task/s, elapsed: 23s, ETA:    58s
[>>>>>>>>                      ] 194/669, 8.2 task/s, elapsed: 24s, ETA:    58s
[>>>>>>>>                      ] 195/669, 8.3 task/s, elapsed: 24s, ETA:    57s
[>>>>>>>>                      ] 196/669, 8.2 task/s, elapsed: 24s, ETA:    57s
[>>>>>>>>                      ] 197/669, 8.2 task/s, elapsed: 24s, ETA:    58s
[>>>>>>>>                      ] 198/669, 8.2 task/s, elapsed: 24s, ETA:    58s
[>>>>>>>>                      ] 199/669, 8.2 task/s, elapsed: 24s, ETA:    58s
[>>>>>>>>                      ] 200/669, 8.1 task/s, elapsed: 25s, ETA:    58s
[>>>>>>>>>                     ] 201/669, 8.1 task/s, elapsed: 25s, ETA:    58s
[>>>>>>>>>                     ] 202/669, 8.1 task/s, elapsed: 25s, ETA:    58s
[>>>>>>>>>                     ] 203/669, 8.1 task/s, elapsed: 25s, ETA:    58s
[>>>>>>>>>                     ] 204/669, 8.1 task/s, elapsed: 25s, ETA:    57s
[>>>>>>>>>                     ] 205/669, 8.1 task/s, elapsed: 25s, ETA:    57s
[>>>>>>>>>                     ] 206/669, 8.1 task/s, elapsed: 25s, ETA:    57s
[>>>>>>>>>                     ] 207/669, 8.1 task/s, elapsed: 25s, ETA:    57s
[>>>>>>>>>                     ] 208/669, 8.1 task/s, elapsed: 26s, ETA:    57s
[>>>>>>>>>                     ] 209/669, 8.2 task/s, elapsed: 26s, ETA:    56s
[>>>>>>>>>                     ] 210/669, 8.2 task/s, elapsed: 26s, ETA:    56s
[>>>>>>>>>                     ] 211/669, 8.2 task/s, elapsed: 26s, ETA:    56s
[>>>>>>>>>                     ] 212/669, 8.2 task/s, elapsed: 26s, ETA:    56s
[>>>>>>>>>                     ] 213/669, 8.2 task/s, elapsed: 26s, ETA:    56s
[>>>>>>>>>                     ] 214/669, 8.2 task/s, elapsed: 26s, ETA:    56s
[>>>>>>>>>                     ] 215/669, 8.2 task/s, elapsed: 26s, ETA:    55s
[>>>>>>>>>                     ] 216/669, 8.2 task/s, elapsed: 26s, ETA:    55s
[>>>>>>>>>                     ] 217/669, 8.2 task/s, elapsed: 26s, ETA:    55s
[>>>>>>>>>                     ] 218/669, 8.2 task/s, elapsed: 27s, ETA:    55s
[>>>>>>>>>                     ] 219/669, 8.2 task/s, elapsed: 27s, ETA:    55s
[>>>>>>>>>                     ] 220/669, 8.2 task/s, elapsed: 27s, ETA:    55s
[>>>>>>>>>                     ] 221/669, 8.2 task/s, elapsed: 27s, ETA:    55s
[>>>>>>>>>                     ] 222/669, 8.2 task/s, elapsed: 27s, ETA:    55s
[>>>>>>>>>>                    ] 223/669, 8.2 task/s, elapsed: 27s, ETA:    54s
[>>>>>>>>>>                    ] 224/669, 8.2 task/s, elapsed: 27s, ETA:    54s
[>>>>>>>>>>                    ] 225/669, 8.2 task/s, elapsed: 27s, ETA:    54s
[>>>>>>>>>>                    ] 226/669, 8.2 task/s, elapsed: 28s, ETA:    54s
[>>>>>>>>>>                    ] 227/669, 8.2 task/s, elapsed: 28s, ETA:    54s
[>>>>>>>>>>                    ] 228/669, 8.2 task/s, elapsed: 28s, ETA:    54s
[>>>>>>>>>>                    ] 229/669, 8.2 task/s, elapsed: 28s, ETA:    54s
[>>>>>>>>>>                    ] 230/669, 8.2 task/s, elapsed: 28s, ETA:    53s
[>>>>>>>>>>                    ] 231/669, 8.2 task/s, elapsed: 28s, ETA:    53s
[>>>>>>>>>>                    ] 232/669, 8.2 task/s, elapsed: 28s, ETA:    53s
[>>>>>>>>>>                    ] 233/669, 8.2 task/s, elapsed: 28s, ETA:    53s
[>>>>>>>>>>                    ] 234/669, 8.3 task/s, elapsed: 28s, ETA:    53s
[>>>>>>>>>>                    ] 235/669, 8.2 task/s, elapsed: 29s, ETA:    53s
[>>>>>>>>>>                    ] 236/669, 8.2 task/s, elapsed: 29s, ETA:    53s
[>>>>>>>>>>                    ] 237/669, 8.2 task/s, elapsed: 29s, ETA:    52s
[>>>>>>>>>>                    ] 238/669, 8.3 task/s, elapsed: 29s, ETA:    52s
[>>>>>>>>>>                    ] 239/669, 8.3 task/s, elapsed: 29s, ETA:    52s
[>>>>>>>>>>                    ] 240/669, 8.3 task/s, elapsed: 29s, ETA:    52s
[>>>>>>>>>>                    ] 241/669, 8.3 task/s, elapsed: 29s, ETA:    52s
[>>>>>>>>>>                    ] 242/669, 8.3 task/s, elapsed: 29s, ETA:    52s
[>>>>>>>>>>                    ] 243/669, 8.3 task/s, elapsed: 29s, ETA:    52s
[>>>>>>>>>>                    ] 244/669, 8.3 task/s, elapsed: 30s, ETA:    51s
[>>>>>>>>>>                    ] 245/669, 8.3 task/s, elapsed: 30s, ETA:    51s
[>>>>>>>>>>>                   ] 246/669, 8.3 task/s, elapsed: 30s, ETA:    51s
[>>>>>>>>>>>                   ] 247/669, 8.2 task/s, elapsed: 30s, ETA:    51s
[>>>>>>>>>>>                   ] 248/669, 8.2 task/s, elapsed: 30s, ETA:    51s
[>>>>>>>>>>>                   ] 249/669, 8.2 task/s, elapsed: 30s, ETA:    51s
[>>>>>>>>>>>                   ] 250/669, 8.2 task/s, elapsed: 30s, ETA:    51s
[>>>>>>>>>>>                   ] 251/669, 8.2 task/s, elapsed: 31s, ETA:    51s
[>>>>>>>>>>>                   ] 252/669, 8.2 task/s, elapsed: 31s, ETA:    51s
[>>>>>>>>>>>                   ] 253/669, 8.2 task/s, elapsed: 31s, ETA:    51s
[>>>>>>>>>>>                   ] 254/669, 8.2 task/s, elapsed: 31s, ETA:    51s
[>>>>>>>>>>>                   ] 255/669, 8.2 task/s, elapsed: 31s, ETA:    51s
[>>>>>>>>>>>                   ] 256/669, 8.2 task/s, elapsed: 31s, ETA:    50s
[>>>>>>>>>>>                   ] 257/669, 8.2 task/s, elapsed: 31s, ETA:    50s
[>>>>>>>>>>>                   ] 258/669, 8.2 task/s, elapsed: 31s, ETA:    50s
[>>>>>>>>>>>                   ] 259/669, 8.2 task/s, elapsed: 32s, ETA:    50s
[>>>>>>>>>>>                   ] 260/669, 8.2 task/s, elapsed: 32s, ETA:    50s
[>>>>>>>>>>>                   ] 261/669, 8.2 task/s, elapsed: 32s, ETA:    50s
[>>>>>>>>>>>                   ] 262/669, 8.1 task/s, elapsed: 32s, ETA:    50s
[>>>>>>>>>>>                   ] 263/669, 8.1 task/s, elapsed: 32s, ETA:    50s
[>>>>>>>>>>>                   ] 264/669, 8.1 task/s, elapsed: 33s, ETA:    50s
[>>>>>>>>>>>                   ] 265/669, 8.1 task/s, elapsed: 33s, ETA:    50s
[>>>>>>>>>>>                   ] 266/669, 8.1 task/s, elapsed: 33s, ETA:    50s
[>>>>>>>>>>>                   ] 267/669, 8.0 task/s, elapsed: 33s, ETA:    50s
[>>>>>>>>>>>>                  ] 268/669, 8.0 task/s, elapsed: 34s, ETA:    50s
[>>>>>>>>>>>>                  ] 269/669, 8.0 task/s, elapsed: 34s, ETA:    50s
[>>>>>>>>>>>>                  ] 270/669, 8.0 task/s, elapsed: 34s, ETA:    50s
[>>>>>>>>>>>>                  ] 271/669, 7.9 task/s, elapsed: 34s, ETA:    50s
[>>>>>>>>>>>>                  ] 272/669, 7.9 task/s, elapsed: 34s, ETA:    50s
[>>>>>>>>>>>>                  ] 273/669, 7.9 task/s, elapsed: 34s, ETA:    50s
[>>>>>>>>>>>>                  ] 274/669, 7.9 task/s, elapsed: 35s, ETA:    50s
[>>>>>>>>>>>>                  ] 275/669, 7.9 task/s, elapsed: 35s, ETA:    50s
[>>>>>>>>>>>>                  ] 276/669, 7.9 task/s, elapsed: 35s, ETA:    50s
[>>>>>>>>>>>>                  ] 277/669, 7.9 task/s, elapsed: 35s, ETA:    50s
[>>>>>>>>>>>>                  ] 278/669, 7.9 task/s, elapsed: 35s, ETA:    50s
[>>>>>>>>>>>>                  ] 279/669, 7.8 task/s, elapsed: 36s, ETA:    50s
[>>>>>>>>>>>>                  ] 280/669, 7.8 task/s, elapsed: 36s, ETA:    50s
[>>>>>>>>>>>>                  ] 281/669, 7.8 task/s, elapsed: 36s, ETA:    50s
[>>>>>>>>>>>>                  ] 282/669, 7.8 task/s, elapsed: 36s, ETA:    49s
[>>>>>>>>>>>>                  ] 283/669, 7.8 task/s, elapsed: 36s, ETA:    49s
[>>>>>>>>>>>>                  ] 284/669, 7.8 task/s, elapsed: 36s, ETA:    49s
[>>>>>>>>>>>>                  ] 285/669, 7.8 task/s, elapsed: 37s, ETA:    49s
[>>>>>>>>>>>>                  ] 286/669, 7.8 task/s, elapsed: 37s, ETA:    49s
[>>>>>>>>>>>>                  ] 287/669, 7.8 task/s, elapsed: 37s, ETA:    49s
[>>>>>>>>>>>>                  ] 288/669, 7.8 task/s, elapsed: 37s, ETA:    49s
[>>>>>>>>>>>>                  ] 289/669, 7.8 task/s, elapsed: 37s, ETA:    49s
[>>>>>>>>>>>>>                 ] 290/669, 7.8 task/s, elapsed: 37s, ETA:    48s
[>>>>>>>>>>>>>                 ] 291/669, 7.8 task/s, elapsed: 37s, ETA:    48s
[>>>>>>>>>>>>>                 ] 292/669, 7.8 task/s, elapsed: 37s, ETA:    48s
[>>>>>>>>>>>>>                 ] 293/669, 7.8 task/s, elapsed: 37s, ETA:    48s
[>>>>>>>>>>>>>                 ] 294/669, 7.8 task/s, elapsed: 38s, ETA:    48s
[>>>>>>>>>>>>>                 ] 295/669, 7.8 task/s, elapsed: 38s, ETA:    48s
[>>>>>>>>>>>>>                 ] 296/669, 7.8 task/s, elapsed: 38s, ETA:    48s
[>>>>>>>>>>>>>                 ] 297/669, 7.8 task/s, elapsed: 38s, ETA:    47s
[>>>>>>>>>>>>>                 ] 298/669, 7.8 task/s, elapsed: 38s, ETA:    47s
[>>>>>>>>>>>>>                 ] 299/669, 7.8 task/s, elapsed: 38s, ETA:    47s
[>>>>>>>>>>>>>                 ] 300/669, 7.9 task/s, elapsed: 38s, ETA:    47s
[>>>>>>>>>>>>>                 ] 301/669, 7.9 task/s, elapsed: 38s, ETA:    47s
[>>>>>>>>>>>>>                 ] 302/669, 7.9 task/s, elapsed: 38s, ETA:    47s
[>>>>>>>>>>>>>                 ] 303/669, 7.8 task/s, elapsed: 39s, ETA:    47s
[>>>>>>>>>>>>>                 ] 304/669, 7.9 task/s, elapsed: 39s, ETA:    46s
[>>>>>>>>>>>>>                 ] 305/669, 7.9 task/s, elapsed: 39s, ETA:    46s
[>>>>>>>>>>>>>                 ] 306/669, 7.9 task/s, elapsed: 39s, ETA:    46s
[>>>>>>>>>>>>>                 ] 307/669, 7.9 task/s, elapsed: 39s, ETA:    46s
[>>>>>>>>>>>>>                 ] 308/669, 7.9 task/s, elapsed: 39s, ETA:    46s
[>>>>>>>>>>>>>                 ] 309/669, 7.9 task/s, elapsed: 39s, ETA:    46s
[>>>>>>>>>>>>>                 ] 310/669, 7.9 task/s, elapsed: 39s, ETA:    45s
[>>>>>>>>>>>>>                 ] 311/669, 7.9 task/s, elapsed: 39s, ETA:    45s
[>>>>>>>>>>>>>                 ] 312/669, 7.9 task/s, elapsed: 39s, ETA:    45s
[>>>>>>>>>>>>>>                ] 313/669, 7.9 task/s, elapsed: 40s, ETA:    45s
[>>>>>>>>>>>>>>                ] 314/669, 7.9 task/s, elapsed: 40s, ETA:    45s
[>>>>>>>>>>>>>>                ] 315/669, 7.9 task/s, elapsed: 40s, ETA:    45s
[>>>>>>>>>>>>>>                ] 316/669, 7.9 task/s, elapsed: 40s, ETA:    45s
[>>>>>>>>>>>>>>                ] 317/669, 7.9 task/s, elapsed: 40s, ETA:    44s
[>>>>>>>>>>>>>>                ] 318/669, 7.9 task/s, elapsed: 40s, ETA:    44s
[>>>>>>>>>>>>>>                ] 319/669, 7.9 task/s, elapsed: 40s, ETA:    44s
[>>>>>>>>>>>>>>                ] 320/669, 7.9 task/s, elapsed: 40s, ETA:    44s
[>>>>>>>>>>>>>>                ] 321/669, 7.9 task/s, elapsed: 40s, ETA:    44s
[>>>>>>>>>>>>>>                ] 322/669, 7.9 task/s, elapsed: 41s, ETA:    44s
[>>>>>>>>>>>>>>                ] 323/669, 8.0 task/s, elapsed: 41s, ETA:    44s
[>>>>>>>>>>>>>>                ] 324/669, 8.0 task/s, elapsed: 41s, ETA:    43s
[>>>>>>>>>>>>>>                ] 325/669, 8.0 task/s, elapsed: 41s, ETA:    43s
[>>>>>>>>>>>>>>                ] 326/669, 8.0 task/s, elapsed: 41s, ETA:    43s
[>>>>>>>>>>>>>>                ] 327/669, 8.0 task/s, elapsed: 41s, ETA:    43s
[>>>>>>>>>>>>>>                ] 328/669, 8.0 task/s, elapsed: 41s, ETA:    43s
[>>>>>>>>>>>>>>                ] 329/669, 8.0 task/s, elapsed: 41s, ETA:    43s
[>>>>>>>>>>>>>>                ] 330/669, 8.0 task/s, elapsed: 41s, ETA:    42s
[>>>>>>>>>>>>>>                ] 331/669, 8.0 task/s, elapsed: 41s, ETA:    42s
[>>>>>>>>>>>>>>                ] 332/669, 8.0 task/s, elapsed: 41s, ETA:    42s
[>>>>>>>>>>>>>>                ] 333/669, 8.0 task/s, elapsed: 42s, ETA:    42s
[>>>>>>>>>>>>>>                ] 334/669, 8.0 task/s, elapsed: 42s, ETA:    42s
[>>>>>>>>>>>>>>>               ] 335/669, 8.0 task/s, elapsed: 42s, ETA:    42s
[>>>>>>>>>>>>>>>               ] 336/669, 8.0 task/s, elapsed: 42s, ETA:    41s
[>>>>>>>>>>>>>>>               ] 337/669, 8.0 task/s, elapsed: 42s, ETA:    41s
[>>>>>>>>>>>>>>>               ] 338/669, 8.0 task/s, elapsed: 42s, ETA:    41s
[>>>>>>>>>>>>>>>               ] 339/669, 8.0 task/s, elapsed: 42s, ETA:    41s
[>>>>>>>>>>>>>>>               ] 340/669, 8.0 task/s, elapsed: 42s, ETA:    41s
[>>>>>>>>>>>>>>>               ] 341/669, 8.0 task/s, elapsed: 42s, ETA:    41s
[>>>>>>>>>>>>>>>               ] 342/669, 8.0 task/s, elapsed: 43s, ETA:    41s
[>>>>>>>>>>>>>>>               ] 343/669, 8.0 task/s, elapsed: 43s, ETA:    41s
[>>>>>>>>>>>>>>>               ] 344/669, 8.1 task/s, elapsed: 43s, ETA:    40s
[>>>>>>>>>>>>>>>               ] 345/669, 8.1 task/s, elapsed: 43s, ETA:    40s
[>>>>>>>>>>>>>>>               ] 346/669, 8.1 task/s, elapsed: 43s, ETA:    40s
[>>>>>>>>>>>>>>>               ] 347/669, 8.1 task/s, elapsed: 43s, ETA:    40s
[>>>>>>>>>>>>>>>               ] 348/669, 8.1 task/s, elapsed: 43s, ETA:    40s
[>>>>>>>>>>>>>>>               ] 349/669, 8.1 task/s, elapsed: 43s, ETA:    40s
[>>>>>>>>>>>>>>>               ] 350/669, 8.1 task/s, elapsed: 43s, ETA:    39s
[>>>>>>>>>>>>>>>               ] 351/669, 8.1 task/s, elapsed: 43s, ETA:    39s
[>>>>>>>>>>>>>>>               ] 352/669, 8.1 task/s, elapsed: 43s, ETA:    39s
[>>>>>>>>>>>>>>>               ] 353/669, 8.1 task/s, elapsed: 43s, ETA:    39s
[>>>>>>>>>>>>>>>               ] 354/669, 8.1 task/s, elapsed: 44s, ETA:    39s
[>>>>>>>>>>>>>>>               ] 355/669, 8.1 task/s, elapsed: 44s, ETA:    39s
[>>>>>>>>>>>>>>>               ] 356/669, 8.1 task/s, elapsed: 44s, ETA:    39s
[>>>>>>>>>>>>>>>>              ] 357/669, 8.1 task/s, elapsed: 44s, ETA:    38s
[>>>>>>>>>>>>>>>>              ] 358/669, 8.1 task/s, elapsed: 44s, ETA:    38s
[>>>>>>>>>>>>>>>>              ] 359/669, 8.1 task/s, elapsed: 44s, ETA:    38s
[>>>>>>>>>>>>>>>>              ] 360/669, 8.2 task/s, elapsed: 44s, ETA:    38s
[>>>>>>>>>>>>>>>>              ] 361/669, 8.2 task/s, elapsed: 44s, ETA:    38s
[>>>>>>>>>>>>>>>>              ] 362/669, 8.2 task/s, elapsed: 44s, ETA:    38s
[>>>>>>>>>>>>>>>>              ] 363/669, 8.2 task/s, elapsed: 44s, ETA:    37s
[>>>>>>>>>>>>>>>>              ] 364/669, 8.2 task/s, elapsed: 45s, ETA:    37s
[>>>>>>>>>>>>>>>>              ] 365/669, 8.2 task/s, elapsed: 45s, ETA:    37s
[>>>>>>>>>>>>>>>>              ] 366/669, 8.2 task/s, elapsed: 45s, ETA:    37s
[>>>>>>>>>>>>>>>>              ] 367/669, 8.2 task/s, elapsed: 45s, ETA:    37s
[>>>>>>>>>>>>>>>>              ] 368/669, 8.2 task/s, elapsed: 45s, ETA:    37s
[>>>>>>>>>>>>>>>>              ] 369/669, 8.2 task/s, elapsed: 45s, ETA:    37s
[>>>>>>>>>>>>>>>>              ] 370/669, 8.2 task/s, elapsed: 45s, ETA:    36s
[>>>>>>>>>>>>>>>>              ] 371/669, 8.2 task/s, elapsed: 45s, ETA:    36s
[>>>>>>>>>>>>>>>>              ] 372/669, 8.2 task/s, elapsed: 45s, ETA:    36s
[>>>>>>>>>>>>>>>>              ] 373/669, 8.2 task/s, elapsed: 45s, ETA:    36s
[>>>>>>>>>>>>>>>>              ] 374/669, 8.2 task/s, elapsed: 45s, ETA:    36s
[>>>>>>>>>>>>>>>>              ] 375/669, 8.2 task/s, elapsed: 46s, ETA:    36s
[>>>>>>>>>>>>>>>>              ] 376/669, 8.2 task/s, elapsed: 46s, ETA:    36s
[>>>>>>>>>>>>>>>>              ] 377/669, 8.2 task/s, elapsed: 46s, ETA:    36s
[>>>>>>>>>>>>>>>>              ] 378/669, 8.2 task/s, elapsed: 46s, ETA:    35s
[>>>>>>>>>>>>>>>>              ] 379/669, 8.2 task/s, elapsed: 46s, ETA:    35s
[>>>>>>>>>>>>>>>>>             ] 380/669, 8.2 task/s, elapsed: 46s, ETA:    35s
[>>>>>>>>>>>>>>>>>             ] 381/669, 8.2 task/s, elapsed: 46s, ETA:    35s
[>>>>>>>>>>>>>>>>>             ] 382/669, 8.2 task/s, elapsed: 47s, ETA:    35s
[>>>>>>>>>>>>>>>>>             ] 383/669, 8.2 task/s, elapsed: 47s, ETA:    35s
[>>>>>>>>>>>>>>>>>             ] 384/669, 8.2 task/s, elapsed: 47s, ETA:    35s
[>>>>>>>>>>>>>>>>>             ] 385/669, 8.2 task/s, elapsed: 47s, ETA:    35s
[>>>>>>>>>>>>>>>>>             ] 386/669, 8.2 task/s, elapsed: 47s, ETA:    35s
[>>>>>>>>>>>>>>>>>             ] 387/669, 8.2 task/s, elapsed: 47s, ETA:    34s
[>>>>>>>>>>>>>>>>>             ] 388/669, 8.2 task/s, elapsed: 47s, ETA:    34s
[>>>>>>>>>>>>>>>>>             ] 389/669, 8.2 task/s, elapsed: 47s, ETA:    34s
[>>>>>>>>>>>>>>>>>             ] 390/669, 8.2 task/s, elapsed: 48s, ETA:    34s
[>>>>>>>>>>>>>>>>>             ] 391/669, 8.2 task/s, elapsed: 48s, ETA:    34s
[>>>>>>>>>>>>>>>>>             ] 392/669, 8.2 task/s, elapsed: 48s, ETA:    34s
[>>>>>>>>>>>>>>>>>             ] 393/669, 8.2 task/s, elapsed: 48s, ETA:    34s
[>>>>>>>>>>>>>>>>>             ] 394/669, 8.2 task/s, elapsed: 48s, ETA:    34s
[>>>>>>>>>>>>>>>>>             ] 395/669, 8.2 task/s, elapsed: 48s, ETA:    33s
[>>>>>>>>>>>>>>>>>             ] 396/669, 8.2 task/s, elapsed: 48s, ETA:    33s
[>>>>>>>>>>>>>>>>>             ] 397/669, 8.2 task/s, elapsed: 49s, ETA:    33s
[>>>>>>>>>>>>>>>>>             ] 398/669, 8.2 task/s, elapsed: 49s, ETA:    33s
[>>>>>>>>>>>>>>>>>             ] 399/669, 8.2 task/s, elapsed: 49s, ETA:    33s
[>>>>>>>>>>>>>>>>>             ] 400/669, 8.2 task/s, elapsed: 49s, ETA:    33s
[>>>>>>>>>>>>>>>>>             ] 401/669, 8.2 task/s, elapsed: 49s, ETA:    33s
[>>>>>>>>>>>>>>>>>>            ] 402/669, 8.2 task/s, elapsed: 49s, ETA:    33s
[>>>>>>>>>>>>>>>>>>            ] 403/669, 8.2 task/s, elapsed: 49s, ETA:    32s
[>>>>>>>>>>>>>>>>>>            ] 404/669, 8.2 task/s, elapsed: 49s, ETA:    32s
[>>>>>>>>>>>>>>>>>>            ] 405/669, 8.2 task/s, elapsed: 49s, ETA:    32s
[>>>>>>>>>>>>>>>>>>            ] 406/669, 8.2 task/s, elapsed: 50s, ETA:    32s
[>>>>>>>>>>>>>>>>>>            ] 407/669, 8.2 task/s, elapsed: 50s, ETA:    32s
[>>>>>>>>>>>>>>>>>>            ] 408/669, 8.2 task/s, elapsed: 50s, ETA:    32s
[>>>>>>>>>>>>>>>>>>            ] 409/669, 8.2 task/s, elapsed: 50s, ETA:    32s
[>>>>>>>>>>>>>>>>>>            ] 410/669, 8.2 task/s, elapsed: 50s, ETA:    32s
[>>>>>>>>>>>>>>>>>>            ] 411/669, 8.2 task/s, elapsed: 50s, ETA:    32s
[>>>>>>>>>>>>>>>>>>            ] 412/669, 8.2 task/s, elapsed: 50s, ETA:    31s
[>>>>>>>>>>>>>>>>>>            ] 413/669, 8.2 task/s, elapsed: 50s, ETA:    31s
[>>>>>>>>>>>>>>>>>>            ] 414/669, 8.2 task/s, elapsed: 51s, ETA:    31s
[>>>>>>>>>>>>>>>>>>            ] 415/669, 8.2 task/s, elapsed: 51s, ETA:    31s
[>>>>>>>>>>>>>>>>>>            ] 416/669, 8.2 task/s, elapsed: 51s, ETA:    31s
[>>>>>>>>>>>>>>>>>>            ] 417/669, 8.2 task/s, elapsed: 51s, ETA:    31s
[>>>>>>>>>>>>>>>>>>            ] 418/669, 8.2 task/s, elapsed: 51s, ETA:    31s
[>>>>>>>>>>>>>>>>>>            ] 419/669, 8.2 task/s, elapsed: 51s, ETA:    30s
[>>>>>>>>>>>>>>>>>>            ] 420/669, 8.2 task/s, elapsed: 51s, ETA:    30s
[>>>>>>>>>>>>>>>>>>            ] 421/669, 8.2 task/s, elapsed: 51s, ETA:    30s
[>>>>>>>>>>>>>>>>>>            ] 422/669, 8.2 task/s, elapsed: 51s, ETA:    30s
[>>>>>>>>>>>>>>>>>>            ] 423/669, 8.2 task/s, elapsed: 51s, ETA:    30s
[>>>>>>>>>>>>>>>>>>>           ] 424/669, 8.2 task/s, elapsed: 51s, ETA:    30s
[>>>>>>>>>>>>>>>>>>>           ] 425/669, 8.2 task/s, elapsed: 52s, ETA:    30s
[>>>>>>>>>>>>>>>>>>>           ] 426/669, 8.3 task/s, elapsed: 52s, ETA:    29s
[>>>>>>>>>>>>>>>>>>>           ] 427/669, 8.3 task/s, elapsed: 52s, ETA:    29s
[>>>>>>>>>>>>>>>>>>>           ] 428/669, 8.3 task/s, elapsed: 52s, ETA:    29s
[>>>>>>>>>>>>>>>>>>>           ] 429/669, 8.3 task/s, elapsed: 52s, ETA:    29s
[>>>>>>>>>>>>>>>>>>>           ] 430/669, 8.3 task/s, elapsed: 52s, ETA:    29s
[>>>>>>>>>>>>>>>>>>>           ] 431/669, 8.3 task/s, elapsed: 52s, ETA:    29s
[>>>>>>>>>>>>>>>>>>>           ] 432/669, 8.3 task/s, elapsed: 52s, ETA:    29s
[>>>>>>>>>>>>>>>>>>>           ] 433/669, 8.3 task/s, elapsed: 52s, ETA:    28s
[>>>>>>>>>>>>>>>>>>>           ] 434/669, 8.3 task/s, elapsed: 52s, ETA:    28s
[>>>>>>>>>>>>>>>>>>>           ] 435/669, 8.3 task/s, elapsed: 52s, ETA:    28s
[>>>>>>>>>>>>>>>>>>>           ] 436/669, 8.3 task/s, elapsed: 53s, ETA:    28s
[>>>>>>>>>>>>>>>>>>>           ] 437/669, 8.3 task/s, elapsed: 53s, ETA:    28s
[>>>>>>>>>>>>>>>>>>>           ] 438/669, 8.3 task/s, elapsed: 53s, ETA:    28s
[>>>>>>>>>>>>>>>>>>>           ] 439/669, 8.3 task/s, elapsed: 53s, ETA:    28s
[>>>>>>>>>>>>>>>>>>>           ] 440/669, 8.3 task/s, elapsed: 53s, ETA:    28s
[>>>>>>>>>>>>>>>>>>>           ] 441/669, 8.3 task/s, elapsed: 53s, ETA:    27s
[>>>>>>>>>>>>>>>>>>>           ] 442/669, 8.3 task/s, elapsed: 53s, ETA:    27s
[>>>>>>>>>>>>>>>>>>>           ] 443/669, 8.3 task/s, elapsed: 53s, ETA:    27s
[>>>>>>>>>>>>>>>>>>>           ] 444/669, 8.3 task/s, elapsed: 53s, ETA:    27s
[>>>>>>>>>>>>>>>>>>>           ] 445/669, 8.3 task/s, elapsed: 53s, ETA:    27s
[>>>>>>>>>>>>>>>>>>>>          ] 446/669, 8.3 task/s, elapsed: 54s, ETA:    27s
[>>>>>>>>>>>>>>>>>>>>          ] 447/669, 8.3 task/s, elapsed: 54s, ETA:    27s
[>>>>>>>>>>>>>>>>>>>>          ] 448/669, 8.3 task/s, elapsed: 54s, ETA:    27s
[>>>>>>>>>>>>>>>>>>>>          ] 449/669, 8.3 task/s, elapsed: 54s, ETA:    26s
[>>>>>>>>>>>>>>>>>>>>          ] 450/669, 8.3 task/s, elapsed: 54s, ETA:    26s
[>>>>>>>>>>>>>>>>>>>>          ] 451/669, 8.3 task/s, elapsed: 54s, ETA:    26s
[>>>>>>>>>>>>>>>>>>>>          ] 452/669, 8.3 task/s, elapsed: 54s, ETA:    26s
[>>>>>>>>>>>>>>>>>>>>          ] 453/669, 8.4 task/s, elapsed: 54s, ETA:    26s
[>>>>>>>>>>>>>>>>>>>>          ] 454/669, 8.4 task/s, elapsed: 54s, ETA:    26s
[>>>>>>>>>>>>>>>>>>>>          ] 455/669, 8.4 task/s, elapsed: 54s, ETA:    26s
[>>>>>>>>>>>>>>>>>>>>          ] 456/669, 8.4 task/s, elapsed: 55s, ETA:    25s
[>>>>>>>>>>>>>>>>>>>>          ] 457/669, 8.4 task/s, elapsed: 55s, ETA:    25s
[>>>>>>>>>>>>>>>>>>>>          ] 458/669, 8.4 task/s, elapsed: 55s, ETA:    25s
[>>>>>>>>>>>>>>>>>>>>          ] 459/669, 8.4 task/s, elapsed: 55s, ETA:    25s
[>>>>>>>>>>>>>>>>>>>>          ] 460/669, 8.4 task/s, elapsed: 55s, ETA:    25s
[>>>>>>>>>>>>>>>>>>>>          ] 461/669, 8.4 task/s, elapsed: 55s, ETA:    25s
[>>>>>>>>>>>>>>>>>>>>          ] 462/669, 8.4 task/s, elapsed: 55s, ETA:    25s
[>>>>>>>>>>>>>>>>>>>>          ] 463/669, 8.4 task/s, elapsed: 55s, ETA:    25s
[>>>>>>>>>>>>>>>>>>>>          ] 464/669, 8.4 task/s, elapsed: 56s, ETA:    25s
[>>>>>>>>>>>>>>>>>>>>          ] 465/669, 8.4 task/s, elapsed: 56s, ETA:    24s
[>>>>>>>>>>>>>>>>>>>>          ] 466/669, 8.4 task/s, elapsed: 56s, ETA:    24s
[>>>>>>>>>>>>>>>>>>>>          ] 467/669, 8.4 task/s, elapsed: 56s, ETA:    24s
[>>>>>>>>>>>>>>>>>>>>          ] 468/669, 8.4 task/s, elapsed: 56s, ETA:    24s
[>>>>>>>>>>>>>>>>>>>>>         ] 469/669, 8.4 task/s, elapsed: 56s, ETA:    24s
[>>>>>>>>>>>>>>>>>>>>>         ] 470/669, 8.4 task/s, elapsed: 56s, ETA:    24s
[>>>>>>>>>>>>>>>>>>>>>         ] 471/669, 8.4 task/s, elapsed: 56s, ETA:    24s
[>>>>>>>>>>>>>>>>>>>>>         ] 472/669, 8.4 task/s, elapsed: 56s, ETA:    24s
[>>>>>>>>>>>>>>>>>>>>>         ] 473/669, 8.4 task/s, elapsed: 57s, ETA:    23s
[>>>>>>>>>>>>>>>>>>>>>         ] 474/669, 8.4 task/s, elapsed: 57s, ETA:    23s
[>>>>>>>>>>>>>>>>>>>>>         ] 475/669, 8.4 task/s, elapsed: 57s, ETA:    23s
[>>>>>>>>>>>>>>>>>>>>>         ] 476/669, 8.4 task/s, elapsed: 57s, ETA:    23s
[>>>>>>>>>>>>>>>>>>>>>         ] 477/669, 8.4 task/s, elapsed: 57s, ETA:    23s
[>>>>>>>>>>>>>>>>>>>>>         ] 478/669, 8.4 task/s, elapsed: 57s, ETA:    23s
[>>>>>>>>>>>>>>>>>>>>>         ] 479/669, 8.4 task/s, elapsed: 57s, ETA:    23s
[>>>>>>>>>>>>>>>>>>>>>         ] 480/669, 8.4 task/s, elapsed: 57s, ETA:    23s
[>>>>>>>>>>>>>>>>>>>>>         ] 481/669, 8.4 task/s, elapsed: 57s, ETA:    22s
[>>>>>>>>>>>>>>>>>>>>>         ] 482/669, 8.4 task/s, elapsed: 58s, ETA:    22s
[>>>>>>>>>>>>>>>>>>>>>         ] 483/669, 8.4 task/s, elapsed: 58s, ETA:    22s
[>>>>>>>>>>>>>>>>>>>>>         ] 484/669, 8.4 task/s, elapsed: 58s, ETA:    22s
[>>>>>>>>>>>>>>>>>>>>>         ] 485/669, 8.4 task/s, elapsed: 58s, ETA:    22s
[>>>>>>>>>>>>>>>>>>>>>         ] 486/669, 8.4 task/s, elapsed: 58s, ETA:    22s
[>>>>>>>>>>>>>>>>>>>>>         ] 487/669, 8.4 task/s, elapsed: 58s, ETA:    22s
[>>>>>>>>>>>>>>>>>>>>>         ] 488/669, 8.4 task/s, elapsed: 58s, ETA:    22s
[>>>>>>>>>>>>>>>>>>>>>         ] 489/669, 8.4 task/s, elapsed: 58s, ETA:    21s
[>>>>>>>>>>>>>>>>>>>>>         ] 490/669, 8.4 task/s, elapsed: 58s, ETA:    21s
[>>>>>>>>>>>>>>>>>>>>>>        ] 491/669, 8.4 task/s, elapsed: 59s, ETA:    21s
[>>>>>>>>>>>>>>>>>>>>>>        ] 492/669, 8.4 task/s, elapsed: 59s, ETA:    21s
[>>>>>>>>>>>>>>>>>>>>>>        ] 493/669, 8.4 task/s, elapsed: 59s, ETA:    21s
[>>>>>>>>>>>>>>>>>>>>>>        ] 494/669, 8.4 task/s, elapsed: 59s, ETA:    21s
[>>>>>>>>>>>>>>>>>>>>>>        ] 495/669, 8.4 task/s, elapsed: 59s, ETA:    21s
[>>>>>>>>>>>>>>>>>>>>>>        ] 496/669, 8.4 task/s, elapsed: 59s, ETA:    21s
[>>>>>>>>>>>>>>>>>>>>>>        ] 497/669, 8.4 task/s, elapsed: 59s, ETA:    21s
[>>>>>>>>>>>>>>>>>>>>>>        ] 498/669, 8.4 task/s, elapsed: 59s, ETA:    20s
[>>>>>>>>>>>>>>>>>>>>>>        ] 499/669, 8.4 task/s, elapsed: 59s, ETA:    20s
[>>>>>>>>>>>>>>>>>>>>>>        ] 500/669, 8.4 task/s, elapsed: 60s, ETA:    20s
[>>>>>>>>>>>>>>>>>>>>>>        ] 501/669, 8.4 task/s, elapsed: 60s, ETA:    20s
[>>>>>>>>>>>>>>>>>>>>>>        ] 502/669, 8.4 task/s, elapsed: 60s, ETA:    20s
[>>>>>>>>>>>>>>>>>>>>>>        ] 503/669, 8.4 task/s, elapsed: 60s, ETA:    20s
[>>>>>>>>>>>>>>>>>>>>>>        ] 504/669, 8.4 task/s, elapsed: 60s, ETA:    20s
[>>>>>>>>>>>>>>>>>>>>>>        ] 505/669, 8.4 task/s, elapsed: 60s, ETA:    20s
[>>>>>>>>>>>>>>>>>>>>>>        ] 506/669, 8.4 task/s, elapsed: 60s, ETA:    19s
[>>>>>>>>>>>>>>>>>>>>>>        ] 507/669, 8.4 task/s, elapsed: 60s, ETA:    19s
[>>>>>>>>>>>>>>>>>>>>>>        ] 508/669, 8.4 task/s, elapsed: 60s, ETA:    19s
[>>>>>>>>>>>>>>>>>>>>>>        ] 509/669, 8.4 task/s, elapsed: 61s, ETA:    19s
[>>>>>>>>>>>>>>>>>>>>>>        ] 510/669, 8.4 task/s, elapsed: 61s, ETA:    19s
[>>>>>>>>>>>>>>>>>>>>>>        ] 511/669, 8.4 task/s, elapsed: 61s, ETA:    19s
[>>>>>>>>>>>>>>>>>>>>>>        ] 512/669, 8.4 task/s, elapsed: 61s, ETA:    19s
[>>>>>>>>>>>>>>>>>>>>>>>       ] 513/669, 8.4 task/s, elapsed: 61s, ETA:    19s
[>>>>>>>>>>>>>>>>>>>>>>>       ] 514/669, 8.4 task/s, elapsed: 61s, ETA:    18s
[>>>>>>>>>>>>>>>>>>>>>>>       ] 515/669, 8.4 task/s, elapsed: 61s, ETA:    18s
[>>>>>>>>>>>>>>>>>>>>>>>       ] 516/669, 8.4 task/s, elapsed: 61s, ETA:    18s
[>>>>>>>>>>>>>>>>>>>>>>>       ] 517/669, 8.4 task/s, elapsed: 61s, ETA:    18s
[>>>>>>>>>>>>>>>>>>>>>>>       ] 518/669, 8.4 task/s, elapsed: 62s, ETA:    18s
[>>>>>>>>>>>>>>>>>>>>>>>       ] 519/669, 8.4 task/s, elapsed: 62s, ETA:    18s
[>>>>>>>>>>>>>>>>>>>>>>>       ] 520/669, 8.4 task/s, elapsed: 62s, ETA:    18s
[>>>>>>>>>>>>>>>>>>>>>>>       ] 521/669, 8.4 task/s, elapsed: 62s, ETA:    18s
[>>>>>>>>>>>>>>>>>>>>>>>       ] 522/669, 8.4 task/s, elapsed: 62s, ETA:    17s
[>>>>>>>>>>>>>>>>>>>>>>>       ] 523/669, 8.4 task/s, elapsed: 62s, ETA:    17s
[>>>>>>>>>>>>>>>>>>>>>>>       ] 524/669, 8.4 task/s, elapsed: 62s, ETA:    17s
[>>>>>>>>>>>>>>>>>>>>>>>       ] 525/669, 8.4 task/s, elapsed: 63s, ETA:    17s
[>>>>>>>>>>>>>>>>>>>>>>>       ] 526/669, 8.4 task/s, elapsed: 63s, ETA:    17s
[>>>>>>>>>>>>>>>>>>>>>>>       ] 527/669, 8.4 task/s, elapsed: 63s, ETA:    17s
[>>>>>>>>>>>>>>>>>>>>>>>       ] 528/669, 8.3 task/s, elapsed: 63s, ETA:    17s
[>>>>>>>>>>>>>>>>>>>>>>>       ] 529/669, 8.3 task/s, elapsed: 63s, ETA:    17s
[>>>>>>>>>>>>>>>>>>>>>>>       ] 530/669, 8.3 task/s, elapsed: 64s, ETA:    17s
[>>>>>>>>>>>>>>>>>>>>>>>       ] 531/669, 8.3 task/s, elapsed: 64s, ETA:    17s
[>>>>>>>>>>>>>>>>>>>>>>>       ] 532/669, 8.3 task/s, elapsed: 64s, ETA:    16s
[>>>>>>>>>>>>>>>>>>>>>>>       ] 533/669, 8.3 task/s, elapsed: 64s, ETA:    16s
[>>>>>>>>>>>>>>>>>>>>>>>       ] 534/669, 8.3 task/s, elapsed: 64s, ETA:    16s
[>>>>>>>>>>>>>>>>>>>>>>>       ] 535/669, 8.3 task/s, elapsed: 64s, ETA:    16s
[>>>>>>>>>>>>>>>>>>>>>>>>      ] 536/669, 8.3 task/s, elapsed: 64s, ETA:    16s
[>>>>>>>>>>>>>>>>>>>>>>>>      ] 537/669, 8.3 task/s, elapsed: 64s, ETA:    16s
[>>>>>>>>>>>>>>>>>>>>>>>>      ] 538/669, 8.3 task/s, elapsed: 65s, ETA:    16s
[>>>>>>>>>>>>>>>>>>>>>>>>      ] 539/669, 8.3 task/s, elapsed: 65s, ETA:    16s
[>>>>>>>>>>>>>>>>>>>>>>>>      ] 540/669, 8.3 task/s, elapsed: 65s, ETA:    15s
[>>>>>>>>>>>>>>>>>>>>>>>>      ] 541/669, 8.3 task/s, elapsed: 65s, ETA:    15s
[>>>>>>>>>>>>>>>>>>>>>>>>      ] 542/669, 8.3 task/s, elapsed: 65s, ETA:    15s
[>>>>>>>>>>>>>>>>>>>>>>>>      ] 543/669, 8.3 task/s, elapsed: 65s, ETA:    15s
[>>>>>>>>>>>>>>>>>>>>>>>>      ] 544/669, 8.3 task/s, elapsed: 65s, ETA:    15s
[>>>>>>>>>>>>>>>>>>>>>>>>      ] 545/669, 8.3 task/s, elapsed: 65s, ETA:    15s
[>>>>>>>>>>>>>>>>>>>>>>>>      ] 546/669, 8.3 task/s, elapsed: 65s, ETA:    15s
[>>>>>>>>>>>>>>>>>>>>>>>>      ] 547/669, 8.3 task/s, elapsed: 66s, ETA:    15s
[>>>>>>>>>>>>>>>>>>>>>>>>      ] 548/669, 8.3 task/s, elapsed: 66s, ETA:    14s
[>>>>>>>>>>>>>>>>>>>>>>>>      ] 549/669, 8.4 task/s, elapsed: 66s, ETA:    14s
[>>>>>>>>>>>>>>>>>>>>>>>>      ] 550/669, 8.4 task/s, elapsed: 66s, ETA:    14s
[>>>>>>>>>>>>>>>>>>>>>>>>      ] 551/669, 8.4 task/s, elapsed: 66s, ETA:    14s
[>>>>>>>>>>>>>>>>>>>>>>>>      ] 552/669, 8.4 task/s, elapsed: 66s, ETA:    14s
[>>>>>>>>>>>>>>>>>>>>>>>>      ] 553/669, 8.4 task/s, elapsed: 66s, ETA:    14s
[>>>>>>>>>>>>>>>>>>>>>>>>      ] 554/669, 8.4 task/s, elapsed: 66s, ETA:    14s
[>>>>>>>>>>>>>>>>>>>>>>>>      ] 555/669, 8.4 task/s, elapsed: 66s, ETA:    14s
[>>>>>>>>>>>>>>>>>>>>>>>>      ] 556/669, 8.4 task/s, elapsed: 66s, ETA:    13s
[>>>>>>>>>>>>>>>>>>>>>>>>      ] 557/669, 8.4 task/s, elapsed: 66s, ETA:    13s
[>>>>>>>>>>>>>>>>>>>>>>>>>     ] 558/669, 8.4 task/s, elapsed: 67s, ETA:    13s
[>>>>>>>>>>>>>>>>>>>>>>>>>     ] 559/669, 8.4 task/s, elapsed: 67s, ETA:    13s
[>>>>>>>>>>>>>>>>>>>>>>>>>     ] 560/669, 8.4 task/s, elapsed: 67s, ETA:    13s
[>>>>>>>>>>>>>>>>>>>>>>>>>     ] 561/669, 8.4 task/s, elapsed: 67s, ETA:    13s
[>>>>>>>>>>>>>>>>>>>>>>>>>     ] 562/669, 8.4 task/s, elapsed: 67s, ETA:    13s
[>>>>>>>>>>>>>>>>>>>>>>>>>     ] 563/669, 8.4 task/s, elapsed: 67s, ETA:    13s
[>>>>>>>>>>>>>>>>>>>>>>>>>     ] 564/669, 8.4 task/s, elapsed: 67s, ETA:    13s
[>>>>>>>>>>>>>>>>>>>>>>>>>     ] 565/669, 8.4 task/s, elapsed: 67s, ETA:    12s
[>>>>>>>>>>>>>>>>>>>>>>>>>     ] 566/669, 8.4 task/s, elapsed: 67s, ETA:    12s
[>>>>>>>>>>>>>>>>>>>>>>>>>     ] 567/669, 8.4 task/s, elapsed: 68s, ETA:    12s
[>>>>>>>>>>>>>>>>>>>>>>>>>     ] 568/669, 8.4 task/s, elapsed: 68s, ETA:    12s
[>>>>>>>>>>>>>>>>>>>>>>>>>     ] 569/669, 8.4 task/s, elapsed: 68s, ETA:    12s
[>>>>>>>>>>>>>>>>>>>>>>>>>     ] 570/669, 8.4 task/s, elapsed: 68s, ETA:    12s
[>>>>>>>>>>>>>>>>>>>>>>>>>     ] 571/669, 8.4 task/s, elapsed: 68s, ETA:    12s
[>>>>>>>>>>>>>>>>>>>>>>>>>     ] 572/669, 8.4 task/s, elapsed: 68s, ETA:    12s
[>>>>>>>>>>>>>>>>>>>>>>>>>     ] 573/669, 8.4 task/s, elapsed: 68s, ETA:    11s
[>>>>>>>>>>>>>>>>>>>>>>>>>     ] 574/669, 8.4 task/s, elapsed: 68s, ETA:    11s
[>>>>>>>>>>>>>>>>>>>>>>>>>     ] 575/669, 8.4 task/s, elapsed: 69s, ETA:    11s
[>>>>>>>>>>>>>>>>>>>>>>>>>     ] 576/669, 8.4 task/s, elapsed: 69s, ETA:    11s
[>>>>>>>>>>>>>>>>>>>>>>>>>     ] 577/669, 8.4 task/s, elapsed: 69s, ETA:    11s
[>>>>>>>>>>>>>>>>>>>>>>>>>     ] 578/669, 8.4 task/s, elapsed: 69s, ETA:    11s
[>>>>>>>>>>>>>>>>>>>>>>>>>     ] 579/669, 8.4 task/s, elapsed: 69s, ETA:    11s
[>>>>>>>>>>>>>>>>>>>>>>>>>>    ] 580/669, 8.4 task/s, elapsed: 69s, ETA:    11s
[>>>>>>>>>>>>>>>>>>>>>>>>>>    ] 581/669, 8.4 task/s, elapsed: 69s, ETA:    10s
[>>>>>>>>>>>>>>>>>>>>>>>>>>    ] 582/669, 8.4 task/s, elapsed: 69s, ETA:    10s
[>>>>>>>>>>>>>>>>>>>>>>>>>>    ] 583/669, 8.4 task/s, elapsed: 69s, ETA:    10s
[>>>>>>>>>>>>>>>>>>>>>>>>>>    ] 584/669, 8.4 task/s, elapsed: 69s, ETA:    10s
[>>>>>>>>>>>>>>>>>>>>>>>>>>    ] 585/669, 8.4 task/s, elapsed: 70s, ETA:    10s
[>>>>>>>>>>>>>>>>>>>>>>>>>>    ] 586/669, 8.4 task/s, elapsed: 70s, ETA:    10s
[>>>>>>>>>>>>>>>>>>>>>>>>>>    ] 587/669, 8.4 task/s, elapsed: 70s, ETA:    10s
[>>>>>>>>>>>>>>>>>>>>>>>>>>    ] 588/669, 8.4 task/s, elapsed: 70s, ETA:    10s
[>>>>>>>>>>>>>>>>>>>>>>>>>>    ] 589/669, 8.4 task/s, elapsed: 70s, ETA:    10s
[>>>>>>>>>>>>>>>>>>>>>>>>>>    ] 590/669, 8.4 task/s, elapsed: 70s, ETA:     9s
[>>>>>>>>>>>>>>>>>>>>>>>>>>    ] 591/669, 8.4 task/s, elapsed: 70s, ETA:     9s
[>>>>>>>>>>>>>>>>>>>>>>>>>>    ] 592/669, 8.4 task/s, elapsed: 70s, ETA:     9s
[>>>>>>>>>>>>>>>>>>>>>>>>>>    ] 593/669, 8.4 task/s, elapsed: 71s, ETA:     9s
[>>>>>>>>>>>>>>>>>>>>>>>>>>    ] 594/669, 8.4 task/s, elapsed: 71s, ETA:     9s
[>>>>>>>>>>>>>>>>>>>>>>>>>>    ] 595/669, 8.4 task/s, elapsed: 71s, ETA:     9s
[>>>>>>>>>>>>>>>>>>>>>>>>>>    ] 596/669, 8.4 task/s, elapsed: 71s, ETA:     9s
[>>>>>>>>>>>>>>>>>>>>>>>>>>    ] 597/669, 8.4 task/s, elapsed: 71s, ETA:     9s
[>>>>>>>>>>>>>>>>>>>>>>>>>>    ] 598/669, 8.4 task/s, elapsed: 71s, ETA:     8s
[>>>>>>>>>>>>>>>>>>>>>>>>>>    ] 599/669, 8.4 task/s, elapsed: 71s, ETA:     8s
[>>>>>>>>>>>>>>>>>>>>>>>>>>    ] 600/669, 8.4 task/s, elapsed: 71s, ETA:     8s
[>>>>>>>>>>>>>>>>>>>>>>>>>>    ] 601/669, 8.4 task/s, elapsed: 71s, ETA:     8s
[>>>>>>>>>>>>>>>>>>>>>>>>>>    ] 602/669, 8.4 task/s, elapsed: 71s, ETA:     8s
[>>>>>>>>>>>>>>>>>>>>>>>>>>>   ] 603/669, 8.4 task/s, elapsed: 72s, ETA:     8s
[>>>>>>>>>>>>>>>>>>>>>>>>>>>   ] 604/669, 8.4 task/s, elapsed: 72s, ETA:     8s
[>>>>>>>>>>>>>>>>>>>>>>>>>>>   ] 605/669, 8.4 task/s, elapsed: 72s, ETA:     8s
[>>>>>>>>>>>>>>>>>>>>>>>>>>>   ] 606/669, 8.4 task/s, elapsed: 72s, ETA:     7s
[>>>>>>>>>>>>>>>>>>>>>>>>>>>   ] 607/669, 8.4 task/s, elapsed: 72s, ETA:     7s
[>>>>>>>>>>>>>>>>>>>>>>>>>>>   ] 608/669, 8.4 task/s, elapsed: 72s, ETA:     7s
[>>>>>>>>>>>>>>>>>>>>>>>>>>>   ] 609/669, 8.4 task/s, elapsed: 72s, ETA:     7s
[>>>>>>>>>>>>>>>>>>>>>>>>>>>   ] 610/669, 8.4 task/s, elapsed: 72s, ETA:     7s
[>>>>>>>>>>>>>>>>>>>>>>>>>>>   ] 611/669, 8.4 task/s, elapsed: 72s, ETA:     7s
[>>>>>>>>>>>>>>>>>>>>>>>>>>>   ] 612/669, 8.4 task/s, elapsed: 73s, ETA:     7s
[>>>>>>>>>>>>>>>>>>>>>>>>>>>   ] 613/669, 8.4 task/s, elapsed: 73s, ETA:     7s
[>>>>>>>>>>>>>>>>>>>>>>>>>>>   ] 614/669, 8.4 task/s, elapsed: 73s, ETA:     7s
[>>>>>>>>>>>>>>>>>>>>>>>>>>>   ] 615/669, 8.4 task/s, elapsed: 73s, ETA:     6s
[>>>>>>>>>>>>>>>>>>>>>>>>>>>   ] 616/669, 8.4 task/s, elapsed: 73s, ETA:     6s
[>>>>>>>>>>>>>>>>>>>>>>>>>>>   ] 617/669, 8.4 task/s, elapsed: 73s, ETA:     6s
[>>>>>>>>>>>>>>>>>>>>>>>>>>>   ] 618/669, 8.4 task/s, elapsed: 73s, ETA:     6s
[>>>>>>>>>>>>>>>>>>>>>>>>>>>   ] 619/669, 8.4 task/s, elapsed: 73s, ETA:     6s
[>>>>>>>>>>>>>>>>>>>>>>>>>>>   ] 620/669, 8.4 task/s, elapsed: 74s, ETA:     6s
[>>>>>>>>>>>>>>>>>>>>>>>>>>>   ] 621/669, 8.4 task/s, elapsed: 74s, ETA:     6s
[>>>>>>>>>>>>>>>>>>>>>>>>>>>   ] 622/669, 8.4 task/s, elapsed: 74s, ETA:     6s
[>>>>>>>>>>>>>>>>>>>>>>>>>>>   ] 623/669, 8.4 task/s, elapsed: 74s, ETA:     5s
[>>>>>>>>>>>>>>>>>>>>>>>>>>>   ] 624/669, 8.4 task/s, elapsed: 74s, ETA:     5s
[>>>>>>>>>>>>>>>>>>>>>>>>>>>>  ] 625/669, 8.4 task/s, elapsed: 74s, ETA:     5s
[>>>>>>>>>>>>>>>>>>>>>>>>>>>>  ] 626/669, 8.4 task/s, elapsed: 74s, ETA:     5s
[>>>>>>>>>>>>>>>>>>>>>>>>>>>>  ] 627/669, 8.4 task/s, elapsed: 74s, ETA:     5s
[>>>>>>>>>>>>>>>>>>>>>>>>>>>>  ] 628/669, 8.4 task/s, elapsed: 75s, ETA:     5s
[>>>>>>>>>>>>>>>>>>>>>>>>>>>>  ] 629/669, 8.4 task/s, elapsed: 75s, ETA:     5s
[>>>>>>>>>>>>>>>>>>>>>>>>>>>>  ] 630/669, 8.4 task/s, elapsed: 75s, ETA:     5s
[>>>>>>>>>>>>>>>>>>>>>>>>>>>>  ] 631/669, 8.4 task/s, elapsed: 75s, ETA:     5s
[>>>>>>>>>>>>>>>>>>>>>>>>>>>>  ] 632/669, 8.4 task/s, elapsed: 75s, ETA:     4s
[>>>>>>>>>>>>>>>>>>>>>>>>>>>>  ] 633/669, 8.4 task/s, elapsed: 76s, ETA:     4s
[>>>>>>>>>>>>>>>>>>>>>>>>>>>>  ] 634/669, 8.4 task/s, elapsed: 76s, ETA:     4s
[>>>>>>>>>>>>>>>>>>>>>>>>>>>>  ] 635/669, 8.4 task/s, elapsed: 76s, ETA:     4s
[>>>>>>>>>>>>>>>>>>>>>>>>>>>>  ] 636/669, 8.4 task/s, elapsed: 76s, ETA:     4s
[>>>>>>>>>>>>>>>>>>>>>>>>>>>>  ] 637/669, 8.4 task/s, elapsed: 76s, ETA:     4s
[>>>>>>>>>>>>>>>>>>>>>>>>>>>>  ] 638/669, 8.3 task/s, elapsed: 76s, ETA:     4s
[>>>>>>>>>>>>>>>>>>>>>>>>>>>>  ] 639/669, 8.3 task/s, elapsed: 77s, ETA:     4s
[>>>>>>>>>>>>>>>>>>>>>>>>>>>>  ] 640/669, 8.3 task/s, elapsed: 77s, ETA:     3s
[>>>>>>>>>>>>>>>>>>>>>>>>>>>>  ] 641/669, 8.3 task/s, elapsed: 77s, ETA:     3s
[>>>>>>>>>>>>>>>>>>>>>>>>>>>>  ] 642/669, 8.3 task/s, elapsed: 77s, ETA:     3s
[>>>>>>>>>>>>>>>>>>>>>>>>>>>>  ] 643/669, 8.3 task/s, elapsed: 77s, ETA:     3s
[>>>>>>>>>>>>>>>>>>>>>>>>>>>>  ] 644/669, 8.3 task/s, elapsed: 77s, ETA:     3s
[>>>>>>>>>>>>>>>>>>>>>>>>>>>>  ] 645/669, 8.3 task/s, elapsed: 78s, ETA:     3s
[>>>>>>>>>>>>>>>>>>>>>>>>>>>>  ] 646/669, 8.3 task/s, elapsed: 78s, ETA:     3s
[>>>>>>>>>>>>>>>>>>>>>>>>>>>>> ] 647/669, 8.3 task/s, elapsed: 78s, ETA:     3s
[>>>>>>>>>>>>>>>>>>>>>>>>>>>>> ] 648/669, 8.3 task/s, elapsed: 78s, ETA:     3s
[>>>>>>>>>>>>>>>>>>>>>>>>>>>>> ] 649/669, 8.3 task/s, elapsed: 78s, ETA:     2s
[>>>>>>>>>>>>>>>>>>>>>>>>>>>>> ] 650/669, 8.3 task/s, elapsed: 78s, ETA:     2s
[>>>>>>>>>>>>>>>>>>>>>>>>>>>>> ] 651/669, 8.3 task/s, elapsed: 78s, ETA:     2s
[>>>>>>>>>>>>>>>>>>>>>>>>>>>>> ] 652/669, 8.3 task/s, elapsed: 79s, ETA:     2s
[>>>>>>>>>>>>>>>>>>>>>>>>>>>>> ] 653/669, 8.3 task/s, elapsed: 79s, ETA:     2s
[>>>>>>>>>>>>>>>>>>>>>>>>>>>>> ] 654/669, 8.3 task/s, elapsed: 79s, ETA:     2s
[>>>>>>>>>>>>>>>>>>>>>>>>>>>>> ] 655/669, 8.3 task/s, elapsed: 79s, ETA:     2s
[>>>>>>>>>>>>>>>>>>>>>>>>>>>>> ] 656/669, 8.3 task/s, elapsed: 79s, ETA:     2s
[>>>>>>>>>>>>>>>>>>>>>>>>>>>>> ] 657/669, 8.3 task/s, elapsed: 79s, ETA:     1s
[>>>>>>>>>>>>>>>>>>>>>>>>>>>>> ] 658/669, 8.3 task/s, elapsed: 79s, ETA:     1s
[>>>>>>>>>>>>>>>>>>>>>>>>>>>>> ] 659/669, 8.3 task/s, elapsed: 80s, ETA:     1s
[>>>>>>>>>>>>>>>>>>>>>>>>>>>>> ] 660/669, 8.3 task/s, elapsed: 80s, ETA:     1s
[>>>>>>>>>>>>>>>>>>>>>>>>>>>>> ] 661/669, 8.3 task/s, elapsed: 80s, ETA:     1s
[>>>>>>>>>>>>>>>>>>>>>>>>>>>>> ] 662/669, 8.3 task/s, elapsed: 80s, ETA:     1s
[>>>>>>>>>>>>>>>>>>>>>>>>>>>>> ] 663/669, 8.3 task/s, elapsed: 80s, ETA:     1s
[>>>>>>>>>>>>>>>>>>>>>>>>>>>>> ] 664/669, 8.3 task/s, elapsed: 80s, ETA:     1s
[>>>>>>>>>>>>>>>>>>>>>>>>>>>>> ] 665/669, 8.3 task/s, elapsed: 80s, ETA:     0s
[>>>>>>>>>>>>>>>>>>>>>>>>>>>>> ] 666/669, 8.3 task/s, elapsed: 80s, ETA:     0s
[>>>>>>>>>>>>>>>>>>>>>>>>>>>>> ] 667/669, 8.3 task/s, elapsed: 80s, ETA:     0s
[>>>>>>>>>>>>>>>>>>>>>>>>>>>>> ] 668/669, 8.3 task/s, elapsed: 80s, ETA:     0s
[>>>>>>>>>>>>>>>>>>>>>>>>>>>>>>] 669/669, 8.3 task/s, elapsed: 81s, ETA:     0s2026-06-30 15:14:49,059 - mmdet - INFO - Evaluating bbox...
2026-06-30 15:14:50,774 - mmdet - INFO - 
+-----------+-------+-----------+-------+-------------+-------+
| category  | AP    | category  | AP    | category    | AP    |
+-----------+-------+-----------+-------+-------------+-------+
| bicycle   | 0.224 | chair     | 0.567 | diningtable | 0.219 |
| bottle    | 0.407 | motorbike | 0.256 | car         | 0.294 |
| tvmonitor | 0.087 | bus       | 0.248 | None        | None  |
+-----------+-------+-----------+-------+-------------+-------+
2026-06-30 15:14:50,774 - mmdet - INFO - Evaluating segm...
/content/EALLIS/mmdetection/mmdet/datasets/coco.py:453: UserWarning: The key "bbox" is deleted for more accurate mask AP of small/medium/large instances since v2.12.0. This does not change the overall mAP calculation.
  warnings.warn(
2026-06-30 15:14:52,988 - mmdet - INFO - 
+-----------+-------+-----------+-------+-------------+-------+
| category  | AP    | category  | AP    | category    | AP    |
+-----------+-------+-----------+-------+-------------+-------+
| bicycle   | 0.118 | chair     | 0.529 | diningtable | 0.128 |
| bottle    | 0.418 | motorbike | 0.248 | car         | 0.126 |
| tvmonitor | 0.025 | bus       | 0.265 | None        | None  |
+-----------+-------+-----------+-------+-------------+-------+
2026-06-30 15:14:53,031 - mmdet - INFO - Exp name: train_kaggle.py
2026-06-30 15:14:53,032 - mmdet - INFO - Epoch(val) [2][669]	bbox_mAP: 0.2880, bbox_mAP_50: 0.4860, bbox_mAP_75: 0.2940, bbox_mAP_s: 0.0020, bbox_mAP_m: 0.0710, bbox_mAP_l: 0.3530, bbox_mAP_copypaste: 0.288 0.486 0.294 0.002 0.071 0.353, segm_mAP: 0.2320, segm_mAP_50: 0.4230, segm_mAP_75: 0.2160, segm_mAP_s: 0.0010, segm_mAP_m: 0.0540, segm_mAP_l: 0.2950, segm_mAP_copypaste: 0.232 0.423 0.216 0.001 0.054 0.295
/usr/local/lib/python3.12/dist-packages/torch/utils/data/dataloader.py:432: UserWarning: This DataLoader will create 4 worker processes in total. Our suggested max number of worker in current system is 2, which is smaller than what this DataLoader is going to create. Please be aware that excessive worker creation might get DataLoader running slow or even freeze, lower the worker number to avoid potential slowness/freeze if necessary.
  self.check_worker_number_rationality()
Loading and preparing results...
DONE (t=0.01s)
creating index...
index created!
Running per image evaluation...
Evaluate annotation type *bbox*
DONE (t=1.35s).
Accumulating evaluation results...
DONE (t=0.32s).
 Average Precision  (AP) @[ IoU=0.50:0.95 | area=   all | maxDets=100 ] = 0.288
 Average Precision  (AP) @[ IoU=0.50      | area=   all | maxDets=1000 ] = 0.486
 Average Precision  (AP) @[ IoU=0.75      | area=   all | maxDets=1000 ] = 0.294
 Average Precision  (AP) @[ IoU=0.50:0.95 | area= small | maxDets=1000 ] = 0.002
 Average Precision  (AP) @[ IoU=0.50:0.95 | area=medium | maxDets=1000 ] = 0.071
 Average Precision  (AP) @[ IoU=0.50:0.95 | area= large | maxDets=1000 ] = 0.353
 Average Recall     (AR) @[ IoU=0.50:0.95 | area=   all | maxDets=100 ] = 0.397
 Average Recall     (AR) @[ IoU=0.50:0.95 | area=   all | maxDets=300 ] = 0.397
 Average Recall     (AR) @[ IoU=0.50:0.95 | area=   all | maxDets=1000 ] = 0.397
 Average Recall     (AR) @[ IoU=0.50:0.95 | area= small | maxDets=1000 ] = 0.006
 Average Recall     (AR) @[ IoU=0.50:0.95 | area=medium | maxDets=1000 ] = 0.146
 Average Recall     (AR) @[ IoU=0.50:0.95 | area= large | maxDets=1000 ] = 0.469
Loading and preparing results...
DONE (t=0.22s)
creating index...
index created!
Running per image evaluation...
Evaluate annotation type *segm*
DONE (t=1.52s).
Accumulating evaluation results...
DONE (t=0.33s).
 Average Precision  (AP) @[ IoU=0.50:0.95 | area=   all | maxDets=100 ] = 0.232
 Average Precision  (AP) @[ IoU=0.50      | area=   all | maxDets=1000 ] = 0.423
 Average Precision  (AP) @[ IoU=0.75      | area=   all | maxDets=1000 ] = 0.216
 Average Precision  (AP) @[ IoU=0.50:0.95 | area= small | maxDets=1000 ] = 0.001
 Average Precision  (AP) @[ IoU=0.50:0.95 | area=medium | maxDets=1000 ] = 0.054
 Average Precision  (AP) @[ IoU=0.50:0.95 | area= large | maxDets=1000 ] = 0.295
 Average Recall     (AR) @[ IoU=0.50:0.95 | area=   all | maxDets=100 ] = 0.322
 Average Recall     (AR) @[ IoU=0.50:0.95 | area=   all | maxDets=300 ] = 0.322
 Average Recall     (AR) @[ IoU=0.50:0.95 | area=   all | maxDets=1000 ] = 0.322
 Average Recall     (AR) @[ IoU=0.50:0.95 | area= small | maxDets=1000 ] = 0.008
 Average Recall     (AR) @[ IoU=0.50:0.95 | area=medium | maxDets=1000 ] = 0.115
 Average Recall     (AR) @[ IoU=0.50:0.95 | area= large | maxDets=1000 ] = 0.386
OrderedDict({'bbox_mAP': 0.288, 'bbox_mAP_50': 0.486, 'bbox_mAP_75': 0.294, 'bbox_mAP_s': 0.002, 'bbox_mAP_m': 0.071, 'bbox_mAP_l': 0.353, 'bbox_mAP_copypaste': '0.288 0.486 0.294 0.002 0.071 0.353', 'segm_mAP': 0.232, 'segm_mAP_50': 0.423, 'segm_mAP_75': 0.216, 'segm_mAP_s': 0.001, 'segm_mAP_m': 0.054, 'segm_mAP_l': 0.295, 'segm_mAP_copypaste': '0.232 0.423 0.216 0.001 0.054 0.295'})
/usr/lib/python3.12/multiprocessing/popen_fork.py:66: DeprecationWarning: This process (pid=7546) is multi-threaded, use of fork() may lead to deadlocks in the child.
  self.pid = os.fork()
/content/EALLIS/mmdetection/mmdet/core/anchor/anchor_generator.py:323: UserWarning: ``grid_anchors`` would be deprecated soon. Please use ``grid_priors`` 
  warnings.warn('``grid_anchors`` would be deprecated soon. '
/content/EALLIS/mmdetection/mmdet/core/anchor/anchor_generator.py:359: UserWarning: ``single_level_grid_anchors`` would be deprecated soon. Please use ``single_level_grid_priors`` 
  warnings.warn(
2026-06-30 15:17:25,140 - mmdet - INFO - Epoch [3][50/1324]	lr: 1.000e-02, eta: 3:04:59, time: 3.040, data_time: 0.191, memory: 10119, noise_inv_loss: 0.0008, clean_loss_rpn_cls: 0.0213, clean_loss_rpn_bbox: 0.0164, clean_loss_cls: 0.1174, clean_acc: 95.9702, clean_loss_bbox: 0.1323, clean_loss_mask: 0.2943, loss_rpn_cls: 0.0355, loss_rpn_bbox: 0.0183, loss_cls: 0.1340, acc: 95.7173, loss_bbox: 0.1376, loss_mask: 0.3440, loss: 1.2518
2026-06-30 15:19:50,857 - mmdet - INFO - Epoch [3][100/1324]	lr: 1.000e-02, eta: 3:02:44, time: 2.914, data_time: 0.042, memory: 10119, noise_inv_loss: 0.0008, clean_loss_rpn_cls: 0.0236, clean_loss_rpn_bbox: 0.0172, clean_loss_cls: 0.1193, clean_acc: 95.7144, clean_loss_bbox: 0.1433, clean_loss_mask: 0.2971, loss_rpn_cls: 0.0341, loss_rpn_bbox: 0.0186, loss_cls: 0.1307, acc: 95.5674, loss_bbox: 0.1436, loss_mask: 0.3310, loss: 1.2592
2026-06-30 15:22:16,826 - mmdet - INFO - Epoch [3][150/1324]	lr: 1.000e-02, eta: 3:00:28, time: 2.919, data_time: 0.042, memory: 10119, noise_inv_loss: 0.0008, clean_loss_rpn_cls: 0.0252, clean_loss_rpn_bbox: 0.0195, clean_loss_cls: 0.1238, clean_acc: 95.5327, clean_loss_bbox: 0.1513, clean_loss_mask: 0.2920, loss_rpn_cls: 0.0388, loss_rpn_bbox: 0.0215, loss_cls: 0.1413, acc: 95.2788, loss_bbox: 0.1556, loss_mask: 0.3381, loss: 1.3078
2026-06-30 15:24:44,736 - mmdet - INFO - Epoch [3][200/1324]	lr: 1.000e-02, eta: 2:58:15, time: 2.958, data_time: 0.042, memory: 10247, noise_inv_loss: 0.0008, clean_loss_rpn_cls: 0.0191, clean_loss_rpn_bbox: 0.0174, clean_loss_cls: 0.1133, clean_acc: 95.8477, clean_loss_bbox: 0.1419, clean_loss_mask: 0.2858, loss_rpn_cls: 0.0368, loss_rpn_bbox: 0.0196, loss_cls: 0.1292, acc: 95.7344, loss_bbox: 0.1394, loss_mask: 0.3284, loss: 1.2316
2026-06-30 15:27:06,151 - mmdet - INFO - Epoch [3][250/1324]	lr: 1.000e-02, eta: 2:55:53, time: 2.828, data_time: 0.042, memory: 10247, noise_inv_loss: 0.0008, clean_loss_rpn_cls: 0.0234, clean_loss_rpn_bbox: 0.0175, clean_loss_cls: 0.1118, clean_acc: 96.0293, clean_loss_bbox: 0.1359, clean_loss_mask: 0.2969, loss_rpn_cls: 0.0358, loss_rpn_bbox: 0.0192, loss_cls: 0.1256, acc: 95.9023, loss_bbox: 0.1351, loss_mask: 0.3335, loss: 1.2356
2026-06-30 15:29:29,465 - mmdet - INFO - Epoch [3][300/1324]	lr: 1.000e-02, eta: 2:53:33, time: 2.866, data_time: 0.042, memory: 10247, noise_inv_loss: 0.0008, clean_loss_rpn_cls: 0.0228, clean_loss_rpn_bbox: 0.0187, clean_loss_cls: 0.1176, clean_acc: 95.7295, clean_loss_bbox: 0.1471, clean_loss_mask: 0.2861, loss_rpn_cls: 0.0397, loss_rpn_bbox: 0.0206, loss_cls: 0.1346, acc: 95.4570, loss_bbox: 0.1471, loss_mask: 0.3304, loss: 1.2654
2026-06-30 15:31:53,074 - mmdet - INFO - Epoch [3][350/1324]	lr: 1.000e-02, eta: 2:51:13, time: 2.872, data_time: 0.042, memory: 10536, noise_inv_loss: 0.0008, clean_loss_rpn_cls: 0.0223, clean_loss_rpn_bbox: 0.0169, clean_loss_cls: 0.1236, clean_acc: 95.4976, clean_loss_bbox: 0.1476, clean_loss_mask: 0.2930, loss_rpn_cls: 0.0361, loss_rpn_bbox: 0.0184, loss_cls: 0.1395, acc: 95.4287, loss_bbox: 0.1493, loss_mask: 0.3392, loss: 1.2866
2026-06-30 15:34:18,857 - mmdet - INFO - Epoch [3][400/1324]	lr: 1.000e-02, eta: 2:48:56, time: 2.916, data_time: 0.041, memory: 10536, noise_inv_loss: 0.0008, clean_loss_rpn_cls: 0.0235, clean_loss_rpn_bbox: 0.0168, clean_loss_cls: 0.1167, clean_acc: 95.7910, clean_loss_bbox: 0.1451, clean_loss_mask: 0.3002, loss_rpn_cls: 0.0347, loss_rpn_bbox: 0.0182, loss_cls: 0.1355, acc: 95.4639, loss_bbox: 0.1486, loss_mask: 0.3423, loss: 1.2823
2026-06-30 15:36:41,446 - mmdet - INFO - Epoch [3][450/1324]	lr: 1.000e-02, eta: 2:46:35, time: 2.852, data_time: 0.037, memory: 10536, noise_inv_loss: 0.0008, clean_loss_rpn_cls: 0.0226, clean_loss_rpn_bbox: 0.0167, clean_loss_cls: 0.1141, clean_acc: 96.0405, clean_loss_bbox: 0.1315, clean_loss_mask: 0.3025, loss_rpn_cls: 0.0364, loss_rpn_bbox: 0.0184, loss_cls: 0.1291, acc: 95.8320, loss_bbox: 0.1333, loss_mask: 0.3444, loss: 1.2499
2026-06-30 15:39:04,233 - mmdet - INFO - Epoch [3][500/1324]	lr: 1.000e-02, eta: 2:44:14, time: 2.856, data_time: 0.040, memory: 10536, noise_inv_loss: 0.0008, clean_loss_rpn_cls: 0.0263, clean_loss_rpn_bbox: 0.0179, clean_loss_cls: 0.1204, clean_acc: 95.7773, clean_loss_bbox: 0.1435, clean_loss_mask: 0.3036, loss_rpn_cls: 0.0413, loss_rpn_bbox: 0.0197, loss_cls: 0.1313, acc: 95.7031, loss_bbox: 0.1419, loss_mask: 0.3502, loss: 1.2969
2026-06-30 15:41:27,462 - mmdet - INFO - Epoch [3][550/1324]	lr: 1.000e-02, eta: 2:41:53, time: 2.865, data_time: 0.040, memory: 10536, noise_inv_loss: 0.0008, clean_loss_rpn_cls: 0.0233, clean_loss_rpn_bbox: 0.0170, clean_loss_cls: 0.1156, clean_acc: 95.7681, clean_loss_bbox: 0.1384, clean_loss_mask: 0.2865, loss_rpn_cls: 0.0352, loss_rpn_bbox: 0.0186, loss_cls: 0.1341, acc: 95.5571, loss_bbox: 0.1392, loss_mask: 0.3326, loss: 1.2412
2026-06-30 15:43:48,459 - mmdet - INFO - Epoch [3][600/1324]	lr: 1.000e-02, eta: 2:39:31, time: 2.820, data_time: 0.039, memory: 10536, noise_inv_loss: 0.0008, clean_loss_rpn_cls: 0.0244, clean_loss_rpn_bbox: 0.0200, clean_loss_cls: 0.1108, clean_acc: 96.0161, clean_loss_bbox: 0.1358, clean_loss_mask: 0.2903, loss_rpn_cls: 0.0374, loss_rpn_bbox: 0.0212, loss_cls: 0.1214, acc: 95.9014, loss_bbox: 0.1347, loss_mask: 0.3249, loss: 1.2218
2026-06-30 15:46:12,644 - mmdet - INFO - Epoch [3][650/1324]	lr: 1.000e-02, eta: 2:37:11, time: 2.884, data_time: 0.042, memory: 10536, noise_inv_loss: 0.0008, clean_loss_rpn_cls: 0.0296, clean_loss_rpn_bbox: 0.0194, clean_loss_cls: 0.1212, clean_acc: 95.6304, clean_loss_bbox: 0.1457, clean_loss_mask: 0.2975, loss_rpn_cls: 0.0430, loss_rpn_bbox: 0.0208, loss_cls: 0.1360, acc: 95.6094, loss_bbox: 0.1434, loss_mask: 0.3419, loss: 1.2993
2026-06-30 15:48:34,629 - mmdet - INFO - Epoch [3][700/1324]	lr: 1.000e-02, eta: 2:34:49, time: 2.840, data_time: 0.039, memory: 10536, noise_inv_loss: 0.0008, clean_loss_rpn_cls: 0.0229, clean_loss_rpn_bbox: 0.0166, clean_loss_cls: 0.1100, clean_acc: 96.1753, clean_loss_bbox: 0.1272, clean_loss_mask: 0.3061, loss_rpn_cls: 0.0348, loss_rpn_bbox: 0.0180, loss_cls: 0.1266, acc: 95.9531, loss_bbox: 0.1300, loss_mask: 0.3471, loss: 1.2402
2026-06-30 15:50:58,683 - mmdet - INFO - Epoch [3][750/1324]	lr: 1.000e-02, eta: 2:32:29, time: 2.881, data_time: 0.042, memory: 10536, noise_inv_loss: 0.0008, clean_loss_rpn_cls: 0.0283, clean_loss_rpn_bbox: 0.0188, clean_loss_cls: 0.1241, clean_acc: 95.5947, clean_loss_bbox: 0.1454, clean_loss_mask: 0.3131, loss_rpn_cls: 0.0404, loss_rpn_bbox: 0.0202, loss_cls: 0.1420, acc: 95.4048, loss_bbox: 0.1495, loss_mask: 0.3552, loss: 1.3378
2026-06-30 15:53:21,894 - mmdet - INFO - Epoch [3][800/1324]	lr: 1.000e-02, eta: 2:30:08, time: 2.864, data_time: 0.042, memory: 10536, noise_inv_loss: 0.0008, clean_loss_rpn_cls: 0.0216, clean_loss_rpn_bbox: 0.0180, clean_loss_cls: 0.1142, clean_acc: 95.8628, clean_loss_bbox: 0.1410, clean_loss_mask: 0.3029, loss_rpn_cls: 0.0388, loss_rpn_bbox: 0.0203, loss_cls: 0.1328, acc: 95.7007, loss_bbox: 0.1422, loss_mask: 0.3456, loss: 1.2782
2026-06-30 15:55:46,054 - mmdet - INFO - Epoch [3][850/1324]	lr: 1.000e-02, eta: 2:27:48, time: 2.883, data_time: 0.042, memory: 10536, noise_inv_loss: 0.0008, clean_loss_rpn_cls: 0.0276, clean_loss_rpn_bbox: 0.0203, clean_loss_cls: 0.1237, clean_acc: 95.6465, clean_loss_bbox: 0.1447, clean_loss_mask: 0.2996, loss_rpn_cls: 0.0399, loss_rpn_bbox: 0.0217, loss_cls: 0.1375, acc: 95.3975, loss_bbox: 0.1464, loss_mask: 0.3359, loss: 1.2979
2026-06-30 15:58:09,678 - mmdet - INFO - Epoch [3][900/1324]	lr: 1.000e-02, eta: 2:25:27, time: 2.873, data_time: 0.041, memory: 10536, noise_inv_loss: 0.0008, clean_loss_rpn_cls: 0.0259, clean_loss_rpn_bbox: 0.0170, clean_loss_cls: 0.1206, clean_acc: 95.7534, clean_loss_bbox: 0.1414, clean_loss_mask: 0.3026, loss_rpn_cls: 0.0392, loss_rpn_bbox: 0.0184, loss_cls: 0.1358, acc: 95.6646, loss_bbox: 0.1425, loss_mask: 0.3467, loss: 1.2907
2026-06-30 16:00:32,050 - mmdet - INFO - Epoch [3][950/1324]	lr: 1.000e-02, eta: 2:23:06, time: 2.847, data_time: 0.042, memory: 10536, noise_inv_loss: 0.0008, clean_loss_rpn_cls: 0.0230, clean_loss_rpn_bbox: 0.0200, clean_loss_cls: 0.1130, clean_acc: 95.9541, clean_loss_bbox: 0.1449, clean_loss_mask: 0.3109, loss_rpn_cls: 0.0375, loss_rpn_bbox: 0.0218, loss_cls: 0.1308, acc: 95.6680, loss_bbox: 0.1466, loss_mask: 0.3594, loss: 1.3087
2026-06-30 16:02:56,669 - mmdet - INFO - Epoch [3][1000/1324]	lr: 1.000e-02, eta: 2:20:46, time: 2.892, data_time: 0.042, memory: 10536, noise_inv_loss: 0.0008, clean_loss_rpn_cls: 0.0262, clean_loss_rpn_bbox: 0.0181, clean_loss_cls: 0.1212, clean_acc: 95.7676, clean_loss_bbox: 0.1458, clean_loss_mask: 0.3048, loss_rpn_cls: 0.0426, loss_rpn_bbox: 0.0198, loss_cls: 0.1347, acc: 95.6274, loss_bbox: 0.1449, loss_mask: 0.3390, loss: 1.2977
2026-06-30 16:05:21,073 - mmdet - INFO - Epoch [3][1050/1324]	lr: 1.000e-02, eta: 2:18:25, time: 2.888, data_time: 0.039, memory: 10536, noise_inv_loss: 0.0008, clean_loss_rpn_cls: 0.0263, clean_loss_rpn_bbox: 0.0182, clean_loss_cls: 0.1199, clean_acc: 95.8325, clean_loss_bbox: 0.1396, clean_loss_mask: 0.2948, loss_rpn_cls: 0.0391, loss_rpn_bbox: 0.0202, loss_cls: 0.1363, acc: 95.6182, loss_bbox: 0.1415, loss_mask: 0.3390, loss: 1.2757
2026-06-30 16:07:46,715 - mmdet - INFO - Epoch [3][1100/1324]	lr: 1.000e-02, eta: 2:16:06, time: 2.913, data_time: 0.042, memory: 10536, noise_inv_loss: 0.0008, clean_loss_rpn_cls: 0.0263, clean_loss_rpn_bbox: 0.0198, clean_loss_cls: 0.1203, clean_acc: 95.5703, clean_loss_bbox: 0.1433, clean_loss_mask: 0.2928, loss_rpn_cls: 0.0413, loss_rpn_bbox: 0.0212, loss_cls: 0.1353, acc: 95.5171, loss_bbox: 0.1420, loss_mask: 0.3307, loss: 1.2739
2026-06-30 16:10:13,196 - mmdet - INFO - Epoch [3][1150/1324]	lr: 1.000e-02, eta: 2:13:47, time: 2.930, data_time: 0.043, memory: 10536, noise_inv_loss: 0.0008, clean_loss_rpn_cls: 0.0250, clean_loss_rpn_bbox: 0.0178, clean_loss_cls: 0.1170, clean_acc: 95.7661, clean_loss_bbox: 0.1406, clean_loss_mask: 0.2911, loss_rpn_cls: 0.0343, loss_rpn_bbox: 0.0192, loss_cls: 0.1326, acc: 95.6636, loss_bbox: 0.1426, loss_mask: 0.3287, loss: 1.2496
2026-06-30 16:12:37,139 - mmdet - INFO - Epoch [3][1200/1324]	lr: 1.000e-02, eta: 2:11:26, time: 2.879, data_time: 0.042, memory: 10536, noise_inv_loss: 0.0008, clean_loss_rpn_cls: 0.0301, clean_loss_rpn_bbox: 0.0212, clean_loss_cls: 0.1252, clean_acc: 95.6406, clean_loss_bbox: 0.1420, clean_loss_mask: 0.3101, loss_rpn_cls: 0.0457, loss_rpn_bbox: 0.0232, loss_cls: 0.1362, acc: 95.5757, loss_bbox: 0.1395, loss_mask: 0.3557, loss: 1.3297
2026-06-30 16:15:00,591 - mmdet - INFO - Epoch [3][1250/1324]	lr: 1.000e-02, eta: 2:09:05, time: 2.869, data_time: 0.041, memory: 10536, noise_inv_loss: 0.0008, clean_loss_rpn_cls: 0.0249, clean_loss_rpn_bbox: 0.0189, clean_loss_cls: 0.1216, clean_acc: 95.7725, clean_loss_bbox: 0.1358, clean_loss_mask: 0.2914, loss_rpn_cls: 0.0391, loss_rpn_bbox: 0.0206, loss_cls: 0.1376, acc: 95.6353, loss_bbox: 0.1341, loss_mask: 0.3353, loss: 1.2602
2026-06-30 16:17:21,296 - mmdet - INFO - Epoch [3][1300/1324]	lr: 1.000e-02, eta: 2:06:41, time: 2.814, data_time: 0.040, memory: 10536, noise_inv_loss: 0.0008, clean_loss_rpn_cls: 0.0241, clean_loss_rpn_bbox: 0.0176, clean_loss_cls: 0.1143, clean_acc: 95.8706, clean_loss_bbox: 0.1324, clean_loss_mask: 0.2971, loss_rpn_cls: 0.0368, loss_rpn_bbox: 0.0191, loss_cls: 0.1248, acc: 95.8877, loss_bbox: 0.1305, loss_mask: 0.3384, loss: 1.2359
[                                                  ] 0/669, elapsed: 0s, ETA:
[                                 ] 1/669, 1.8 task/s, elapsed: 1s, ETA:   364s
[                                 ] 2/669, 3.2 task/s, elapsed: 1s, ETA:   208s
[                                 ] 3/669, 4.2 task/s, elapsed: 1s, ETA:   157s
[                                 ] 4/669, 5.0 task/s, elapsed: 1s, ETA:   133s
[                                 ] 5/669, 5.7 task/s, elapsed: 1s, ETA:   117s
[                                 ] 6/669, 6.2 task/s, elapsed: 1s, ETA:   107s
[                                 ] 7/669, 6.5 task/s, elapsed: 1s, ETA:   103s
[                                 ] 8/669, 6.3 task/s, elapsed: 1s, ETA:   105s
[                                 ] 9/669, 6.7 task/s, elapsed: 1s, ETA:    99s
[                                ] 10/669, 6.6 task/s, elapsed: 2s, ETA:   100s
[                                ] 11/669, 6.4 task/s, elapsed: 2s, ETA:   103s
[                                ] 12/669, 6.4 task/s, elapsed: 2s, ETA:   103s
[                                ] 13/669, 6.5 task/s, elapsed: 2s, ETA:   101s
[                                ] 14/669, 6.7 task/s, elapsed: 2s, ETA:    98s
[                                ] 15/669, 6.9 task/s, elapsed: 2s, ETA:    95s
[                                ] 16/669, 7.0 task/s, elapsed: 2s, ETA:    93s
[                                ] 17/669, 7.2 task/s, elapsed: 2s, ETA:    90s
[                                ] 18/669, 7.3 task/s, elapsed: 2s, ETA:    90s
[                                ] 19/669, 7.3 task/s, elapsed: 3s, ETA:    89s
[                                ] 20/669, 7.5 task/s, elapsed: 3s, ETA:    87s
[>                               ] 21/669, 7.6 task/s, elapsed: 3s, ETA:    85s
[>                               ] 22/669, 7.5 task/s, elapsed: 3s, ETA:    86s
[>                               ] 23/669, 7.6 task/s, elapsed: 3s, ETA:    85s
[>                               ] 24/669, 7.6 task/s, elapsed: 3s, ETA:    84s
[>                               ] 25/669, 7.7 task/s, elapsed: 3s, ETA:    84s
[>                               ] 26/669, 7.8 task/s, elapsed: 3s, ETA:    82s
[>                               ] 27/669, 7.9 task/s, elapsed: 3s, ETA:    81s
[>                               ] 28/669, 7.9 task/s, elapsed: 4s, ETA:    82s
[>                               ] 29/669, 7.8 task/s, elapsed: 4s, ETA:    82s
[>                               ] 30/669, 7.9 task/s, elapsed: 4s, ETA:    81s
[>                               ] 31/669, 8.0 task/s, elapsed: 4s, ETA:    79s
[>                               ] 32/669, 8.1 task/s, elapsed: 4s, ETA:    78s
[>                               ] 33/669, 8.2 task/s, elapsed: 4s, ETA:    77s
[>                               ] 34/669, 8.3 task/s, elapsed: 4s, ETA:    77s
[>                               ] 35/669, 8.4 task/s, elapsed: 4s, ETA:    76s
[>                               ] 36/669, 8.5 task/s, elapsed: 4s, ETA:    75s
[>                               ] 37/669, 8.5 task/s, elapsed: 4s, ETA:    74s
[>                               ] 38/669, 8.6 task/s, elapsed: 4s, ETA:    73s
[>                               ] 39/669, 8.7 task/s, elapsed: 4s, ETA:    73s
[>                               ] 40/669, 8.7 task/s, elapsed: 5s, ETA:    72s
[>                               ] 41/669, 8.8 task/s, elapsed: 5s, ETA:    71s
[>>                              ] 42/669, 8.8 task/s, elapsed: 5s, ETA:    71s
[>>                              ] 43/669, 8.8 task/s, elapsed: 5s, ETA:    71s
[>>                              ] 44/669, 8.8 task/s, elapsed: 5s, ETA:    71s
[>>                              ] 45/669, 8.9 task/s, elapsed: 5s, ETA:    70s
[>>                              ] 46/669, 8.9 task/s, elapsed: 5s, ETA:    70s
[>>                              ] 47/669, 8.9 task/s, elapsed: 5s, ETA:    70s
[>>                              ] 48/669, 9.0 task/s, elapsed: 5s, ETA:    69s
[>>                              ] 49/669, 9.1 task/s, elapsed: 5s, ETA:    68s
[>>                              ] 50/669, 9.1 task/s, elapsed: 6s, ETA:    68s
[>>                              ] 51/669, 9.1 task/s, elapsed: 6s, ETA:    68s
[>>                              ] 52/669, 9.1 task/s, elapsed: 6s, ETA:    68s
[>>                              ] 53/669, 9.1 task/s, elapsed: 6s, ETA:    68s
[>>                              ] 54/669, 9.2 task/s, elapsed: 6s, ETA:    67s
[>>                              ] 55/669, 9.2 task/s, elapsed: 6s, ETA:    67s
[>>                              ] 56/669, 9.2 task/s, elapsed: 6s, ETA:    67s
[>>                              ] 57/669, 9.2 task/s, elapsed: 6s, ETA:    66s
[>>                              ] 58/669, 9.3 task/s, elapsed: 6s, ETA:    66s
[>>                              ] 59/669, 9.3 task/s, elapsed: 6s, ETA:    66s
[>>                              ] 60/669, 9.3 task/s, elapsed: 6s, ETA:    65s
[>>                              ] 61/669, 9.3 task/s, elapsed: 7s, ETA:    65s
[>>                              ] 62/669, 9.4 task/s, elapsed: 7s, ETA:    65s
[>>>                             ] 63/669, 9.4 task/s, elapsed: 7s, ETA:    64s
[>>>                             ] 64/669, 9.5 task/s, elapsed: 7s, ETA:    64s
[>>>                             ] 65/669, 9.4 task/s, elapsed: 7s, ETA:    64s
[>>>                             ] 66/669, 9.5 task/s, elapsed: 7s, ETA:    64s
[>>>                             ] 67/669, 9.5 task/s, elapsed: 7s, ETA:    64s
[>>>                             ] 68/669, 9.4 task/s, elapsed: 7s, ETA:    64s
[>>>                             ] 69/669, 9.5 task/s, elapsed: 7s, ETA:    63s
[>>>                             ] 70/669, 9.5 task/s, elapsed: 7s, ETA:    63s
[>>>                             ] 71/669, 9.5 task/s, elapsed: 7s, ETA:    63s
[>>>                             ] 72/669, 9.5 task/s, elapsed: 8s, ETA:    63s
[>>>                             ] 73/669, 9.4 task/s, elapsed: 8s, ETA:    63s
[>>>                             ] 74/669, 9.4 task/s, elapsed: 8s, ETA:    63s
[>>>                             ] 75/669, 9.5 task/s, elapsed: 8s, ETA:    63s
[>>>                             ] 76/669, 9.5 task/s, elapsed: 8s, ETA:    63s
[>>>                             ] 77/669, 9.5 task/s, elapsed: 8s, ETA:    62s
[>>>                             ] 78/669, 9.5 task/s, elapsed: 8s, ETA:    62s
[>>>                             ] 79/669, 9.5 task/s, elapsed: 8s, ETA:    62s
[>>>                             ] 80/669, 9.5 task/s, elapsed: 8s, ETA:    62s
[>>>                             ] 81/669, 9.4 task/s, elapsed: 9s, ETA:    62s
[>>>                             ] 82/669, 9.4 task/s, elapsed: 9s, ETA:    62s
[>>>                             ] 83/669, 9.5 task/s, elapsed: 9s, ETA:    62s
[>>>>                            ] 84/669, 9.4 task/s, elapsed: 9s, ETA:    62s
[>>>>                            ] 85/669, 9.4 task/s, elapsed: 9s, ETA:    62s
[>>>>                            ] 86/669, 9.3 task/s, elapsed: 9s, ETA:    62s
[>>>>                            ] 87/669, 9.3 task/s, elapsed: 9s, ETA:    63s
[>>>>                           ] 88/669, 9.2 task/s, elapsed: 10s, ETA:    63s
[>>>>                           ] 89/669, 9.2 task/s, elapsed: 10s, ETA:    63s
[>>>>                           ] 90/669, 9.2 task/s, elapsed: 10s, ETA:    63s
[>>>>                           ] 91/669, 9.2 task/s, elapsed: 10s, ETA:    63s
[>>>>                           ] 92/669, 9.3 task/s, elapsed: 10s, ETA:    62s
[>>>>                           ] 93/669, 9.2 task/s, elapsed: 10s, ETA:    62s
[>>>>                           ] 94/669, 9.2 task/s, elapsed: 10s, ETA:    62s
[>>>>                           ] 95/669, 9.2 task/s, elapsed: 10s, ETA:    62s
[>>>>                           ] 96/669, 9.2 task/s, elapsed: 10s, ETA:    62s
[>>>>                           ] 97/669, 9.3 task/s, elapsed: 10s, ETA:    62s
[>>>>                           ] 98/669, 9.2 task/s, elapsed: 11s, ETA:    62s
[>>>>                           ] 99/669, 9.2 task/s, elapsed: 11s, ETA:    62s
[>>>>                          ] 100/669, 9.2 task/s, elapsed: 11s, ETA:    62s
[>>>>                          ] 101/669, 9.2 task/s, elapsed: 11s, ETA:    62s
[>>>>                          ] 102/669, 9.2 task/s, elapsed: 11s, ETA:    61s
[>>>>                          ] 103/669, 9.2 task/s, elapsed: 11s, ETA:    61s
[>>>>                          ] 104/669, 9.2 task/s, elapsed: 11s, ETA:    61s
[>>>>                          ] 105/669, 9.2 task/s, elapsed: 11s, ETA:    61s
[>>>>                          ] 106/669, 9.2 task/s, elapsed: 11s, ETA:    61s
[>>>>                          ] 107/669, 9.2 task/s, elapsed: 12s, ETA:    61s
[>>>>                          ] 108/669, 9.2 task/s, elapsed: 12s, ETA:    61s
[>>>>                          ] 109/669, 9.1 task/s, elapsed: 12s, ETA:    61s
[>>>>                          ] 110/669, 9.1 task/s, elapsed: 12s, ETA:    62s
[>>>>                          ] 111/669, 9.0 task/s, elapsed: 12s, ETA:    62s
[>>>>>                         ] 112/669, 9.0 task/s, elapsed: 12s, ETA:    62s
[>>>>>                         ] 113/669, 8.9 task/s, elapsed: 13s, ETA:    62s
[>>>>>                         ] 114/669, 8.9 task/s, elapsed: 13s, ETA:    62s
[>>>>>                         ] 115/669, 8.9 task/s, elapsed: 13s, ETA:    63s
[>>>>>                         ] 116/669, 8.8 task/s, elapsed: 13s, ETA:    62s
[>>>>>                         ] 117/669, 8.8 task/s, elapsed: 13s, ETA:    62s
[>>>>>                         ] 118/669, 8.8 task/s, elapsed: 13s, ETA:    62s
[>>>>>                         ] 119/669, 8.8 task/s, elapsed: 14s, ETA:    62s
[>>>>>                         ] 120/669, 8.8 task/s, elapsed: 14s, ETA:    62s
[>>>>>                         ] 121/669, 8.7 task/s, elapsed: 14s, ETA:    63s
[>>>>>                         ] 122/669, 8.8 task/s, elapsed: 14s, ETA:    62s
[>>>>>                         ] 123/669, 8.7 task/s, elapsed: 14s, ETA:    63s
[>>>>>                         ] 124/669, 8.7 task/s, elapsed: 14s, ETA:    62s
[>>>>>                         ] 125/669, 8.7 task/s, elapsed: 14s, ETA:    62s
[>>>>>                         ] 126/669, 8.7 task/s, elapsed: 14s, ETA:    62s
[>>>>>                         ] 127/669, 8.7 task/s, elapsed: 15s, ETA:    62s
[>>>>>                         ] 128/669, 8.8 task/s, elapsed: 15s, ETA:    62s
[>>>>>                         ] 129/669, 8.8 task/s, elapsed: 15s, ETA:    62s
[>>>>>                         ] 130/669, 8.8 task/s, elapsed: 15s, ETA:    61s
[>>>>>                         ] 131/669, 8.8 task/s, elapsed: 15s, ETA:    61s
[>>>>>                         ] 132/669, 8.8 task/s, elapsed: 15s, ETA:    61s
[>>>>>                         ] 133/669, 8.9 task/s, elapsed: 15s, ETA:    61s
[>>>>>>                        ] 134/669, 8.9 task/s, elapsed: 15s, ETA:    60s
[>>>>>>                        ] 135/669, 8.9 task/s, elapsed: 15s, ETA:    60s
[>>>>>>                        ] 136/669, 8.9 task/s, elapsed: 15s, ETA:    60s
[>>>>>>                        ] 137/669, 8.9 task/s, elapsed: 15s, ETA:    60s
[>>>>>>                        ] 138/669, 8.8 task/s, elapsed: 16s, ETA:    60s
[>>>>>>                        ] 139/669, 8.9 task/s, elapsed: 16s, ETA:    60s
[>>>>>>                        ] 140/669, 8.9 task/s, elapsed: 16s, ETA:    60s
[>>>>>>                        ] 141/669, 8.9 task/s, elapsed: 16s, ETA:    59s
[>>>>>>                        ] 142/669, 8.9 task/s, elapsed: 16s, ETA:    59s
[>>>>>>                        ] 143/669, 8.9 task/s, elapsed: 16s, ETA:    59s
[>>>>>>                        ] 144/669, 8.9 task/s, elapsed: 16s, ETA:    59s
[>>>>>>                        ] 145/669, 8.9 task/s, elapsed: 16s, ETA:    59s
[>>>>>>                        ] 146/669, 8.9 task/s, elapsed: 16s, ETA:    59s
[>>>>>>                        ] 147/669, 8.9 task/s, elapsed: 17s, ETA:    59s
[>>>>>>                        ] 148/669, 8.9 task/s, elapsed: 17s, ETA:    59s
[>>>>>>                        ] 149/669, 8.8 task/s, elapsed: 17s, ETA:    59s
[>>>>>>                        ] 150/669, 8.8 task/s, elapsed: 17s, ETA:    59s
[>>>>>>                        ] 151/669, 8.8 task/s, elapsed: 17s, ETA:    59s
[>>>>>>                        ] 152/669, 8.8 task/s, elapsed: 17s, ETA:    59s
[>>>>>>                        ] 153/669, 8.8 task/s, elapsed: 17s, ETA:    59s
[>>>>>>                        ] 154/669, 8.8 task/s, elapsed: 17s, ETA:    58s
[>>>>>>                        ] 155/669, 8.8 task/s, elapsed: 18s, ETA:    58s
[>>>>>>                        ] 156/669, 8.8 task/s, elapsed: 18s, ETA:    58s
[>>>>>>>                       ] 157/669, 8.8 task/s, elapsed: 18s, ETA:    58s
[>>>>>>>                       ] 158/669, 8.9 task/s, elapsed: 18s, ETA:    58s
[>>>>>>>                       ] 159/669, 8.9 task/s, elapsed: 18s, ETA:    58s
[>>>>>>>                       ] 160/669, 8.9 task/s, elapsed: 18s, ETA:    57s
[>>>>>>>                       ] 161/669, 8.9 task/s, elapsed: 18s, ETA:    57s
[>>>>>>>                       ] 162/669, 8.9 task/s, elapsed: 18s, ETA:    57s
[>>>>>>>                       ] 163/669, 8.9 task/s, elapsed: 18s, ETA:    57s
[>>>>>>>                       ] 164/669, 8.9 task/s, elapsed: 18s, ETA:    57s
[>>>>>>>                       ] 165/669, 8.9 task/s, elapsed: 19s, ETA:    57s
[>>>>>>>                       ] 166/669, 8.9 task/s, elapsed: 19s, ETA:    56s
[>>>>>>>                       ] 167/669, 8.9 task/s, elapsed: 19s, ETA:    56s
[>>>>>>>                       ] 168/669, 8.9 task/s, elapsed: 19s, ETA:    56s
[>>>>>>>                       ] 169/669, 8.9 task/s, elapsed: 19s, ETA:    56s
[>>>>>>>                       ] 170/669, 8.9 task/s, elapsed: 19s, ETA:    56s
[>>>>>>>                       ] 171/669, 8.9 task/s, elapsed: 19s, ETA:    56s
[>>>>>>>                       ] 172/669, 9.0 task/s, elapsed: 19s, ETA:    55s
[>>>>>>>                       ] 173/669, 9.0 task/s, elapsed: 19s, ETA:    55s
[>>>>>>>                       ] 174/669, 9.0 task/s, elapsed: 19s, ETA:    55s
[>>>>>>>                       ] 175/669, 9.0 task/s, elapsed: 19s, ETA:    55s
[>>>>>>>                       ] 176/669, 9.0 task/s, elapsed: 20s, ETA:    55s
[>>>>>>>                       ] 177/669, 9.0 task/s, elapsed: 20s, ETA:    55s
[>>>>>>>                       ] 178/669, 9.0 task/s, elapsed: 20s, ETA:    55s
[>>>>>>>>                      ] 179/669, 9.0 task/s, elapsed: 20s, ETA:    54s
[>>>>>>>>                      ] 180/669, 9.0 task/s, elapsed: 20s, ETA:    54s
[>>>>>>>>                      ] 181/669, 9.0 task/s, elapsed: 20s, ETA:    54s
[>>>>>>>>                      ] 182/669, 9.0 task/s, elapsed: 20s, ETA:    54s
[>>>>>>>>                      ] 183/669, 9.0 task/s, elapsed: 20s, ETA:    54s
[>>>>>>>>                      ] 184/669, 9.1 task/s, elapsed: 20s, ETA:    54s
[>>>>>>>>                      ] 185/669, 9.1 task/s, elapsed: 20s, ETA:    53s
[>>>>>>>>                      ] 186/669, 9.1 task/s, elapsed: 20s, ETA:    53s
[>>>>>>>>                      ] 187/669, 9.0 task/s, elapsed: 21s, ETA:    54s
[>>>>>>>>                      ] 188/669, 9.0 task/s, elapsed: 21s, ETA:    54s
[>>>>>>>>                      ] 189/669, 9.0 task/s, elapsed: 21s, ETA:    54s
[>>>>>>>>                      ] 190/669, 8.9 task/s, elapsed: 21s, ETA:    54s
[>>>>>>>>                      ] 191/669, 8.9 task/s, elapsed: 22s, ETA:    54s
[>>>>>>>>                      ] 192/669, 8.8 task/s, elapsed: 22s, ETA:    54s
[>>>>>>>>                      ] 193/669, 8.8 task/s, elapsed: 22s, ETA:    54s
[>>>>>>>>                      ] 194/669, 8.8 task/s, elapsed: 22s, ETA:    54s
[>>>>>>>>                      ] 195/669, 8.8 task/s, elapsed: 22s, ETA:    54s
[>>>>>>>>                      ] 196/669, 8.8 task/s, elapsed: 22s, ETA:    54s
[>>>>>>>>                      ] 197/669, 8.7 task/s, elapsed: 23s, ETA:    54s
[>>>>>>>>                      ] 198/669, 8.7 task/s, elapsed: 23s, ETA:    54s
[>>>>>>>>                      ] 199/669, 8.7 task/s, elapsed: 23s, ETA:    54s
[>>>>>>>>                      ] 200/669, 8.7 task/s, elapsed: 23s, ETA:    54s
[>>>>>>>>>                     ] 201/669, 8.6 task/s, elapsed: 23s, ETA:    55s
[>>>>>>>>>                     ] 202/669, 8.6 task/s, elapsed: 24s, ETA:    54s
[>>>>>>>>>                     ] 203/669, 8.5 task/s, elapsed: 24s, ETA:    55s
[>>>>>>>>>                     ] 204/669, 8.5 task/s, elapsed: 24s, ETA:    54s
[>>>>>>>>>                     ] 205/669, 8.6 task/s, elapsed: 24s, ETA:    54s
[>>>>>>>>>                     ] 206/669, 8.6 task/s, elapsed: 24s, ETA:    54s
[>>>>>>>>>                     ] 207/669, 8.5 task/s, elapsed: 24s, ETA:    54s
[>>>>>>>>>                     ] 208/669, 8.5 task/s, elapsed: 24s, ETA:    54s
[>>>>>>>>>                     ] 209/669, 8.6 task/s, elapsed: 24s, ETA:    54s
[>>>>>>>>>                     ] 210/669, 8.6 task/s, elapsed: 25s, ETA:    54s
[>>>>>>>>>                     ] 211/669, 8.6 task/s, elapsed: 25s, ETA:    54s
[>>>>>>>>>                     ] 212/669, 8.5 task/s, elapsed: 25s, ETA:    53s
[>>>>>>>>>                     ] 213/669, 8.6 task/s, elapsed: 25s, ETA:    53s
[>>>>>>>>>                     ] 214/669, 8.5 task/s, elapsed: 25s, ETA:    53s
[>>>>>>>>>                     ] 215/669, 8.6 task/s, elapsed: 25s, ETA:    53s
[>>>>>>>>>                     ] 216/669, 8.5 task/s, elapsed: 25s, ETA:    53s
[>>>>>>>>>                     ] 217/669, 8.5 task/s, elapsed: 25s, ETA:    53s
[>>>>>>>>>                     ] 218/669, 8.5 task/s, elapsed: 26s, ETA:    53s
[>>>>>>>>>                     ] 219/669, 8.5 task/s, elapsed: 26s, ETA:    53s
[>>>>>>>>>                     ] 220/669, 8.5 task/s, elapsed: 26s, ETA:    53s
[>>>>>>>>>                     ] 221/669, 8.5 task/s, elapsed: 26s, ETA:    53s
[>>>>>>>>>                     ] 222/669, 8.5 task/s, elapsed: 26s, ETA:    53s
[>>>>>>>>>>                    ] 223/669, 8.5 task/s, elapsed: 26s, ETA:    52s
[>>>>>>>>>>                    ] 224/669, 8.5 task/s, elapsed: 26s, ETA:    52s
[>>>>>>>>>>                    ] 225/669, 8.5 task/s, elapsed: 27s, ETA:    52s
[>>>>>>>>>>                    ] 226/669, 8.5 task/s, elapsed: 27s, ETA:    52s
[>>>>>>>>>>                    ] 227/669, 8.5 task/s, elapsed: 27s, ETA:    52s
[>>>>>>>>>>                    ] 228/669, 8.5 task/s, elapsed: 27s, ETA:    52s
[>>>>>>>>>>                    ] 229/669, 8.5 task/s, elapsed: 27s, ETA:    52s
[>>>>>>>>>>                    ] 230/669, 8.5 task/s, elapsed: 27s, ETA:    52s
[>>>>>>>>>>                    ] 231/669, 8.5 task/s, elapsed: 27s, ETA:    52s
[>>>>>>>>>>                    ] 232/669, 8.5 task/s, elapsed: 27s, ETA:    52s
[>>>>>>>>>>                    ] 233/669, 8.5 task/s, elapsed: 27s, ETA:    51s
[>>>>>>>>>>                    ] 234/669, 8.5 task/s, elapsed: 28s, ETA:    51s
[>>>>>>>>>>                    ] 235/669, 8.5 task/s, elapsed: 28s, ETA:    51s
[>>>>>>>>>>                    ] 236/669, 8.5 task/s, elapsed: 28s, ETA:    51s
[>>>>>>>>>>                    ] 237/669, 8.5 task/s, elapsed: 28s, ETA:    51s
[>>>>>>>>>>                    ] 238/669, 8.5 task/s, elapsed: 28s, ETA:    51s
[>>>>>>>>>>                    ] 239/669, 8.5 task/s, elapsed: 28s, ETA:    51s
[>>>>>>>>>>                    ] 240/669, 8.5 task/s, elapsed: 28s, ETA:    50s
[>>>>>>>>>>                    ] 241/669, 8.5 task/s, elapsed: 28s, ETA:    50s
[>>>>>>>>>>                    ] 242/669, 8.5 task/s, elapsed: 28s, ETA:    50s
[>>>>>>>>>>                    ] 243/669, 8.5 task/s, elapsed: 29s, ETA:    50s
[>>>>>>>>>>                    ] 244/669, 8.5 task/s, elapsed: 29s, ETA:    50s
[>>>>>>>>>>                    ] 245/669, 8.5 task/s, elapsed: 29s, ETA:    50s
[>>>>>>>>>>>                   ] 246/669, 8.5 task/s, elapsed: 29s, ETA:    50s
[>>>>>>>>>>>                   ] 247/669, 8.5 task/s, elapsed: 29s, ETA:    50s
[>>>>>>>>>>>                   ] 248/669, 8.5 task/s, elapsed: 29s, ETA:    50s
[>>>>>>>>>>>                   ] 249/669, 8.5 task/s, elapsed: 29s, ETA:    50s
[>>>>>>>>>>>                   ] 250/669, 8.5 task/s, elapsed: 29s, ETA:    49s
[>>>>>>>>>>>                   ] 251/669, 8.5 task/s, elapsed: 30s, ETA:    49s
[>>>>>>>>>>>                   ] 252/669, 8.5 task/s, elapsed: 30s, ETA:    49s
[>>>>>>>>>>>                   ] 253/669, 8.5 task/s, elapsed: 30s, ETA:    49s
[>>>>>>>>>>>                   ] 254/669, 8.5 task/s, elapsed: 30s, ETA:    49s
[>>>>>>>>>>>                   ] 255/669, 8.5 task/s, elapsed: 30s, ETA:    49s
[>>>>>>>>>>>                   ] 256/669, 8.5 task/s, elapsed: 30s, ETA:    49s
[>>>>>>>>>>>                   ] 257/669, 8.5 task/s, elapsed: 30s, ETA:    48s
[>>>>>>>>>>>                   ] 258/669, 8.5 task/s, elapsed: 30s, ETA:    48s
[>>>>>>>>>>>                   ] 259/669, 8.5 task/s, elapsed: 30s, ETA:    48s
[>>>>>>>>>>>                   ] 260/669, 8.5 task/s, elapsed: 31s, ETA:    48s
[>>>>>>>>>>>                   ] 261/669, 8.5 task/s, elapsed: 31s, ETA:    48s
[>>>>>>>>>>>                   ] 262/669, 8.4 task/s, elapsed: 31s, ETA:    48s
[>>>>>>>>>>>                   ] 263/669, 8.4 task/s, elapsed: 31s, ETA:    48s
[>>>>>>>>>>>                   ] 264/669, 8.4 task/s, elapsed: 31s, ETA:    48s
[>>>>>>>>>>>                   ] 265/669, 8.4 task/s, elapsed: 31s, ETA:    48s
[>>>>>>>>>>>                   ] 266/669, 8.4 task/s, elapsed: 32s, ETA:    48s
[>>>>>>>>>>>                   ] 267/669, 8.4 task/s, elapsed: 32s, ETA:    48s
[>>>>>>>>>>>>                  ] 268/669, 8.4 task/s, elapsed: 32s, ETA:    48s
[>>>>>>>>>>>>                  ] 269/669, 8.4 task/s, elapsed: 32s, ETA:    48s
[>>>>>>>>>>>>                  ] 270/669, 8.4 task/s, elapsed: 32s, ETA:    48s
[>>>>>>>>>>>>                  ] 271/669, 8.4 task/s, elapsed: 32s, ETA:    48s
[>>>>>>>>>>>>                  ] 272/669, 8.4 task/s, elapsed: 32s, ETA:    47s
[>>>>>>>>>>>>                  ] 273/669, 8.4 task/s, elapsed: 33s, ETA:    47s
[>>>>>>>>>>>>                  ] 274/669, 8.4 task/s, elapsed: 33s, ETA:    47s
[>>>>>>>>>>>>                  ] 275/669, 8.3 task/s, elapsed: 33s, ETA:    47s
[>>>>>>>>>>>>                  ] 276/669, 8.3 task/s, elapsed: 33s, ETA:    47s
[>>>>>>>>>>>>                  ] 277/669, 8.3 task/s, elapsed: 33s, ETA:    47s
[>>>>>>>>>>>>                  ] 278/669, 8.3 task/s, elapsed: 33s, ETA:    47s
[>>>>>>>>>>>>                  ] 279/669, 8.3 task/s, elapsed: 34s, ETA:    47s
[>>>>>>>>>>>>                  ] 280/669, 8.3 task/s, elapsed: 34s, ETA:    47s
[>>>>>>>>>>>>                  ] 281/669, 8.3 task/s, elapsed: 34s, ETA:    47s
[>>>>>>>>>>>>                  ] 282/669, 8.3 task/s, elapsed: 34s, ETA:    46s
[>>>>>>>>>>>>                  ] 283/669, 8.3 task/s, elapsed: 34s, ETA:    46s
[>>>>>>>>>>>>                  ] 284/669, 8.3 task/s, elapsed: 34s, ETA:    46s
[>>>>>>>>>>>>                  ] 285/669, 8.3 task/s, elapsed: 34s, ETA:    46s
[>>>>>>>>>>>>                  ] 286/669, 8.3 task/s, elapsed: 34s, ETA:    46s
[>>>>>>>>>>>>                  ] 287/669, 8.3 task/s, elapsed: 35s, ETA:    46s
[>>>>>>>>>>>>                  ] 288/669, 8.3 task/s, elapsed: 35s, ETA:    46s
[>>>>>>>>>>>>                  ] 289/669, 8.3 task/s, elapsed: 35s, ETA:    46s
[>>>>>>>>>>>>>                 ] 290/669, 8.3 task/s, elapsed: 35s, ETA:    46s
[>>>>>>>>>>>>>                 ] 291/669, 8.3 task/s, elapsed: 35s, ETA:    45s
[>>>>>>>>>>>>>                 ] 292/669, 8.3 task/s, elapsed: 35s, ETA:    45s
[>>>>>>>>>>>>>                 ] 293/669, 8.3 task/s, elapsed: 35s, ETA:    45s
[>>>>>>>>>>>>>                 ] 294/669, 8.3 task/s, elapsed: 35s, ETA:    45s
[>>>>>>>>>>>>>                 ] 295/669, 8.3 task/s, elapsed: 36s, ETA:    45s
[>>>>>>>>>>>>>                 ] 296/669, 8.3 task/s, elapsed: 36s, ETA:    45s
[>>>>>>>>>>>>>                 ] 297/669, 8.3 task/s, elapsed: 36s, ETA:    45s
[>>>>>>>>>>>>>                 ] 298/669, 8.3 task/s, elapsed: 36s, ETA:    45s
[>>>>>>>>>>>>>                 ] 299/669, 8.3 task/s, elapsed: 36s, ETA:    44s
[>>>>>>>>>>>>>                 ] 300/669, 8.3 task/s, elapsed: 36s, ETA:    44s
[>>>>>>>>>>>>>                 ] 301/669, 8.3 task/s, elapsed: 36s, ETA:    44s
[>>>>>>>>>>>>>                 ] 302/669, 8.3 task/s, elapsed: 36s, ETA:    44s
[>>>>>>>>>>>>>                 ] 303/669, 8.3 task/s, elapsed: 36s, ETA:    44s
[>>>>>>>>>>>>>                 ] 304/669, 8.3 task/s, elapsed: 37s, ETA:    44s
[>>>>>>>>>>>>>                 ] 305/669, 8.3 task/s, elapsed: 37s, ETA:    44s
[>>>>>>>>>>>>>                 ] 306/669, 8.3 task/s, elapsed: 37s, ETA:    44s
[>>>>>>>>>>>>>                 ] 307/669, 8.3 task/s, elapsed: 37s, ETA:    43s
[>>>>>>>>>>>>>                 ] 308/669, 8.3 task/s, elapsed: 37s, ETA:    43s
[>>>>>>>>>>>>>                 ] 309/669, 8.4 task/s, elapsed: 37s, ETA:    43s
[>>>>>>>>>>>>>                 ] 310/669, 8.4 task/s, elapsed: 37s, ETA:    43s
[>>>>>>>>>>>>>                 ] 311/669, 8.4 task/s, elapsed: 37s, ETA:    43s
[>>>>>>>>>>>>>                 ] 312/669, 8.4 task/s, elapsed: 37s, ETA:    43s
[>>>>>>>>>>>>>>                ] 313/669, 8.4 task/s, elapsed: 37s, ETA:    42s
[>>>>>>>>>>>>>>                ] 314/669, 8.4 task/s, elapsed: 37s, ETA:    42s
[>>>>>>>>>>>>>>                ] 315/669, 8.4 task/s, elapsed: 38s, ETA:    42s
[>>>>>>>>>>>>>>                ] 316/669, 8.4 task/s, elapsed: 38s, ETA:    42s
[>>>>>>>>>>>>>>                ] 317/669, 8.4 task/s, elapsed: 38s, ETA:    42s
[>>>>>>>>>>>>>>                ] 318/669, 8.4 task/s, elapsed: 38s, ETA:    42s
[>>>>>>>>>>>>>>                ] 319/669, 8.4 task/s, elapsed: 38s, ETA:    42s
[>>>>>>>>>>>>>>                ] 320/669, 8.4 task/s, elapsed: 38s, ETA:    42s
[>>>>>>>>>>>>>>                ] 321/669, 8.4 task/s, elapsed: 38s, ETA:    41s
[>>>>>>>>>>>>>>                ] 322/669, 8.4 task/s, elapsed: 38s, ETA:    41s
[>>>>>>>>>>>>>>                ] 323/669, 8.4 task/s, elapsed: 38s, ETA:    41s
[>>>>>>>>>>>>>>                ] 324/669, 8.4 task/s, elapsed: 39s, ETA:    41s
[>>>>>>>>>>>>>>                ] 325/669, 8.4 task/s, elapsed: 39s, ETA:    41s
[>>>>>>>>>>>>>>                ] 326/669, 8.4 task/s, elapsed: 39s, ETA:    41s
[>>>>>>>>>>>>>>                ] 327/669, 8.4 task/s, elapsed: 39s, ETA:    41s
[>>>>>>>>>>>>>>                ] 328/669, 8.4 task/s, elapsed: 39s, ETA:    41s
[>>>>>>>>>>>>>>                ] 329/669, 8.4 task/s, elapsed: 39s, ETA:    41s
[>>>>>>>>>>>>>>                ] 330/669, 8.4 task/s, elapsed: 39s, ETA:    40s
[>>>>>>>>>>>>>>                ] 331/669, 8.4 task/s, elapsed: 39s, ETA:    40s
[>>>>>>>>>>>>>>                ] 332/669, 8.4 task/s, elapsed: 40s, ETA:    40s
[>>>>>>>>>>>>>>                ] 333/669, 8.4 task/s, elapsed: 40s, ETA:    40s
[>>>>>>>>>>>>>>                ] 334/669, 8.4 task/s, elapsed: 40s, ETA:    40s
[>>>>>>>>>>>>>>>               ] 335/669, 8.4 task/s, elapsed: 40s, ETA:    40s
[>>>>>>>>>>>>>>>               ] 336/669, 8.4 task/s, elapsed: 40s, ETA:    40s
[>>>>>>>>>>>>>>>               ] 337/669, 8.4 task/s, elapsed: 40s, ETA:    40s
[>>>>>>>>>>>>>>>               ] 338/669, 8.4 task/s, elapsed: 40s, ETA:    39s
[>>>>>>>>>>>>>>>               ] 339/669, 8.4 task/s, elapsed: 40s, ETA:    39s
[>>>>>>>>>>>>>>>               ] 340/669, 8.4 task/s, elapsed: 41s, ETA:    39s
[>>>>>>>>>>>>>>>               ] 341/669, 8.4 task/s, elapsed: 41s, ETA:    39s
[>>>>>>>>>>>>>>>               ] 342/669, 8.4 task/s, elapsed: 41s, ETA:    39s
[>>>>>>>>>>>>>>>               ] 343/669, 8.4 task/s, elapsed: 41s, ETA:    39s
[>>>>>>>>>>>>>>>               ] 344/669, 8.4 task/s, elapsed: 41s, ETA:    39s
[>>>>>>>>>>>>>>>               ] 345/669, 8.4 task/s, elapsed: 41s, ETA:    39s
[>>>>>>>>>>>>>>>               ] 346/669, 8.4 task/s, elapsed: 41s, ETA:    39s
[>>>>>>>>>>>>>>>               ] 347/669, 8.4 task/s, elapsed: 41s, ETA:    38s
[>>>>>>>>>>>>>>>               ] 348/669, 8.4 task/s, elapsed: 42s, ETA:    38s
[>>>>>>>>>>>>>>>               ] 349/669, 8.4 task/s, elapsed: 42s, ETA:    38s
[>>>>>>>>>>>>>>>               ] 350/669, 8.4 task/s, elapsed: 42s, ETA:    38s
[>>>>>>>>>>>>>>>               ] 351/669, 8.4 task/s, elapsed: 42s, ETA:    38s
[>>>>>>>>>>>>>>>               ] 352/669, 8.4 task/s, elapsed: 42s, ETA:    38s
[>>>>>>>>>>>>>>>               ] 353/669, 8.4 task/s, elapsed: 42s, ETA:    38s
[>>>>>>>>>>>>>>>               ] 354/669, 8.4 task/s, elapsed: 42s, ETA:    38s
[>>>>>>>>>>>>>>>               ] 355/669, 8.4 task/s, elapsed: 42s, ETA:    37s
[>>>>>>>>>>>>>>>               ] 356/669, 8.4 task/s, elapsed: 42s, ETA:    37s
[>>>>>>>>>>>>>>>>              ] 357/669, 8.4 task/s, elapsed: 42s, ETA:    37s
[>>>>>>>>>>>>>>>>              ] 358/669, 8.4 task/s, elapsed: 43s, ETA:    37s
[>>>>>>>>>>>>>>>>              ] 359/669, 8.4 task/s, elapsed: 43s, ETA:    37s
[>>>>>>>>>>>>>>>>              ] 360/669, 8.4 task/s, elapsed: 43s, ETA:    37s
[>>>>>>>>>>>>>>>>              ] 361/669, 8.4 task/s, elapsed: 43s, ETA:    37s
[>>>>>>>>>>>>>>>>              ] 362/669, 8.4 task/s, elapsed: 43s, ETA:    36s
[>>>>>>>>>>>>>>>>              ] 363/669, 8.4 task/s, elapsed: 43s, ETA:    36s
[>>>>>>>>>>>>>>>>              ] 364/669, 8.4 task/s, elapsed: 43s, ETA:    36s
[>>>>>>>>>>>>>>>>              ] 365/669, 8.4 task/s, elapsed: 43s, ETA:    36s
[>>>>>>>>>>>>>>>>              ] 366/669, 8.4 task/s, elapsed: 43s, ETA:    36s
[>>>>>>>>>>>>>>>>              ] 367/669, 8.4 task/s, elapsed: 44s, ETA:    36s
[>>>>>>>>>>>>>>>>              ] 368/669, 8.4 task/s, elapsed: 44s, ETA:    36s
[>>>>>>>>>>>>>>>>              ] 369/669, 8.4 task/s, elapsed: 44s, ETA:    36s
[>>>>>>>>>>>>>>>>              ] 370/669, 8.4 task/s, elapsed: 44s, ETA:    35s
[>>>>>>>>>>>>>>>>              ] 371/669, 8.4 task/s, elapsed: 44s, ETA:    35s
[>>>>>>>>>>>>>>>>              ] 372/669, 8.4 task/s, elapsed: 44s, ETA:    35s
[>>>>>>>>>>>>>>>>              ] 373/669, 8.4 task/s, elapsed: 44s, ETA:    35s
[>>>>>>>>>>>>>>>>              ] 374/669, 8.5 task/s, elapsed: 44s, ETA:    35s
[>>>>>>>>>>>>>>>>              ] 375/669, 8.5 task/s, elapsed: 44s, ETA:    35s
[>>>>>>>>>>>>>>>>              ] 376/669, 8.5 task/s, elapsed: 44s, ETA:    35s
[>>>>>>>>>>>>>>>>              ] 377/669, 8.5 task/s, elapsed: 45s, ETA:    35s
[>>>>>>>>>>>>>>>>              ] 378/669, 8.5 task/s, elapsed: 45s, ETA:    34s
[>>>>>>>>>>>>>>>>              ] 379/669, 8.5 task/s, elapsed: 45s, ETA:    34s
[>>>>>>>>>>>>>>>>>             ] 380/669, 8.5 task/s, elapsed: 45s, ETA:    34s
[>>>>>>>>>>>>>>>>>             ] 381/669, 8.5 task/s, elapsed: 45s, ETA:    34s
[>>>>>>>>>>>>>>>>>             ] 382/669, 8.5 task/s, elapsed: 45s, ETA:    34s
[>>>>>>>>>>>>>>>>>             ] 383/669, 8.5 task/s, elapsed: 45s, ETA:    34s
[>>>>>>>>>>>>>>>>>             ] 384/669, 8.5 task/s, elapsed: 45s, ETA:    34s
[>>>>>>>>>>>>>>>>>             ] 385/669, 8.5 task/s, elapsed: 45s, ETA:    33s
[>>>>>>>>>>>>>>>>>             ] 386/669, 8.5 task/s, elapsed: 45s, ETA:    33s
[>>>>>>>>>>>>>>>>>             ] 387/669, 8.5 task/s, elapsed: 46s, ETA:    33s
[>>>>>>>>>>>>>>>>>             ] 388/669, 8.5 task/s, elapsed: 46s, ETA:    33s
[>>>>>>>>>>>>>>>>>             ] 389/669, 8.5 task/s, elapsed: 46s, ETA:    33s
[>>>>>>>>>>>>>>>>>             ] 390/669, 8.5 task/s, elapsed: 46s, ETA:    33s
[>>>>>>>>>>>>>>>>>             ] 391/669, 8.5 task/s, elapsed: 46s, ETA:    33s
[>>>>>>>>>>>>>>>>>             ] 392/669, 8.5 task/s, elapsed: 46s, ETA:    33s
[>>>>>>>>>>>>>>>>>             ] 393/669, 8.5 task/s, elapsed: 46s, ETA:    32s
[>>>>>>>>>>>>>>>>>             ] 394/669, 8.5 task/s, elapsed: 46s, ETA:    32s
[>>>>>>>>>>>>>>>>>             ] 395/669, 8.5 task/s, elapsed: 46s, ETA:    32s
[>>>>>>>>>>>>>>>>>             ] 396/669, 8.5 task/s, elapsed: 46s, ETA:    32s
[>>>>>>>>>>>>>>>>>             ] 397/669, 8.5 task/s, elapsed: 47s, ETA:    32s
[>>>>>>>>>>>>>>>>>             ] 398/669, 8.5 task/s, elapsed: 47s, ETA:    32s
[>>>>>>>>>>>>>>>>>             ] 399/669, 8.5 task/s, elapsed: 47s, ETA:    32s
[>>>>>>>>>>>>>>>>>             ] 400/669, 8.5 task/s, elapsed: 47s, ETA:    31s
[>>>>>>>>>>>>>>>>>             ] 401/669, 8.6 task/s, elapsed: 47s, ETA:    31s
[>>>>>>>>>>>>>>>>>>            ] 402/669, 8.6 task/s, elapsed: 47s, ETA:    31s
[>>>>>>>>>>>>>>>>>>            ] 403/669, 8.6 task/s, elapsed: 47s, ETA:    31s
[>>>>>>>>>>>>>>>>>>            ] 404/669, 8.6 task/s, elapsed: 47s, ETA:    31s
[>>>>>>>>>>>>>>>>>>            ] 405/669, 8.6 task/s, elapsed: 47s, ETA:    31s
[>>>>>>>>>>>>>>>>>>            ] 406/669, 8.6 task/s, elapsed: 47s, ETA:    31s
[>>>>>>>>>>>>>>>>>>            ] 407/669, 8.6 task/s, elapsed: 47s, ETA:    31s
[>>>>>>>>>>>>>>>>>>            ] 408/669, 8.6 task/s, elapsed: 47s, ETA:    30s
[>>>>>>>>>>>>>>>>>>            ] 409/669, 8.6 task/s, elapsed: 48s, ETA:    30s
[>>>>>>>>>>>>>>>>>>            ] 410/669, 8.6 task/s, elapsed: 48s, ETA:    30s
[>>>>>>>>>>>>>>>>>>            ] 411/669, 8.6 task/s, elapsed: 48s, ETA:    30s
[>>>>>>>>>>>>>>>>>>            ] 412/669, 8.6 task/s, elapsed: 48s, ETA:    30s
[>>>>>>>>>>>>>>>>>>            ] 413/669, 8.6 task/s, elapsed: 48s, ETA:    30s
[>>>>>>>>>>>>>>>>>>            ] 414/669, 8.6 task/s, elapsed: 48s, ETA:    30s
[>>>>>>>>>>>>>>>>>>            ] 415/669, 8.6 task/s, elapsed: 48s, ETA:    30s
[>>>>>>>>>>>>>>>>>>            ] 416/669, 8.6 task/s, elapsed: 48s, ETA:    29s
[>>>>>>>>>>>>>>>>>>            ] 417/669, 8.6 task/s, elapsed: 48s, ETA:    29s
[>>>>>>>>>>>>>>>>>>            ] 418/669, 8.6 task/s, elapsed: 48s, ETA:    29s
[>>>>>>>>>>>>>>>>>>            ] 419/669, 8.6 task/s, elapsed: 49s, ETA:    29s
[>>>>>>>>>>>>>>>>>>            ] 420/669, 8.6 task/s, elapsed: 49s, ETA:    29s
[>>>>>>>>>>>>>>>>>>            ] 421/669, 8.6 task/s, elapsed: 49s, ETA:    29s
[>>>>>>>>>>>>>>>>>>            ] 422/669, 8.6 task/s, elapsed: 49s, ETA:    29s
[>>>>>>>>>>>>>>>>>>            ] 423/669, 8.7 task/s, elapsed: 49s, ETA:    28s
[>>>>>>>>>>>>>>>>>>>           ] 424/669, 8.7 task/s, elapsed: 49s, ETA:    28s
[>>>>>>>>>>>>>>>>>>>           ] 425/669, 8.7 task/s, elapsed: 49s, ETA:    28s
[>>>>>>>>>>>>>>>>>>>           ] 426/669, 8.7 task/s, elapsed: 49s, ETA:    28s
[>>>>>>>>>>>>>>>>>>>           ] 427/669, 8.7 task/s, elapsed: 49s, ETA:    28s
[>>>>>>>>>>>>>>>>>>>           ] 428/669, 8.7 task/s, elapsed: 49s, ETA:    28s
[>>>>>>>>>>>>>>>>>>>           ] 429/669, 8.7 task/s, elapsed: 49s, ETA:    28s
[>>>>>>>>>>>>>>>>>>>           ] 430/669, 8.7 task/s, elapsed: 50s, ETA:    28s
[>>>>>>>>>>>>>>>>>>>           ] 431/669, 8.7 task/s, elapsed: 50s, ETA:    27s
[>>>>>>>>>>>>>>>>>>>           ] 432/669, 8.7 task/s, elapsed: 50s, ETA:    27s
[>>>>>>>>>>>>>>>>>>>           ] 433/669, 8.7 task/s, elapsed: 50s, ETA:    27s
[>>>>>>>>>>>>>>>>>>>           ] 434/669, 8.7 task/s, elapsed: 50s, ETA:    27s
[>>>>>>>>>>>>>>>>>>>           ] 435/669, 8.7 task/s, elapsed: 50s, ETA:    27s
[>>>>>>>>>>>>>>>>>>>           ] 436/669, 8.7 task/s, elapsed: 50s, ETA:    27s
[>>>>>>>>>>>>>>>>>>>           ] 437/669, 8.7 task/s, elapsed: 50s, ETA:    27s
[>>>>>>>>>>>>>>>>>>>           ] 438/669, 8.7 task/s, elapsed: 50s, ETA:    26s
[>>>>>>>>>>>>>>>>>>>           ] 439/669, 8.7 task/s, elapsed: 50s, ETA:    26s
[>>>>>>>>>>>>>>>>>>>           ] 440/669, 8.7 task/s, elapsed: 50s, ETA:    26s
[>>>>>>>>>>>>>>>>>>>           ] 441/669, 8.7 task/s, elapsed: 51s, ETA:    26s
[>>>>>>>>>>>>>>>>>>>           ] 442/669, 8.7 task/s, elapsed: 51s, ETA:    26s
[>>>>>>>>>>>>>>>>>>>           ] 443/669, 8.7 task/s, elapsed: 51s, ETA:    26s
[>>>>>>>>>>>>>>>>>>>           ] 444/669, 8.7 task/s, elapsed: 51s, ETA:    26s
[>>>>>>>>>>>>>>>>>>>           ] 445/669, 8.7 task/s, elapsed: 51s, ETA:    26s
[>>>>>>>>>>>>>>>>>>>>          ] 446/669, 8.7 task/s, elapsed: 51s, ETA:    26s
[>>>>>>>>>>>>>>>>>>>>          ] 447/669, 8.7 task/s, elapsed: 51s, ETA:    25s
[>>>>>>>>>>>>>>>>>>>>          ] 448/669, 8.7 task/s, elapsed: 51s, ETA:    25s
[>>>>>>>>>>>>>>>>>>>>          ] 449/669, 8.7 task/s, elapsed: 51s, ETA:    25s
[>>>>>>>>>>>>>>>>>>>>          ] 450/669, 8.7 task/s, elapsed: 51s, ETA:    25s
[>>>>>>>>>>>>>>>>>>>>          ] 451/669, 8.7 task/s, elapsed: 52s, ETA:    25s
[>>>>>>>>>>>>>>>>>>>>          ] 452/669, 8.7 task/s, elapsed: 52s, ETA:    25s
[>>>>>>>>>>>>>>>>>>>>          ] 453/669, 8.7 task/s, elapsed: 52s, ETA:    25s
[>>>>>>>>>>>>>>>>>>>>          ] 454/669, 8.7 task/s, elapsed: 52s, ETA:    25s
[>>>>>>>>>>>>>>>>>>>>          ] 455/669, 8.7 task/s, elapsed: 52s, ETA:    24s
[>>>>>>>>>>>>>>>>>>>>          ] 456/669, 8.7 task/s, elapsed: 52s, ETA:    24s
[>>>>>>>>>>>>>>>>>>>>          ] 457/669, 8.7 task/s, elapsed: 52s, ETA:    24s
[>>>>>>>>>>>>>>>>>>>>          ] 458/669, 8.7 task/s, elapsed: 52s, ETA:    24s
[>>>>>>>>>>>>>>>>>>>>          ] 459/669, 8.7 task/s, elapsed: 53s, ETA:    24s
[>>>>>>>>>>>>>>>>>>>>          ] 460/669, 8.7 task/s, elapsed: 53s, ETA:    24s
[>>>>>>>>>>>>>>>>>>>>          ] 461/669, 8.7 task/s, elapsed: 53s, ETA:    24s
[>>>>>>>>>>>>>>>>>>>>          ] 462/669, 8.7 task/s, elapsed: 53s, ETA:    24s
[>>>>>>>>>>>>>>>>>>>>          ] 463/669, 8.7 task/s, elapsed: 53s, ETA:    24s
[>>>>>>>>>>>>>>>>>>>>          ] 464/669, 8.7 task/s, elapsed: 53s, ETA:    24s
[>>>>>>>>>>>>>>>>>>>>          ] 465/669, 8.7 task/s, elapsed: 54s, ETA:    24s
[>>>>>>>>>>>>>>>>>>>>          ] 466/669, 8.7 task/s, elapsed: 54s, ETA:    23s
[>>>>>>>>>>>>>>>>>>>>          ] 467/669, 8.7 task/s, elapsed: 54s, ETA:    23s
[>>>>>>>>>>>>>>>>>>>>          ] 468/669, 8.7 task/s, elapsed: 54s, ETA:    23s
[>>>>>>>>>>>>>>>>>>>>>         ] 469/669, 8.7 task/s, elapsed: 54s, ETA:    23s
[>>>>>>>>>>>>>>>>>>>>>         ] 470/669, 8.7 task/s, elapsed: 54s, ETA:    23s
[>>>>>>>>>>>>>>>>>>>>>         ] 471/669, 8.7 task/s, elapsed: 54s, ETA:    23s
[>>>>>>>>>>>>>>>>>>>>>         ] 472/669, 8.6 task/s, elapsed: 55s, ETA:    23s
[>>>>>>>>>>>>>>>>>>>>>         ] 473/669, 8.6 task/s, elapsed: 55s, ETA:    23s
[>>>>>>>>>>>>>>>>>>>>>         ] 474/669, 8.6 task/s, elapsed: 55s, ETA:    23s
[>>>>>>>>>>>>>>>>>>>>>         ] 475/669, 8.6 task/s, elapsed: 55s, ETA:    22s
[>>>>>>>>>>>>>>>>>>>>>         ] 476/669, 8.6 task/s, elapsed: 55s, ETA:    22s
[>>>>>>>>>>>>>>>>>>>>>         ] 477/669, 8.6 task/s, elapsed: 55s, ETA:    22s
[>>>>>>>>>>>>>>>>>>>>>         ] 478/669, 8.6 task/s, elapsed: 55s, ETA:    22s
[>>>>>>>>>>>>>>>>>>>>>         ] 479/669, 8.6 task/s, elapsed: 56s, ETA:    22s
[>>>>>>>>>>>>>>>>>>>>>         ] 480/669, 8.6 task/s, elapsed: 56s, ETA:    22s
[>>>>>>>>>>>>>>>>>>>>>         ] 481/669, 8.6 task/s, elapsed: 56s, ETA:    22s
[>>>>>>>>>>>>>>>>>>>>>         ] 482/669, 8.6 task/s, elapsed: 56s, ETA:    22s
[>>>>>>>>>>>>>>>>>>>>>         ] 483/669, 8.6 task/s, elapsed: 56s, ETA:    22s
[>>>>>>>>>>>>>>>>>>>>>         ] 484/669, 8.6 task/s, elapsed: 56s, ETA:    21s
[>>>>>>>>>>>>>>>>>>>>>         ] 485/669, 8.6 task/s, elapsed: 56s, ETA:    21s
[>>>>>>>>>>>>>>>>>>>>>         ] 486/669, 8.6 task/s, elapsed: 56s, ETA:    21s
[>>>>>>>>>>>>>>>>>>>>>         ] 487/669, 8.6 task/s, elapsed: 57s, ETA:    21s
[>>>>>>>>>>>>>>>>>>>>>         ] 488/669, 8.6 task/s, elapsed: 57s, ETA:    21s
[>>>>>>>>>>>>>>>>>>>>>         ] 489/669, 8.6 task/s, elapsed: 57s, ETA:    21s
[>>>>>>>>>>>>>>>>>>>>>         ] 490/669, 8.6 task/s, elapsed: 57s, ETA:    21s
[>>>>>>>>>>>>>>>>>>>>>>        ] 491/669, 8.6 task/s, elapsed: 57s, ETA:    21s
[>>>>>>>>>>>>>>>>>>>>>>        ] 492/669, 8.6 task/s, elapsed: 57s, ETA:    21s
[>>>>>>>>>>>>>>>>>>>>>>        ] 493/669, 8.6 task/s, elapsed: 57s, ETA:    20s
[>>>>>>>>>>>>>>>>>>>>>>        ] 494/669, 8.6 task/s, elapsed: 58s, ETA:    20s
[>>>>>>>>>>>>>>>>>>>>>>        ] 495/669, 8.6 task/s, elapsed: 58s, ETA:    20s
[>>>>>>>>>>>>>>>>>>>>>>        ] 496/669, 8.6 task/s, elapsed: 58s, ETA:    20s
[>>>>>>>>>>>>>>>>>>>>>>        ] 497/669, 8.6 task/s, elapsed: 58s, ETA:    20s
[>>>>>>>>>>>>>>>>>>>>>>        ] 498/669, 8.6 task/s, elapsed: 58s, ETA:    20s
[>>>>>>>>>>>>>>>>>>>>>>        ] 499/669, 8.6 task/s, elapsed: 58s, ETA:    20s
[>>>>>>>>>>>>>>>>>>>>>>        ] 500/669, 8.6 task/s, elapsed: 58s, ETA:    20s
[>>>>>>>>>>>>>>>>>>>>>>        ] 501/669, 8.6 task/s, elapsed: 58s, ETA:    20s
[>>>>>>>>>>>>>>>>>>>>>>        ] 502/669, 8.6 task/s, elapsed: 58s, ETA:    19s
[>>>>>>>>>>>>>>>>>>>>>>        ] 503/669, 8.6 task/s, elapsed: 58s, ETA:    19s
[>>>>>>>>>>>>>>>>>>>>>>        ] 504/669, 8.6 task/s, elapsed: 59s, ETA:    19s
[>>>>>>>>>>>>>>>>>>>>>>        ] 505/669, 8.6 task/s, elapsed: 59s, ETA:    19s
[>>>>>>>>>>>>>>>>>>>>>>        ] 506/669, 8.6 task/s, elapsed: 59s, ETA:    19s
[>>>>>>>>>>>>>>>>>>>>>>        ] 507/669, 8.6 task/s, elapsed: 59s, ETA:    19s
[>>>>>>>>>>>>>>>>>>>>>>        ] 508/669, 8.6 task/s, elapsed: 59s, ETA:    19s
[>>>>>>>>>>>>>>>>>>>>>>        ] 509/669, 8.6 task/s, elapsed: 59s, ETA:    19s
[>>>>>>>>>>>>>>>>>>>>>>        ] 510/669, 8.6 task/s, elapsed: 59s, ETA:    18s
[>>>>>>>>>>>>>>>>>>>>>>        ] 511/669, 8.6 task/s, elapsed: 59s, ETA:    18s
[>>>>>>>>>>>>>>>>>>>>>>        ] 512/669, 8.6 task/s, elapsed: 59s, ETA:    18s
[>>>>>>>>>>>>>>>>>>>>>>>       ] 513/669, 8.6 task/s, elapsed: 59s, ETA:    18s
[>>>>>>>>>>>>>>>>>>>>>>>       ] 514/669, 8.6 task/s, elapsed: 60s, ETA:    18s
[>>>>>>>>>>>>>>>>>>>>>>>       ] 515/669, 8.6 task/s, elapsed: 60s, ETA:    18s
[>>>>>>>>>>>>>>>>>>>>>>>       ] 516/669, 8.6 task/s, elapsed: 60s, ETA:    18s
[>>>>>>>>>>>>>>>>>>>>>>>       ] 517/669, 8.7 task/s, elapsed: 60s, ETA:    18s
[>>>>>>>>>>>>>>>>>>>>>>>       ] 518/669, 8.7 task/s, elapsed: 60s, ETA:    17s
[>>>>>>>>>>>>>>>>>>>>>>>       ] 519/669, 8.7 task/s, elapsed: 60s, ETA:    17s
[>>>>>>>>>>>>>>>>>>>>>>>       ] 520/669, 8.7 task/s, elapsed: 60s, ETA:    17s
[>>>>>>>>>>>>>>>>>>>>>>>       ] 521/669, 8.7 task/s, elapsed: 60s, ETA:    17s
[>>>>>>>>>>>>>>>>>>>>>>>       ] 522/669, 8.7 task/s, elapsed: 60s, ETA:    17s
[>>>>>>>>>>>>>>>>>>>>>>>       ] 523/669, 8.7 task/s, elapsed: 60s, ETA:    17s
[>>>>>>>>>>>>>>>>>>>>>>>       ] 524/669, 8.7 task/s, elapsed: 60s, ETA:    17s
[>>>>>>>>>>>>>>>>>>>>>>>       ] 525/669, 8.7 task/s, elapsed: 61s, ETA:    17s
[>>>>>>>>>>>>>>>>>>>>>>>       ] 526/669, 8.7 task/s, elapsed: 61s, ETA:    17s
[>>>>>>>>>>>>>>>>>>>>>>>       ] 527/669, 8.7 task/s, elapsed: 61s, ETA:    16s
[>>>>>>>>>>>>>>>>>>>>>>>       ] 528/669, 8.7 task/s, elapsed: 61s, ETA:    16s
[>>>>>>>>>>>>>>>>>>>>>>>       ] 529/669, 8.7 task/s, elapsed: 61s, ETA:    16s
[>>>>>>>>>>>>>>>>>>>>>>>       ] 530/669, 8.7 task/s, elapsed: 61s, ETA:    16s
[>>>>>>>>>>>>>>>>>>>>>>>       ] 531/669, 8.7 task/s, elapsed: 61s, ETA:    16s
[>>>>>>>>>>>>>>>>>>>>>>>       ] 532/669, 8.7 task/s, elapsed: 61s, ETA:    16s
[>>>>>>>>>>>>>>>>>>>>>>>       ] 533/669, 8.7 task/s, elapsed: 62s, ETA:    16s
[>>>>>>>>>>>>>>>>>>>>>>>       ] 534/669, 8.7 task/s, elapsed: 62s, ETA:    16s
[>>>>>>>>>>>>>>>>>>>>>>>       ] 535/669, 8.7 task/s, elapsed: 62s, ETA:    15s
[>>>>>>>>>>>>>>>>>>>>>>>>      ] 536/669, 8.7 task/s, elapsed: 62s, ETA:    15s
[>>>>>>>>>>>>>>>>>>>>>>>>      ] 537/669, 8.7 task/s, elapsed: 62s, ETA:    15s
[>>>>>>>>>>>>>>>>>>>>>>>>      ] 538/669, 8.7 task/s, elapsed: 62s, ETA:    15s
[>>>>>>>>>>>>>>>>>>>>>>>>      ] 539/669, 8.7 task/s, elapsed: 62s, ETA:    15s
[>>>>>>>>>>>>>>>>>>>>>>>>      ] 540/669, 8.7 task/s, elapsed: 62s, ETA:    15s
[>>>>>>>>>>>>>>>>>>>>>>>>      ] 541/669, 8.7 task/s, elapsed: 62s, ETA:    15s
[>>>>>>>>>>>>>>>>>>>>>>>>      ] 542/669, 8.7 task/s, elapsed: 62s, ETA:    15s
[>>>>>>>>>>>>>>>>>>>>>>>>      ] 543/669, 8.7 task/s, elapsed: 62s, ETA:    14s
[>>>>>>>>>>>>>>>>>>>>>>>>      ] 544/669, 8.7 task/s, elapsed: 63s, ETA:    14s
[>>>>>>>>>>>>>>>>>>>>>>>>      ] 545/669, 8.7 task/s, elapsed: 63s, ETA:    14s
[>>>>>>>>>>>>>>>>>>>>>>>>      ] 546/669, 8.7 task/s, elapsed: 63s, ETA:    14s
[>>>>>>>>>>>>>>>>>>>>>>>>      ] 547/669, 8.7 task/s, elapsed: 63s, ETA:    14s
[>>>>>>>>>>>>>>>>>>>>>>>>      ] 548/669, 8.7 task/s, elapsed: 63s, ETA:    14s
[>>>>>>>>>>>>>>>>>>>>>>>>      ] 549/669, 8.7 task/s, elapsed: 63s, ETA:    14s
[>>>>>>>>>>>>>>>>>>>>>>>>      ] 550/669, 8.7 task/s, elapsed: 63s, ETA:    14s
[>>>>>>>>>>>>>>>>>>>>>>>>      ] 551/669, 8.7 task/s, elapsed: 63s, ETA:    14s
[>>>>>>>>>>>>>>>>>>>>>>>>      ] 552/669, 8.7 task/s, elapsed: 63s, ETA:    13s
[>>>>>>>>>>>>>>>>>>>>>>>>      ] 553/669, 8.7 task/s, elapsed: 63s, ETA:    13s
[>>>>>>>>>>>>>>>>>>>>>>>>      ] 554/669, 8.7 task/s, elapsed: 63s, ETA:    13s
[>>>>>>>>>>>>>>>>>>>>>>>>      ] 555/669, 8.7 task/s, elapsed: 64s, ETA:    13s
[>>>>>>>>>>>>>>>>>>>>>>>>      ] 556/669, 8.7 task/s, elapsed: 64s, ETA:    13s
[>>>>>>>>>>>>>>>>>>>>>>>>      ] 557/669, 8.7 task/s, elapsed: 64s, ETA:    13s
[>>>>>>>>>>>>>>>>>>>>>>>>>     ] 558/669, 8.7 task/s, elapsed: 64s, ETA:    13s
[>>>>>>>>>>>>>>>>>>>>>>>>>     ] 559/669, 8.7 task/s, elapsed: 64s, ETA:    13s
[>>>>>>>>>>>>>>>>>>>>>>>>>     ] 560/669, 8.7 task/s, elapsed: 64s, ETA:    12s
[>>>>>>>>>>>>>>>>>>>>>>>>>     ] 561/669, 8.7 task/s, elapsed: 64s, ETA:    12s
[>>>>>>>>>>>>>>>>>>>>>>>>>     ] 562/669, 8.7 task/s, elapsed: 64s, ETA:    12s
[>>>>>>>>>>>>>>>>>>>>>>>>>     ] 563/669, 8.7 task/s, elapsed: 64s, ETA:    12s
[>>>>>>>>>>>>>>>>>>>>>>>>>     ] 564/669, 8.7 task/s, elapsed: 65s, ETA:    12s
[>>>>>>>>>>>>>>>>>>>>>>>>>     ] 565/669, 8.7 task/s, elapsed: 65s, ETA:    12s
[>>>>>>>>>>>>>>>>>>>>>>>>>     ] 566/669, 8.7 task/s, elapsed: 65s, ETA:    12s
[>>>>>>>>>>>>>>>>>>>>>>>>>     ] 567/669, 8.7 task/s, elapsed: 65s, ETA:    12s
[>>>>>>>>>>>>>>>>>>>>>>>>>     ] 568/669, 8.7 task/s, elapsed: 65s, ETA:    12s
[>>>>>>>>>>>>>>>>>>>>>>>>>     ] 569/669, 8.7 task/s, elapsed: 65s, ETA:    11s
[>>>>>>>>>>>>>>>>>>>>>>>>>     ] 570/669, 8.7 task/s, elapsed: 65s, ETA:    11s
[>>>>>>>>>>>>>>>>>>>>>>>>>     ] 571/669, 8.7 task/s, elapsed: 65s, ETA:    11s
[>>>>>>>>>>>>>>>>>>>>>>>>>     ] 572/669, 8.7 task/s, elapsed: 65s, ETA:    11s
[>>>>>>>>>>>>>>>>>>>>>>>>>     ] 573/669, 8.7 task/s, elapsed: 66s, ETA:    11s
[>>>>>>>>>>>>>>>>>>>>>>>>>     ] 574/669, 8.7 task/s, elapsed: 66s, ETA:    11s
[>>>>>>>>>>>>>>>>>>>>>>>>>     ] 575/669, 8.7 task/s, elapsed: 66s, ETA:    11s
[>>>>>>>>>>>>>>>>>>>>>>>>>     ] 576/669, 8.7 task/s, elapsed: 66s, ETA:    11s
[>>>>>>>>>>>>>>>>>>>>>>>>>     ] 577/669, 8.7 task/s, elapsed: 66s, ETA:    11s
[>>>>>>>>>>>>>>>>>>>>>>>>>     ] 578/669, 8.7 task/s, elapsed: 66s, ETA:    10s
[>>>>>>>>>>>>>>>>>>>>>>>>>     ] 579/669, 8.7 task/s, elapsed: 66s, ETA:    10s
[>>>>>>>>>>>>>>>>>>>>>>>>>>    ] 580/669, 8.8 task/s, elapsed: 66s, ETA:    10s
[>>>>>>>>>>>>>>>>>>>>>>>>>>    ] 581/669, 8.7 task/s, elapsed: 66s, ETA:    10s
[>>>>>>>>>>>>>>>>>>>>>>>>>>    ] 582/669, 8.7 task/s, elapsed: 67s, ETA:    10s
[>>>>>>>>>>>>>>>>>>>>>>>>>>    ] 583/669, 8.7 task/s, elapsed: 67s, ETA:    10s
[>>>>>>>>>>>>>>>>>>>>>>>>>>    ] 584/669, 8.7 task/s, elapsed: 67s, ETA:    10s
[>>>>>>>>>>>>>>>>>>>>>>>>>>    ] 585/669, 8.7 task/s, elapsed: 67s, ETA:    10s
[>>>>>>>>>>>>>>>>>>>>>>>>>>    ] 586/669, 8.7 task/s, elapsed: 67s, ETA:     9s
[>>>>>>>>>>>>>>>>>>>>>>>>>>    ] 587/669, 8.7 task/s, elapsed: 67s, ETA:     9s
[>>>>>>>>>>>>>>>>>>>>>>>>>>    ] 588/669, 8.7 task/s, elapsed: 67s, ETA:     9s
[>>>>>>>>>>>>>>>>>>>>>>>>>>    ] 589/669, 8.7 task/s, elapsed: 67s, ETA:     9s
[>>>>>>>>>>>>>>>>>>>>>>>>>>    ] 590/669, 8.7 task/s, elapsed: 68s, ETA:     9s
[>>>>>>>>>>>>>>>>>>>>>>>>>>    ] 591/669, 8.7 task/s, elapsed: 68s, ETA:     9s
[>>>>>>>>>>>>>>>>>>>>>>>>>>    ] 592/669, 8.7 task/s, elapsed: 68s, ETA:     9s
[>>>>>>>>>>>>>>>>>>>>>>>>>>    ] 593/669, 8.7 task/s, elapsed: 68s, ETA:     9s
[>>>>>>>>>>>>>>>>>>>>>>>>>>    ] 594/669, 8.7 task/s, elapsed: 68s, ETA:     9s
[>>>>>>>>>>>>>>>>>>>>>>>>>>    ] 595/669, 8.7 task/s, elapsed: 68s, ETA:     8s
[>>>>>>>>>>>>>>>>>>>>>>>>>>    ] 596/669, 8.7 task/s, elapsed: 68s, ETA:     8s
[>>>>>>>>>>>>>>>>>>>>>>>>>>    ] 597/669, 8.7 task/s, elapsed: 68s, ETA:     8s
[>>>>>>>>>>>>>>>>>>>>>>>>>>    ] 598/669, 8.7 task/s, elapsed: 68s, ETA:     8s
[>>>>>>>>>>>>>>>>>>>>>>>>>>    ] 599/669, 8.7 task/s, elapsed: 69s, ETA:     8s
[>>>>>>>>>>>>>>>>>>>>>>>>>>    ] 600/669, 8.7 task/s, elapsed: 69s, ETA:     8s
[>>>>>>>>>>>>>>>>>>>>>>>>>>    ] 601/669, 8.7 task/s, elapsed: 69s, ETA:     8s
[>>>>>>>>>>>>>>>>>>>>>>>>>>    ] 602/669, 8.7 task/s, elapsed: 69s, ETA:     8s
[>>>>>>>>>>>>>>>>>>>>>>>>>>>   ] 603/669, 8.7 task/s, elapsed: 69s, ETA:     8s
[>>>>>>>>>>>>>>>>>>>>>>>>>>>   ] 604/669, 8.7 task/s, elapsed: 69s, ETA:     7s
[>>>>>>>>>>>>>>>>>>>>>>>>>>>   ] 605/669, 8.7 task/s, elapsed: 69s, ETA:     7s
[>>>>>>>>>>>>>>>>>>>>>>>>>>>   ] 606/669, 8.7 task/s, elapsed: 69s, ETA:     7s
[>>>>>>>>>>>>>>>>>>>>>>>>>>>   ] 607/669, 8.7 task/s, elapsed: 69s, ETA:     7s
[>>>>>>>>>>>>>>>>>>>>>>>>>>>   ] 608/669, 8.7 task/s, elapsed: 70s, ETA:     7s
[>>>>>>>>>>>>>>>>>>>>>>>>>>>   ] 609/669, 8.7 task/s, elapsed: 70s, ETA:     7s
[>>>>>>>>>>>>>>>>>>>>>>>>>>>   ] 610/669, 8.7 task/s, elapsed: 70s, ETA:     7s
[>>>>>>>>>>>>>>>>>>>>>>>>>>>   ] 611/669, 8.7 task/s, elapsed: 70s, ETA:     7s
[>>>>>>>>>>>>>>>>>>>>>>>>>>>   ] 612/669, 8.7 task/s, elapsed: 70s, ETA:     7s
[>>>>>>>>>>>>>>>>>>>>>>>>>>>   ] 613/669, 8.7 task/s, elapsed: 70s, ETA:     6s
[>>>>>>>>>>>>>>>>>>>>>>>>>>>   ] 614/669, 8.7 task/s, elapsed: 70s, ETA:     6s
[>>>>>>>>>>>>>>>>>>>>>>>>>>>   ] 615/669, 8.7 task/s, elapsed: 70s, ETA:     6s
[>>>>>>>>>>>>>>>>>>>>>>>>>>>   ] 616/669, 8.7 task/s, elapsed: 71s, ETA:     6s
[>>>>>>>>>>>>>>>>>>>>>>>>>>>   ] 617/669, 8.7 task/s, elapsed: 71s, ETA:     6s
[>>>>>>>>>>>>>>>>>>>>>>>>>>>   ] 618/669, 8.7 task/s, elapsed: 71s, ETA:     6s
[>>>>>>>>>>>>>>>>>>>>>>>>>>>   ] 619/669, 8.7 task/s, elapsed: 71s, ETA:     6s
[>>>>>>>>>>>>>>>>>>>>>>>>>>>   ] 620/669, 8.7 task/s, elapsed: 71s, ETA:     6s
[>>>>>>>>>>>>>>>>>>>>>>>>>>>   ] 621/669, 8.7 task/s, elapsed: 71s, ETA:     6s
[>>>>>>>>>>>>>>>>>>>>>>>>>>>   ] 622/669, 8.7 task/s, elapsed: 71s, ETA:     5s
[>>>>>>>>>>>>>>>>>>>>>>>>>>>   ] 623/669, 8.7 task/s, elapsed: 72s, ETA:     5s
[>>>>>>>>>>>>>>>>>>>>>>>>>>>   ] 624/669, 8.7 task/s, elapsed: 72s, ETA:     5s
[>>>>>>>>>>>>>>>>>>>>>>>>>>>>  ] 625/669, 8.7 task/s, elapsed: 72s, ETA:     5s
[>>>>>>>>>>>>>>>>>>>>>>>>>>>>  ] 626/669, 8.7 task/s, elapsed: 72s, ETA:     5s
[>>>>>>>>>>>>>>>>>>>>>>>>>>>>  ] 627/669, 8.7 task/s, elapsed: 72s, ETA:     5s
[>>>>>>>>>>>>>>>>>>>>>>>>>>>>  ] 628/669, 8.7 task/s, elapsed: 72s, ETA:     5s
[>>>>>>>>>>>>>>>>>>>>>>>>>>>>  ] 629/669, 8.7 task/s, elapsed: 72s, ETA:     5s
[>>>>>>>>>>>>>>>>>>>>>>>>>>>>  ] 630/669, 8.7 task/s, elapsed: 72s, ETA:     4s
[>>>>>>>>>>>>>>>>>>>>>>>>>>>>  ] 631/669, 8.7 task/s, elapsed: 73s, ETA:     4s
[>>>>>>>>>>>>>>>>>>>>>>>>>>>>  ] 632/669, 8.7 task/s, elapsed: 73s, ETA:     4s
[>>>>>>>>>>>>>>>>>>>>>>>>>>>>  ] 633/669, 8.7 task/s, elapsed: 73s, ETA:     4s
[>>>>>>>>>>>>>>>>>>>>>>>>>>>>  ] 634/669, 8.7 task/s, elapsed: 73s, ETA:     4s
[>>>>>>>>>>>>>>>>>>>>>>>>>>>>  ] 635/669, 8.7 task/s, elapsed: 73s, ETA:     4s
[>>>>>>>>>>>>>>>>>>>>>>>>>>>>  ] 636/669, 8.7 task/s, elapsed: 73s, ETA:     4s
[>>>>>>>>>>>>>>>>>>>>>>>>>>>>  ] 637/669, 8.7 task/s, elapsed: 73s, ETA:     4s
[>>>>>>>>>>>>>>>>>>>>>>>>>>>>  ] 638/669, 8.7 task/s, elapsed: 74s, ETA:     4s
[>>>>>>>>>>>>>>>>>>>>>>>>>>>>  ] 639/669, 8.7 task/s, elapsed: 74s, ETA:     3s
[>>>>>>>>>>>>>>>>>>>>>>>>>>>>  ] 640/669, 8.7 task/s, elapsed: 74s, ETA:     3s
[>>>>>>>>>>>>>>>>>>>>>>>>>>>>  ] 641/669, 8.7 task/s, elapsed: 74s, ETA:     3s
[>>>>>>>>>>>>>>>>>>>>>>>>>>>>  ] 642/669, 8.7 task/s, elapsed: 74s, ETA:     3s
[>>>>>>>>>>>>>>>>>>>>>>>>>>>>  ] 643/669, 8.7 task/s, elapsed: 74s, ETA:     3s
[>>>>>>>>>>>>>>>>>>>>>>>>>>>>  ] 644/669, 8.7 task/s, elapsed: 74s, ETA:     3s
[>>>>>>>>>>>>>>>>>>>>>>>>>>>>  ] 645/669, 8.7 task/s, elapsed: 74s, ETA:     3s
[>>>>>>>>>>>>>>>>>>>>>>>>>>>>  ] 646/669, 8.7 task/s, elapsed: 75s, ETA:     3s
[>>>>>>>>>>>>>>>>>>>>>>>>>>>>> ] 647/669, 8.7 task/s, elapsed: 75s, ETA:     3s
[>>>>>>>>>>>>>>>>>>>>>>>>>>>>> ] 648/669, 8.7 task/s, elapsed: 75s, ETA:     2s
[>>>>>>>>>>>>>>>>>>>>>>>>>>>>> ] 649/669, 8.7 task/s, elapsed: 75s, ETA:     2s
[>>>>>>>>>>>>>>>>>>>>>>>>>>>>> ] 650/669, 8.7 task/s, elapsed: 75s, ETA:     2s
[>>>>>>>>>>>>>>>>>>>>>>>>>>>>> ] 651/669, 8.7 task/s, elapsed: 75s, ETA:     2s
[>>>>>>>>>>>>>>>>>>>>>>>>>>>>> ] 652/669, 8.7 task/s, elapsed: 75s, ETA:     2s
[>>>>>>>>>>>>>>>>>>>>>>>>>>>>> ] 653/669, 8.7 task/s, elapsed: 75s, ETA:     2s
[>>>>>>>>>>>>>>>>>>>>>>>>>>>>> ] 654/669, 8.7 task/s, elapsed: 75s, ETA:     2s
[>>>>>>>>>>>>>>>>>>>>>>>>>>>>> ] 655/669, 8.7 task/s, elapsed: 75s, ETA:     2s
[>>>>>>>>>>>>>>>>>>>>>>>>>>>>> ] 656/669, 8.7 task/s, elapsed: 76s, ETA:     1s
[>>>>>>>>>>>>>>>>>>>>>>>>>>>>> ] 657/669, 8.7 task/s, elapsed: 76s, ETA:     1s
[>>>>>>>>>>>>>>>>>>>>>>>>>>>>> ] 658/669, 8.7 task/s, elapsed: 76s, ETA:     1s
[>>>>>>>>>>>>>>>>>>>>>>>>>>>>> ] 659/669, 8.7 task/s, elapsed: 76s, ETA:     1s
[>>>>>>>>>>>>>>>>>>>>>>>>>>>>> ] 660/669, 8.7 task/s, elapsed: 76s, ETA:     1s
[>>>>>>>>>>>>>>>>>>>>>>>>>>>>> ] 661/669, 8.7 task/s, elapsed: 76s, ETA:     1s
[>>>>>>>>>>>>>>>>>>>>>>>>>>>>> ] 662/669, 8.7 task/s, elapsed: 76s, ETA:     1s
[>>>>>>>>>>>>>>>>>>>>>>>>>>>>> ] 663/669, 8.7 task/s, elapsed: 76s, ETA:     1s
[>>>>>>>>>>>>>>>>>>>>>>>>>>>>> ] 664/669, 8.7 task/s, elapsed: 76s, ETA:     1s
[>>>>>>>>>>>>>>>>>>>>>>>>>>>>> ] 665/669, 8.7 task/s, elapsed: 76s, ETA:     0s
[>>>>>>>>>>>>>>>>>>>>>>>>>>>>> ] 666/669, 8.7 task/s, elapsed: 77s, ETA:     0s
[>>>>>>>>>>>>>>>>>>>>>>>>>>>>> ] 667/669, 8.7 task/s, elapsed: 77s, ETA:     0s
[>>>>>>>>>>>>>>>>>>>>>>>>>>>>> ] 668/669, 8.7 task/s, elapsed: 77s, ETA:     0s
[>>>>>>>>>>>>>>>>>>>>>>>>>>>>>>] 669/669, 8.7 task/s, elapsed: 77s, ETA:     0s2026-06-30 16:19:45,864 - mmdet - INFO - Evaluating bbox...
2026-06-30 16:19:48,427 - mmdet - INFO - 
+-----------+-------+-----------+-------+-------------+-------+
| category  | AP    | category  | AP    | category    | AP    |
+-----------+-------+-----------+-------+-------------+-------+
| bicycle   | 0.229 | chair     | 0.570 | diningtable | 0.199 |
| bottle    | 0.406 | motorbike | 0.298 | car         | 0.303 |
| tvmonitor | 0.103 | bus       | 0.313 | None        | None  |
+-----------+-------+-----------+-------+-------------+-------+
2026-06-30 16:19:48,427 - mmdet - INFO - Evaluating segm...
/content/EALLIS/mmdetection/mmdet/datasets/coco.py:453: UserWarning: The key "bbox" is deleted for more accurate mask AP of small/medium/large instances since v2.12.0. This does not change the overall mAP calculation.
  warnings.warn(
2026-06-30 16:19:51,102 - mmdet - INFO - 
+-----------+-------+-----------+-------+-------------+-------+
| category  | AP    | category  | AP    | category    | AP    |
+-----------+-------+-----------+-------+-------------+-------+
| bicycle   | 0.113 | chair     | 0.540 | diningtable | 0.153 |
| bottle    | 0.416 | motorbike | 0.289 | car         | 0.140 |
| tvmonitor | 0.030 | bus       | 0.327 | None        | None  |
+-----------+-------+-----------+-------+-------------+-------+
2026-06-30 16:19:51,151 - mmdet - INFO - Exp name: train_kaggle.py
2026-06-30 16:19:51,152 - mmdet - INFO - Epoch(val) [3][669]	bbox_mAP: 0.3020, bbox_mAP_50: 0.5020, bbox_mAP_75: 0.3210, bbox_mAP_s: 0.0000, bbox_mAP_m: 0.0770, bbox_mAP_l: 0.3690, bbox_mAP_copypaste: 0.302 0.502 0.321 0.000 0.077 0.369, segm_mAP: 0.2510, segm_mAP_50: 0.4490, segm_mAP_75: 0.2450, segm_mAP_s: 0.0000, segm_mAP_m: 0.0620, segm_mAP_l: 0.3160, segm_mAP_copypaste: 0.251 0.449 0.245 0.000 0.062 0.316
/usr/local/lib/python3.12/dist-packages/torch/utils/data/dataloader.py:432: UserWarning: This DataLoader will create 4 worker processes in total. Our suggested max number of worker in current system is 2, which is smaller than what this DataLoader is going to create. Please be aware that excessive worker creation might get DataLoader running slow or even freeze, lower the worker number to avoid potential slowness/freeze if necessary.
  self.check_worker_number_rationality()
Loading and preparing results...
DONE (t=0.01s)
creating index...
index created!
Running per image evaluation...
Evaluate annotation type *bbox*
DONE (t=2.23s).
Accumulating evaluation results...
DONE (t=0.28s).
 Average Precision  (AP) @[ IoU=0.50:0.95 | area=   all | maxDets=100 ] = 0.302
 Average Precision  (AP) @[ IoU=0.50      | area=   all | maxDets=1000 ] = 0.502
 Average Precision  (AP) @[ IoU=0.75      | area=   all | maxDets=1000 ] = 0.321
 Average Precision  (AP) @[ IoU=0.50:0.95 | area= small | maxDets=1000 ] = 0.000
 Average Precision  (AP) @[ IoU=0.50:0.95 | area=medium | maxDets=1000 ] = 0.077
 Average Precision  (AP) @[ IoU=0.50:0.95 | area= large | maxDets=1000 ] = 0.369
 Average Recall     (AR) @[ IoU=0.50:0.95 | area=   all | maxDets=100 ] = 0.398
 Average Recall     (AR) @[ IoU=0.50:0.95 | area=   all | maxDets=300 ] = 0.398
 Average Recall     (AR) @[ IoU=0.50:0.95 | area=   all | maxDets=1000 ] = 0.398
 Average Recall     (AR) @[ IoU=0.50:0.95 | area= small | maxDets=1000 ] = 0.000
 Average Recall     (AR) @[ IoU=0.50:0.95 | area=medium | maxDets=1000 ] = 0.151
 Average Recall     (AR) @[ IoU=0.50:0.95 | area= large | maxDets=1000 ] = 0.467
Loading and preparing results...
DONE (t=0.16s)
creating index...
index created!
Running per image evaluation...
Evaluate annotation type *segm*
DONE (t=1.94s).
Accumulating evaluation results...
DONE (t=0.47s).
 Average Precision  (AP) @[ IoU=0.50:0.95 | area=   all | maxDets=100 ] = 0.251
 Average Precision  (AP) @[ IoU=0.50      | area=   all | maxDets=1000 ] = 0.449
 Average Precision  (AP) @[ IoU=0.75      | area=   all | maxDets=1000 ] = 0.245
 Average Precision  (AP) @[ IoU=0.50:0.95 | area= small | maxDets=1000 ] = 0.000
 Average Precision  (AP) @[ IoU=0.50:0.95 | area=medium | maxDets=1000 ] = 0.062
 Average Precision  (AP) @[ IoU=0.50:0.95 | area= large | maxDets=1000 ] = 0.316
 Average Recall     (AR) @[ IoU=0.50:0.95 | area=   all | maxDets=100 ] = 0.330
 Average Recall     (AR) @[ IoU=0.50:0.95 | area=   all | maxDets=300 ] = 0.330
 Average Recall     (AR) @[ IoU=0.50:0.95 | area=   all | maxDets=1000 ] = 0.330
 Average Recall     (AR) @[ IoU=0.50:0.95 | area= small | maxDets=1000 ] = 0.000
 Average Recall     (AR) @[ IoU=0.50:0.95 | area=medium | maxDets=1000 ] = 0.135
 Average Recall     (AR) @[ IoU=0.50:0.95 | area= large | maxDets=1000 ] = 0.392
OrderedDict({'bbox_mAP': 0.302, 'bbox_mAP_50': 0.502, 'bbox_mAP_75': 0.321, 'bbox_mAP_s': 0.0, 'bbox_mAP_m': 0.077, 'bbox_mAP_l': 0.369, 'bbox_mAP_copypaste': '0.302 0.502 0.321 0.000 0.077 0.369', 'segm_mAP': 0.251, 'segm_mAP_50': 0.449, 'segm_mAP_75': 0.245, 'segm_mAP_s': 0.0, 'segm_mAP_m': 0.062, 'segm_mAP_l': 0.316, 'segm_mAP_copypaste': '0.251 0.449 0.245 0.000 0.062 0.316'})
/usr/lib/python3.12/multiprocessing/popen_fork.py:66: DeprecationWarning: This process (pid=7546) is multi-threaded, use of fork() may lead to deadlocks in the child.
  self.pid = os.fork()
/content/EALLIS/mmdetection/mmdet/core/anchor/anchor_generator.py:323: UserWarning: ``grid_anchors`` would be deprecated soon. Please use ``grid_priors`` 
  warnings.warn('``grid_anchors`` would be deprecated soon. '
/content/EALLIS/mmdetection/mmdet/core/anchor/anchor_generator.py:359: UserWarning: ``single_level_grid_anchors`` would be deprecated soon. Please use ``single_level_grid_priors`` 
  warnings.warn(
2026-06-30 16:22:25,813 - mmdet - INFO - Epoch [4][50/1324]	lr: 1.000e-03, eta: 2:02:35, time: 3.091, data_time: 0.190, memory: 10536, noise_inv_loss: 0.0008, clean_loss_rpn_cls: 0.0197, clean_loss_rpn_bbox: 0.0166, clean_loss_cls: 0.1060, clean_acc: 96.1245, clean_loss_bbox: 0.1389, clean_loss_mask: 0.2791, loss_rpn_cls: 0.0334, loss_rpn_bbox: 0.0187, loss_cls: 0.1218, acc: 95.8848, loss_bbox: 0.1390, loss_mask: 0.3228, loss: 1.1967
2026-06-30 16:24:54,311 - mmdet - INFO - Epoch [4][100/1324]	lr: 1.000e-03, eta: 2:00:17, time: 2.970, data_time: 0.046, memory: 10536, noise_inv_loss: 0.0008, clean_loss_rpn_cls: 0.0186, clean_loss_rpn_bbox: 0.0170, clean_loss_cls: 0.1076, clean_acc: 95.9541, clean_loss_bbox: 0.1410, clean_loss_mask: 0.2708, loss_rpn_cls: 0.0318, loss_rpn_bbox: 0.0192, loss_cls: 0.1275, acc: 95.5127, loss_bbox: 0.1477, loss_mask: 0.3157, loss: 1.1977
2026-06-30 16:27:22,594 - mmdet - INFO - Epoch [4][150/1324]	lr: 1.000e-03, eta: 1:58:00, time: 2.966, data_time: 0.048, memory: 10536, noise_inv_loss: 0.0008, clean_loss_rpn_cls: 0.0176, clean_loss_rpn_bbox: 0.0170, clean_loss_cls: 0.1034, clean_acc: 96.2295, clean_loss_bbox: 0.1359, clean_loss_mask: 0.2659, loss_rpn_cls: 0.0306, loss_rpn_bbox: 0.0188, loss_cls: 0.1184, acc: 95.9219, loss_bbox: 0.1394, loss_mask: 0.3019, loss: 1.1496
2026-06-30 16:29:45,706 - mmdet - INFO - Epoch [4][200/1324]	lr: 1.000e-03, eta: 1:55:39, time: 2.862, data_time: 0.043, memory: 10536, noise_inv_loss: 0.0008, clean_loss_rpn_cls: 0.0167, clean_loss_rpn_bbox: 0.0162, clean_loss_cls: 0.0968, clean_acc: 96.4614, clean_loss_bbox: 0.1250, clean_loss_mask: 0.2643, loss_rpn_cls: 0.0290, loss_rpn_bbox: 0.0183, loss_cls: 0.1136, acc: 96.0684, loss_bbox: 0.1280, loss_mask: 0.3054, loss: 1.1142
2026-06-30 16:32:11,636 - mmdet - INFO - Epoch [4][250/1324]	lr: 1.000e-03, eta: 1:53:19, time: 2.919, data_time: 0.043, memory: 10536, noise_inv_loss: 0.0008, clean_loss_rpn_cls: 0.0160, clean_loss_rpn_bbox: 0.0137, clean_loss_cls: 0.0951, clean_acc: 96.5884, clean_loss_bbox: 0.1259, clean_loss_mask: 0.2651, loss_rpn_cls: 0.0280, loss_rpn_bbox: 0.0158, loss_cls: 0.1117, acc: 96.2842, loss_bbox: 0.1309, loss_mask: 0.3149, loss: 1.1179
2026-06-30 16:34:38,542 - mmdet - INFO - Epoch [4][300/1324]	lr: 1.000e-03, eta: 1:51:00, time: 2.938, data_time: 0.044, memory: 10536, noise_inv_loss: 0.0008, clean_loss_rpn_cls: 0.0169, clean_loss_rpn_bbox: 0.0168, clean_loss_cls: 0.1057, clean_acc: 95.9839, clean_loss_bbox: 0.1438, clean_loss_mask: 0.2733, loss_rpn_cls: 0.0301, loss_rpn_bbox: 0.0184, loss_cls: 0.1214, acc: 95.7603, loss_bbox: 0.1470, loss_mask: 0.3124, loss: 1.1866
2026-06-30 16:37:05,283 - mmdet - INFO - Epoch [4][350/1324]	lr: 1.000e-03, eta: 1:48:41, time: 2.935, data_time: 0.046, memory: 10536, noise_inv_loss: 0.0008, clean_loss_rpn_cls: 0.0161, clean_loss_rpn_bbox: 0.0147, clean_loss_cls: 0.0966, clean_acc: 96.4502, clean_loss_bbox: 0.1313, clean_loss_mask: 0.2669, loss_rpn_cls: 0.0243, loss_rpn_bbox: 0.0158, loss_cls: 0.1125, acc: 96.0898, loss_bbox: 0.1352, loss_mask: 0.3064, loss: 1.1206
2026-06-30 16:39:31,329 - mmdet - INFO - Epoch [4][400/1324]	lr: 1.000e-03, eta: 1:46:21, time: 2.921, data_time: 0.043, memory: 10536, noise_inv_loss: 0.0008, clean_loss_rpn_cls: 0.0175, clean_loss_rpn_bbox: 0.0159, clean_loss_cls: 0.1015, clean_acc: 96.2212, clean_loss_bbox: 0.1344, clean_loss_mask: 0.2730, loss_rpn_cls: 0.0304, loss_rpn_bbox: 0.0181, loss_cls: 0.1178, acc: 95.8970, loss_bbox: 0.1379, loss_mask: 0.3166, loss: 1.1639
2026-06-30 16:41:58,558 - mmdet - INFO - Epoch [4][450/1324]	lr: 1.000e-03, eta: 1:44:02, time: 2.945, data_time: 0.044, memory: 10536, noise_inv_loss: 0.0008, clean_loss_rpn_cls: 0.0159, clean_loss_rpn_bbox: 0.0162, clean_loss_cls: 0.1031, clean_acc: 96.1890, clean_loss_bbox: 0.1363, clean_loss_mask: 0.2738, loss_rpn_cls: 0.0286, loss_rpn_bbox: 0.0181, loss_cls: 0.1252, acc: 95.6743, loss_bbox: 0.1443, loss_mask: 0.3187, loss: 1.1810
2026-06-30 16:44:25,763 - mmdet - INFO - Epoch [4][500/1324]	lr: 1.000e-03, eta: 1:41:43, time: 2.944, data_time: 0.041, memory: 10536, noise_inv_loss: 0.0008, clean_loss_rpn_cls: 0.0165, clean_loss_rpn_bbox: 0.0157, clean_loss_cls: 0.0972, clean_acc: 96.3550, clean_loss_bbox: 0.1330, clean_loss_mask: 0.2710, loss_rpn_cls: 0.0260, loss_rpn_bbox: 0.0173, loss_cls: 0.1148, acc: 96.0376, loss_bbox: 0.1376, loss_mask: 0.3108, loss: 1.1408
2026-06-30 16:46:52,303 - mmdet - INFO - Epoch [4][550/1324]	lr: 1.000e-03, eta: 1:39:23, time: 2.931, data_time: 0.043, memory: 10536, noise_inv_loss: 0.0008, clean_loss_rpn_cls: 0.0158, clean_loss_rpn_bbox: 0.0153, clean_loss_cls: 0.0945, clean_acc: 96.4238, clean_loss_bbox: 0.1297, clean_loss_mask: 0.2531, loss_rpn_cls: 0.0274, loss_rpn_bbox: 0.0173, loss_cls: 0.1107, acc: 96.2383, loss_bbox: 0.1324, loss_mask: 0.2873, loss: 1.0844
2026-06-30 16:49:17,737 - mmdet - INFO - Epoch [4][600/1324]	lr: 1.000e-03, eta: 1:37:02, time: 2.909, data_time: 0.039, memory: 10536, noise_inv_loss: 0.0008, clean_loss_rpn_cls: 0.0176, clean_loss_rpn_bbox: 0.0155, clean_loss_cls: 0.0962, clean_acc: 96.4326, clean_loss_bbox: 0.1265, clean_loss_mask: 0.2630, loss_rpn_cls: 0.0276, loss_rpn_bbox: 0.0174, loss_cls: 0.1120, acc: 96.0498, loss_bbox: 0.1307, loss_mask: 0.2998, loss: 1.1071
2026-06-30 16:51:45,271 - mmdet - INFO - Epoch [4][650/1324]	lr: 1.000e-03, eta: 1:34:42, time: 2.951, data_time: 0.047, memory: 10536, noise_inv_loss: 0.0008, clean_loss_rpn_cls: 0.0165, clean_loss_rpn_bbox: 0.0174, clean_loss_cls: 0.1008, clean_acc: 96.2817, clean_loss_bbox: 0.1410, clean_loss_mask: 0.2770, loss_rpn_cls: 0.0293, loss_rpn_bbox: 0.0194, loss_cls: 0.1225, acc: 95.7930, loss_bbox: 0.1454, loss_mask: 0.3225, loss: 1.1925
2026-06-30 16:54:09,173 - mmdet - INFO - Epoch [4][700/1324]	lr: 1.000e-03, eta: 1:32:21, time: 2.878, data_time: 0.042, memory: 10536, noise_inv_loss: 0.0008, clean_loss_rpn_cls: 0.0167, clean_loss_rpn_bbox: 0.0149, clean_loss_cls: 0.0959, clean_acc: 96.4878, clean_loss_bbox: 0.1292, clean_loss_mask: 0.2852, loss_rpn_cls: 0.0303, loss_rpn_bbox: 0.0172, loss_cls: 0.1116, acc: 96.1689, loss_bbox: 0.1340, loss_mask: 0.3269, loss: 1.1627
2026-06-30 16:56:37,103 - mmdet - INFO - Epoch [4][750/1324]	lr: 1.000e-03, eta: 1:30:01, time: 2.959, data_time: 0.048, memory: 10536, noise_inv_loss: 0.0008, clean_loss_rpn_cls: 0.0180, clean_loss_rpn_bbox: 0.0159, clean_loss_cls: 0.1056, clean_acc: 96.1509, clean_loss_bbox: 0.1402, clean_loss_mask: 0.2758, loss_rpn_cls: 0.0288, loss_rpn_bbox: 0.0177, loss_cls: 0.1213, acc: 95.8296, loss_bbox: 0.1457, loss_mask: 0.3203, loss: 1.1900
2026-06-30 16:59:02,976 - mmdet - INFO - Epoch [4][800/1324]	lr: 1.000e-03, eta: 1:27:40, time: 2.918, data_time: 0.044, memory: 10536, noise_inv_loss: 0.0008, clean_loss_rpn_cls: 0.0149, clean_loss_rpn_bbox: 0.0139, clean_loss_cls: 0.0953, clean_acc: 96.5122, clean_loss_bbox: 0.1295, clean_loss_mask: 0.2623, loss_rpn_cls: 0.0245, loss_rpn_bbox: 0.0157, loss_cls: 0.1098, acc: 96.1665, loss_bbox: 0.1363, loss_mask: 0.2988, loss: 1.1020
2026-06-30 17:01:29,636 - mmdet - INFO - Epoch [4][850/1324]	lr: 1.000e-03, eta: 1:25:19, time: 2.933, data_time: 0.044, memory: 10536, noise_inv_loss: 0.0008, clean_loss_rpn_cls: 0.0136, clean_loss_rpn_bbox: 0.0131, clean_loss_cls: 0.0923, clean_acc: 96.5117, clean_loss_bbox: 0.1194, clean_loss_mask: 0.2657, loss_rpn_cls: 0.0250, loss_rpn_bbox: 0.0151, loss_cls: 0.1108, acc: 96.1567, loss_bbox: 0.1238, loss_mask: 0.3085, loss: 1.0882
2026-06-30 17:03:58,054 - mmdet - INFO - Epoch [4][900/1324]	lr: 1.000e-03, eta: 1:22:59, time: 2.968, data_time: 0.043, memory: 10536, noise_inv_loss: 0.0008, clean_loss_rpn_cls: 0.0160, clean_loss_rpn_bbox: 0.0147, clean_loss_cls: 0.1010, clean_acc: 96.3564, clean_loss_bbox: 0.1315, clean_loss_mask: 0.2686, loss_rpn_cls: 0.0261, loss_rpn_bbox: 0.0167, loss_cls: 0.1177, acc: 96.0146, loss_bbox: 0.1390, loss_mask: 0.3129, loss: 1.1450
2026-06-30 17:06:24,885 - mmdet - INFO - Epoch [4][950/1324]	lr: 1.000e-03, eta: 1:20:38, time: 2.937, data_time: 0.045, memory: 10536, noise_inv_loss: 0.0008, clean_loss_rpn_cls: 0.0181, clean_loss_rpn_bbox: 0.0142, clean_loss_cls: 0.0940, clean_acc: 96.6538, clean_loss_bbox: 0.1229, clean_loss_mask: 0.2733, loss_rpn_cls: 0.0282, loss_rpn_bbox: 0.0159, loss_cls: 0.1089, acc: 96.3921, loss_bbox: 0.1269, loss_mask: 0.3145, loss: 1.1178
2026-06-30 17:08:52,134 - mmdet - INFO - Epoch [4][1000/1324]	lr: 1.000e-03, eta: 1:18:17, time: 2.945, data_time: 0.046, memory: 10536, noise_inv_loss: 0.0008, clean_loss_rpn_cls: 0.0189, clean_loss_rpn_bbox: 0.0158, clean_loss_cls: 0.1041, clean_acc: 96.1470, clean_loss_bbox: 0.1383, clean_loss_mask: 0.2740, loss_rpn_cls: 0.0333, loss_rpn_bbox: 0.0184, loss_cls: 0.1242, acc: 95.6860, loss_bbox: 0.1434, loss_mask: 0.3225, loss: 1.1936
2026-06-30 17:11:18,366 - mmdet - INFO - Epoch [4][1050/1324]	lr: 1.000e-03, eta: 1:15:56, time: 2.925, data_time: 0.045, memory: 10536, noise_inv_loss: 0.0008, clean_loss_rpn_cls: 0.0148, clean_loss_rpn_bbox: 0.0148, clean_loss_cls: 0.0928, clean_acc: 96.5083, clean_loss_bbox: 0.1258, clean_loss_mask: 0.2636, loss_rpn_cls: 0.0254, loss_rpn_bbox: 0.0165, loss_cls: 0.1086, acc: 96.2246, loss_bbox: 0.1298, loss_mask: 0.3062, loss: 1.0992
2026-06-30 17:13:46,212 - mmdet - INFO - Epoch [4][1100/1324]	lr: 1.000e-03, eta: 1:13:35, time: 2.957, data_time: 0.043, memory: 10536, noise_inv_loss: 0.0009, clean_loss_rpn_cls: 0.0156, clean_loss_rpn_bbox: 0.0153, clean_loss_cls: 0.0995, clean_acc: 96.2861, clean_loss_bbox: 0.1328, clean_loss_mask: 0.2679, loss_rpn_cls: 0.0266, loss_rpn_bbox: 0.0173, loss_cls: 0.1212, acc: 95.8638, loss_bbox: 0.1426, loss_mask: 0.3214, loss: 1.1610
2026-06-30 17:16:16,464 - mmdet - INFO - Epoch [4][1150/1324]	lr: 1.000e-03, eta: 1:11:14, time: 3.005, data_time: 0.046, memory: 10536, noise_inv_loss: 0.0008, clean_loss_rpn_cls: 0.0154, clean_loss_rpn_bbox: 0.0152, clean_loss_cls: 0.1009, clean_acc: 96.2144, clean_loss_bbox: 0.1381, clean_loss_mask: 0.2792, loss_rpn_cls: 0.0273, loss_rpn_bbox: 0.0169, loss_cls: 0.1194, acc: 95.8608, loss_bbox: 0.1433, loss_mask: 0.3178, loss: 1.1744
2026-06-30 17:18:43,775 - mmdet - INFO - Epoch [4][1200/1324]	lr: 1.000e-03, eta: 1:08:53, time: 2.946, data_time: 0.046, memory: 10536, noise_inv_loss: 0.0009, clean_loss_rpn_cls: 0.0146, clean_loss_rpn_bbox: 0.0146, clean_loss_cls: 0.0920, clean_acc: 96.6089, clean_loss_bbox: 0.1269, clean_loss_mask: 0.2693, loss_rpn_cls: 0.0264, loss_rpn_bbox: 0.0167, loss_cls: 0.1150, acc: 96.1357, loss_bbox: 0.1348, loss_mask: 0.3164, loss: 1.1275
2026-06-30 17:21:11,248 - mmdet - INFO - Epoch [4][1250/1324]	lr: 1.000e-03, eta: 1:06:32, time: 2.949, data_time: 0.045, memory: 10536, noise_inv_loss: 0.0008, clean_loss_rpn_cls: 0.0149, clean_loss_rpn_bbox: 0.0152, clean_loss_cls: 0.0927, clean_acc: 96.5850, clean_loss_bbox: 0.1248, clean_loss_mask: 0.2648, loss_rpn_cls: 0.0265, loss_rpn_bbox: 0.0174, loss_cls: 0.1118, acc: 96.1953, loss_bbox: 0.1320, loss_mask: 0.3147, loss: 1.1157
2026-06-30 17:23:38,177 - mmdet - INFO - Epoch [4][1300/1324]	lr: 1.000e-03, eta: 1:04:10, time: 2.939, data_time: 0.042, memory: 10536, noise_inv_loss: 0.0008, clean_loss_rpn_cls: 0.0180, clean_loss_rpn_bbox: 0.0176, clean_loss_cls: 0.1029, clean_acc: 96.1841, clean_loss_bbox: 0.1406, clean_loss_mask: 0.2804, loss_rpn_cls: 0.0282, loss_rpn_bbox: 0.0197, loss_cls: 0.1208, acc: 95.7617, loss_bbox: 0.1472, loss_mask: 0.3206, loss: 1.1968
[                                                  ] 0/669, elapsed: 0s, ETA:
[                                 ] 1/669, 2.0 task/s, elapsed: 1s, ETA:   340s
[                                 ] 2/669, 3.3 task/s, elapsed: 1s, ETA:   201s
[                                 ] 3/669, 4.4 task/s, elapsed: 1s, ETA:   153s
[                                 ] 4/669, 5.0 task/s, elapsed: 1s, ETA:   132s
[                                 ] 5/669, 5.7 task/s, elapsed: 1s, ETA:   116s
[                                 ] 6/669, 6.1 task/s, elapsed: 1s, ETA:   108s
[                                 ] 7/669, 6.4 task/s, elapsed: 1s, ETA:   103s
[                                 ] 8/669, 6.1 task/s, elapsed: 1s, ETA:   109s
[                                 ] 9/669, 6.4 task/s, elapsed: 1s, ETA:   104s
[                                ] 10/669, 6.4 task/s, elapsed: 2s, ETA:   104s
[                                ] 11/669, 6.3 task/s, elapsed: 2s, ETA:   105s
[                                ] 12/669, 6.2 task/s, elapsed: 2s, ETA:   106s
[                                ] 13/669, 6.3 task/s, elapsed: 2s, ETA:   104s
[                                ] 14/669, 6.4 task/s, elapsed: 2s, ETA:   102s
[                                ] 15/669, 6.6 task/s, elapsed: 2s, ETA:    99s
[                                ] 16/669, 6.8 task/s, elapsed: 2s, ETA:    96s
[                                ] 17/669, 6.9 task/s, elapsed: 2s, ETA:    94s
[                                ] 18/669, 7.0 task/s, elapsed: 3s, ETA:    93s
[                                ] 19/669, 7.1 task/s, elapsed: 3s, ETA:    91s
[                                ] 20/669, 7.2 task/s, elapsed: 3s, ETA:    90s
[>                               ] 21/669, 7.3 task/s, elapsed: 3s, ETA:    89s
[>                               ] 22/669, 7.2 task/s, elapsed: 3s, ETA:    90s
[>                               ] 23/669, 7.3 task/s, elapsed: 3s, ETA:    89s
[>                               ] 24/669, 7.3 task/s, elapsed: 3s, ETA:    88s
[>                               ] 25/669, 7.4 task/s, elapsed: 3s, ETA:    87s
[>                               ] 26/669, 7.5 task/s, elapsed: 3s, ETA:    86s
[>                               ] 27/669, 7.5 task/s, elapsed: 4s, ETA:    85s
[>                               ] 28/669, 7.5 task/s, elapsed: 4s, ETA:    86s
[>                               ] 29/669, 7.5 task/s, elapsed: 4s, ETA:    85s
[>                               ] 30/669, 7.6 task/s, elapsed: 4s, ETA:    85s
[>                               ] 31/669, 7.6 task/s, elapsed: 4s, ETA:    84s
[>                               ] 32/669, 7.7 task/s, elapsed: 4s, ETA:    83s
[>                               ] 33/669, 7.7 task/s, elapsed: 4s, ETA:    82s
[>                               ] 34/669, 7.8 task/s, elapsed: 4s, ETA:    82s
[>                               ] 35/669, 7.8 task/s, elapsed: 4s, ETA:    81s
[>                               ] 36/669, 7.9 task/s, elapsed: 5s, ETA:    80s
[>                               ] 37/669, 7.9 task/s, elapsed: 5s, ETA:    80s
[>                               ] 38/669, 8.0 task/s, elapsed: 5s, ETA:    79s
[>                               ] 39/669, 8.1 task/s, elapsed: 5s, ETA:    78s
[>                               ] 40/669, 8.1 task/s, elapsed: 5s, ETA:    78s
[>                               ] 41/669, 8.1 task/s, elapsed: 5s, ETA:    77s
[>>                              ] 42/669, 8.1 task/s, elapsed: 5s, ETA:    77s
[>>                              ] 43/669, 8.1 task/s, elapsed: 5s, ETA:    77s
[>>                              ] 44/669, 8.1 task/s, elapsed: 5s, ETA:    77s
[>>                              ] 45/669, 8.1 task/s, elapsed: 6s, ETA:    77s
[>>                              ] 46/669, 8.2 task/s, elapsed: 6s, ETA:    76s
[>>                              ] 47/669, 8.2 task/s, elapsed: 6s, ETA:    76s
[>>                              ] 48/669, 8.3 task/s, elapsed: 6s, ETA:    75s
[>>                              ] 49/669, 8.3 task/s, elapsed: 6s, ETA:    75s
[>>                              ] 50/669, 8.3 task/s, elapsed: 6s, ETA:    74s
[>>                              ] 51/669, 8.3 task/s, elapsed: 6s, ETA:    74s
[>>                              ] 52/669, 8.3 task/s, elapsed: 6s, ETA:    74s
[>>                              ] 53/669, 8.4 task/s, elapsed: 6s, ETA:    73s
[>>                              ] 54/669, 8.4 task/s, elapsed: 6s, ETA:    73s
[>>                              ] 55/669, 8.5 task/s, elapsed: 6s, ETA:    72s
[>>                              ] 56/669, 8.5 task/s, elapsed: 7s, ETA:    72s
[>>                              ] 57/669, 8.5 task/s, elapsed: 7s, ETA:    72s
[>>                              ] 58/669, 8.6 task/s, elapsed: 7s, ETA:    71s
[>>                              ] 59/669, 8.6 task/s, elapsed: 7s, ETA:    71s
[>>                              ] 60/669, 8.6 task/s, elapsed: 7s, ETA:    71s
[>>                              ] 61/669, 8.7 task/s, elapsed: 7s, ETA:    70s
[>>                              ] 62/669, 8.7 task/s, elapsed: 7s, ETA:    70s
[>>>                             ] 63/669, 8.7 task/s, elapsed: 7s, ETA:    69s
[>>>                             ] 64/669, 8.8 task/s, elapsed: 7s, ETA:    69s
[>>>                             ] 65/669, 8.8 task/s, elapsed: 7s, ETA:    69s
[>>>                             ] 66/669, 8.8 task/s, elapsed: 7s, ETA:    68s
[>>>                             ] 67/669, 8.8 task/s, elapsed: 8s, ETA:    68s
[>>>                             ] 68/669, 8.8 task/s, elapsed: 8s, ETA:    68s
[>>>                             ] 69/669, 8.9 task/s, elapsed: 8s, ETA:    68s
[>>>                             ] 70/669, 8.9 task/s, elapsed: 8s, ETA:    67s
[>>>                             ] 71/669, 8.9 task/s, elapsed: 8s, ETA:    67s
[>>>                             ] 72/669, 8.9 task/s, elapsed: 8s, ETA:    67s
[>>>                             ] 73/669, 8.9 task/s, elapsed: 8s, ETA:    67s
[>>>                             ] 74/669, 8.9 task/s, elapsed: 8s, ETA:    67s
[>>>                             ] 75/669, 9.0 task/s, elapsed: 8s, ETA:    66s
[>>>                             ] 76/669, 9.0 task/s, elapsed: 8s, ETA:    66s
[>>>                             ] 77/669, 9.0 task/s, elapsed: 9s, ETA:    65s
[>>>                             ] 78/669, 9.1 task/s, elapsed: 9s, ETA:    65s
[>>>                             ] 79/669, 9.1 task/s, elapsed: 9s, ETA:    65s
[>>>                             ] 80/669, 9.1 task/s, elapsed: 9s, ETA:    65s
[>>>                             ] 81/669, 9.1 task/s, elapsed: 9s, ETA:    65s
[>>>                             ] 82/669, 9.1 task/s, elapsed: 9s, ETA:    64s
[>>>                             ] 83/669, 9.2 task/s, elapsed: 9s, ETA:    64s
[>>>>                            ] 84/669, 9.2 task/s, elapsed: 9s, ETA:    64s
[>>>>                            ] 85/669, 9.2 task/s, elapsed: 9s, ETA:    63s
[>>>>                            ] 86/669, 9.2 task/s, elapsed: 9s, ETA:    63s
[>>>>                            ] 87/669, 9.2 task/s, elapsed: 9s, ETA:    63s
[>>>>                           ] 88/669, 9.2 task/s, elapsed: 10s, ETA:    63s
[>>>>                           ] 89/669, 9.2 task/s, elapsed: 10s, ETA:    63s
[>>>>                           ] 90/669, 9.2 task/s, elapsed: 10s, ETA:    63s
[>>>>                           ] 91/669, 9.3 task/s, elapsed: 10s, ETA:    62s
[>>>>                           ] 92/669, 9.3 task/s, elapsed: 10s, ETA:    62s
[>>>>                           ] 93/669, 9.3 task/s, elapsed: 10s, ETA:    62s
[>>>>                           ] 94/669, 9.3 task/s, elapsed: 10s, ETA:    62s
[>>>>                           ] 95/669, 9.3 task/s, elapsed: 10s, ETA:    61s
[>>>>                           ] 96/669, 9.4 task/s, elapsed: 10s, ETA:    61s
[>>>>                           ] 97/669, 9.4 task/s, elapsed: 10s, ETA:    61s
[>>>>                           ] 98/669, 9.4 task/s, elapsed: 10s, ETA:    61s
[>>>>                           ] 99/669, 9.4 task/s, elapsed: 11s, ETA:    61s
[>>>>                          ] 100/669, 9.4 task/s, elapsed: 11s, ETA:    60s
[>>>>                          ] 101/669, 9.4 task/s, elapsed: 11s, ETA:    60s
[>>>>                          ] 102/669, 9.5 task/s, elapsed: 11s, ETA:    60s
[>>>>                          ] 103/669, 9.5 task/s, elapsed: 11s, ETA:    60s
[>>>>                          ] 104/669, 9.5 task/s, elapsed: 11s, ETA:    59s
[>>>>                          ] 105/669, 9.5 task/s, elapsed: 11s, ETA:    59s
[>>>>                          ] 106/669, 9.5 task/s, elapsed: 11s, ETA:    59s
[>>>>                          ] 107/669, 9.5 task/s, elapsed: 11s, ETA:    59s
[>>>>                          ] 108/669, 9.5 task/s, elapsed: 11s, ETA:    59s
[>>>>                          ] 109/669, 9.5 task/s, elapsed: 11s, ETA:    59s
[>>>>                          ] 110/669, 9.5 task/s, elapsed: 12s, ETA:    59s
[>>>>                          ] 111/669, 9.5 task/s, elapsed: 12s, ETA:    59s
[>>>>>                         ] 112/669, 9.5 task/s, elapsed: 12s, ETA:    58s
[>>>>>                         ] 113/669, 9.5 task/s, elapsed: 12s, ETA:    59s
[>>>>>                         ] 114/669, 9.5 task/s, elapsed: 12s, ETA:    58s
[>>>>>                         ] 115/669, 9.5 task/s, elapsed: 12s, ETA:    58s
[>>>>>                         ] 116/669, 9.5 task/s, elapsed: 12s, ETA:    58s
[>>>>>                         ] 117/669, 9.5 task/s, elapsed: 12s, ETA:    58s
[>>>>>                         ] 118/669, 9.5 task/s, elapsed: 12s, ETA:    58s
[>>>>>                         ] 119/669, 9.5 task/s, elapsed: 13s, ETA:    58s
[>>>>>                         ] 120/669, 9.5 task/s, elapsed: 13s, ETA:    58s
[>>>>>                         ] 121/669, 9.5 task/s, elapsed: 13s, ETA:    58s
[>>>>>                         ] 122/669, 9.5 task/s, elapsed: 13s, ETA:    58s
[>>>>>                         ] 123/669, 9.4 task/s, elapsed: 13s, ETA:    58s
[>>>>>                         ] 124/669, 9.4 task/s, elapsed: 13s, ETA:    58s
[>>>>>                         ] 125/669, 9.4 task/s, elapsed: 13s, ETA:    58s
[>>>>>                         ] 126/669, 9.4 task/s, elapsed: 13s, ETA:    57s
[>>>>>                         ] 127/669, 9.5 task/s, elapsed: 13s, ETA:    57s
[>>>>>                         ] 128/669, 9.5 task/s, elapsed: 14s, ETA:    57s
[>>>>>                         ] 129/669, 9.5 task/s, elapsed: 14s, ETA:    57s
[>>>>>                         ] 130/669, 9.5 task/s, elapsed: 14s, ETA:    57s
[>>>>>                         ] 131/669, 9.5 task/s, elapsed: 14s, ETA:    57s
[>>>>>                         ] 132/669, 9.5 task/s, elapsed: 14s, ETA:    56s
[>>>>>                         ] 133/669, 9.5 task/s, elapsed: 14s, ETA:    56s
[>>>>>>                        ] 134/669, 9.5 task/s, elapsed: 14s, ETA:    56s
[>>>>>>                        ] 135/669, 9.6 task/s, elapsed: 14s, ETA:    56s
[>>>>>>                        ] 136/669, 9.6 task/s, elapsed: 14s, ETA:    56s
[>>>>>>                        ] 137/669, 9.6 task/s, elapsed: 14s, ETA:    56s
[>>>>>>                        ] 138/669, 9.5 task/s, elapsed: 14s, ETA:    56s
[>>>>>>                        ] 139/669, 9.5 task/s, elapsed: 15s, ETA:    56s
[>>>>>>                        ] 140/669, 9.5 task/s, elapsed: 15s, ETA:    55s
[>>>>>>                        ] 141/669, 9.6 task/s, elapsed: 15s, ETA:    55s
[>>>>>>                        ] 142/669, 9.6 task/s, elapsed: 15s, ETA:    55s
[>>>>>>                        ] 143/669, 9.6 task/s, elapsed: 15s, ETA:    55s
[>>>>>>                        ] 144/669, 9.6 task/s, elapsed: 15s, ETA:    55s
[>>>>>>                        ] 145/669, 9.6 task/s, elapsed: 15s, ETA:    55s
[>>>>>>                        ] 146/669, 9.5 task/s, elapsed: 15s, ETA:    55s
[>>>>>>                        ] 147/669, 9.5 task/s, elapsed: 15s, ETA:    55s
[>>>>>>                        ] 148/669, 9.5 task/s, elapsed: 16s, ETA:    55s
[>>>>>>                        ] 149/669, 9.4 task/s, elapsed: 16s, ETA:    55s
[>>>>>>                        ] 150/669, 9.4 task/s, elapsed: 16s, ETA:    55s
[>>>>>>                        ] 151/669, 9.4 task/s, elapsed: 16s, ETA:    55s
[>>>>>>                        ] 152/669, 9.4 task/s, elapsed: 16s, ETA:    55s
[>>>>>>                        ] 153/669, 9.4 task/s, elapsed: 16s, ETA:    55s
[>>>>>>                        ] 154/669, 9.4 task/s, elapsed: 16s, ETA:    55s
[>>>>>>                        ] 155/669, 9.4 task/s, elapsed: 17s, ETA:    55s
[>>>>>>                        ] 156/669, 9.4 task/s, elapsed: 17s, ETA:    55s
[>>>>>>>                       ] 157/669, 9.4 task/s, elapsed: 17s, ETA:    55s
[>>>>>>>                       ] 158/669, 9.4 task/s, elapsed: 17s, ETA:    55s
[>>>>>>>                       ] 159/669, 9.4 task/s, elapsed: 17s, ETA:    54s
[>>>>>>>                       ] 160/669, 9.4 task/s, elapsed: 17s, ETA:    54s
[>>>>>>>                       ] 161/669, 9.4 task/s, elapsed: 17s, ETA:    54s
[>>>>>>>                       ] 162/669, 9.3 task/s, elapsed: 17s, ETA:    54s
[>>>>>>>                       ] 163/669, 9.3 task/s, elapsed: 17s, ETA:    54s
[>>>>>>>                       ] 164/669, 9.3 task/s, elapsed: 18s, ETA:    54s
[>>>>>>>                       ] 165/669, 9.3 task/s, elapsed: 18s, ETA:    54s
[>>>>>>>                       ] 166/669, 9.3 task/s, elapsed: 18s, ETA:    54s
[>>>>>>>                       ] 167/669, 9.3 task/s, elapsed: 18s, ETA:    54s
[>>>>>>>                       ] 168/669, 9.3 task/s, elapsed: 18s, ETA:    54s
[>>>>>>>                       ] 169/669, 9.3 task/s, elapsed: 18s, ETA:    54s
[>>>>>>>                       ] 170/669, 9.3 task/s, elapsed: 18s, ETA:    54s
[>>>>>>>                       ] 171/669, 9.3 task/s, elapsed: 18s, ETA:    54s
[>>>>>>>                       ] 172/669, 9.3 task/s, elapsed: 18s, ETA:    53s
[>>>>>>>                       ] 173/669, 9.3 task/s, elapsed: 19s, ETA:    53s
[>>>>>>>                       ] 174/669, 9.3 task/s, elapsed: 19s, ETA:    53s
[>>>>>>>                       ] 175/669, 9.3 task/s, elapsed: 19s, ETA:    53s
[>>>>>>>                       ] 176/669, 9.3 task/s, elapsed: 19s, ETA:    53s
[>>>>>>>                       ] 177/669, 9.3 task/s, elapsed: 19s, ETA:    53s
[>>>>>>>                       ] 178/669, 9.3 task/s, elapsed: 19s, ETA:    53s
[>>>>>>>>                      ] 179/669, 9.3 task/s, elapsed: 19s, ETA:    53s
[>>>>>>>>                      ] 180/669, 9.3 task/s, elapsed: 19s, ETA:    53s
[>>>>>>>>                      ] 181/669, 9.3 task/s, elapsed: 19s, ETA:    53s
[>>>>>>>>                      ] 182/669, 9.3 task/s, elapsed: 20s, ETA:    53s
[>>>>>>>>                      ] 183/669, 9.3 task/s, elapsed: 20s, ETA:    52s
[>>>>>>>>                      ] 184/669, 9.3 task/s, elapsed: 20s, ETA:    52s
[>>>>>>>>                      ] 185/669, 9.3 task/s, elapsed: 20s, ETA:    52s
[>>>>>>>>                      ] 186/669, 9.3 task/s, elapsed: 20s, ETA:    52s
[>>>>>>>>                      ] 187/669, 9.2 task/s, elapsed: 20s, ETA:    52s
[>>>>>>>>                      ] 188/669, 9.2 task/s, elapsed: 20s, ETA:    52s
[>>>>>>>>                      ] 189/669, 9.2 task/s, elapsed: 21s, ETA:    52s
[>>>>>>>>                      ] 190/669, 9.2 task/s, elapsed: 21s, ETA:    52s
[>>>>>>>>                      ] 191/669, 9.1 task/s, elapsed: 21s, ETA:    52s
[>>>>>>>>                      ] 192/669, 9.1 task/s, elapsed: 21s, ETA:    52s
[>>>>>>>>                      ] 193/669, 9.1 task/s, elapsed: 21s, ETA:    52s
[>>>>>>>>                      ] 194/669, 9.1 task/s, elapsed: 21s, ETA:    52s
[>>>>>>>>                      ] 195/669, 9.1 task/s, elapsed: 21s, ETA:    52s
[>>>>>>>>                      ] 196/669, 9.1 task/s, elapsed: 21s, ETA:    52s
[>>>>>>>>                      ] 197/669, 9.0 task/s, elapsed: 22s, ETA:    52s
[>>>>>>>>                      ] 198/669, 9.1 task/s, elapsed: 22s, ETA:    52s
[>>>>>>>>                      ] 199/669, 9.0 task/s, elapsed: 22s, ETA:    52s
[>>>>>>>>                      ] 200/669, 9.0 task/s, elapsed: 22s, ETA:    52s
[>>>>>>>>>                     ] 201/669, 9.0 task/s, elapsed: 22s, ETA:    52s
[>>>>>>>>>                     ] 202/669, 9.0 task/s, elapsed: 22s, ETA:    52s
[>>>>>>>>>                     ] 203/669, 9.0 task/s, elapsed: 23s, ETA:    52s
[>>>>>>>>>                     ] 204/669, 9.0 task/s, elapsed: 23s, ETA:    52s
[>>>>>>>>>                     ] 205/669, 9.0 task/s, elapsed: 23s, ETA:    52s
[>>>>>>>>>                     ] 206/669, 9.0 task/s, elapsed: 23s, ETA:    51s
[>>>>>>>>>                     ] 207/669, 9.0 task/s, elapsed: 23s, ETA:    51s
[>>>>>>>>>                     ] 208/669, 9.0 task/s, elapsed: 23s, ETA:    51s
[>>>>>>>>>                     ] 209/669, 9.0 task/s, elapsed: 23s, ETA:    51s
[>>>>>>>>>                     ] 210/669, 9.0 task/s, elapsed: 23s, ETA:    51s
[>>>>>>>>>                     ] 211/669, 9.0 task/s, elapsed: 23s, ETA:    51s
[>>>>>>>>>                     ] 212/669, 9.0 task/s, elapsed: 23s, ETA:    51s
[>>>>>>>>>                     ] 213/669, 9.1 task/s, elapsed: 24s, ETA:    50s
[>>>>>>>>>                     ] 214/669, 9.1 task/s, elapsed: 24s, ETA:    50s
[>>>>>>>>>                     ] 215/669, 9.1 task/s, elapsed: 24s, ETA:    50s
[>>>>>>>>>                     ] 216/669, 9.1 task/s, elapsed: 24s, ETA:    50s
[>>>>>>>>>                     ] 217/669, 9.1 task/s, elapsed: 24s, ETA:    50s
[>>>>>>>>>                     ] 218/669, 9.1 task/s, elapsed: 24s, ETA:    50s
[>>>>>>>>>                     ] 219/669, 9.1 task/s, elapsed: 24s, ETA:    50s
[>>>>>>>>>                     ] 220/669, 9.1 task/s, elapsed: 24s, ETA:    50s
[>>>>>>>>>                     ] 221/669, 9.1 task/s, elapsed: 24s, ETA:    49s
[>>>>>>>>>                     ] 222/669, 9.1 task/s, elapsed: 24s, ETA:    49s
[>>>>>>>>>>                    ] 223/669, 9.1 task/s, elapsed: 25s, ETA:    49s
[>>>>>>>>>>                    ] 224/669, 9.1 task/s, elapsed: 25s, ETA:    49s
[>>>>>>>>>>                    ] 225/669, 9.1 task/s, elapsed: 25s, ETA:    49s
[>>>>>>>>>>                    ] 226/669, 9.1 task/s, elapsed: 25s, ETA:    49s
[>>>>>>>>>>                    ] 227/669, 9.1 task/s, elapsed: 25s, ETA:    49s
[>>>>>>>>>>                    ] 228/669, 9.1 task/s, elapsed: 25s, ETA:    48s
[>>>>>>>>>>                    ] 229/669, 9.1 task/s, elapsed: 25s, ETA:    48s
[>>>>>>>>>>                    ] 230/669, 9.1 task/s, elapsed: 25s, ETA:    48s
[>>>>>>>>>>                    ] 231/669, 9.1 task/s, elapsed: 25s, ETA:    48s
[>>>>>>>>>>                    ] 232/669, 9.1 task/s, elapsed: 25s, ETA:    48s
[>>>>>>>>>>                    ] 233/669, 9.1 task/s, elapsed: 25s, ETA:    48s
[>>>>>>>>>>                    ] 234/669, 9.2 task/s, elapsed: 26s, ETA:    47s
[>>>>>>>>>>                    ] 235/669, 9.2 task/s, elapsed: 26s, ETA:    47s
[>>>>>>>>>>                    ] 236/669, 9.2 task/s, elapsed: 26s, ETA:    47s
[>>>>>>>>>>                    ] 237/669, 9.2 task/s, elapsed: 26s, ETA:    47s
[>>>>>>>>>>                    ] 238/669, 9.2 task/s, elapsed: 26s, ETA:    47s
[>>>>>>>>>>                    ] 239/669, 9.2 task/s, elapsed: 26s, ETA:    47s
[>>>>>>>>>>                    ] 240/669, 9.2 task/s, elapsed: 26s, ETA:    47s
[>>>>>>>>>>                    ] 241/669, 9.2 task/s, elapsed: 26s, ETA:    47s
[>>>>>>>>>>                    ] 242/669, 9.2 task/s, elapsed: 26s, ETA:    47s
[>>>>>>>>>>                    ] 243/669, 9.2 task/s, elapsed: 26s, ETA:    46s
[>>>>>>>>>>                    ] 244/669, 9.2 task/s, elapsed: 27s, ETA:    46s
[>>>>>>>>>>                    ] 245/669, 9.2 task/s, elapsed: 27s, ETA:    46s
[>>>>>>>>>>>                   ] 246/669, 9.2 task/s, elapsed: 27s, ETA:    46s
[>>>>>>>>>>>                   ] 247/669, 9.2 task/s, elapsed: 27s, ETA:    46s
[>>>>>>>>>>>                   ] 248/669, 9.2 task/s, elapsed: 27s, ETA:    46s
[>>>>>>>>>>>                   ] 249/669, 9.1 task/s, elapsed: 27s, ETA:    46s
[>>>>>>>>>>>                   ] 250/669, 9.1 task/s, elapsed: 27s, ETA:    46s
[>>>>>>>>>>>                   ] 251/669, 9.2 task/s, elapsed: 27s, ETA:    46s
[>>>>>>>>>>>                   ] 252/669, 9.2 task/s, elapsed: 28s, ETA:    46s
[>>>>>>>>>>>                   ] 253/669, 9.2 task/s, elapsed: 28s, ETA:    45s
[>>>>>>>>>>>                   ] 254/669, 9.2 task/s, elapsed: 28s, ETA:    45s
[>>>>>>>>>>>                   ] 255/669, 9.2 task/s, elapsed: 28s, ETA:    45s
[>>>>>>>>>>>                   ] 256/669, 9.2 task/s, elapsed: 28s, ETA:    45s
[>>>>>>>>>>>                   ] 257/669, 9.2 task/s, elapsed: 28s, ETA:    45s
[>>>>>>>>>>>                   ] 258/669, 9.2 task/s, elapsed: 28s, ETA:    45s
[>>>>>>>>>>>                   ] 259/669, 9.2 task/s, elapsed: 28s, ETA:    45s
[>>>>>>>>>>>                   ] 260/669, 9.2 task/s, elapsed: 28s, ETA:    45s
[>>>>>>>>>>>                   ] 261/669, 9.2 task/s, elapsed: 28s, ETA:    44s
[>>>>>>>>>>>                   ] 262/669, 9.2 task/s, elapsed: 29s, ETA:    44s
[>>>>>>>>>>>                   ] 263/669, 9.1 task/s, elapsed: 29s, ETA:    44s
[>>>>>>>>>>>                   ] 264/669, 9.1 task/s, elapsed: 29s, ETA:    44s
[>>>>>>>>>>>                   ] 265/669, 9.1 task/s, elapsed: 29s, ETA:    44s
[>>>>>>>>>>>                   ] 266/669, 9.1 task/s, elapsed: 29s, ETA:    44s
[>>>>>>>>>>>                   ] 267/669, 9.1 task/s, elapsed: 29s, ETA:    44s
[>>>>>>>>>>>>                  ] 268/669, 9.1 task/s, elapsed: 29s, ETA:    44s
[>>>>>>>>>>>>                  ] 269/669, 9.1 task/s, elapsed: 30s, ETA:    44s
[>>>>>>>>>>>>                  ] 270/669, 9.1 task/s, elapsed: 30s, ETA:    44s
[>>>>>>>>>>>>                  ] 271/669, 9.1 task/s, elapsed: 30s, ETA:    44s
[>>>>>>>>>>>>                  ] 272/669, 9.1 task/s, elapsed: 30s, ETA:    44s
[>>>>>>>>>>>>                  ] 273/669, 9.1 task/s, elapsed: 30s, ETA:    43s
[>>>>>>>>>>>>                  ] 274/669, 9.1 task/s, elapsed: 30s, ETA:    43s
[>>>>>>>>>>>>                  ] 275/669, 9.1 task/s, elapsed: 30s, ETA:    43s
[>>>>>>>>>>>>                  ] 276/669, 9.1 task/s, elapsed: 30s, ETA:    43s
[>>>>>>>>>>>>                  ] 277/669, 9.1 task/s, elapsed: 31s, ETA:    43s
[>>>>>>>>>>>>                  ] 278/669, 9.1 task/s, elapsed: 31s, ETA:    43s
[>>>>>>>>>>>>                  ] 279/669, 9.0 task/s, elapsed: 31s, ETA:    43s
[>>>>>>>>>>>>                  ] 280/669, 9.0 task/s, elapsed: 31s, ETA:    43s
[>>>>>>>>>>>>                  ] 281/669, 9.0 task/s, elapsed: 31s, ETA:    43s
[>>>>>>>>>>>>                  ] 282/669, 9.0 task/s, elapsed: 31s, ETA:    43s
[>>>>>>>>>>>>                  ] 283/669, 9.0 task/s, elapsed: 31s, ETA:    43s
[>>>>>>>>>>>>                  ] 284/669, 9.0 task/s, elapsed: 32s, ETA:    43s
[>>>>>>>>>>>>                  ] 285/669, 8.9 task/s, elapsed: 32s, ETA:    43s
[>>>>>>>>>>>>                  ] 286/669, 8.9 task/s, elapsed: 32s, ETA:    43s
[>>>>>>>>>>>>                  ] 287/669, 8.9 task/s, elapsed: 32s, ETA:    43s
[>>>>>>>>>>>>                  ] 288/669, 8.9 task/s, elapsed: 32s, ETA:    43s
[>>>>>>>>>>>>                  ] 289/669, 8.9 task/s, elapsed: 32s, ETA:    43s
[>>>>>>>>>>>>>                 ] 290/669, 8.9 task/s, elapsed: 32s, ETA:    42s
[>>>>>>>>>>>>>                 ] 291/669, 8.9 task/s, elapsed: 33s, ETA:    42s
[>>>>>>>>>>>>>                 ] 292/669, 8.9 task/s, elapsed: 33s, ETA:    42s
[>>>>>>>>>>>>>                 ] 293/669, 8.9 task/s, elapsed: 33s, ETA:    42s
[>>>>>>>>>>>>>                 ] 294/669, 8.9 task/s, elapsed: 33s, ETA:    42s
[>>>>>>>>>>>>>                 ] 295/669, 8.9 task/s, elapsed: 33s, ETA:    42s
[>>>>>>>>>>>>>                 ] 296/669, 8.9 task/s, elapsed: 33s, ETA:    42s
[>>>>>>>>>>>>>                 ] 297/669, 8.9 task/s, elapsed: 33s, ETA:    42s
[>>>>>>>>>>>>>                 ] 298/669, 8.9 task/s, elapsed: 33s, ETA:    42s
[>>>>>>>>>>>>>                 ] 299/669, 8.9 task/s, elapsed: 34s, ETA:    42s
[>>>>>>>>>>>>>                 ] 300/669, 8.9 task/s, elapsed: 34s, ETA:    41s
[>>>>>>>>>>>>>                 ] 301/669, 8.9 task/s, elapsed: 34s, ETA:    41s
[>>>>>>>>>>>>>                 ] 302/669, 8.9 task/s, elapsed: 34s, ETA:    41s
[>>>>>>>>>>>>>                 ] 303/669, 8.9 task/s, elapsed: 34s, ETA:    41s
[>>>>>>>>>>>>>                 ] 304/669, 8.9 task/s, elapsed: 34s, ETA:    41s
[>>>>>>>>>>>>>                 ] 305/669, 8.9 task/s, elapsed: 34s, ETA:    41s
[>>>>>>>>>>>>>                 ] 306/669, 8.9 task/s, elapsed: 35s, ETA:    41s
[>>>>>>>>>>>>>                 ] 307/669, 8.9 task/s, elapsed: 35s, ETA:    41s
[>>>>>>>>>>>>>                 ] 308/669, 8.9 task/s, elapsed: 35s, ETA:    41s
[>>>>>>>>>>>>>                 ] 309/669, 8.9 task/s, elapsed: 35s, ETA:    41s
[>>>>>>>>>>>>>                 ] 310/669, 8.9 task/s, elapsed: 35s, ETA:    40s
[>>>>>>>>>>>>>                 ] 311/669, 8.9 task/s, elapsed: 35s, ETA:    40s
[>>>>>>>>>>>>>                 ] 312/669, 8.9 task/s, elapsed: 35s, ETA:    40s
[>>>>>>>>>>>>>>                ] 313/669, 8.9 task/s, elapsed: 35s, ETA:    40s
[>>>>>>>>>>>>>>                ] 314/669, 8.9 task/s, elapsed: 35s, ETA:    40s
[>>>>>>>>>>>>>>                ] 315/669, 8.9 task/s, elapsed: 35s, ETA:    40s
[>>>>>>>>>>>>>>                ] 316/669, 8.9 task/s, elapsed: 35s, ETA:    40s
[>>>>>>>>>>>>>>                ] 317/669, 8.9 task/s, elapsed: 36s, ETA:    40s
[>>>>>>>>>>>>>>                ] 318/669, 8.9 task/s, elapsed: 36s, ETA:    39s
[>>>>>>>>>>>>>>                ] 319/669, 8.9 task/s, elapsed: 36s, ETA:    39s
[>>>>>>>>>>>>>>                ] 320/669, 8.9 task/s, elapsed: 36s, ETA:    39s
[>>>>>>>>>>>>>>                ] 321/669, 8.9 task/s, elapsed: 36s, ETA:    39s
[>>>>>>>>>>>>>>                ] 322/669, 8.9 task/s, elapsed: 36s, ETA:    39s
[>>>>>>>>>>>>>>                ] 323/669, 8.9 task/s, elapsed: 36s, ETA:    39s
[>>>>>>>>>>>>>>                ] 324/669, 9.0 task/s, elapsed: 36s, ETA:    39s
[>>>>>>>>>>>>>>                ] 325/669, 9.0 task/s, elapsed: 36s, ETA:    38s
[>>>>>>>>>>>>>>                ] 326/669, 9.0 task/s, elapsed: 36s, ETA:    38s
[>>>>>>>>>>>>>>                ] 327/669, 9.0 task/s, elapsed: 36s, ETA:    38s
[>>>>>>>>>>>>>>                ] 328/669, 9.0 task/s, elapsed: 37s, ETA:    38s
[>>>>>>>>>>>>>>                ] 329/669, 9.0 task/s, elapsed: 37s, ETA:    38s
[>>>>>>>>>>>>>>                ] 330/669, 9.0 task/s, elapsed: 37s, ETA:    38s
[>>>>>>>>>>>>>>                ] 331/669, 9.0 task/s, elapsed: 37s, ETA:    38s
[>>>>>>>>>>>>>>                ] 332/669, 9.0 task/s, elapsed: 37s, ETA:    37s
[>>>>>>>>>>>>>>                ] 333/669, 9.0 task/s, elapsed: 37s, ETA:    37s
[>>>>>>>>>>>>>>                ] 334/669, 9.0 task/s, elapsed: 37s, ETA:    37s
[>>>>>>>>>>>>>>>               ] 335/669, 9.0 task/s, elapsed: 37s, ETA:    37s
[>>>>>>>>>>>>>>>               ] 336/669, 9.0 task/s, elapsed: 37s, ETA:    37s
[>>>>>>>>>>>>>>>               ] 337/669, 9.0 task/s, elapsed: 37s, ETA:    37s
[>>>>>>>>>>>>>>>               ] 338/669, 9.0 task/s, elapsed: 38s, ETA:    37s
[>>>>>>>>>>>>>>>               ] 339/669, 9.0 task/s, elapsed: 38s, ETA:    37s
[>>>>>>>>>>>>>>>               ] 340/669, 9.0 task/s, elapsed: 38s, ETA:    36s
[>>>>>>>>>>>>>>>               ] 341/669, 9.0 task/s, elapsed: 38s, ETA:    36s
[>>>>>>>>>>>>>>>               ] 342/669, 9.0 task/s, elapsed: 38s, ETA:    36s
[>>>>>>>>>>>>>>>               ] 343/669, 9.0 task/s, elapsed: 38s, ETA:    36s
[>>>>>>>>>>>>>>>               ] 344/669, 9.0 task/s, elapsed: 38s, ETA:    36s
[>>>>>>>>>>>>>>>               ] 345/669, 9.0 task/s, elapsed: 38s, ETA:    36s
[>>>>>>>>>>>>>>>               ] 346/669, 9.1 task/s, elapsed: 38s, ETA:    36s
[>>>>>>>>>>>>>>>               ] 347/669, 9.1 task/s, elapsed: 38s, ETA:    36s
[>>>>>>>>>>>>>>>               ] 348/669, 9.1 task/s, elapsed: 38s, ETA:    35s
[>>>>>>>>>>>>>>>               ] 349/669, 9.1 task/s, elapsed: 38s, ETA:    35s
[>>>>>>>>>>>>>>>               ] 350/669, 9.1 task/s, elapsed: 39s, ETA:    35s
[>>>>>>>>>>>>>>>               ] 351/669, 9.1 task/s, elapsed: 39s, ETA:    35s
[>>>>>>>>>>>>>>>               ] 352/669, 9.1 task/s, elapsed: 39s, ETA:    35s
[>>>>>>>>>>>>>>>               ] 353/669, 9.1 task/s, elapsed: 39s, ETA:    35s
[>>>>>>>>>>>>>>>               ] 354/669, 9.1 task/s, elapsed: 39s, ETA:    35s
[>>>>>>>>>>>>>>>               ] 355/669, 9.1 task/s, elapsed: 39s, ETA:    34s
[>>>>>>>>>>>>>>>               ] 356/669, 9.1 task/s, elapsed: 39s, ETA:    34s
[>>>>>>>>>>>>>>>>              ] 357/669, 9.1 task/s, elapsed: 39s, ETA:    34s
[>>>>>>>>>>>>>>>>              ] 358/669, 9.1 task/s, elapsed: 39s, ETA:    34s
[>>>>>>>>>>>>>>>>              ] 359/669, 9.1 task/s, elapsed: 39s, ETA:    34s
[>>>>>>>>>>>>>>>>              ] 360/669, 9.1 task/s, elapsed: 39s, ETA:    34s
[>>>>>>>>>>>>>>>>              ] 361/669, 9.1 task/s, elapsed: 39s, ETA:    34s
[>>>>>>>>>>>>>>>>              ] 362/669, 9.1 task/s, elapsed: 40s, ETA:    34s
[>>>>>>>>>>>>>>>>              ] 363/669, 9.2 task/s, elapsed: 40s, ETA:    33s
[>>>>>>>>>>>>>>>>              ] 364/669, 9.2 task/s, elapsed: 40s, ETA:    33s
[>>>>>>>>>>>>>>>>              ] 365/669, 9.2 task/s, elapsed: 40s, ETA:    33s
[>>>>>>>>>>>>>>>>              ] 366/669, 9.2 task/s, elapsed: 40s, ETA:    33s
[>>>>>>>>>>>>>>>>              ] 367/669, 9.2 task/s, elapsed: 40s, ETA:    33s
[>>>>>>>>>>>>>>>>              ] 368/669, 9.2 task/s, elapsed: 40s, ETA:    33s
[>>>>>>>>>>>>>>>>              ] 369/669, 9.2 task/s, elapsed: 40s, ETA:    33s
[>>>>>>>>>>>>>>>>              ] 370/669, 9.2 task/s, elapsed: 40s, ETA:    33s
[>>>>>>>>>>>>>>>>              ] 371/669, 9.2 task/s, elapsed: 40s, ETA:    32s
[>>>>>>>>>>>>>>>>              ] 372/669, 9.2 task/s, elapsed: 40s, ETA:    32s
[>>>>>>>>>>>>>>>>              ] 373/669, 9.2 task/s, elapsed: 41s, ETA:    32s
[>>>>>>>>>>>>>>>>              ] 374/669, 9.2 task/s, elapsed: 41s, ETA:    32s
[>>>>>>>>>>>>>>>>              ] 375/669, 9.2 task/s, elapsed: 41s, ETA:    32s
[>>>>>>>>>>>>>>>>              ] 376/669, 9.2 task/s, elapsed: 41s, ETA:    32s
[>>>>>>>>>>>>>>>>              ] 377/669, 9.2 task/s, elapsed: 41s, ETA:    32s
[>>>>>>>>>>>>>>>>              ] 378/669, 9.2 task/s, elapsed: 41s, ETA:    32s
[>>>>>>>>>>>>>>>>              ] 379/669, 9.2 task/s, elapsed: 41s, ETA:    31s
[>>>>>>>>>>>>>>>>>             ] 380/669, 9.2 task/s, elapsed: 41s, ETA:    31s
[>>>>>>>>>>>>>>>>>             ] 381/669, 9.2 task/s, elapsed: 41s, ETA:    31s
[>>>>>>>>>>>>>>>>>             ] 382/669, 9.2 task/s, elapsed: 41s, ETA:    31s
[>>>>>>>>>>>>>>>>>             ] 383/669, 9.2 task/s, elapsed: 42s, ETA:    31s
[>>>>>>>>>>>>>>>>>             ] 384/669, 9.2 task/s, elapsed: 42s, ETA:    31s
[>>>>>>>>>>>>>>>>>             ] 385/669, 9.2 task/s, elapsed: 42s, ETA:    31s
[>>>>>>>>>>>>>>>>>             ] 386/669, 9.2 task/s, elapsed: 42s, ETA:    31s
[>>>>>>>>>>>>>>>>>             ] 387/669, 9.2 task/s, elapsed: 42s, ETA:    31s
[>>>>>>>>>>>>>>>>>             ] 388/669, 9.2 task/s, elapsed: 42s, ETA:    30s
[>>>>>>>>>>>>>>>>>             ] 389/669, 9.2 task/s, elapsed: 42s, ETA:    30s
[>>>>>>>>>>>>>>>>>             ] 390/669, 9.3 task/s, elapsed: 42s, ETA:    30s
[>>>>>>>>>>>>>>>>>             ] 391/669, 9.3 task/s, elapsed: 42s, ETA:    30s
[>>>>>>>>>>>>>>>>>             ] 392/669, 9.3 task/s, elapsed: 42s, ETA:    30s
[>>>>>>>>>>>>>>>>>             ] 393/669, 9.3 task/s, elapsed: 42s, ETA:    30s
[>>>>>>>>>>>>>>>>>             ] 394/669, 9.3 task/s, elapsed: 43s, ETA:    30s
[>>>>>>>>>>>>>>>>>             ] 395/669, 9.3 task/s, elapsed: 43s, ETA:    30s
[>>>>>>>>>>>>>>>>>             ] 396/669, 9.3 task/s, elapsed: 43s, ETA:    29s
[>>>>>>>>>>>>>>>>>             ] 397/669, 9.3 task/s, elapsed: 43s, ETA:    29s
[>>>>>>>>>>>>>>>>>             ] 398/669, 9.3 task/s, elapsed: 43s, ETA:    29s
[>>>>>>>>>>>>>>>>>             ] 399/669, 9.3 task/s, elapsed: 43s, ETA:    29s
[>>>>>>>>>>>>>>>>>             ] 400/669, 9.3 task/s, elapsed: 43s, ETA:    29s
[>>>>>>>>>>>>>>>>>             ] 401/669, 9.3 task/s, elapsed: 43s, ETA:    29s
[>>>>>>>>>>>>>>>>>>            ] 402/669, 9.3 task/s, elapsed: 43s, ETA:    29s
[>>>>>>>>>>>>>>>>>>            ] 403/669, 9.3 task/s, elapsed: 43s, ETA:    29s
[>>>>>>>>>>>>>>>>>>            ] 404/669, 9.3 task/s, elapsed: 43s, ETA:    29s
[>>>>>>>>>>>>>>>>>>            ] 405/669, 9.3 task/s, elapsed: 44s, ETA:    28s
[>>>>>>>>>>>>>>>>>>            ] 406/669, 9.3 task/s, elapsed: 44s, ETA:    28s
[>>>>>>>>>>>>>>>>>>            ] 407/669, 9.3 task/s, elapsed: 44s, ETA:    28s
[>>>>>>>>>>>>>>>>>>            ] 408/669, 9.3 task/s, elapsed: 44s, ETA:    28s
[>>>>>>>>>>>>>>>>>>            ] 409/669, 9.3 task/s, elapsed: 44s, ETA:    28s
[>>>>>>>>>>>>>>>>>>            ] 410/669, 9.3 task/s, elapsed: 44s, ETA:    28s
[>>>>>>>>>>>>>>>>>>            ] 411/669, 9.3 task/s, elapsed: 44s, ETA:    28s
[>>>>>>>>>>>>>>>>>>            ] 412/669, 9.3 task/s, elapsed: 44s, ETA:    28s
[>>>>>>>>>>>>>>>>>>            ] 413/669, 9.3 task/s, elapsed: 44s, ETA:    27s
[>>>>>>>>>>>>>>>>>>            ] 414/669, 9.3 task/s, elapsed: 44s, ETA:    27s
[>>>>>>>>>>>>>>>>>>            ] 415/669, 9.3 task/s, elapsed: 45s, ETA:    27s
[>>>>>>>>>>>>>>>>>>            ] 416/669, 9.3 task/s, elapsed: 45s, ETA:    27s
[>>>>>>>>>>>>>>>>>>            ] 417/669, 9.3 task/s, elapsed: 45s, ETA:    27s
[>>>>>>>>>>>>>>>>>>            ] 418/669, 9.3 task/s, elapsed: 45s, ETA:    27s
[>>>>>>>>>>>>>>>>>>            ] 419/669, 9.3 task/s, elapsed: 45s, ETA:    27s
[>>>>>>>>>>>>>>>>>>            ] 420/669, 9.3 task/s, elapsed: 45s, ETA:    27s
[>>>>>>>>>>>>>>>>>>            ] 421/669, 9.4 task/s, elapsed: 45s, ETA:    27s
[>>>>>>>>>>>>>>>>>>            ] 422/669, 9.4 task/s, elapsed: 45s, ETA:    26s
[>>>>>>>>>>>>>>>>>>            ] 423/669, 9.4 task/s, elapsed: 45s, ETA:    26s
[>>>>>>>>>>>>>>>>>>>           ] 424/669, 9.4 task/s, elapsed: 45s, ETA:    26s
[>>>>>>>>>>>>>>>>>>>           ] 425/669, 9.4 task/s, elapsed: 45s, ETA:    26s
[>>>>>>>>>>>>>>>>>>>           ] 426/669, 9.4 task/s, elapsed: 46s, ETA:    26s
[>>>>>>>>>>>>>>>>>>>           ] 427/669, 9.4 task/s, elapsed: 46s, ETA:    26s
[>>>>>>>>>>>>>>>>>>>           ] 428/669, 9.4 task/s, elapsed: 46s, ETA:    26s
[>>>>>>>>>>>>>>>>>>>           ] 429/669, 9.4 task/s, elapsed: 46s, ETA:    26s
[>>>>>>>>>>>>>>>>>>>           ] 430/669, 9.4 task/s, elapsed: 46s, ETA:    26s
[>>>>>>>>>>>>>>>>>>>           ] 431/669, 9.4 task/s, elapsed: 46s, ETA:    25s
[>>>>>>>>>>>>>>>>>>>           ] 432/669, 9.4 task/s, elapsed: 46s, ETA:    25s
[>>>>>>>>>>>>>>>>>>>           ] 433/669, 9.4 task/s, elapsed: 46s, ETA:    25s
[>>>>>>>>>>>>>>>>>>>           ] 434/669, 9.4 task/s, elapsed: 46s, ETA:    25s
[>>>>>>>>>>>>>>>>>>>           ] 435/669, 9.4 task/s, elapsed: 46s, ETA:    25s
[>>>>>>>>>>>>>>>>>>>           ] 436/669, 9.4 task/s, elapsed: 47s, ETA:    25s
[>>>>>>>>>>>>>>>>>>>           ] 437/669, 9.4 task/s, elapsed: 47s, ETA:    25s
[>>>>>>>>>>>>>>>>>>>           ] 438/669, 9.4 task/s, elapsed: 47s, ETA:    25s
[>>>>>>>>>>>>>>>>>>>           ] 439/669, 9.4 task/s, elapsed: 47s, ETA:    25s
[>>>>>>>>>>>>>>>>>>>           ] 440/669, 9.4 task/s, elapsed: 47s, ETA:    24s
[>>>>>>>>>>>>>>>>>>>           ] 441/669, 9.4 task/s, elapsed: 47s, ETA:    24s
[>>>>>>>>>>>>>>>>>>>           ] 442/669, 9.4 task/s, elapsed: 47s, ETA:    24s
[>>>>>>>>>>>>>>>>>>>           ] 443/669, 9.4 task/s, elapsed: 47s, ETA:    24s
[>>>>>>>>>>>>>>>>>>>           ] 444/669, 9.4 task/s, elapsed: 47s, ETA:    24s
[>>>>>>>>>>>>>>>>>>>           ] 445/669, 9.4 task/s, elapsed: 48s, ETA:    24s
[>>>>>>>>>>>>>>>>>>>>          ] 446/669, 9.4 task/s, elapsed: 48s, ETA:    24s
[>>>>>>>>>>>>>>>>>>>>          ] 447/669, 9.4 task/s, elapsed: 48s, ETA:    24s
[>>>>>>>>>>>>>>>>>>>>          ] 448/669, 9.4 task/s, elapsed: 48s, ETA:    24s
[>>>>>>>>>>>>>>>>>>>>          ] 449/669, 9.4 task/s, elapsed: 48s, ETA:    24s
[>>>>>>>>>>>>>>>>>>>>          ] 450/669, 9.3 task/s, elapsed: 48s, ETA:    23s
[>>>>>>>>>>>>>>>>>>>>          ] 451/669, 9.3 task/s, elapsed: 48s, ETA:    23s
[>>>>>>>>>>>>>>>>>>>>          ] 452/669, 9.3 task/s, elapsed: 48s, ETA:    23s
[>>>>>>>>>>>>>>>>>>>>          ] 453/669, 9.3 task/s, elapsed: 49s, ETA:    23s
[>>>>>>>>>>>>>>>>>>>>          ] 454/669, 9.3 task/s, elapsed: 49s, ETA:    23s
[>>>>>>>>>>>>>>>>>>>>          ] 455/669, 9.3 task/s, elapsed: 49s, ETA:    23s
[>>>>>>>>>>>>>>>>>>>>          ] 456/669, 9.3 task/s, elapsed: 49s, ETA:    23s
[>>>>>>>>>>>>>>>>>>>>          ] 457/669, 9.3 task/s, elapsed: 49s, ETA:    23s
[>>>>>>>>>>>>>>>>>>>>          ] 458/669, 9.3 task/s, elapsed: 49s, ETA:    23s
[>>>>>>>>>>>>>>>>>>>>          ] 459/669, 9.3 task/s, elapsed: 49s, ETA:    23s
[>>>>>>>>>>>>>>>>>>>>          ] 460/669, 9.3 task/s, elapsed: 49s, ETA:    22s
[>>>>>>>>>>>>>>>>>>>>          ] 461/669, 9.3 task/s, elapsed: 50s, ETA:    22s
[>>>>>>>>>>>>>>>>>>>>          ] 462/669, 9.3 task/s, elapsed: 50s, ETA:    22s
[>>>>>>>>>>>>>>>>>>>>          ] 463/669, 9.3 task/s, elapsed: 50s, ETA:    22s
[>>>>>>>>>>>>>>>>>>>>          ] 464/669, 9.3 task/s, elapsed: 50s, ETA:    22s
[>>>>>>>>>>>>>>>>>>>>          ] 465/669, 9.3 task/s, elapsed: 50s, ETA:    22s
[>>>>>>>>>>>>>>>>>>>>          ] 466/669, 9.3 task/s, elapsed: 50s, ETA:    22s
[>>>>>>>>>>>>>>>>>>>>          ] 467/669, 9.1 task/s, elapsed: 51s, ETA:    22s
[>>>>>>>>>>>>>>>>>>>>          ] 468/669, 9.1 task/s, elapsed: 51s, ETA:    22s
[>>>>>>>>>>>>>>>>>>>>>         ] 469/669, 9.1 task/s, elapsed: 51s, ETA:    22s
[>>>>>>>>>>>>>>>>>>>>>         ] 470/669, 9.1 task/s, elapsed: 52s, ETA:    22s
[>>>>>>>>>>>>>>>>>>>>>         ] 471/669, 9.1 task/s, elapsed: 52s, ETA:    22s
[>>>>>>>>>>>>>>>>>>>>>         ] 472/669, 9.1 task/s, elapsed: 52s, ETA:    22s
[>>>>>>>>>>>>>>>>>>>>>         ] 473/669, 9.1 task/s, elapsed: 52s, ETA:    21s
[>>>>>>>>>>>>>>>>>>>>>         ] 474/669, 9.1 task/s, elapsed: 52s, ETA:    21s
[>>>>>>>>>>>>>>>>>>>>>         ] 475/669, 9.1 task/s, elapsed: 52s, ETA:    21s
[>>>>>>>>>>>>>>>>>>>>>         ] 476/669, 9.1 task/s, elapsed: 52s, ETA:    21s
[>>>>>>>>>>>>>>>>>>>>>         ] 477/669, 9.1 task/s, elapsed: 52s, ETA:    21s
[>>>>>>>>>>>>>>>>>>>>>         ] 478/669, 9.1 task/s, elapsed: 52s, ETA:    21s
[>>>>>>>>>>>>>>>>>>>>>         ] 479/669, 9.1 task/s, elapsed: 52s, ETA:    21s
[>>>>>>>>>>>>>>>>>>>>>         ] 480/669, 9.1 task/s, elapsed: 53s, ETA:    21s
[>>>>>>>>>>>>>>>>>>>>>         ] 481/669, 9.1 task/s, elapsed: 53s, ETA:    21s
[>>>>>>>>>>>>>>>>>>>>>         ] 482/669, 9.1 task/s, elapsed: 53s, ETA:    20s
[>>>>>>>>>>>>>>>>>>>>>         ] 483/669, 9.2 task/s, elapsed: 53s, ETA:    20s
[>>>>>>>>>>>>>>>>>>>>>         ] 484/669, 9.2 task/s, elapsed: 53s, ETA:    20s
[>>>>>>>>>>>>>>>>>>>>>         ] 485/669, 9.2 task/s, elapsed: 53s, ETA:    20s
[>>>>>>>>>>>>>>>>>>>>>         ] 486/669, 9.2 task/s, elapsed: 53s, ETA:    20s
[>>>>>>>>>>>>>>>>>>>>>         ] 487/669, 9.2 task/s, elapsed: 53s, ETA:    20s
[>>>>>>>>>>>>>>>>>>>>>         ] 488/669, 9.2 task/s, elapsed: 53s, ETA:    20s
[>>>>>>>>>>>>>>>>>>>>>         ] 489/669, 9.2 task/s, elapsed: 53s, ETA:    20s
[>>>>>>>>>>>>>>>>>>>>>         ] 490/669, 9.2 task/s, elapsed: 53s, ETA:    20s
[>>>>>>>>>>>>>>>>>>>>>>        ] 491/669, 9.2 task/s, elapsed: 54s, ETA:    19s
[>>>>>>>>>>>>>>>>>>>>>>        ] 492/669, 9.2 task/s, elapsed: 54s, ETA:    19s
[>>>>>>>>>>>>>>>>>>>>>>        ] 493/669, 9.2 task/s, elapsed: 54s, ETA:    19s
[>>>>>>>>>>>>>>>>>>>>>>        ] 494/669, 9.2 task/s, elapsed: 54s, ETA:    19s
[>>>>>>>>>>>>>>>>>>>>>>        ] 495/669, 9.2 task/s, elapsed: 54s, ETA:    19s
[>>>>>>>>>>>>>>>>>>>>>>        ] 496/669, 9.2 task/s, elapsed: 54s, ETA:    19s
[>>>>>>>>>>>>>>>>>>>>>>        ] 497/669, 9.2 task/s, elapsed: 54s, ETA:    19s
[>>>>>>>>>>>>>>>>>>>>>>        ] 498/669, 9.2 task/s, elapsed: 54s, ETA:    19s
[>>>>>>>>>>>>>>>>>>>>>>        ] 499/669, 9.2 task/s, elapsed: 54s, ETA:    19s
[>>>>>>>>>>>>>>>>>>>>>>        ] 500/669, 9.2 task/s, elapsed: 54s, ETA:    18s
[>>>>>>>>>>>>>>>>>>>>>>        ] 501/669, 9.2 task/s, elapsed: 55s, ETA:    18s
[>>>>>>>>>>>>>>>>>>>>>>        ] 502/669, 9.2 task/s, elapsed: 55s, ETA:    18s
[>>>>>>>>>>>>>>>>>>>>>>        ] 503/669, 9.2 task/s, elapsed: 55s, ETA:    18s
[>>>>>>>>>>>>>>>>>>>>>>        ] 504/669, 9.2 task/s, elapsed: 55s, ETA:    18s
[>>>>>>>>>>>>>>>>>>>>>>        ] 505/669, 9.2 task/s, elapsed: 55s, ETA:    18s
[>>>>>>>>>>>>>>>>>>>>>>        ] 506/669, 9.2 task/s, elapsed: 55s, ETA:    18s
[>>>>>>>>>>>>>>>>>>>>>>        ] 507/669, 9.2 task/s, elapsed: 55s, ETA:    18s
[>>>>>>>>>>>>>>>>>>>>>>        ] 508/669, 9.2 task/s, elapsed: 55s, ETA:    17s
[>>>>>>>>>>>>>>>>>>>>>>        ] 509/669, 9.2 task/s, elapsed: 55s, ETA:    17s
[>>>>>>>>>>>>>>>>>>>>>>        ] 510/669, 9.2 task/s, elapsed: 55s, ETA:    17s
[>>>>>>>>>>>>>>>>>>>>>>        ] 511/669, 9.2 task/s, elapsed: 55s, ETA:    17s
[>>>>>>>>>>>>>>>>>>>>>>        ] 512/669, 9.2 task/s, elapsed: 56s, ETA:    17s
[>>>>>>>>>>>>>>>>>>>>>>>       ] 513/669, 9.2 task/s, elapsed: 56s, ETA:    17s
[>>>>>>>>>>>>>>>>>>>>>>>       ] 514/669, 9.2 task/s, elapsed: 56s, ETA:    17s
[>>>>>>>>>>>>>>>>>>>>>>>       ] 515/669, 9.2 task/s, elapsed: 56s, ETA:    17s
[>>>>>>>>>>>>>>>>>>>>>>>       ] 516/669, 9.2 task/s, elapsed: 56s, ETA:    17s
[>>>>>>>>>>>>>>>>>>>>>>>       ] 517/669, 9.2 task/s, elapsed: 56s, ETA:    16s
[>>>>>>>>>>>>>>>>>>>>>>>       ] 518/669, 9.2 task/s, elapsed: 56s, ETA:    16s
[>>>>>>>>>>>>>>>>>>>>>>>       ] 519/669, 9.2 task/s, elapsed: 56s, ETA:    16s
[>>>>>>>>>>>>>>>>>>>>>>>       ] 520/669, 9.2 task/s, elapsed: 56s, ETA:    16s
[>>>>>>>>>>>>>>>>>>>>>>>       ] 521/669, 9.2 task/s, elapsed: 56s, ETA:    16s
[>>>>>>>>>>>>>>>>>>>>>>>       ] 522/669, 9.2 task/s, elapsed: 57s, ETA:    16s
[>>>>>>>>>>>>>>>>>>>>>>>       ] 523/669, 9.2 task/s, elapsed: 57s, ETA:    16s
[>>>>>>>>>>>>>>>>>>>>>>>       ] 524/669, 9.2 task/s, elapsed: 57s, ETA:    16s
[>>>>>>>>>>>>>>>>>>>>>>>       ] 525/669, 9.2 task/s, elapsed: 57s, ETA:    16s
[>>>>>>>>>>>>>>>>>>>>>>>       ] 526/669, 9.2 task/s, elapsed: 57s, ETA:    15s
[>>>>>>>>>>>>>>>>>>>>>>>       ] 527/669, 9.2 task/s, elapsed: 57s, ETA:    15s
[>>>>>>>>>>>>>>>>>>>>>>>       ] 528/669, 9.2 task/s, elapsed: 57s, ETA:    15s
[>>>>>>>>>>>>>>>>>>>>>>>       ] 529/669, 9.2 task/s, elapsed: 57s, ETA:    15s
[>>>>>>>>>>>>>>>>>>>>>>>       ] 530/669, 9.2 task/s, elapsed: 58s, ETA:    15s
[>>>>>>>>>>>>>>>>>>>>>>>       ] 531/669, 9.2 task/s, elapsed: 58s, ETA:    15s
[>>>>>>>>>>>>>>>>>>>>>>>       ] 532/669, 9.2 task/s, elapsed: 58s, ETA:    15s
[>>>>>>>>>>>>>>>>>>>>>>>       ] 533/669, 9.2 task/s, elapsed: 58s, ETA:    15s
[>>>>>>>>>>>>>>>>>>>>>>>       ] 534/669, 9.2 task/s, elapsed: 58s, ETA:    15s
[>>>>>>>>>>>>>>>>>>>>>>>       ] 535/669, 9.2 task/s, elapsed: 58s, ETA:    15s
[>>>>>>>>>>>>>>>>>>>>>>>>      ] 536/669, 9.2 task/s, elapsed: 58s, ETA:    14s
[>>>>>>>>>>>>>>>>>>>>>>>>      ] 537/669, 9.2 task/s, elapsed: 58s, ETA:    14s
[>>>>>>>>>>>>>>>>>>>>>>>>      ] 538/669, 9.2 task/s, elapsed: 58s, ETA:    14s
[>>>>>>>>>>>>>>>>>>>>>>>>      ] 539/669, 9.2 task/s, elapsed: 58s, ETA:    14s
[>>>>>>>>>>>>>>>>>>>>>>>>      ] 540/669, 9.2 task/s, elapsed: 58s, ETA:    14s
[>>>>>>>>>>>>>>>>>>>>>>>>      ] 541/669, 9.2 task/s, elapsed: 59s, ETA:    14s
[>>>>>>>>>>>>>>>>>>>>>>>>      ] 542/669, 9.3 task/s, elapsed: 59s, ETA:    14s
[>>>>>>>>>>>>>>>>>>>>>>>>      ] 543/669, 9.3 task/s, elapsed: 59s, ETA:    14s
[>>>>>>>>>>>>>>>>>>>>>>>>      ] 544/669, 9.2 task/s, elapsed: 59s, ETA:    14s
[>>>>>>>>>>>>>>>>>>>>>>>>      ] 545/669, 9.2 task/s, elapsed: 59s, ETA:    13s
[>>>>>>>>>>>>>>>>>>>>>>>>      ] 546/669, 9.2 task/s, elapsed: 59s, ETA:    13s
[>>>>>>>>>>>>>>>>>>>>>>>>      ] 547/669, 9.3 task/s, elapsed: 59s, ETA:    13s
[>>>>>>>>>>>>>>>>>>>>>>>>      ] 548/669, 9.3 task/s, elapsed: 59s, ETA:    13s
[>>>>>>>>>>>>>>>>>>>>>>>>      ] 549/669, 9.3 task/s, elapsed: 59s, ETA:    13s
[>>>>>>>>>>>>>>>>>>>>>>>>      ] 550/669, 9.3 task/s, elapsed: 59s, ETA:    13s
[>>>>>>>>>>>>>>>>>>>>>>>>      ] 551/669, 9.3 task/s, elapsed: 59s, ETA:    13s
[>>>>>>>>>>>>>>>>>>>>>>>>      ] 552/669, 9.3 task/s, elapsed: 60s, ETA:    13s
[>>>>>>>>>>>>>>>>>>>>>>>>      ] 553/669, 9.3 task/s, elapsed: 60s, ETA:    13s
[>>>>>>>>>>>>>>>>>>>>>>>>      ] 554/669, 9.3 task/s, elapsed: 60s, ETA:    12s
[>>>>>>>>>>>>>>>>>>>>>>>>      ] 555/669, 9.3 task/s, elapsed: 60s, ETA:    12s
[>>>>>>>>>>>>>>>>>>>>>>>>      ] 556/669, 9.3 task/s, elapsed: 60s, ETA:    12s
[>>>>>>>>>>>>>>>>>>>>>>>>      ] 557/669, 9.3 task/s, elapsed: 60s, ETA:    12s
[>>>>>>>>>>>>>>>>>>>>>>>>>     ] 558/669, 9.3 task/s, elapsed: 60s, ETA:    12s
[>>>>>>>>>>>>>>>>>>>>>>>>>     ] 559/669, 9.3 task/s, elapsed: 60s, ETA:    12s
[>>>>>>>>>>>>>>>>>>>>>>>>>     ] 560/669, 9.3 task/s, elapsed: 60s, ETA:    12s
[>>>>>>>>>>>>>>>>>>>>>>>>>     ] 561/669, 9.3 task/s, elapsed: 61s, ETA:    12s
[>>>>>>>>>>>>>>>>>>>>>>>>>     ] 562/669, 9.3 task/s, elapsed: 61s, ETA:    12s
[>>>>>>>>>>>>>>>>>>>>>>>>>     ] 563/669, 9.3 task/s, elapsed: 61s, ETA:    11s
[>>>>>>>>>>>>>>>>>>>>>>>>>     ] 564/669, 9.3 task/s, elapsed: 61s, ETA:    11s
[>>>>>>>>>>>>>>>>>>>>>>>>>     ] 565/669, 9.3 task/s, elapsed: 61s, ETA:    11s
[>>>>>>>>>>>>>>>>>>>>>>>>>     ] 566/669, 9.2 task/s, elapsed: 61s, ETA:    11s
[>>>>>>>>>>>>>>>>>>>>>>>>>     ] 567/669, 9.2 task/s, elapsed: 61s, ETA:    11s
[>>>>>>>>>>>>>>>>>>>>>>>>>     ] 568/669, 9.2 task/s, elapsed: 61s, ETA:    11s
[>>>>>>>>>>>>>>>>>>>>>>>>>     ] 569/669, 9.2 task/s, elapsed: 62s, ETA:    11s
[>>>>>>>>>>>>>>>>>>>>>>>>>     ] 570/669, 9.2 task/s, elapsed: 62s, ETA:    11s
[>>>>>>>>>>>>>>>>>>>>>>>>>     ] 571/669, 9.2 task/s, elapsed: 62s, ETA:    11s
[>>>>>>>>>>>>>>>>>>>>>>>>>     ] 572/669, 9.2 task/s, elapsed: 62s, ETA:    10s
[>>>>>>>>>>>>>>>>>>>>>>>>>     ] 573/669, 9.2 task/s, elapsed: 62s, ETA:    10s
[>>>>>>>>>>>>>>>>>>>>>>>>>     ] 574/669, 9.2 task/s, elapsed: 62s, ETA:    10s
[>>>>>>>>>>>>>>>>>>>>>>>>>     ] 575/669, 9.2 task/s, elapsed: 62s, ETA:    10s
[>>>>>>>>>>>>>>>>>>>>>>>>>     ] 576/669, 9.2 task/s, elapsed: 62s, ETA:    10s
[>>>>>>>>>>>>>>>>>>>>>>>>>     ] 577/669, 9.2 task/s, elapsed: 63s, ETA:    10s
[>>>>>>>>>>>>>>>>>>>>>>>>>     ] 578/669, 9.2 task/s, elapsed: 63s, ETA:    10s
[>>>>>>>>>>>>>>>>>>>>>>>>>     ] 579/669, 9.2 task/s, elapsed: 63s, ETA:    10s
[>>>>>>>>>>>>>>>>>>>>>>>>>>    ] 580/669, 9.2 task/s, elapsed: 63s, ETA:    10s
[>>>>>>>>>>>>>>>>>>>>>>>>>>    ] 581/669, 9.2 task/s, elapsed: 63s, ETA:    10s
[>>>>>>>>>>>>>>>>>>>>>>>>>>    ] 582/669, 9.2 task/s, elapsed: 63s, ETA:     9s
[>>>>>>>>>>>>>>>>>>>>>>>>>>    ] 583/669, 9.2 task/s, elapsed: 63s, ETA:     9s
[>>>>>>>>>>>>>>>>>>>>>>>>>>    ] 584/669, 9.2 task/s, elapsed: 63s, ETA:     9s
[>>>>>>>>>>>>>>>>>>>>>>>>>>    ] 585/669, 9.2 task/s, elapsed: 64s, ETA:     9s
[>>>>>>>>>>>>>>>>>>>>>>>>>>    ] 586/669, 9.2 task/s, elapsed: 64s, ETA:     9s
[>>>>>>>>>>>>>>>>>>>>>>>>>>    ] 587/669, 9.2 task/s, elapsed: 64s, ETA:     9s
[>>>>>>>>>>>>>>>>>>>>>>>>>>    ] 588/669, 9.2 task/s, elapsed: 64s, ETA:     9s
[>>>>>>>>>>>>>>>>>>>>>>>>>>    ] 589/669, 9.2 task/s, elapsed: 64s, ETA:     9s
[>>>>>>>>>>>>>>>>>>>>>>>>>>    ] 590/669, 9.2 task/s, elapsed: 64s, ETA:     9s
[>>>>>>>>>>>>>>>>>>>>>>>>>>    ] 591/669, 9.2 task/s, elapsed: 64s, ETA:     8s
[>>>>>>>>>>>>>>>>>>>>>>>>>>    ] 592/669, 9.2 task/s, elapsed: 64s, ETA:     8s
[>>>>>>>>>>>>>>>>>>>>>>>>>>    ] 593/669, 9.2 task/s, elapsed: 64s, ETA:     8s
[>>>>>>>>>>>>>>>>>>>>>>>>>>    ] 594/669, 9.2 task/s, elapsed: 65s, ETA:     8s
[>>>>>>>>>>>>>>>>>>>>>>>>>>    ] 595/669, 9.2 task/s, elapsed: 65s, ETA:     8s
[>>>>>>>>>>>>>>>>>>>>>>>>>>    ] 596/669, 9.2 task/s, elapsed: 65s, ETA:     8s
[>>>>>>>>>>>>>>>>>>>>>>>>>>    ] 597/669, 9.2 task/s, elapsed: 65s, ETA:     8s
[>>>>>>>>>>>>>>>>>>>>>>>>>>    ] 598/669, 9.2 task/s, elapsed: 65s, ETA:     8s
[>>>>>>>>>>>>>>>>>>>>>>>>>>    ] 599/669, 9.2 task/s, elapsed: 65s, ETA:     8s
[>>>>>>>>>>>>>>>>>>>>>>>>>>    ] 600/669, 9.2 task/s, elapsed: 65s, ETA:     7s
[>>>>>>>>>>>>>>>>>>>>>>>>>>    ] 601/669, 9.2 task/s, elapsed: 65s, ETA:     7s
[>>>>>>>>>>>>>>>>>>>>>>>>>>    ] 602/669, 9.2 task/s, elapsed: 65s, ETA:     7s
[>>>>>>>>>>>>>>>>>>>>>>>>>>>   ] 603/669, 9.2 task/s, elapsed: 65s, ETA:     7s
[>>>>>>>>>>>>>>>>>>>>>>>>>>>   ] 604/669, 9.2 task/s, elapsed: 65s, ETA:     7s
[>>>>>>>>>>>>>>>>>>>>>>>>>>>   ] 605/669, 9.2 task/s, elapsed: 66s, ETA:     7s
[>>>>>>>>>>>>>>>>>>>>>>>>>>>   ] 606/669, 9.2 task/s, elapsed: 66s, ETA:     7s
[>>>>>>>>>>>>>>>>>>>>>>>>>>>   ] 607/669, 9.2 task/s, elapsed: 66s, ETA:     7s
[>>>>>>>>>>>>>>>>>>>>>>>>>>>   ] 608/669, 9.2 task/s, elapsed: 66s, ETA:     7s
[>>>>>>>>>>>>>>>>>>>>>>>>>>>   ] 609/669, 9.2 task/s, elapsed: 66s, ETA:     6s
[>>>>>>>>>>>>>>>>>>>>>>>>>>>   ] 610/669, 9.2 task/s, elapsed: 66s, ETA:     6s
[>>>>>>>>>>>>>>>>>>>>>>>>>>>   ] 611/669, 9.2 task/s, elapsed: 66s, ETA:     6s
[>>>>>>>>>>>>>>>>>>>>>>>>>>>   ] 612/669, 9.2 task/s, elapsed: 66s, ETA:     6s
[>>>>>>>>>>>>>>>>>>>>>>>>>>>   ] 613/669, 9.2 task/s, elapsed: 66s, ETA:     6s
[>>>>>>>>>>>>>>>>>>>>>>>>>>>   ] 614/669, 9.2 task/s, elapsed: 66s, ETA:     6s
[>>>>>>>>>>>>>>>>>>>>>>>>>>>   ] 615/669, 9.3 task/s, elapsed: 66s, ETA:     6s
[>>>>>>>>>>>>>>>>>>>>>>>>>>>   ] 616/669, 9.3 task/s, elapsed: 67s, ETA:     6s
[>>>>>>>>>>>>>>>>>>>>>>>>>>>   ] 617/669, 9.2 task/s, elapsed: 67s, ETA:     6s
[>>>>>>>>>>>>>>>>>>>>>>>>>>>   ] 618/669, 9.2 task/s, elapsed: 67s, ETA:     6s
[>>>>>>>>>>>>>>>>>>>>>>>>>>>   ] 619/669, 9.2 task/s, elapsed: 67s, ETA:     5s
[>>>>>>>>>>>>>>>>>>>>>>>>>>>   ] 620/669, 9.2 task/s, elapsed: 67s, ETA:     5s
[>>>>>>>>>>>>>>>>>>>>>>>>>>>   ] 621/669, 9.2 task/s, elapsed: 67s, ETA:     5s
[>>>>>>>>>>>>>>>>>>>>>>>>>>>   ] 622/669, 9.2 task/s, elapsed: 67s, ETA:     5s
[>>>>>>>>>>>>>>>>>>>>>>>>>>>   ] 623/669, 9.2 task/s, elapsed: 67s, ETA:     5s
[>>>>>>>>>>>>>>>>>>>>>>>>>>>   ] 624/669, 9.2 task/s, elapsed: 67s, ETA:     5s
[>>>>>>>>>>>>>>>>>>>>>>>>>>>>  ] 625/669, 9.2 task/s, elapsed: 68s, ETA:     5s
[>>>>>>>>>>>>>>>>>>>>>>>>>>>>  ] 626/669, 9.2 task/s, elapsed: 68s, ETA:     5s
[>>>>>>>>>>>>>>>>>>>>>>>>>>>>  ] 627/669, 9.2 task/s, elapsed: 68s, ETA:     5s
[>>>>>>>>>>>>>>>>>>>>>>>>>>>>  ] 628/669, 9.2 task/s, elapsed: 68s, ETA:     4s
[>>>>>>>>>>>>>>>>>>>>>>>>>>>>  ] 629/669, 9.2 task/s, elapsed: 68s, ETA:     4s
[>>>>>>>>>>>>>>>>>>>>>>>>>>>>  ] 630/669, 9.2 task/s, elapsed: 68s, ETA:     4s
[>>>>>>>>>>>>>>>>>>>>>>>>>>>>  ] 631/669, 9.2 task/s, elapsed: 68s, ETA:     4s
[>>>>>>>>>>>>>>>>>>>>>>>>>>>>  ] 632/669, 9.2 task/s, elapsed: 69s, ETA:     4s
[>>>>>>>>>>>>>>>>>>>>>>>>>>>>  ] 633/669, 9.2 task/s, elapsed: 69s, ETA:     4s
[>>>>>>>>>>>>>>>>>>>>>>>>>>>>  ] 634/669, 9.2 task/s, elapsed: 69s, ETA:     4s
[>>>>>>>>>>>>>>>>>>>>>>>>>>>>  ] 635/669, 9.2 task/s, elapsed: 69s, ETA:     4s
[>>>>>>>>>>>>>>>>>>>>>>>>>>>>  ] 636/669, 9.2 task/s, elapsed: 69s, ETA:     4s
[>>>>>>>>>>>>>>>>>>>>>>>>>>>>  ] 637/669, 9.2 task/s, elapsed: 69s, ETA:     3s
[>>>>>>>>>>>>>>>>>>>>>>>>>>>>  ] 638/669, 9.2 task/s, elapsed: 69s, ETA:     3s
[>>>>>>>>>>>>>>>>>>>>>>>>>>>>  ] 639/669, 9.2 task/s, elapsed: 69s, ETA:     3s
[>>>>>>>>>>>>>>>>>>>>>>>>>>>>  ] 640/669, 9.2 task/s, elapsed: 69s, ETA:     3s
[>>>>>>>>>>>>>>>>>>>>>>>>>>>>  ] 641/669, 9.2 task/s, elapsed: 70s, ETA:     3s
[>>>>>>>>>>>>>>>>>>>>>>>>>>>>  ] 642/669, 9.2 task/s, elapsed: 70s, ETA:     3s
[>>>>>>>>>>>>>>>>>>>>>>>>>>>>  ] 643/669, 9.2 task/s, elapsed: 70s, ETA:     3s
[>>>>>>>>>>>>>>>>>>>>>>>>>>>>  ] 644/669, 9.2 task/s, elapsed: 70s, ETA:     3s
[>>>>>>>>>>>>>>>>>>>>>>>>>>>>  ] 645/669, 9.2 task/s, elapsed: 70s, ETA:     3s
[>>>>>>>>>>>>>>>>>>>>>>>>>>>>  ] 646/669, 9.2 task/s, elapsed: 70s, ETA:     2s
[>>>>>>>>>>>>>>>>>>>>>>>>>>>>> ] 647/669, 9.2 task/s, elapsed: 70s, ETA:     2s
[>>>>>>>>>>>>>>>>>>>>>>>>>>>>> ] 648/669, 9.2 task/s, elapsed: 70s, ETA:     2s
[>>>>>>>>>>>>>>>>>>>>>>>>>>>>> ] 649/669, 9.2 task/s, elapsed: 70s, ETA:     2s
[>>>>>>>>>>>>>>>>>>>>>>>>>>>>> ] 650/669, 9.2 task/s, elapsed: 70s, ETA:     2s
[>>>>>>>>>>>>>>>>>>>>>>>>>>>>> ] 651/669, 9.2 task/s, elapsed: 71s, ETA:     2s
[>>>>>>>>>>>>>>>>>>>>>>>>>>>>> ] 652/669, 9.2 task/s, elapsed: 71s, ETA:     2s
[>>>>>>>>>>>>>>>>>>>>>>>>>>>>> ] 653/669, 9.2 task/s, elapsed: 71s, ETA:     2s
[>>>>>>>>>>>>>>>>>>>>>>>>>>>>> ] 654/669, 9.2 task/s, elapsed: 71s, ETA:     2s
[>>>>>>>>>>>>>>>>>>>>>>>>>>>>> ] 655/669, 9.2 task/s, elapsed: 71s, ETA:     2s
[>>>>>>>>>>>>>>>>>>>>>>>>>>>>> ] 656/669, 9.2 task/s, elapsed: 71s, ETA:     1s
[>>>>>>>>>>>>>>>>>>>>>>>>>>>>> ] 657/669, 9.2 task/s, elapsed: 71s, ETA:     1s
[>>>>>>>>>>>>>>>>>>>>>>>>>>>>> ] 658/669, 9.2 task/s, elapsed: 71s, ETA:     1s
[>>>>>>>>>>>>>>>>>>>>>>>>>>>>> ] 659/669, 9.2 task/s, elapsed: 71s, ETA:     1s
[>>>>>>>>>>>>>>>>>>>>>>>>>>>>> ] 660/669, 9.2 task/s, elapsed: 72s, ETA:     1s
[>>>>>>>>>>>>>>>>>>>>>>>>>>>>> ] 661/669, 9.2 task/s, elapsed: 72s, ETA:     1s
[>>>>>>>>>>>>>>>>>>>>>>>>>>>>> ] 662/669, 9.2 task/s, elapsed: 72s, ETA:     1s
[>>>>>>>>>>>>>>>>>>>>>>>>>>>>> ] 663/669, 9.2 task/s, elapsed: 72s, ETA:     1s
[>>>>>>>>>>>>>>>>>>>>>>>>>>>>> ] 664/669, 9.2 task/s, elapsed: 72s, ETA:     1s
[>>>>>>>>>>>>>>>>>>>>>>>>>>>>> ] 665/669, 9.2 task/s, elapsed: 72s, ETA:     0s
[>>>>>>>>>>>>>>>>>>>>>>>>>>>>> ] 666/669, 9.2 task/s, elapsed: 72s, ETA:     0s
[>>>>>>>>>>>>>>>>>>>>>>>>>>>>> ] 667/669, 9.2 task/s, elapsed: 72s, ETA:     0s
[>>>>>>>>>>>>>>>>>>>>>>>>>>>>> ] 668/669, 9.2 task/s, elapsed: 72s, ETA:     0s
[>>>>>>>>>>>>>>>>>>>>>>>>>>>>>>] 669/669, 9.2 task/s, elapsed: 72s, ETA:     0s2026-06-30 17:26:01,488 - mmdet - INFO - Evaluating bbox...
2026-06-30 17:26:02,813 - mmdet - INFO - 
+-----------+-------+-----------+-------+-------------+-------+
| category  | AP    | category  | AP    | category    | AP    |
+-----------+-------+-----------+-------+-------------+-------+
| bicycle   | 0.251 | chair     | 0.591 | diningtable | 0.219 |
| bottle    | 0.465 | motorbike | 0.326 | car         | 0.309 |
| tvmonitor | 0.123 | bus       | 0.303 | None        | None  |
+-----------+-------+-----------+-------+-------------+-------+
2026-06-30 17:26:02,814 - mmdet - INFO - Evaluating segm...
/content/EALLIS/mmdetection/mmdet/datasets/coco.py:453: UserWarning: The key "bbox" is deleted for more accurate mask AP of small/medium/large instances since v2.12.0. This does not change the overall mAP calculation.
  warnings.warn(
2026-06-30 17:26:05,750 - mmdet - INFO - 
+-----------+-------+-----------+-------+-------------+-------+
| category  | AP    | category  | AP    | category    | AP    |
+-----------+-------+-----------+-------+-------------+-------+
| bicycle   | 0.132 | chair     | 0.556 | diningtable | 0.163 |
| bottle    | 0.460 | motorbike | 0.315 | car         | 0.140 |
| tvmonitor | 0.036 | bus       | 0.318 | None        | None  |
+-----------+-------+-----------+-------+-------------+-------+
2026-06-30 17:26:05,783 - mmdet - INFO - The previous best checkpoint /content/drive/MyDrive/Ablation/illum/best_bbox_mAP_epoch_1.pth was removed
2026-06-30 17:26:16,474 - mmdet - INFO - Now best checkpoint is saved as best_bbox_mAP_epoch_4.pth.
2026-06-30 17:26:16,474 - mmdet - INFO - Best bbox_mAP is 0.3230 at 4 epoch.
2026-06-30 17:26:16,483 - mmdet - INFO - Exp name: train_kaggle.py
2026-06-30 17:26:16,484 - mmdet - INFO - Epoch(val) [4][669]	bbox_mAP: 0.3230, bbox_mAP_50: 0.5210, bbox_mAP_75: 0.3440, bbox_mAP_s: 0.0000, bbox_mAP_m: 0.0840, bbox_mAP_l: 0.3940, bbox_mAP_copypaste: 0.323 0.521 0.344 0.000 0.084 0.394, segm_mAP: 0.2650, segm_mAP_50: 0.4620, segm_mAP_75: 0.2600, segm_mAP_s: 0.0000, segm_mAP_m: 0.0640, segm_mAP_l: 0.3330, segm_mAP_copypaste: 0.265 0.462 0.260 0.000 0.064 0.333
/usr/local/lib/python3.12/dist-packages/torch/utils/data/dataloader.py:432: UserWarning: This DataLoader will create 4 worker processes in total. Our suggested max number of worker in current system is 2, which is smaller than what this DataLoader is going to create. Please be aware that excessive worker creation might get DataLoader running slow or even freeze, lower the worker number to avoid potential slowness/freeze if necessary.
  self.check_worker_number_rationality()
Loading and preparing results...
DONE (t=0.01s)
creating index...
index created!
Running per image evaluation...
Evaluate annotation type *bbox*
DONE (t=1.03s).
Accumulating evaluation results...
DONE (t=0.26s).
 Average Precision  (AP) @[ IoU=0.50:0.95 | area=   all | maxDets=100 ] = 0.323
 Average Precision  (AP) @[ IoU=0.50      | area=   all | maxDets=1000 ] = 0.521
 Average Precision  (AP) @[ IoU=0.75      | area=   all | maxDets=1000 ] = 0.344
 Average Precision  (AP) @[ IoU=0.50:0.95 | area= small | maxDets=1000 ] = 0.000
 Average Precision  (AP) @[ IoU=0.50:0.95 | area=medium | maxDets=1000 ] = 0.084
 Average Precision  (AP) @[ IoU=0.50:0.95 | area= large | maxDets=1000 ] = 0.394
 Average Recall     (AR) @[ IoU=0.50:0.95 | area=   all | maxDets=100 ] = 0.415
 Average Recall     (AR) @[ IoU=0.50:0.95 | area=   all | maxDets=300 ] = 0.415
 Average Recall     (AR) @[ IoU=0.50:0.95 | area=   all | maxDets=1000 ] = 0.415
 Average Recall     (AR) @[ IoU=0.50:0.95 | area= small | maxDets=1000 ] = 0.000
 Average Recall     (AR) @[ IoU=0.50:0.95 | area=medium | maxDets=1000 ] = 0.153
 Average Recall     (AR) @[ IoU=0.50:0.95 | area= large | maxDets=1000 ] = 0.492
Loading and preparing results...
DONE (t=0.23s)
creating index...
index created!
Running per image evaluation...
Evaluate annotation type *segm*
DONE (t=2.17s).
Accumulating evaluation results...
DONE (t=0.40s).
 Average Precision  (AP) @[ IoU=0.50:0.95 | area=   all | maxDets=100 ] = 0.265
 Average Precision  (AP) @[ IoU=0.50      | area=   all | maxDets=1000 ] = 0.462
 Average Precision  (AP) @[ IoU=0.75      | area=   all | maxDets=1000 ] = 0.260
 Average Precision  (AP) @[ IoU=0.50:0.95 | area= small | maxDets=1000 ] = 0.000
 Average Precision  (AP) @[ IoU=0.50:0.95 | area=medium | maxDets=1000 ] = 0.064
 Average Precision  (AP) @[ IoU=0.50:0.95 | area= large | maxDets=1000 ] = 0.333
 Average Recall     (AR) @[ IoU=0.50:0.95 | area=   all | maxDets=100 ] = 0.343
 Average Recall     (AR) @[ IoU=0.50:0.95 | area=   all | maxDets=300 ] = 0.343
 Average Recall     (AR) @[ IoU=0.50:0.95 | area=   all | maxDets=1000 ] = 0.343
 Average Recall     (AR) @[ IoU=0.50:0.95 | area= small | maxDets=1000 ] = 0.000
 Average Recall     (AR) @[ IoU=0.50:0.95 | area=medium | maxDets=1000 ] = 0.134
 Average Recall     (AR) @[ IoU=0.50:0.95 | area= large | maxDets=1000 ] = 0.412
OrderedDict({'bbox_mAP': 0.323, 'bbox_mAP_50': 0.521, 'bbox_mAP_75': 0.344, 'bbox_mAP_s': 0.0, 'bbox_mAP_m': 0.084, 'bbox_mAP_l': 0.394, 'bbox_mAP_copypaste': '0.323 0.521 0.344 0.000 0.084 0.394', 'segm_mAP': 0.265, 'segm_mAP_50': 0.462, 'segm_mAP_75': 0.26, 'segm_mAP_s': 0.0, 'segm_mAP_m': 0.064, 'segm_mAP_l': 0.333, 'segm_mAP_copypaste': '0.265 0.462 0.260 0.000 0.064 0.333'})
/usr/lib/python3.12/multiprocessing/popen_fork.py:66: DeprecationWarning: This process (pid=7546) is multi-threaded, use of fork() may lead to deadlocks in the child.
  self.pid = os.fork()
/content/EALLIS/mmdetection/mmdet/core/anchor/anchor_generator.py:323: UserWarning: ``grid_anchors`` would be deprecated soon. Please use ``grid_priors`` 
  warnings.warn('``grid_anchors`` would be deprecated soon. '
/content/EALLIS/mmdetection/mmdet/core/anchor/anchor_generator.py:359: UserWarning: ``single_level_grid_anchors`` would be deprecated soon. Please use ``single_level_grid_priors`` 
  warnings.warn(
2026-06-30 17:28:54,713 - mmdet - INFO - Epoch [12][50/1324]	lr: 1.000e-03, eta: 1:00:26, time: 3.162, data_time: 0.195, memory: 10536, noise_inv_loss: 0.0009, clean_loss_rpn_cls: 0.0154, clean_loss_rpn_bbox: 0.0162, clean_loss_cls: 0.0956, clean_acc: 96.3457, clean_loss_bbox: 0.1335, clean_loss_mask: 0.2551, loss_rpn_cls: 0.0290, loss_rpn_bbox: 0.0183, loss_cls: 0.1188, acc: 95.8955, loss_bbox: 0.1420, loss_mask: 0.3065, loss: 1.1311
2026-06-30 17:31:27,177 - mmdet - INFO - Epoch [12][100/1324]	lr: 1.000e-03, eta: 0:58:06, time: 3.049, data_time: 0.048, memory: 10536, noise_inv_loss: 0.0008, clean_loss_rpn_cls: 0.0156, clean_loss_rpn_bbox: 0.0139, clean_loss_cls: 0.0909, clean_acc: 96.5190, clean_loss_bbox: 0.1263, clean_loss_mask: 0.2536, loss_rpn_cls: 0.0299, loss_rpn_bbox: 0.0163, loss_cls: 0.1105, acc: 96.1587, loss_bbox: 0.1329, loss_mask: 0.3028, loss: 1.0935
2026-06-30 17:33:56,838 - mmdet - INFO - Epoch [12][150/1324]	lr: 1.000e-03, eta: 0:55:45, time: 2.993, data_time: 0.044, memory: 10536, noise_inv_loss: 0.0008, clean_loss_rpn_cls: 0.0139, clean_loss_rpn_bbox: 0.0141, clean_loss_cls: 0.0892, clean_acc: 96.6748, clean_loss_bbox: 0.1255, clean_loss_mask: 0.2638, loss_rpn_cls: 0.0233, loss_rpn_bbox: 0.0159, loss_cls: 0.1086, acc: 96.1133, loss_bbox: 0.1326, loss_mask: 0.3110, loss: 1.0986
2026-06-30 17:36:26,915 - mmdet - INFO - Epoch [12][200/1324]	lr: 1.000e-03, eta: 0:53:24, time: 3.002, data_time: 0.045, memory: 10536, noise_inv_loss: 0.0008, clean_loss_rpn_cls: 0.0143, clean_loss_rpn_bbox: 0.0147, clean_loss_cls: 0.0920, clean_acc: 96.6157, clean_loss_bbox: 0.1294, clean_loss_mask: 0.2575, loss_rpn_cls: 0.0254, loss_rpn_bbox: 0.0165, loss_cls: 0.1105, acc: 96.2070, loss_bbox: 0.1351, loss_mask: 0.2995, loss: 1.0956
2026-06-30 17:38:54,361 - mmdet - INFO - Epoch [12][250/1324]	lr: 1.000e-03, eta: 0:51:02, time: 2.949, data_time: 0.046, memory: 10536, noise_inv_loss: 0.0008, clean_loss_rpn_cls: 0.0144, clean_loss_rpn_bbox: 0.0156, clean_loss_cls: 0.0948, clean_acc: 96.4653, clean_loss_bbox: 0.1333, clean_loss_mask: 0.2616, loss_rpn_cls: 0.0258, loss_rpn_bbox: 0.0177, loss_cls: 0.1171, acc: 96.0679, loss_bbox: 0.1390, loss_mask: 0.3037, loss: 1.1237
2026-06-30 17:41:22,953 - mmdet - INFO - Epoch [12][300/1324]	lr: 1.000e-03, eta: 0:48:41, time: 2.972, data_time: 0.044, memory: 10536, noise_inv_loss: 0.0008, clean_loss_rpn_cls: 0.0142, clean_loss_rpn_bbox: 0.0143, clean_loss_cls: 0.0869, clean_acc: 96.8286, clean_loss_bbox: 0.1200, clean_loss_mask: 0.2525, loss_rpn_cls: 0.0255, loss_rpn_bbox: 0.0163, loss_cls: 0.1038, acc: 96.4404, loss_bbox: 0.1282, loss_mask: 0.3013, loss: 1.0637
2026-06-30 17:43:48,743 - mmdet - INFO - Epoch [12][350/1324]	lr: 1.000e-03, eta: 0:46:19, time: 2.916, data_time: 0.043, memory: 10536, noise_inv_loss: 0.0008, clean_loss_rpn_cls: 0.0139, clean_loss_rpn_bbox: 0.0127, clean_loss_cls: 0.0884, clean_acc: 96.7012, clean_loss_bbox: 0.1180, clean_loss_mask: 0.2570, loss_rpn_cls: 0.0239, loss_rpn_bbox: 0.0143, loss_cls: 0.1085, acc: 96.2388, loss_bbox: 0.1274, loss_mask: 0.3028, loss: 1.0675
2026-06-30 17:46:15,138 - mmdet - INFO - Epoch [12][400/1324]	lr: 1.000e-03, eta: 0:43:57, time: 2.928, data_time: 0.040, memory: 10536, noise_inv_loss: 0.0008, clean_loss_rpn_cls: 0.0120, clean_loss_rpn_bbox: 0.0128, clean_loss_cls: 0.0850, clean_acc: 96.7798, clean_loss_bbox: 0.1185, clean_loss_mask: 0.2591, loss_rpn_cls: 0.0243, loss_rpn_bbox: 0.0146, loss_cls: 0.1011, acc: 96.5059, loss_bbox: 0.1219, loss_mask: 0.2984, loss: 1.0487
2026-06-30 17:48:41,973 - mmdet - INFO - Epoch [12][450/1324]	lr: 1.000e-03, eta: 0:41:35, time: 2.937, data_time: 0.042, memory: 10866, noise_inv_loss: 0.0008, clean_loss_rpn_cls: 0.0169, clean_loss_rpn_bbox: 0.0167, clean_loss_cls: 0.0996, clean_acc: 96.2930, clean_loss_bbox: 0.1405, clean_loss_mask: 0.2590, loss_rpn_cls: 0.0292, loss_rpn_bbox: 0.0190, loss_cls: 0.1178, acc: 95.8291, loss_bbox: 0.1466, loss_mask: 0.2993, loss: 1.1453
2026-06-30 17:51:06,581 - mmdet - INFO - Epoch [12][500/1324]	lr: 1.000e-03, eta: 0:39:12, time: 2.892, data_time: 0.043, memory: 10866, noise_inv_loss: 0.0009, clean_loss_rpn_cls: 0.0143, clean_loss_rpn_bbox: 0.0153, clean_loss_cls: 0.0865, clean_acc: 96.7212, clean_loss_bbox: 0.1240, clean_loss_mask: 0.2610, loss_rpn_cls: 0.0283, loss_rpn_bbox: 0.0176, loss_cls: 0.1060, acc: 96.3667, loss_bbox: 0.1281, loss_mask: 0.3037, loss: 1.0857
2026-06-30 17:53:32,379 - mmdet - INFO - Epoch [12][550/1324]	lr: 1.000e-03, eta: 0:36:50, time: 2.916, data_time: 0.041, memory: 10866, noise_inv_loss: 0.0008, clean_loss_rpn_cls: 0.0154, clean_loss_rpn_bbox: 0.0150, clean_loss_cls: 0.0937, clean_acc: 96.5112, clean_loss_bbox: 0.1316, clean_loss_mask: 0.2613, loss_rpn_cls: 0.0264, loss_rpn_bbox: 0.0170, loss_cls: 0.1111, acc: 96.1040, loss_bbox: 0.1390, loss_mask: 0.3052, loss: 1.1165
2026-06-30 17:55:58,465 - mmdet - INFO - Epoch [12][600/1324]	lr: 1.000e-03, eta: 0:34:27, time: 2.922, data_time: 0.041, memory: 10866, noise_inv_loss: 0.0008, clean_loss_rpn_cls: 0.0143, clean_loss_rpn_bbox: 0.0139, clean_loss_cls: 0.0905, clean_acc: 96.6562, clean_loss_bbox: 0.1253, clean_loss_mask: 0.2528, loss_rpn_cls: 0.0255, loss_rpn_bbox: 0.0153, loss_cls: 0.1071, acc: 96.2930, loss_bbox: 0.1306, loss_mask: 0.2924, loss: 1.0685
2026-06-30 17:58:25,664 - mmdet - INFO - Epoch [12][650/1324]	lr: 1.000e-03, eta: 0:32:05, time: 2.944, data_time: 0.045, memory: 10866, noise_inv_loss: 0.0008, clean_loss_rpn_cls: 0.0160, clean_loss_rpn_bbox: 0.0162, clean_loss_cls: 0.0993, clean_acc: 96.3716, clean_loss_bbox: 0.1376, clean_loss_mask: 0.2720, loss_rpn_cls: 0.0264, loss_rpn_bbox: 0.0174, loss_cls: 0.1161, acc: 96.0444, loss_bbox: 0.1404, loss_mask: 0.3132, loss: 1.1554
2026-06-30 18:00:55,147 - mmdet - INFO - Epoch [12][700/1324]	lr: 1.000e-03, eta: 0:29:43, time: 2.990, data_time: 0.043, memory: 10866, noise_inv_loss: 0.0008, clean_loss_rpn_cls: 0.0135, clean_loss_rpn_bbox: 0.0138, clean_loss_cls: 0.0902, clean_acc: 96.5977, clean_loss_bbox: 0.1265, clean_loss_mask: 0.2703, loss_rpn_cls: 0.0255, loss_rpn_bbox: 0.0159, loss_cls: 0.1055, acc: 96.3687, loss_bbox: 0.1300, loss_mask: 0.3126, loss: 1.1045
2026-06-30 18:03:22,462 - mmdet - INFO - Epoch [12][750/1324]	lr: 1.000e-03, eta: 0:27:20, time: 2.946, data_time: 0.042, memory: 10866, noise_inv_loss: 0.0008, clean_loss_rpn_cls: 0.0134, clean_loss_rpn_bbox: 0.0131, clean_loss_cls: 0.0899, clean_acc: 96.5488, clean_loss_bbox: 0.1262, clean_loss_mask: 0.2578, loss_rpn_cls: 0.0237, loss_rpn_bbox: 0.0149, loss_cls: 0.1112, acc: 96.1152, loss_bbox: 0.1335, loss_mask: 0.3016, loss: 1.0860
2026-06-30 18:05:45,812 - mmdet - INFO - Epoch [12][800/1324]	lr: 1.000e-03, eta: 0:24:58, time: 2.867, data_time: 0.038, memory: 10866, noise_inv_loss: 0.0008, clean_loss_rpn_cls: 0.0126, clean_loss_rpn_bbox: 0.0130, clean_loss_cls: 0.0852, clean_acc: 96.7847, clean_loss_bbox: 0.1175, clean_loss_mask: 0.2641, loss_rpn_cls: 0.0245, loss_rpn_bbox: 0.0151, loss_cls: 0.1039, acc: 96.4521, loss_bbox: 0.1222, loss_mask: 0.3116, loss: 1.0706
2026-06-30 18:08:10,991 - mmdet - INFO - Epoch [12][850/1324]	lr: 1.000e-03, eta: 0:22:35, time: 2.904, data_time: 0.041, memory: 10866, noise_inv_loss: 0.0008, clean_loss_rpn_cls: 0.0159, clean_loss_rpn_bbox: 0.0150, clean_loss_cls: 0.0914, clean_acc: 96.5942, clean_loss_bbox: 0.1268, clean_loss_mask: 0.2542, loss_rpn_cls: 0.0260, loss_rpn_bbox: 0.0169, loss_cls: 0.1102, acc: 96.1167, loss_bbox: 0.1319, loss_mask: 0.2986, loss: 1.0876
2026-06-30 18:10:41,306 - mmdet - INFO - Epoch [12][900/1324]	lr: 1.000e-03, eta: 0:20:12, time: 3.006, data_time: 0.043, memory: 10866, noise_inv_loss: 0.0009, clean_loss_rpn_cls: 0.0163, clean_loss_rpn_bbox: 0.0175, clean_loss_cls: 0.1025, clean_acc: 96.1587, clean_loss_bbox: 0.1431, clean_loss_mask: 0.2680, loss_rpn_cls: 0.0311, loss_rpn_bbox: 0.0200, loss_cls: 0.1231, acc: 95.6890, loss_bbox: 0.1512, loss_mask: 0.3149, loss: 1.1887
2026-06-30 18:13:09,616 - mmdet - INFO - Epoch [12][950/1324]	lr: 1.000e-03, eta: 0:17:50, time: 2.966, data_time: 0.043, memory: 10866, noise_inv_loss: 0.0008, clean_loss_rpn_cls: 0.0148, clean_loss_rpn_bbox: 0.0181, clean_loss_cls: 0.1000, clean_acc: 96.1978, clean_loss_bbox: 0.1447, clean_loss_mask: 0.2680, loss_rpn_cls: 0.0274, loss_rpn_bbox: 0.0205, loss_cls: 0.1207, acc: 95.6938, loss_bbox: 0.1528, loss_mask: 0.3160, loss: 1.1839
2026-06-30 18:15:39,481 - mmdet - INFO - Epoch [12][1000/1324]	lr: 1.000e-03, eta: 0:15:27, time: 2.997, data_time: 0.042, memory: 10866, noise_inv_loss: 0.0009, clean_loss_rpn_cls: 0.0130, clean_loss_rpn_bbox: 0.0139, clean_loss_cls: 0.0889, clean_acc: 96.6748, clean_loss_bbox: 0.1213, clean_loss_mask: 0.2658, loss_rpn_cls: 0.0248, loss_rpn_bbox: 0.0162, loss_cls: 0.1089, acc: 96.2642, loss_bbox: 0.1275, loss_mask: 0.3117, loss: 1.0929
2026-06-30 18:18:05,513 - mmdet - INFO - Epoch [12][1050/1324]	lr: 1.000e-03, eta: 0:13:04, time: 2.921, data_time: 0.044, memory: 10866, noise_inv_loss: 0.0008, clean_loss_rpn_cls: 0.0149, clean_loss_rpn_bbox: 0.0152, clean_loss_cls: 0.0958, clean_acc: 96.4868, clean_loss_bbox: 0.1290, clean_loss_mask: 0.2707, loss_rpn_cls: 0.0305, loss_rpn_bbox: 0.0177, loss_cls: 0.1122, acc: 96.2065, loss_bbox: 0.1330, loss_mask: 0.3126, loss: 1.1324
2026-06-30 18:20:32,213 - mmdet - INFO - Epoch [12][1100/1324]	lr: 1.000e-03, eta: 0:10:41, time: 2.934, data_time: 0.041, memory: 10866, noise_inv_loss: 0.0008, clean_loss_rpn_cls: 0.0135, clean_loss_rpn_bbox: 0.0158, clean_loss_cls: 0.0928, clean_acc: 96.5181, clean_loss_bbox: 0.1334, clean_loss_mask: 0.2655, loss_rpn_cls: 0.0258, loss_rpn_bbox: 0.0182, loss_cls: 0.1110, acc: 96.1230, loss_bbox: 0.1381, loss_mask: 0.3096, loss: 1.1246
2026-06-30 18:22:59,105 - mmdet - INFO - Epoch [12][1150/1324]	lr: 1.000e-03, eta: 0:08:18, time: 2.938, data_time: 0.043, memory: 10866, noise_inv_loss: 0.0008, clean_loss_rpn_cls: 0.0129, clean_loss_rpn_bbox: 0.0145, clean_loss_cls: 0.0911, clean_acc: 96.6074, clean_loss_bbox: 0.1263, clean_loss_mask: 0.2696, loss_rpn_cls: 0.0251, loss_rpn_bbox: 0.0166, loss_cls: 0.1105, acc: 96.1934, loss_bbox: 0.1370, loss_mask: 0.3210, loss: 1.1254
2026-06-30 18:25:24,686 - mmdet - INFO - Epoch [12][1200/1324]	lr: 1.000e-03, eta: 0:05:55, time: 2.912, data_time: 0.040, memory: 10866, noise_inv_loss: 0.0009, clean_loss_rpn_cls: 0.0144, clean_loss_rpn_bbox: 0.0146, clean_loss_cls: 0.0948, clean_acc: 96.5322, clean_loss_bbox: 0.1266, clean_loss_mask: 0.2568, loss_rpn_cls: 0.0279, loss_rpn_bbox: 0.0166, loss_cls: 0.1127, acc: 96.2368, loss_bbox: 0.1321, loss_mask: 0.3010, loss: 1.0985
2026-06-30 18:27:51,878 - mmdet - INFO - Epoch [12][1250/1324]	lr: 1.000e-03, eta: 0:03:32, time: 2.944, data_time: 0.043, memory: 10866, noise_inv_loss: 0.0008, clean_loss_rpn_cls: 0.0152, clean_loss_rpn_bbox: 0.0143, clean_loss_cls: 0.0923, clean_acc: 96.6060, clean_loss_bbox: 0.1271, clean_loss_mask: 0.2713, loss_rpn_cls: 0.0262, loss_rpn_bbox: 0.0162, loss_cls: 0.1127, acc: 96.1152, loss_bbox: 0.1354, loss_mask: 0.3111, loss: 1.1227
2026-06-30 18:30:19,690 - mmdet - INFO - Epoch [12][1300/1324]	lr: 1.000e-03, eta: 0:01:08, time: 2.956, data_time: 0.044, memory: 10866, noise_inv_loss: 0.0008, clean_loss_rpn_cls: 0.0151, clean_loss_rpn_bbox: 0.0156, clean_loss_cls: 0.0905, clean_acc: 96.6523, clean_loss_bbox: 0.1260, clean_loss_mask: 0.2651, loss_rpn_cls: 0.0307, loss_rpn_bbox: 0.0183, loss_cls: 0.1074, acc: 96.3140, loss_bbox: 0.1299, loss_mask: 0.3088, loss: 1.1083
2026-06-30 18:31:27,273 - mmdet - INFO - Saving checkpoint at 5 epochs
[                                                  ] 0/669, elapsed: 0s, ETA:
[                                 ] 1/669, 1.7 task/s, elapsed: 1s, ETA:   387s
[                                 ] 2/669, 2.8 task/s, elapsed: 1s, ETA:   235s
[                                 ] 3/669, 3.7 task/s, elapsed: 1s, ETA:   180s
[                                 ] 4/669, 4.3 task/s, elapsed: 1s, ETA:   156s
[                                 ] 5/669, 4.9 task/s, elapsed: 1s, ETA:   137s
[                                 ] 6/669, 5.3 task/s, elapsed: 1s, ETA:   125s
[                                 ] 7/669, 5.6 task/s, elapsed: 1s, ETA:   118s
[                                 ] 8/669, 5.3 task/s, elapsed: 2s, ETA:   125s
[                                 ] 9/669, 5.6 task/s, elapsed: 2s, ETA:   118s
[                                ] 10/669, 5.7 task/s, elapsed: 2s, ETA:   116s
[                                ] 11/669, 5.7 task/s, elapsed: 2s, ETA:   116s
[                                ] 12/669, 5.6 task/s, elapsed: 2s, ETA:   117s
[                                ] 13/669, 5.7 task/s, elapsed: 2s, ETA:   114s
[                                ] 14/669, 5.9 task/s, elapsed: 2s, ETA:   111s
[                                ] 15/669, 6.0 task/s, elapsed: 2s, ETA:   108s
[                                ] 16/669, 6.2 task/s, elapsed: 3s, ETA:   106s
[                                ] 17/669, 6.3 task/s, elapsed: 3s, ETA:   103s
[                                ] 18/669, 6.4 task/s, elapsed: 3s, ETA:   102s
[                                ] 19/669, 6.6 task/s, elapsed: 3s, ETA:    99s
[                                ] 20/669, 6.7 task/s, elapsed: 3s, ETA:    97s
[>                               ] 21/669, 6.8 task/s, elapsed: 3s, ETA:    96s
[>                               ] 22/669, 6.7 task/s, elapsed: 3s, ETA:    96s
[>                               ] 23/669, 6.8 task/s, elapsed: 3s, ETA:    95s
[>                               ] 24/669, 6.9 task/s, elapsed: 3s, ETA:    94s
[>                               ] 25/669, 6.9 task/s, elapsed: 4s, ETA:    94s
[>                               ] 26/669, 6.9 task/s, elapsed: 4s, ETA:    93s
[>                               ] 27/669, 7.0 task/s, elapsed: 4s, ETA:    91s
[>                               ] 28/669, 7.0 task/s, elapsed: 4s, ETA:    92s
[>                               ] 29/669, 7.0 task/s, elapsed: 4s, ETA:    92s
[>                               ] 30/669, 7.0 task/s, elapsed: 4s, ETA:    91s
[>                               ] 31/669, 7.1 task/s, elapsed: 4s, ETA:    90s
[>                               ] 32/669, 7.2 task/s, elapsed: 4s, ETA:    88s
[>                               ] 33/669, 7.3 task/s, elapsed: 5s, ETA:    88s
[>                               ] 34/669, 7.3 task/s, elapsed: 5s, ETA:    87s
[>                               ] 35/669, 7.4 task/s, elapsed: 5s, ETA:    86s
[>                               ] 36/669, 7.4 task/s, elapsed: 5s, ETA:    85s
[>                               ] 37/669, 7.5 task/s, elapsed: 5s, ETA:    84s
[>                               ] 38/669, 7.6 task/s, elapsed: 5s, ETA:    83s
[>                               ] 39/669, 7.6 task/s, elapsed: 5s, ETA:    83s
[>                               ] 40/669, 7.7 task/s, elapsed: 5s, ETA:    82s
[>                               ] 41/669, 7.8 task/s, elapsed: 5s, ETA:    81s
[>>                              ] 42/669, 7.8 task/s, elapsed: 5s, ETA:    80s
[>>                              ] 43/669, 7.8 task/s, elapsed: 5s, ETA:    80s
[>>                              ] 44/669, 7.9 task/s, elapsed: 6s, ETA:    79s
[>>                              ] 45/669, 7.9 task/s, elapsed: 6s, ETA:    79s
[>>                              ] 46/669, 8.0 task/s, elapsed: 6s, ETA:    78s
[>>                              ] 47/669, 8.0 task/s, elapsed: 6s, ETA:    78s
[>>                              ] 48/669, 8.1 task/s, elapsed: 6s, ETA:    77s
[>>                              ] 49/669, 8.1 task/s, elapsed: 6s, ETA:    76s
[>>                              ] 50/669, 8.2 task/s, elapsed: 6s, ETA:    76s
[>>                              ] 51/669, 8.2 task/s, elapsed: 6s, ETA:    75s
[>>                              ] 52/669, 8.2 task/s, elapsed: 6s, ETA:    75s
[>>                              ] 53/669, 8.3 task/s, elapsed: 6s, ETA:    75s
[>>                              ] 54/669, 8.3 task/s, elapsed: 6s, ETA:    74s
[>>                              ] 55/669, 8.4 task/s, elapsed: 7s, ETA:    73s
[>>                              ] 56/669, 8.4 task/s, elapsed: 7s, ETA:    73s
[>>                              ] 57/669, 8.4 task/s, elapsed: 7s, ETA:    73s
[>>                              ] 58/669, 8.5 task/s, elapsed: 7s, ETA:    72s
[>>                              ] 59/669, 8.5 task/s, elapsed: 7s, ETA:    72s
[>>                              ] 60/669, 8.6 task/s, elapsed: 7s, ETA:    71s
[>>                              ] 61/669, 8.6 task/s, elapsed: 7s, ETA:    71s
[>>                              ] 62/669, 8.6 task/s, elapsed: 7s, ETA:    70s
[>>>                             ] 63/669, 8.7 task/s, elapsed: 7s, ETA:    70s
[>>>                             ] 64/669, 8.7 task/s, elapsed: 7s, ETA:    69s
[>>>                             ] 65/669, 8.8 task/s, elapsed: 7s, ETA:    69s
[>>>                             ] 66/669, 8.8 task/s, elapsed: 8s, ETA:    69s
[>>>                             ] 67/669, 8.8 task/s, elapsed: 8s, ETA:    68s
[>>>                             ] 68/669, 8.8 task/s, elapsed: 8s, ETA:    68s
[>>>                             ] 69/669, 8.8 task/s, elapsed: 8s, ETA:    68s
[>>>                             ] 70/669, 8.9 task/s, elapsed: 8s, ETA:    68s
[>>>                             ] 71/669, 8.9 task/s, elapsed: 8s, ETA:    67s
[>>>                             ] 72/669, 8.9 task/s, elapsed: 8s, ETA:    67s
[>>>                             ] 73/669, 8.9 task/s, elapsed: 8s, ETA:    67s
[>>>                             ] 74/669, 9.0 task/s, elapsed: 8s, ETA:    66s
[>>>                             ] 75/669, 9.0 task/s, elapsed: 8s, ETA:    66s
[>>>                             ] 76/669, 9.0 task/s, elapsed: 8s, ETA:    66s
[>>>                             ] 77/669, 9.1 task/s, elapsed: 9s, ETA:    65s
[>>>                             ] 78/669, 9.1 task/s, elapsed: 9s, ETA:    65s
[>>>                             ] 79/669, 9.1 task/s, elapsed: 9s, ETA:    65s
[>>>                             ] 80/669, 9.1 task/s, elapsed: 9s, ETA:    65s
[>>>                             ] 81/669, 9.1 task/s, elapsed: 9s, ETA:    64s
[>>>                             ] 82/669, 9.2 task/s, elapsed: 9s, ETA:    64s
[>>>                             ] 83/669, 9.2 task/s, elapsed: 9s, ETA:    64s
[>>>>                            ] 84/669, 9.2 task/s, elapsed: 9s, ETA:    64s
[>>>>                            ] 85/669, 9.2 task/s, elapsed: 9s, ETA:    63s
[>>>>                            ] 86/669, 9.2 task/s, elapsed: 9s, ETA:    64s
[>>>>                           ] 87/669, 9.1 task/s, elapsed: 10s, ETA:    64s
[>>>>                           ] 88/669, 9.1 task/s, elapsed: 10s, ETA:    64s
[>>>>                           ] 89/669, 9.1 task/s, elapsed: 10s, ETA:    64s
[>>>>                           ] 90/669, 9.1 task/s, elapsed: 10s, ETA:    64s
[>>>>                           ] 91/669, 9.1 task/s, elapsed: 10s, ETA:    63s
[>>>>                           ] 92/669, 9.1 task/s, elapsed: 10s, ETA:    63s
[>>>>                           ] 93/669, 9.1 task/s, elapsed: 10s, ETA:    63s
[>>>>                           ] 94/669, 9.1 task/s, elapsed: 10s, ETA:    63s
[>>>>                           ] 95/669, 9.2 task/s, elapsed: 10s, ETA:    63s
[>>>>                           ] 96/669, 9.2 task/s, elapsed: 10s, ETA:    63s
[>>>>                           ] 97/669, 9.2 task/s, elapsed: 11s, ETA:    62s
[>>>>                           ] 98/669, 9.2 task/s, elapsed: 11s, ETA:    62s
[>>>>                           ] 99/669, 9.2 task/s, elapsed: 11s, ETA:    62s
[>>>>                          ] 100/669, 9.2 task/s, elapsed: 11s, ETA:    62s
[>>>>                          ] 101/669, 9.2 task/s, elapsed: 11s, ETA:    62s
[>>>>                          ] 102/669, 9.2 task/s, elapsed: 11s, ETA:    62s
[>>>>                          ] 103/669, 9.2 task/s, elapsed: 11s, ETA:    62s
[>>>>                          ] 104/669, 9.2 task/s, elapsed: 11s, ETA:    61s
[>>>>                          ] 105/669, 9.2 task/s, elapsed: 11s, ETA:    61s
[>>>>                          ] 106/669, 9.2 task/s, elapsed: 12s, ETA:    61s
[>>>>                          ] 107/669, 9.2 task/s, elapsed: 12s, ETA:    61s
[>>>>                          ] 108/669, 9.2 task/s, elapsed: 12s, ETA:    61s
[>>>>                          ] 109/669, 9.2 task/s, elapsed: 12s, ETA:    61s
[>>>>                          ] 110/669, 9.1 task/s, elapsed: 12s, ETA:    61s
[>>>>                          ] 111/669, 9.1 task/s, elapsed: 12s, ETA:    61s
[>>>>>                         ] 112/669, 9.1 task/s, elapsed: 12s, ETA:    61s
[>>>>>                         ] 113/669, 9.1 task/s, elapsed: 12s, ETA:    61s
[>>>>>                         ] 114/669, 9.1 task/s, elapsed: 13s, ETA:    61s
[>>>>>                         ] 115/669, 9.1 task/s, elapsed: 13s, ETA:    61s
[>>>>>                         ] 116/669, 9.1 task/s, elapsed: 13s, ETA:    61s
[>>>>>                         ] 117/669, 9.1 task/s, elapsed: 13s, ETA:    61s
[>>>>>                         ] 118/669, 9.0 task/s, elapsed: 13s, ETA:    61s
[>>>>>                         ] 119/669, 9.0 task/s, elapsed: 13s, ETA:    61s
[>>>>>                         ] 120/669, 9.0 task/s, elapsed: 13s, ETA:    61s
[>>>>>                         ] 121/669, 8.9 task/s, elapsed: 14s, ETA:    61s
[>>>>>                         ] 122/669, 8.9 task/s, elapsed: 14s, ETA:    61s
[>>>>>                         ] 123/669, 8.9 task/s, elapsed: 14s, ETA:    61s
[>>>>>                         ] 124/669, 8.9 task/s, elapsed: 14s, ETA:    61s
[>>>>>                         ] 125/669, 8.9 task/s, elapsed: 14s, ETA:    61s
[>>>>>                         ] 126/669, 8.9 task/s, elapsed: 14s, ETA:    61s
[>>>>>                         ] 127/669, 8.9 task/s, elapsed: 14s, ETA:    61s
[>>>>>                         ] 128/669, 8.9 task/s, elapsed: 14s, ETA:    61s
[>>>>>                         ] 129/669, 8.9 task/s, elapsed: 14s, ETA:    61s
[>>>>>                         ] 130/669, 8.9 task/s, elapsed: 15s, ETA:    61s
[>>>>>                         ] 131/669, 8.9 task/s, elapsed: 15s, ETA:    60s
[>>>>>                         ] 132/669, 8.9 task/s, elapsed: 15s, ETA:    60s
[>>>>>                         ] 133/669, 8.9 task/s, elapsed: 15s, ETA:    60s
[>>>>>>                        ] 134/669, 8.9 task/s, elapsed: 15s, ETA:    60s
[>>>>>>                        ] 135/669, 8.9 task/s, elapsed: 15s, ETA:    60s
[>>>>>>                        ] 136/669, 8.9 task/s, elapsed: 15s, ETA:    60s
[>>>>>>                        ] 137/669, 8.9 task/s, elapsed: 15s, ETA:    60s
[>>>>>>                        ] 138/669, 8.8 task/s, elapsed: 16s, ETA:    60s
[>>>>>>                        ] 139/669, 8.8 task/s, elapsed: 16s, ETA:    60s
[>>>>>>                        ] 140/669, 8.8 task/s, elapsed: 16s, ETA:    60s
[>>>>>>                        ] 141/669, 8.8 task/s, elapsed: 16s, ETA:    60s
[>>>>>>                        ] 142/669, 8.7 task/s, elapsed: 16s, ETA:    60s
[>>>>>>                        ] 143/669, 8.7 task/s, elapsed: 16s, ETA:    60s
[>>>>>>                        ] 144/669, 8.7 task/s, elapsed: 17s, ETA:    60s
[>>>>>>                        ] 145/669, 8.7 task/s, elapsed: 17s, ETA:    61s
[>>>>>>                        ] 146/669, 8.5 task/s, elapsed: 17s, ETA:    61s
[>>>>>>                        ] 147/669, 8.5 task/s, elapsed: 17s, ETA:    61s
[>>>>>>                        ] 148/669, 8.5 task/s, elapsed: 17s, ETA:    61s
[>>>>>>                        ] 149/669, 8.4 task/s, elapsed: 18s, ETA:    62s
[>>>>>>                        ] 150/669, 8.4 task/s, elapsed: 18s, ETA:    62s
[>>>>>>                        ] 151/669, 8.4 task/s, elapsed: 18s, ETA:    62s
[>>>>>>                        ] 152/669, 8.4 task/s, elapsed: 18s, ETA:    62s
[>>>>>>                        ] 153/669, 8.4 task/s, elapsed: 18s, ETA:    62s
[>>>>>>                        ] 154/669, 8.4 task/s, elapsed: 18s, ETA:    62s
[>>>>>>                        ] 155/669, 8.4 task/s, elapsed: 19s, ETA:    61s
[>>>>>>                        ] 156/669, 8.4 task/s, elapsed: 19s, ETA:    61s
[>>>>>>>                       ] 157/669, 8.4 task/s, elapsed: 19s, ETA:    61s
[>>>>>>>                       ] 158/669, 8.4 task/s, elapsed: 19s, ETA:    61s
[>>>>>>>                       ] 159/669, 8.4 task/s, elapsed: 19s, ETA:    61s
[>>>>>>>                       ] 160/669, 8.4 task/s, elapsed: 19s, ETA:    61s
[>>>>>>>                       ] 161/669, 8.4 task/s, elapsed: 19s, ETA:    61s
[>>>>>>>                       ] 162/669, 8.4 task/s, elapsed: 19s, ETA:    60s
[>>>>>>>                       ] 163/669, 8.4 task/s, elapsed: 19s, ETA:    60s
[>>>>>>>                       ] 164/669, 8.4 task/s, elapsed: 20s, ETA:    60s
[>>>>>>>                       ] 165/669, 8.4 task/s, elapsed: 20s, ETA:    60s
[>>>>>>>                       ] 166/669, 8.4 task/s, elapsed: 20s, ETA:    60s
[>>>>>>>                       ] 167/669, 8.4 task/s, elapsed: 20s, ETA:    60s
[>>>>>>>                       ] 168/669, 8.4 task/s, elapsed: 20s, ETA:    60s
[>>>>>>>                       ] 169/669, 8.4 task/s, elapsed: 20s, ETA:    60s
[>>>>>>>                       ] 170/669, 8.4 task/s, elapsed: 20s, ETA:    60s
[>>>>>>>                       ] 171/669, 8.4 task/s, elapsed: 20s, ETA:    59s
[>>>>>>>                       ] 172/669, 8.4 task/s, elapsed: 20s, ETA:    59s
[>>>>>>>                       ] 173/669, 8.4 task/s, elapsed: 21s, ETA:    59s
[>>>>>>>                       ] 174/669, 8.4 task/s, elapsed: 21s, ETA:    59s
[>>>>>>>                       ] 175/669, 8.4 task/s, elapsed: 21s, ETA:    59s
[>>>>>>>                       ] 176/669, 8.4 task/s, elapsed: 21s, ETA:    58s
[>>>>>>>                       ] 177/669, 8.4 task/s, elapsed: 21s, ETA:    58s
[>>>>>>>                       ] 178/669, 8.5 task/s, elapsed: 21s, ETA:    58s
[>>>>>>>>                      ] 179/669, 8.5 task/s, elapsed: 21s, ETA:    58s
[>>>>>>>>                      ] 180/669, 8.5 task/s, elapsed: 21s, ETA:    58s
[>>>>>>>>                      ] 181/669, 8.5 task/s, elapsed: 21s, ETA:    57s
[>>>>>>>>                      ] 182/669, 8.5 task/s, elapsed: 21s, ETA:    57s
[>>>>>>>>                      ] 183/669, 8.5 task/s, elapsed: 21s, ETA:    57s
[>>>>>>>>                      ] 184/669, 8.5 task/s, elapsed: 22s, ETA:    57s
[>>>>>>>>                      ] 185/669, 8.6 task/s, elapsed: 22s, ETA:    57s
[>>>>>>>>                      ] 186/669, 8.6 task/s, elapsed: 22s, ETA:    56s
[>>>>>>>>                      ] 187/669, 8.5 task/s, elapsed: 22s, ETA:    57s
[>>>>>>>>                      ] 188/669, 8.5 task/s, elapsed: 22s, ETA:    57s
[>>>>>>>>                      ] 189/669, 8.5 task/s, elapsed: 22s, ETA:    56s
[>>>>>>>>                      ] 190/669, 8.5 task/s, elapsed: 22s, ETA:    57s
[>>>>>>>>                      ] 191/669, 8.5 task/s, elapsed: 23s, ETA:    56s
[>>>>>>>>                      ] 192/669, 8.5 task/s, elapsed: 23s, ETA:    56s
[>>>>>>>>                      ] 193/669, 8.5 task/s, elapsed: 23s, ETA:    56s
[>>>>>>>>                      ] 194/669, 8.5 task/s, elapsed: 23s, ETA:    56s
[>>>>>>>>                      ] 195/669, 8.5 task/s, elapsed: 23s, ETA:    56s
[>>>>>>>>                      ] 196/669, 8.5 task/s, elapsed: 23s, ETA:    56s
[>>>>>>>>                      ] 197/669, 8.4 task/s, elapsed: 23s, ETA:    56s
[>>>>>>>>                      ] 198/669, 8.4 task/s, elapsed: 24s, ETA:    56s
[>>>>>>>>                      ] 199/669, 8.4 task/s, elapsed: 24s, ETA:    56s
[>>>>>>>>                      ] 200/669, 8.4 task/s, elapsed: 24s, ETA:    56s
[>>>>>>>>>                     ] 201/669, 8.3 task/s, elapsed: 24s, ETA:    56s
[>>>>>>>>>                     ] 202/669, 8.4 task/s, elapsed: 24s, ETA:    56s
[>>>>>>>>>                     ] 203/669, 8.4 task/s, elapsed: 24s, ETA:    56s
[>>>>>>>>>                     ] 204/669, 8.4 task/s, elapsed: 24s, ETA:    56s
[>>>>>>>>>                     ] 205/669, 8.4 task/s, elapsed: 24s, ETA:    55s
[>>>>>>>>>                     ] 206/669, 8.4 task/s, elapsed: 25s, ETA:    55s
[>>>>>>>>>                     ] 207/669, 8.4 task/s, elapsed: 25s, ETA:    55s
[>>>>>>>>>                     ] 208/669, 8.4 task/s, elapsed: 25s, ETA:    55s
[>>>>>>>>>                     ] 209/669, 8.4 task/s, elapsed: 25s, ETA:    55s
[>>>>>>>>>                     ] 210/669, 8.4 task/s, elapsed: 25s, ETA:    55s
[>>>>>>>>>                     ] 211/669, 8.4 task/s, elapsed: 25s, ETA:    54s
[>>>>>>>>>                     ] 212/669, 8.4 task/s, elapsed: 25s, ETA:    54s
[>>>>>>>>>                     ] 213/669, 8.4 task/s, elapsed: 25s, ETA:    54s
[>>>>>>>>>                     ] 214/669, 8.5 task/s, elapsed: 25s, ETA:    54s
[>>>>>>>>>                     ] 215/669, 8.5 task/s, elapsed: 25s, ETA:    54s
[>>>>>>>>>                     ] 216/669, 8.4 task/s, elapsed: 26s, ETA:    54s
[>>>>>>>>>                     ] 217/669, 8.5 task/s, elapsed: 26s, ETA:    53s
[>>>>>>>>>                     ] 218/669, 8.4 task/s, elapsed: 26s, ETA:    53s
[>>>>>>>>>                     ] 219/669, 8.5 task/s, elapsed: 26s, ETA:    53s
[>>>>>>>>>                     ] 220/669, 8.5 task/s, elapsed: 26s, ETA:    53s
[>>>>>>>>>                     ] 221/669, 8.5 task/s, elapsed: 26s, ETA:    53s
[>>>>>>>>>                     ] 222/669, 8.5 task/s, elapsed: 26s, ETA:    53s
[>>>>>>>>>>                    ] 223/669, 8.5 task/s, elapsed: 26s, ETA:    53s
[>>>>>>>>>>                    ] 224/669, 8.5 task/s, elapsed: 26s, ETA:    52s
[>>>>>>>>>>                    ] 225/669, 8.5 task/s, elapsed: 26s, ETA:    52s
[>>>>>>>>>>                    ] 226/669, 8.5 task/s, elapsed: 27s, ETA:    52s
[>>>>>>>>>>                    ] 227/669, 8.5 task/s, elapsed: 27s, ETA:    52s
[>>>>>>>>>>                    ] 228/669, 8.5 task/s, elapsed: 27s, ETA:    52s
[>>>>>>>>>>                    ] 229/669, 8.5 task/s, elapsed: 27s, ETA:    52s
[>>>>>>>>>>                    ] 230/669, 8.5 task/s, elapsed: 27s, ETA:    51s
[>>>>>>>>>>                    ] 231/669, 8.5 task/s, elapsed: 27s, ETA:    51s
[>>>>>>>>>>                    ] 232/669, 8.5 task/s, elapsed: 27s, ETA:    51s
[>>>>>>>>>>                    ] 233/669, 8.5 task/s, elapsed: 27s, ETA:    51s
[>>>>>>>>>>                    ] 234/669, 8.6 task/s, elapsed: 27s, ETA:    51s
[>>>>>>>>>>                    ] 235/669, 8.6 task/s, elapsed: 27s, ETA:    51s
[>>>>>>>>>>                    ] 236/669, 8.6 task/s, elapsed: 28s, ETA:    50s
[>>>>>>>>>>                    ] 237/669, 8.6 task/s, elapsed: 28s, ETA:    50s
[>>>>>>>>>>                    ] 238/669, 8.6 task/s, elapsed: 28s, ETA:    50s
[>>>>>>>>>>                    ] 239/669, 8.6 task/s, elapsed: 28s, ETA:    50s
[>>>>>>>>>>                    ] 240/669, 8.6 task/s, elapsed: 28s, ETA:    50s
[>>>>>>>>>>                    ] 241/669, 8.6 task/s, elapsed: 28s, ETA:    50s
[>>>>>>>>>>                    ] 242/669, 8.6 task/s, elapsed: 28s, ETA:    50s
[>>>>>>>>>>                    ] 243/669, 8.6 task/s, elapsed: 28s, ETA:    49s
[>>>>>>>>>>                    ] 244/669, 8.6 task/s, elapsed: 28s, ETA:    49s
[>>>>>>>>>>                    ] 245/669, 8.6 task/s, elapsed: 28s, ETA:    49s
[>>>>>>>>>>>                   ] 246/669, 8.6 task/s, elapsed: 29s, ETA:    49s
[>>>>>>>>>>>                   ] 247/669, 8.6 task/s, elapsed: 29s, ETA:    49s
[>>>>>>>>>>>                   ] 248/669, 8.6 task/s, elapsed: 29s, ETA:    49s
[>>>>>>>>>>>                   ] 249/669, 8.6 task/s, elapsed: 29s, ETA:    49s
[>>>>>>>>>>>                   ] 250/669, 8.6 task/s, elapsed: 29s, ETA:    49s
[>>>>>>>>>>>                   ] 251/669, 8.6 task/s, elapsed: 29s, ETA:    49s
[>>>>>>>>>>>                   ] 252/669, 8.6 task/s, elapsed: 29s, ETA:    48s
[>>>>>>>>>>>                   ] 253/669, 8.6 task/s, elapsed: 29s, ETA:    48s
[>>>>>>>>>>>                   ] 254/669, 8.6 task/s, elapsed: 30s, ETA:    48s
[>>>>>>>>>>>                   ] 255/669, 8.6 task/s, elapsed: 30s, ETA:    48s
[>>>>>>>>>>>                   ] 256/669, 8.6 task/s, elapsed: 30s, ETA:    48s
[>>>>>>>>>>>                   ] 257/669, 8.6 task/s, elapsed: 30s, ETA:    48s
[>>>>>>>>>>>                   ] 258/669, 8.6 task/s, elapsed: 30s, ETA:    48s
[>>>>>>>>>>>                   ] 259/669, 8.6 task/s, elapsed: 30s, ETA:    48s
[>>>>>>>>>>>                   ] 260/669, 8.6 task/s, elapsed: 30s, ETA:    47s
[>>>>>>>>>>>                   ] 261/669, 8.6 task/s, elapsed: 30s, ETA:    47s
[>>>>>>>>>>>                   ] 262/669, 8.6 task/s, elapsed: 30s, ETA:    47s
[>>>>>>>>>>>                   ] 263/669, 8.6 task/s, elapsed: 31s, ETA:    47s
[>>>>>>>>>>>                   ] 264/669, 8.6 task/s, elapsed: 31s, ETA:    47s
[>>>>>>>>>>>                   ] 265/669, 8.6 task/s, elapsed: 31s, ETA:    47s
[>>>>>>>>>>>                   ] 266/669, 8.5 task/s, elapsed: 31s, ETA:    47s
[>>>>>>>>>>>                   ] 267/669, 8.5 task/s, elapsed: 31s, ETA:    47s
[>>>>>>>>>>>>                  ] 268/669, 8.5 task/s, elapsed: 32s, ETA:    47s
[>>>>>>>>>>>>                  ] 269/669, 8.5 task/s, elapsed: 32s, ETA:    47s
[>>>>>>>>>>>>                  ] 270/669, 8.5 task/s, elapsed: 32s, ETA:    47s
[>>>>>>>>>>>>                  ] 271/669, 8.5 task/s, elapsed: 32s, ETA:    47s
[>>>>>>>>>>>>                  ] 272/669, 8.5 task/s, elapsed: 32s, ETA:    47s
[>>>>>>>>>>>>                  ] 273/669, 8.4 task/s, elapsed: 32s, ETA:    47s
[>>>>>>>>>>>>                  ] 274/669, 8.4 task/s, elapsed: 33s, ETA:    47s
[>>>>>>>>>>>>                  ] 275/669, 8.4 task/s, elapsed: 33s, ETA:    47s
[>>>>>>>>>>>>                  ] 276/669, 8.4 task/s, elapsed: 33s, ETA:    47s
[>>>>>>>>>>>>                  ] 277/669, 8.4 task/s, elapsed: 33s, ETA:    47s
[>>>>>>>>>>>>                  ] 278/669, 8.4 task/s, elapsed: 33s, ETA:    47s
[>>>>>>>>>>>>                  ] 279/669, 8.4 task/s, elapsed: 33s, ETA:    47s
[>>>>>>>>>>>>                  ] 280/669, 8.4 task/s, elapsed: 33s, ETA:    46s
[>>>>>>>>>>>>                  ] 281/669, 8.4 task/s, elapsed: 34s, ETA:    46s
[>>>>>>>>>>>>                  ] 282/669, 8.4 task/s, elapsed: 34s, ETA:    46s
[>>>>>>>>>>>>                  ] 283/669, 8.3 task/s, elapsed: 34s, ETA:    46s
[>>>>>>>>>>>>                  ] 284/669, 8.3 task/s, elapsed: 34s, ETA:    46s
[>>>>>>>>>>>>                  ] 285/669, 8.3 task/s, elapsed: 34s, ETA:    46s
[>>>>>>>>>>>>                  ] 286/669, 8.3 task/s, elapsed: 34s, ETA:    46s
[>>>>>>>>>>>>                  ] 287/669, 8.3 task/s, elapsed: 34s, ETA:    46s
[>>>>>>>>>>>>                  ] 288/669, 8.3 task/s, elapsed: 35s, ETA:    46s
[>>>>>>>>>>>>                  ] 289/669, 8.3 task/s, elapsed: 35s, ETA:    46s
[>>>>>>>>>>>>>                 ] 290/669, 8.3 task/s, elapsed: 35s, ETA:    46s
[>>>>>>>>>>>>>                 ] 291/669, 8.3 task/s, elapsed: 35s, ETA:    45s
[>>>>>>>>>>>>>                 ] 292/669, 8.3 task/s, elapsed: 35s, ETA:    45s
[>>>>>>>>>>>>>                 ] 293/669, 8.3 task/s, elapsed: 35s, ETA:    45s
[>>>>>>>>>>>>>                 ] 294/669, 8.3 task/s, elapsed: 35s, ETA:    45s
[>>>>>>>>>>>>>                 ] 295/669, 8.3 task/s, elapsed: 35s, ETA:    45s
[>>>>>>>>>>>>>                 ] 296/669, 8.3 task/s, elapsed: 36s, ETA:    45s
[>>>>>>>>>>>>>                 ] 297/669, 8.3 task/s, elapsed: 36s, ETA:    45s
[>>>>>>>>>>>>>                 ] 298/669, 8.3 task/s, elapsed: 36s, ETA:    45s
[>>>>>>>>>>>>>                 ] 299/669, 8.3 task/s, elapsed: 36s, ETA:    44s
[>>>>>>>>>>>>>                 ] 300/669, 8.3 task/s, elapsed: 36s, ETA:    44s
[>>>>>>>>>>>>>                 ] 301/669, 8.3 task/s, elapsed: 36s, ETA:    44s
[>>>>>>>>>>>>>                 ] 302/669, 8.4 task/s, elapsed: 36s, ETA:    44s
[>>>>>>>>>>>>>                 ] 303/669, 8.4 task/s, elapsed: 36s, ETA:    44s
[>>>>>>>>>>>>>                 ] 304/669, 8.4 task/s, elapsed: 36s, ETA:    44s
[>>>>>>>>>>>>>                 ] 305/669, 8.4 task/s, elapsed: 36s, ETA:    43s
[>>>>>>>>>>>>>                 ] 306/669, 8.4 task/s, elapsed: 37s, ETA:    43s
[>>>>>>>>>>>>>                 ] 307/669, 8.4 task/s, elapsed: 37s, ETA:    43s
[>>>>>>>>>>>>>                 ] 308/669, 8.4 task/s, elapsed: 37s, ETA:    43s
[>>>>>>>>>>>>>                 ] 309/669, 8.4 task/s, elapsed: 37s, ETA:    43s
[>>>>>>>>>>>>>                 ] 310/669, 8.4 task/s, elapsed: 37s, ETA:    43s
[>>>>>>>>>>>>>                 ] 311/669, 8.4 task/s, elapsed: 37s, ETA:    43s
[>>>>>>>>>>>>>                 ] 312/669, 8.4 task/s, elapsed: 37s, ETA:    42s
[>>>>>>>>>>>>>>                ] 313/669, 8.4 task/s, elapsed: 37s, ETA:    42s
[>>>>>>>>>>>>>>                ] 314/669, 8.4 task/s, elapsed: 37s, ETA:    42s
[>>>>>>>>>>>>>>                ] 315/669, 8.4 task/s, elapsed: 37s, ETA:    42s
[>>>>>>>>>>>>>>                ] 316/669, 8.4 task/s, elapsed: 37s, ETA:    42s
[>>>>>>>>>>>>>>                ] 317/669, 8.4 task/s, elapsed: 38s, ETA:    42s
[>>>>>>>>>>>>>>                ] 318/669, 8.4 task/s, elapsed: 38s, ETA:    42s
[>>>>>>>>>>>>>>                ] 319/669, 8.4 task/s, elapsed: 38s, ETA:    41s
[>>>>>>>>>>>>>>                ] 320/669, 8.4 task/s, elapsed: 38s, ETA:    41s
[>>>>>>>>>>>>>>                ] 321/669, 8.5 task/s, elapsed: 38s, ETA:    41s
[>>>>>>>>>>>>>>                ] 322/669, 8.5 task/s, elapsed: 38s, ETA:    41s
[>>>>>>>>>>>>>>                ] 323/669, 8.5 task/s, elapsed: 38s, ETA:    41s
[>>>>>>>>>>>>>>                ] 324/669, 8.5 task/s, elapsed: 38s, ETA:    41s
[>>>>>>>>>>>>>>                ] 325/669, 8.5 task/s, elapsed: 38s, ETA:    41s
[>>>>>>>>>>>>>>                ] 326/669, 8.5 task/s, elapsed: 38s, ETA:    40s
[>>>>>>>>>>>>>>                ] 327/669, 8.5 task/s, elapsed: 38s, ETA:    40s
[>>>>>>>>>>>>>>                ] 328/669, 8.5 task/s, elapsed: 39s, ETA:    40s
[>>>>>>>>>>>>>>                ] 329/669, 8.5 task/s, elapsed: 39s, ETA:    40s
[>>>>>>>>>>>>>>                ] 330/669, 8.5 task/s, elapsed: 39s, ETA:    40s
[>>>>>>>>>>>>>>                ] 331/669, 8.5 task/s, elapsed: 39s, ETA:    40s
[>>>>>>>>>>>>>>                ] 332/669, 8.5 task/s, elapsed: 39s, ETA:    40s
[>>>>>>>>>>>>>>                ] 333/669, 8.5 task/s, elapsed: 39s, ETA:    39s
[>>>>>>>>>>>>>>                ] 334/669, 8.5 task/s, elapsed: 39s, ETA:    39s
[>>>>>>>>>>>>>>>               ] 335/669, 8.5 task/s, elapsed: 39s, ETA:    39s
[>>>>>>>>>>>>>>>               ] 336/669, 8.6 task/s, elapsed: 39s, ETA:    39s
[>>>>>>>>>>>>>>>               ] 337/669, 8.6 task/s, elapsed: 39s, ETA:    39s
[>>>>>>>>>>>>>>>               ] 338/669, 8.6 task/s, elapsed: 40s, ETA:    39s
[>>>>>>>>>>>>>>>               ] 339/669, 8.6 task/s, elapsed: 40s, ETA:    39s
[>>>>>>>>>>>>>>>               ] 340/669, 8.6 task/s, elapsed: 40s, ETA:    38s
[>>>>>>>>>>>>>>>               ] 341/669, 8.6 task/s, elapsed: 40s, ETA:    38s
[>>>>>>>>>>>>>>>               ] 342/669, 8.6 task/s, elapsed: 40s, ETA:    38s
[>>>>>>>>>>>>>>>               ] 343/669, 8.6 task/s, elapsed: 40s, ETA:    38s
[>>>>>>>>>>>>>>>               ] 344/669, 8.6 task/s, elapsed: 40s, ETA:    38s
[>>>>>>>>>>>>>>>               ] 345/669, 8.6 task/s, elapsed: 40s, ETA:    38s
[>>>>>>>>>>>>>>>               ] 346/669, 8.6 task/s, elapsed: 40s, ETA:    38s
[>>>>>>>>>>>>>>>               ] 347/669, 8.6 task/s, elapsed: 40s, ETA:    37s
[>>>>>>>>>>>>>>>               ] 348/669, 8.6 task/s, elapsed: 40s, ETA:    37s
[>>>>>>>>>>>>>>>               ] 349/669, 8.6 task/s, elapsed: 40s, ETA:    37s
[>>>>>>>>>>>>>>>               ] 350/669, 8.6 task/s, elapsed: 41s, ETA:    37s
[>>>>>>>>>>>>>>>               ] 351/669, 8.6 task/s, elapsed: 41s, ETA:    37s
[>>>>>>>>>>>>>>>               ] 352/669, 8.6 task/s, elapsed: 41s, ETA:    37s
[>>>>>>>>>>>>>>>               ] 353/669, 8.6 task/s, elapsed: 41s, ETA:    37s
[>>>>>>>>>>>>>>>               ] 354/669, 8.6 task/s, elapsed: 41s, ETA:    36s
[>>>>>>>>>>>>>>>               ] 355/669, 8.7 task/s, elapsed: 41s, ETA:    36s
[>>>>>>>>>>>>>>>               ] 356/669, 8.7 task/s, elapsed: 41s, ETA:    36s
[>>>>>>>>>>>>>>>>              ] 357/669, 8.7 task/s, elapsed: 41s, ETA:    36s
[>>>>>>>>>>>>>>>>              ] 358/669, 8.7 task/s, elapsed: 41s, ETA:    36s
[>>>>>>>>>>>>>>>>              ] 359/669, 8.7 task/s, elapsed: 41s, ETA:    36s
[>>>>>>>>>>>>>>>>              ] 360/669, 8.7 task/s, elapsed: 41s, ETA:    36s
[>>>>>>>>>>>>>>>>              ] 361/669, 8.7 task/s, elapsed: 42s, ETA:    35s
[>>>>>>>>>>>>>>>>              ] 362/669, 8.7 task/s, elapsed: 42s, ETA:    35s
[>>>>>>>>>>>>>>>>              ] 363/669, 8.7 task/s, elapsed: 42s, ETA:    35s
[>>>>>>>>>>>>>>>>              ] 364/669, 8.7 task/s, elapsed: 42s, ETA:    35s
[>>>>>>>>>>>>>>>>              ] 365/669, 8.7 task/s, elapsed: 42s, ETA:    35s
[>>>>>>>>>>>>>>>>              ] 366/669, 8.7 task/s, elapsed: 42s, ETA:    35s
[>>>>>>>>>>>>>>>>              ] 367/669, 8.7 task/s, elapsed: 42s, ETA:    35s
[>>>>>>>>>>>>>>>>              ] 368/669, 8.7 task/s, elapsed: 42s, ETA:    35s
[>>>>>>>>>>>>>>>>              ] 369/669, 8.7 task/s, elapsed: 42s, ETA:    34s
[>>>>>>>>>>>>>>>>              ] 370/669, 8.7 task/s, elapsed: 42s, ETA:    34s
[>>>>>>>>>>>>>>>>              ] 371/669, 8.7 task/s, elapsed: 42s, ETA:    34s
[>>>>>>>>>>>>>>>>              ] 372/669, 8.7 task/s, elapsed: 43s, ETA:    34s
[>>>>>>>>>>>>>>>>              ] 373/669, 8.7 task/s, elapsed: 43s, ETA:    34s
[>>>>>>>>>>>>>>>>              ] 374/669, 8.8 task/s, elapsed: 43s, ETA:    34s
[>>>>>>>>>>>>>>>>              ] 375/669, 8.8 task/s, elapsed: 43s, ETA:    34s
[>>>>>>>>>>>>>>>>              ] 376/669, 8.8 task/s, elapsed: 43s, ETA:    33s
[>>>>>>>>>>>>>>>>              ] 377/669, 8.8 task/s, elapsed: 43s, ETA:    33s
[>>>>>>>>>>>>>>>>              ] 378/669, 8.8 task/s, elapsed: 43s, ETA:    33s
[>>>>>>>>>>>>>>>>              ] 379/669, 8.8 task/s, elapsed: 43s, ETA:    33s
[>>>>>>>>>>>>>>>>>             ] 380/669, 8.8 task/s, elapsed: 43s, ETA:    33s
[>>>>>>>>>>>>>>>>>             ] 381/669, 8.8 task/s, elapsed: 43s, ETA:    33s
[>>>>>>>>>>>>>>>>>             ] 382/669, 8.8 task/s, elapsed: 43s, ETA:    33s
[>>>>>>>>>>>>>>>>>             ] 383/669, 8.8 task/s, elapsed: 44s, ETA:    33s
[>>>>>>>>>>>>>>>>>             ] 384/669, 8.8 task/s, elapsed: 44s, ETA:    32s
[>>>>>>>>>>>>>>>>>             ] 385/669, 8.8 task/s, elapsed: 44s, ETA:    32s
[>>>>>>>>>>>>>>>>>             ] 386/669, 8.8 task/s, elapsed: 44s, ETA:    32s
[>>>>>>>>>>>>>>>>>             ] 387/669, 8.8 task/s, elapsed: 44s, ETA:    32s
[>>>>>>>>>>>>>>>>>             ] 388/669, 8.8 task/s, elapsed: 44s, ETA:    32s
[>>>>>>>>>>>>>>>>>             ] 389/669, 8.8 task/s, elapsed: 44s, ETA:    32s
[>>>>>>>>>>>>>>>>>             ] 390/669, 8.8 task/s, elapsed: 44s, ETA:    32s
[>>>>>>>>>>>>>>>>>             ] 391/669, 8.8 task/s, elapsed: 44s, ETA:    32s
[>>>>>>>>>>>>>>>>>             ] 392/669, 8.8 task/s, elapsed: 44s, ETA:    31s
[>>>>>>>>>>>>>>>>>             ] 393/669, 8.8 task/s, elapsed: 45s, ETA:    31s
[>>>>>>>>>>>>>>>>>             ] 394/669, 8.8 task/s, elapsed: 45s, ETA:    31s
[>>>>>>>>>>>>>>>>>             ] 395/669, 8.8 task/s, elapsed: 45s, ETA:    31s
[>>>>>>>>>>>>>>>>>             ] 396/669, 8.8 task/s, elapsed: 45s, ETA:    31s
[>>>>>>>>>>>>>>>>>             ] 397/669, 8.8 task/s, elapsed: 45s, ETA:    31s
[>>>>>>>>>>>>>>>>>             ] 398/669, 8.8 task/s, elapsed: 45s, ETA:    31s
[>>>>>>>>>>>>>>>>>             ] 399/669, 8.8 task/s, elapsed: 45s, ETA:    31s
[>>>>>>>>>>>>>>>>>             ] 400/669, 8.8 task/s, elapsed: 45s, ETA:    30s
[>>>>>>>>>>>>>>>>>             ] 401/669, 8.8 task/s, elapsed: 45s, ETA:    30s
[>>>>>>>>>>>>>>>>>>            ] 402/669, 8.8 task/s, elapsed: 45s, ETA:    30s
[>>>>>>>>>>>>>>>>>>            ] 403/669, 8.8 task/s, elapsed: 46s, ETA:    30s
[>>>>>>>>>>>>>>>>>>            ] 404/669, 8.8 task/s, elapsed: 46s, ETA:    30s
[>>>>>>>>>>>>>>>>>>            ] 405/669, 8.9 task/s, elapsed: 46s, ETA:    30s
[>>>>>>>>>>>>>>>>>>            ] 406/669, 8.8 task/s, elapsed: 46s, ETA:    30s
[>>>>>>>>>>>>>>>>>>            ] 407/669, 8.8 task/s, elapsed: 46s, ETA:    30s
[>>>>>>>>>>>>>>>>>>            ] 408/669, 8.9 task/s, elapsed: 46s, ETA:    29s
[>>>>>>>>>>>>>>>>>>            ] 409/669, 8.9 task/s, elapsed: 46s, ETA:    29s
[>>>>>>>>>>>>>>>>>>            ] 410/669, 8.8 task/s, elapsed: 46s, ETA:    29s
[>>>>>>>>>>>>>>>>>>            ] 411/669, 8.8 task/s, elapsed: 46s, ETA:    29s
[>>>>>>>>>>>>>>>>>>            ] 412/669, 8.8 task/s, elapsed: 47s, ETA:    29s
[>>>>>>>>>>>>>>>>>>            ] 413/669, 8.8 task/s, elapsed: 47s, ETA:    29s
[>>>>>>>>>>>>>>>>>>            ] 414/669, 8.8 task/s, elapsed: 47s, ETA:    29s
[>>>>>>>>>>>>>>>>>>            ] 415/669, 8.8 task/s, elapsed: 47s, ETA:    29s
[>>>>>>>>>>>>>>>>>>            ] 416/669, 8.8 task/s, elapsed: 47s, ETA:    29s
[>>>>>>>>>>>>>>>>>>            ] 417/669, 8.8 task/s, elapsed: 47s, ETA:    29s
[>>>>>>>>>>>>>>>>>>            ] 418/669, 8.8 task/s, elapsed: 47s, ETA:    28s
[>>>>>>>>>>>>>>>>>>            ] 419/669, 8.8 task/s, elapsed: 47s, ETA:    28s
[>>>>>>>>>>>>>>>>>>            ] 420/669, 8.8 task/s, elapsed: 48s, ETA:    28s
[>>>>>>>>>>>>>>>>>>            ] 421/669, 8.8 task/s, elapsed: 48s, ETA:    28s
[>>>>>>>>>>>>>>>>>>            ] 422/669, 8.8 task/s, elapsed: 48s, ETA:    28s
[>>>>>>>>>>>>>>>>>>            ] 423/669, 8.9 task/s, elapsed: 48s, ETA:    28s
[>>>>>>>>>>>>>>>>>>>           ] 424/669, 8.9 task/s, elapsed: 48s, ETA:    28s
[>>>>>>>>>>>>>>>>>>>           ] 425/669, 8.9 task/s, elapsed: 48s, ETA:    28s
[>>>>>>>>>>>>>>>>>>>           ] 426/669, 8.9 task/s, elapsed: 48s, ETA:    27s
[>>>>>>>>>>>>>>>>>>>           ] 427/669, 8.9 task/s, elapsed: 48s, ETA:    27s
[>>>>>>>>>>>>>>>>>>>           ] 428/669, 8.9 task/s, elapsed: 48s, ETA:    27s
[>>>>>>>>>>>>>>>>>>>           ] 429/669, 8.9 task/s, elapsed: 48s, ETA:    27s
[>>>>>>>>>>>>>>>>>>>           ] 430/669, 8.9 task/s, elapsed: 48s, ETA:    27s
[>>>>>>>>>>>>>>>>>>>           ] 431/669, 8.9 task/s, elapsed: 49s, ETA:    27s
[>>>>>>>>>>>>>>>>>>>           ] 432/669, 8.9 task/s, elapsed: 49s, ETA:    27s
[>>>>>>>>>>>>>>>>>>>           ] 433/669, 8.9 task/s, elapsed: 49s, ETA:    27s
[>>>>>>>>>>>>>>>>>>>           ] 434/669, 8.9 task/s, elapsed: 49s, ETA:    26s
[>>>>>>>>>>>>>>>>>>>           ] 435/669, 8.9 task/s, elapsed: 49s, ETA:    26s
[>>>>>>>>>>>>>>>>>>>           ] 436/669, 8.9 task/s, elapsed: 49s, ETA:    26s
[>>>>>>>>>>>>>>>>>>>           ] 437/669, 8.9 task/s, elapsed: 49s, ETA:    26s
[>>>>>>>>>>>>>>>>>>>           ] 438/669, 8.9 task/s, elapsed: 49s, ETA:    26s
[>>>>>>>>>>>>>>>>>>>           ] 439/669, 8.9 task/s, elapsed: 49s, ETA:    26s
[>>>>>>>>>>>>>>>>>>>           ] 440/669, 8.9 task/s, elapsed: 50s, ETA:    26s
[>>>>>>>>>>>>>>>>>>>           ] 441/669, 8.9 task/s, elapsed: 50s, ETA:    26s
[>>>>>>>>>>>>>>>>>>>           ] 442/669, 8.9 task/s, elapsed: 50s, ETA:    26s
[>>>>>>>>>>>>>>>>>>>           ] 443/669, 8.9 task/s, elapsed: 50s, ETA:    25s
[>>>>>>>>>>>>>>>>>>>           ] 444/669, 8.9 task/s, elapsed: 50s, ETA:    25s
[>>>>>>>>>>>>>>>>>>>           ] 445/669, 8.9 task/s, elapsed: 50s, ETA:    25s
[>>>>>>>>>>>>>>>>>>>>          ] 446/669, 8.9 task/s, elapsed: 50s, ETA:    25s
[>>>>>>>>>>>>>>>>>>>>          ] 447/669, 8.9 task/s, elapsed: 50s, ETA:    25s
[>>>>>>>>>>>>>>>>>>>>          ] 448/669, 8.9 task/s, elapsed: 50s, ETA:    25s
[>>>>>>>>>>>>>>>>>>>>          ] 449/669, 8.9 task/s, elapsed: 50s, ETA:    25s
[>>>>>>>>>>>>>>>>>>>>          ] 450/669, 8.9 task/s, elapsed: 51s, ETA:    25s
[>>>>>>>>>>>>>>>>>>>>          ] 451/669, 8.9 task/s, elapsed: 51s, ETA:    24s
[>>>>>>>>>>>>>>>>>>>>          ] 452/669, 8.9 task/s, elapsed: 51s, ETA:    24s
[>>>>>>>>>>>>>>>>>>>>          ] 453/669, 8.9 task/s, elapsed: 51s, ETA:    24s
[>>>>>>>>>>>>>>>>>>>>          ] 454/669, 8.9 task/s, elapsed: 51s, ETA:    24s
[>>>>>>>>>>>>>>>>>>>>          ] 455/669, 8.9 task/s, elapsed: 51s, ETA:    24s
[>>>>>>>>>>>>>>>>>>>>          ] 456/669, 8.9 task/s, elapsed: 51s, ETA:    24s
[>>>>>>>>>>>>>>>>>>>>          ] 457/669, 8.9 task/s, elapsed: 51s, ETA:    24s
[>>>>>>>>>>>>>>>>>>>>          ] 458/669, 8.9 task/s, elapsed: 51s, ETA:    24s
[>>>>>>>>>>>>>>>>>>>>          ] 459/669, 8.9 task/s, elapsed: 51s, ETA:    24s
[>>>>>>>>>>>>>>>>>>>>          ] 460/669, 8.9 task/s, elapsed: 52s, ETA:    23s
[>>>>>>>>>>>>>>>>>>>>          ] 461/669, 8.9 task/s, elapsed: 52s, ETA:    23s
[>>>>>>>>>>>>>>>>>>>>          ] 462/669, 8.9 task/s, elapsed: 52s, ETA:    23s
[>>>>>>>>>>>>>>>>>>>>          ] 463/669, 8.9 task/s, elapsed: 52s, ETA:    23s
[>>>>>>>>>>>>>>>>>>>>          ] 464/669, 8.9 task/s, elapsed: 52s, ETA:    23s
[>>>>>>>>>>>>>>>>>>>>          ] 465/669, 8.9 task/s, elapsed: 52s, ETA:    23s
[>>>>>>>>>>>>>>>>>>>>          ] 466/669, 8.9 task/s, elapsed: 52s, ETA:    23s
[>>>>>>>>>>>>>>>>>>>>          ] 467/669, 8.9 task/s, elapsed: 52s, ETA:    23s
[>>>>>>>>>>>>>>>>>>>>          ] 468/669, 8.9 task/s, elapsed: 52s, ETA:    22s
[>>>>>>>>>>>>>>>>>>>>>         ] 469/669, 9.0 task/s, elapsed: 52s, ETA:    22s
[>>>>>>>>>>>>>>>>>>>>>         ] 470/669, 9.0 task/s, elapsed: 52s, ETA:    22s
[>>>>>>>>>>>>>>>>>>>>>         ] 471/669, 9.0 task/s, elapsed: 53s, ETA:    22s
[>>>>>>>>>>>>>>>>>>>>>         ] 472/669, 9.0 task/s, elapsed: 53s, ETA:    22s
[>>>>>>>>>>>>>>>>>>>>>         ] 473/669, 9.0 task/s, elapsed: 53s, ETA:    22s
[>>>>>>>>>>>>>>>>>>>>>         ] 474/669, 9.0 task/s, elapsed: 53s, ETA:    22s
[>>>>>>>>>>>>>>>>>>>>>         ] 475/669, 9.0 task/s, elapsed: 53s, ETA:    22s
[>>>>>>>>>>>>>>>>>>>>>         ] 476/669, 9.0 task/s, elapsed: 53s, ETA:    22s
[>>>>>>>>>>>>>>>>>>>>>         ] 477/669, 9.0 task/s, elapsed: 53s, ETA:    21s
[>>>>>>>>>>>>>>>>>>>>>         ] 478/669, 9.0 task/s, elapsed: 53s, ETA:    21s
[>>>>>>>>>>>>>>>>>>>>>         ] 479/669, 9.0 task/s, elapsed: 53s, ETA:    21s
[>>>>>>>>>>>>>>>>>>>>>         ] 480/669, 9.0 task/s, elapsed: 53s, ETA:    21s
[>>>>>>>>>>>>>>>>>>>>>         ] 481/669, 9.0 task/s, elapsed: 54s, ETA:    21s
[>>>>>>>>>>>>>>>>>>>>>         ] 482/669, 9.0 task/s, elapsed: 54s, ETA:    21s
[>>>>>>>>>>>>>>>>>>>>>         ] 483/669, 9.0 task/s, elapsed: 54s, ETA:    21s
[>>>>>>>>>>>>>>>>>>>>>         ] 484/669, 9.0 task/s, elapsed: 54s, ETA:    21s
[>>>>>>>>>>>>>>>>>>>>>         ] 485/669, 9.0 task/s, elapsed: 54s, ETA:    20s
[>>>>>>>>>>>>>>>>>>>>>         ] 486/669, 9.0 task/s, elapsed: 54s, ETA:    20s
[>>>>>>>>>>>>>>>>>>>>>         ] 487/669, 9.0 task/s, elapsed: 54s, ETA:    20s
[>>>>>>>>>>>>>>>>>>>>>         ] 488/669, 9.0 task/s, elapsed: 54s, ETA:    20s
[>>>>>>>>>>>>>>>>>>>>>         ] 489/669, 9.0 task/s, elapsed: 54s, ETA:    20s
[>>>>>>>>>>>>>>>>>>>>>         ] 490/669, 9.0 task/s, elapsed: 54s, ETA:    20s
[>>>>>>>>>>>>>>>>>>>>>>        ] 491/669, 9.0 task/s, elapsed: 54s, ETA:    20s
[>>>>>>>>>>>>>>>>>>>>>>        ] 492/669, 9.0 task/s, elapsed: 55s, ETA:    20s
[>>>>>>>>>>>>>>>>>>>>>>        ] 493/669, 9.0 task/s, elapsed: 55s, ETA:    20s
[>>>>>>>>>>>>>>>>>>>>>>        ] 494/669, 9.0 task/s, elapsed: 55s, ETA:    19s
[>>>>>>>>>>>>>>>>>>>>>>        ] 495/669, 9.0 task/s, elapsed: 55s, ETA:    19s
[>>>>>>>>>>>>>>>>>>>>>>        ] 496/669, 9.0 task/s, elapsed: 55s, ETA:    19s
[>>>>>>>>>>>>>>>>>>>>>>        ] 497/669, 9.0 task/s, elapsed: 55s, ETA:    19s
[>>>>>>>>>>>>>>>>>>>>>>        ] 498/669, 9.0 task/s, elapsed: 55s, ETA:    19s
[>>>>>>>>>>>>>>>>>>>>>>        ] 499/669, 9.0 task/s, elapsed: 55s, ETA:    19s
[>>>>>>>>>>>>>>>>>>>>>>        ] 500/669, 9.0 task/s, elapsed: 55s, ETA:    19s
[>>>>>>>>>>>>>>>>>>>>>>        ] 501/669, 9.0 task/s, elapsed: 55s, ETA:    19s
[>>>>>>>>>>>>>>>>>>>>>>        ] 502/669, 9.0 task/s, elapsed: 56s, ETA:    18s
[>>>>>>>>>>>>>>>>>>>>>>        ] 503/669, 9.0 task/s, elapsed: 56s, ETA:    18s
[>>>>>>>>>>>>>>>>>>>>>>        ] 504/669, 9.0 task/s, elapsed: 56s, ETA:    18s
[>>>>>>>>>>>>>>>>>>>>>>        ] 505/669, 9.0 task/s, elapsed: 56s, ETA:    18s
[>>>>>>>>>>>>>>>>>>>>>>        ] 506/669, 9.1 task/s, elapsed: 56s, ETA:    18s
[>>>>>>>>>>>>>>>>>>>>>>        ] 507/669, 9.1 task/s, elapsed: 56s, ETA:    18s
[>>>>>>>>>>>>>>>>>>>>>>        ] 508/669, 9.1 task/s, elapsed: 56s, ETA:    18s
[>>>>>>>>>>>>>>>>>>>>>>        ] 509/669, 9.1 task/s, elapsed: 56s, ETA:    18s
[>>>>>>>>>>>>>>>>>>>>>>        ] 510/669, 9.1 task/s, elapsed: 56s, ETA:    18s
[>>>>>>>>>>>>>>>>>>>>>>        ] 511/669, 9.1 task/s, elapsed: 56s, ETA:    17s
[>>>>>>>>>>>>>>>>>>>>>>        ] 512/669, 9.1 task/s, elapsed: 56s, ETA:    17s
[>>>>>>>>>>>>>>>>>>>>>>>       ] 513/669, 9.1 task/s, elapsed: 57s, ETA:    17s
[>>>>>>>>>>>>>>>>>>>>>>>       ] 514/669, 9.1 task/s, elapsed: 57s, ETA:    17s
[>>>>>>>>>>>>>>>>>>>>>>>       ] 515/669, 9.1 task/s, elapsed: 57s, ETA:    17s
[>>>>>>>>>>>>>>>>>>>>>>>       ] 516/669, 9.1 task/s, elapsed: 57s, ETA:    17s
[>>>>>>>>>>>>>>>>>>>>>>>       ] 517/669, 9.1 task/s, elapsed: 57s, ETA:    17s
[>>>>>>>>>>>>>>>>>>>>>>>       ] 518/669, 9.1 task/s, elapsed: 57s, ETA:    17s
[>>>>>>>>>>>>>>>>>>>>>>>       ] 519/669, 9.1 task/s, elapsed: 57s, ETA:    17s
[>>>>>>>>>>>>>>>>>>>>>>>       ] 520/669, 9.1 task/s, elapsed: 57s, ETA:    16s
[>>>>>>>>>>>>>>>>>>>>>>>       ] 521/669, 9.1 task/s, elapsed: 57s, ETA:    16s
[>>>>>>>>>>>>>>>>>>>>>>>       ] 522/669, 9.1 task/s, elapsed: 57s, ETA:    16s
[>>>>>>>>>>>>>>>>>>>>>>>       ] 523/669, 9.1 task/s, elapsed: 57s, ETA:    16s
[>>>>>>>>>>>>>>>>>>>>>>>       ] 524/669, 9.1 task/s, elapsed: 58s, ETA:    16s
[>>>>>>>>>>>>>>>>>>>>>>>       ] 525/669, 9.1 task/s, elapsed: 58s, ETA:    16s
[>>>>>>>>>>>>>>>>>>>>>>>       ] 526/669, 9.1 task/s, elapsed: 58s, ETA:    16s
[>>>>>>>>>>>>>>>>>>>>>>>       ] 527/669, 9.1 task/s, elapsed: 58s, ETA:    16s
[>>>>>>>>>>>>>>>>>>>>>>>       ] 528/669, 9.1 task/s, elapsed: 58s, ETA:    16s
[>>>>>>>>>>>>>>>>>>>>>>>       ] 529/669, 9.1 task/s, elapsed: 58s, ETA:    15s
[>>>>>>>>>>>>>>>>>>>>>>>       ] 530/669, 9.1 task/s, elapsed: 58s, ETA:    15s
[>>>>>>>>>>>>>>>>>>>>>>>       ] 531/669, 9.1 task/s, elapsed: 58s, ETA:    15s
[>>>>>>>>>>>>>>>>>>>>>>>       ] 532/669, 9.1 task/s, elapsed: 59s, ETA:    15s
[>>>>>>>>>>>>>>>>>>>>>>>       ] 533/669, 9.1 task/s, elapsed: 59s, ETA:    15s
[>>>>>>>>>>>>>>>>>>>>>>>       ] 534/669, 9.1 task/s, elapsed: 59s, ETA:    15s
[>>>>>>>>>>>>>>>>>>>>>>>       ] 535/669, 9.1 task/s, elapsed: 59s, ETA:    15s
[>>>>>>>>>>>>>>>>>>>>>>>>      ] 536/669, 9.1 task/s, elapsed: 59s, ETA:    15s
[>>>>>>>>>>>>>>>>>>>>>>>>      ] 537/669, 9.1 task/s, elapsed: 59s, ETA:    15s
[>>>>>>>>>>>>>>>>>>>>>>>>      ] 538/669, 9.1 task/s, elapsed: 59s, ETA:    14s
[>>>>>>>>>>>>>>>>>>>>>>>>      ] 539/669, 9.1 task/s, elapsed: 59s, ETA:    14s
[>>>>>>>>>>>>>>>>>>>>>>>>      ] 540/669, 9.1 task/s, elapsed: 59s, ETA:    14s
[>>>>>>>>>>>>>>>>>>>>>>>>      ] 541/669, 9.1 task/s, elapsed: 59s, ETA:    14s
[>>>>>>>>>>>>>>>>>>>>>>>>      ] 542/669, 9.1 task/s, elapsed: 59s, ETA:    14s
[>>>>>>>>>>>>>>>>>>>>>>>>      ] 543/669, 9.1 task/s, elapsed: 60s, ETA:    14s
[>>>>>>>>>>>>>>>>>>>>>>>>      ] 544/669, 9.1 task/s, elapsed: 60s, ETA:    14s
[>>>>>>>>>>>>>>>>>>>>>>>>      ] 545/669, 9.1 task/s, elapsed: 60s, ETA:    14s
[>>>>>>>>>>>>>>>>>>>>>>>>      ] 546/669, 9.1 task/s, elapsed: 60s, ETA:    14s
[>>>>>>>>>>>>>>>>>>>>>>>>      ] 547/669, 9.1 task/s, elapsed: 60s, ETA:    13s
[>>>>>>>>>>>>>>>>>>>>>>>>      ] 548/669, 9.1 task/s, elapsed: 60s, ETA:    13s
[>>>>>>>>>>>>>>>>>>>>>>>>      ] 549/669, 9.1 task/s, elapsed: 60s, ETA:    13s
[>>>>>>>>>>>>>>>>>>>>>>>>      ] 550/669, 9.1 task/s, elapsed: 60s, ETA:    13s
[>>>>>>>>>>>>>>>>>>>>>>>>      ] 551/669, 9.1 task/s, elapsed: 60s, ETA:    13s
[>>>>>>>>>>>>>>>>>>>>>>>>      ] 552/669, 9.1 task/s, elapsed: 61s, ETA:    13s
[>>>>>>>>>>>>>>>>>>>>>>>>      ] 553/669, 9.1 task/s, elapsed: 61s, ETA:    13s
[>>>>>>>>>>>>>>>>>>>>>>>>      ] 554/669, 9.1 task/s, elapsed: 61s, ETA:    13s
[>>>>>>>>>>>>>>>>>>>>>>>>      ] 555/669, 9.1 task/s, elapsed: 61s, ETA:    12s
[>>>>>>>>>>>>>>>>>>>>>>>>      ] 556/669, 9.1 task/s, elapsed: 61s, ETA:    12s
[>>>>>>>>>>>>>>>>>>>>>>>>      ] 557/669, 9.1 task/s, elapsed: 61s, ETA:    12s
[>>>>>>>>>>>>>>>>>>>>>>>>>     ] 558/669, 9.1 task/s, elapsed: 61s, ETA:    12s
[>>>>>>>>>>>>>>>>>>>>>>>>>     ] 559/669, 9.1 task/s, elapsed: 61s, ETA:    12s
[>>>>>>>>>>>>>>>>>>>>>>>>>     ] 560/669, 9.1 task/s, elapsed: 61s, ETA:    12s
[>>>>>>>>>>>>>>>>>>>>>>>>>     ] 561/669, 9.1 task/s, elapsed: 61s, ETA:    12s
[>>>>>>>>>>>>>>>>>>>>>>>>>     ] 562/669, 9.1 task/s, elapsed: 62s, ETA:    12s
[>>>>>>>>>>>>>>>>>>>>>>>>>     ] 563/669, 9.1 task/s, elapsed: 62s, ETA:    12s
[>>>>>>>>>>>>>>>>>>>>>>>>>     ] 564/669, 9.1 task/s, elapsed: 62s, ETA:    12s
[>>>>>>>>>>>>>>>>>>>>>>>>>     ] 565/669, 9.1 task/s, elapsed: 62s, ETA:    11s
[>>>>>>>>>>>>>>>>>>>>>>>>>     ] 566/669, 9.1 task/s, elapsed: 62s, ETA:    11s
[>>>>>>>>>>>>>>>>>>>>>>>>>     ] 567/669, 9.1 task/s, elapsed: 62s, ETA:    11s
[>>>>>>>>>>>>>>>>>>>>>>>>>     ] 568/669, 9.1 task/s, elapsed: 62s, ETA:    11s
[>>>>>>>>>>>>>>>>>>>>>>>>>     ] 569/669, 9.1 task/s, elapsed: 62s, ETA:    11s
[>>>>>>>>>>>>>>>>>>>>>>>>>     ] 570/669, 9.1 task/s, elapsed: 63s, ETA:    11s
[>>>>>>>>>>>>>>>>>>>>>>>>>     ] 571/669, 9.1 task/s, elapsed: 63s, ETA:    11s
[>>>>>>>>>>>>>>>>>>>>>>>>>     ] 572/669, 9.1 task/s, elapsed: 63s, ETA:    11s
[>>>>>>>>>>>>>>>>>>>>>>>>>     ] 573/669, 9.1 task/s, elapsed: 63s, ETA:    11s
[>>>>>>>>>>>>>>>>>>>>>>>>>     ] 574/669, 9.1 task/s, elapsed: 63s, ETA:    10s
[>>>>>>>>>>>>>>>>>>>>>>>>>     ] 575/669, 9.1 task/s, elapsed: 63s, ETA:    10s
[>>>>>>>>>>>>>>>>>>>>>>>>>     ] 576/669, 9.1 task/s, elapsed: 63s, ETA:    10s
[>>>>>>>>>>>>>>>>>>>>>>>>>     ] 577/669, 9.1 task/s, elapsed: 63s, ETA:    10s
[>>>>>>>>>>>>>>>>>>>>>>>>>     ] 578/669, 9.1 task/s, elapsed: 64s, ETA:    10s
[>>>>>>>>>>>>>>>>>>>>>>>>>     ] 579/669, 9.1 task/s, elapsed: 64s, ETA:    10s
[>>>>>>>>>>>>>>>>>>>>>>>>>>    ] 580/669, 9.1 task/s, elapsed: 64s, ETA:    10s
[>>>>>>>>>>>>>>>>>>>>>>>>>>    ] 581/669, 9.1 task/s, elapsed: 64s, ETA:    10s
[>>>>>>>>>>>>>>>>>>>>>>>>>>    ] 582/669, 9.1 task/s, elapsed: 64s, ETA:    10s
[>>>>>>>>>>>>>>>>>>>>>>>>>>    ] 583/669, 9.1 task/s, elapsed: 64s, ETA:     9s
[>>>>>>>>>>>>>>>>>>>>>>>>>>    ] 584/669, 9.1 task/s, elapsed: 64s, ETA:     9s
[>>>>>>>>>>>>>>>>>>>>>>>>>>    ] 585/669, 9.1 task/s, elapsed: 64s, ETA:     9s
[>>>>>>>>>>>>>>>>>>>>>>>>>>    ] 586/669, 9.1 task/s, elapsed: 65s, ETA:     9s
[>>>>>>>>>>>>>>>>>>>>>>>>>>    ] 587/669, 9.1 task/s, elapsed: 65s, ETA:     9s
[>>>>>>>>>>>>>>>>>>>>>>>>>>    ] 588/669, 9.1 task/s, elapsed: 65s, ETA:     9s
[>>>>>>>>>>>>>>>>>>>>>>>>>>    ] 589/669, 9.1 task/s, elapsed: 65s, ETA:     9s
[>>>>>>>>>>>>>>>>>>>>>>>>>>    ] 590/669, 9.1 task/s, elapsed: 65s, ETA:     9s
[>>>>>>>>>>>>>>>>>>>>>>>>>>    ] 591/669, 9.1 task/s, elapsed: 65s, ETA:     9s
[>>>>>>>>>>>>>>>>>>>>>>>>>>    ] 592/669, 9.1 task/s, elapsed: 65s, ETA:     8s
[>>>>>>>>>>>>>>>>>>>>>>>>>>    ] 593/669, 9.1 task/s, elapsed: 65s, ETA:     8s
[>>>>>>>>>>>>>>>>>>>>>>>>>>    ] 594/669, 9.1 task/s, elapsed: 65s, ETA:     8s
[>>>>>>>>>>>>>>>>>>>>>>>>>>    ] 595/669, 9.1 task/s, elapsed: 65s, ETA:     8s
[>>>>>>>>>>>>>>>>>>>>>>>>>>    ] 596/669, 9.1 task/s, elapsed: 65s, ETA:     8s
[>>>>>>>>>>>>>>>>>>>>>>>>>>    ] 597/669, 9.1 task/s, elapsed: 65s, ETA:     8s
[>>>>>>>>>>>>>>>>>>>>>>>>>>    ] 598/669, 9.1 task/s, elapsed: 66s, ETA:     8s
[>>>>>>>>>>>>>>>>>>>>>>>>>>    ] 599/669, 9.1 task/s, elapsed: 66s, ETA:     8s
[>>>>>>>>>>>>>>>>>>>>>>>>>>    ] 600/669, 9.1 task/s, elapsed: 66s, ETA:     8s
[>>>>>>>>>>>>>>>>>>>>>>>>>>    ] 601/669, 9.1 task/s, elapsed: 66s, ETA:     7s
[>>>>>>>>>>>>>>>>>>>>>>>>>>    ] 602/669, 9.1 task/s, elapsed: 66s, ETA:     7s
[>>>>>>>>>>>>>>>>>>>>>>>>>>>   ] 603/669, 9.1 task/s, elapsed: 66s, ETA:     7s
[>>>>>>>>>>>>>>>>>>>>>>>>>>>   ] 604/669, 9.1 task/s, elapsed: 66s, ETA:     7s
[>>>>>>>>>>>>>>>>>>>>>>>>>>>   ] 605/669, 9.1 task/s, elapsed: 66s, ETA:     7s
[>>>>>>>>>>>>>>>>>>>>>>>>>>>   ] 606/669, 9.1 task/s, elapsed: 66s, ETA:     7s
[>>>>>>>>>>>>>>>>>>>>>>>>>>>   ] 607/669, 9.1 task/s, elapsed: 66s, ETA:     7s
[>>>>>>>>>>>>>>>>>>>>>>>>>>>   ] 608/669, 9.1 task/s, elapsed: 67s, ETA:     7s
[>>>>>>>>>>>>>>>>>>>>>>>>>>>   ] 609/669, 9.1 task/s, elapsed: 67s, ETA:     7s
[>>>>>>>>>>>>>>>>>>>>>>>>>>>   ] 610/669, 9.1 task/s, elapsed: 67s, ETA:     6s
[>>>>>>>>>>>>>>>>>>>>>>>>>>>   ] 611/669, 9.2 task/s, elapsed: 67s, ETA:     6s
[>>>>>>>>>>>>>>>>>>>>>>>>>>>   ] 612/669, 9.2 task/s, elapsed: 67s, ETA:     6s
[>>>>>>>>>>>>>>>>>>>>>>>>>>>   ] 613/669, 9.2 task/s, elapsed: 67s, ETA:     6s
[>>>>>>>>>>>>>>>>>>>>>>>>>>>   ] 614/669, 9.2 task/s, elapsed: 67s, ETA:     6s
[>>>>>>>>>>>>>>>>>>>>>>>>>>>   ] 615/669, 9.2 task/s, elapsed: 67s, ETA:     6s
[>>>>>>>>>>>>>>>>>>>>>>>>>>>   ] 616/669, 9.2 task/s, elapsed: 67s, ETA:     6s
[>>>>>>>>>>>>>>>>>>>>>>>>>>>   ] 617/669, 9.2 task/s, elapsed: 67s, ETA:     6s
[>>>>>>>>>>>>>>>>>>>>>>>>>>>   ] 618/669, 9.2 task/s, elapsed: 68s, ETA:     6s
[>>>>>>>>>>>>>>>>>>>>>>>>>>>   ] 619/669, 9.2 task/s, elapsed: 68s, ETA:     5s
[>>>>>>>>>>>>>>>>>>>>>>>>>>>   ] 620/669, 9.2 task/s, elapsed: 68s, ETA:     5s
[>>>>>>>>>>>>>>>>>>>>>>>>>>>   ] 621/669, 9.2 task/s, elapsed: 68s, ETA:     5s
[>>>>>>>>>>>>>>>>>>>>>>>>>>>   ] 622/669, 9.2 task/s, elapsed: 68s, ETA:     5s
[>>>>>>>>>>>>>>>>>>>>>>>>>>>   ] 623/669, 9.2 task/s, elapsed: 68s, ETA:     5s
[>>>>>>>>>>>>>>>>>>>>>>>>>>>   ] 624/669, 9.2 task/s, elapsed: 68s, ETA:     5s
[>>>>>>>>>>>>>>>>>>>>>>>>>>>>  ] 625/669, 9.2 task/s, elapsed: 68s, ETA:     5s
[>>>>>>>>>>>>>>>>>>>>>>>>>>>>  ] 626/669, 9.2 task/s, elapsed: 68s, ETA:     5s
[>>>>>>>>>>>>>>>>>>>>>>>>>>>>  ] 627/669, 9.2 task/s, elapsed: 68s, ETA:     5s
[>>>>>>>>>>>>>>>>>>>>>>>>>>>>  ] 628/669, 9.2 task/s, elapsed: 69s, ETA:     4s
[>>>>>>>>>>>>>>>>>>>>>>>>>>>>  ] 629/669, 9.2 task/s, elapsed: 69s, ETA:     4s
[>>>>>>>>>>>>>>>>>>>>>>>>>>>>  ] 630/669, 9.2 task/s, elapsed: 69s, ETA:     4s
[>>>>>>>>>>>>>>>>>>>>>>>>>>>>  ] 631/669, 9.2 task/s, elapsed: 69s, ETA:     4s
[>>>>>>>>>>>>>>>>>>>>>>>>>>>>  ] 632/669, 9.1 task/s, elapsed: 69s, ETA:     4s
[>>>>>>>>>>>>>>>>>>>>>>>>>>>>  ] 633/669, 9.1 task/s, elapsed: 69s, ETA:     4s
[>>>>>>>>>>>>>>>>>>>>>>>>>>>>  ] 634/669, 9.1 task/s, elapsed: 69s, ETA:     4s
[>>>>>>>>>>>>>>>>>>>>>>>>>>>>  ] 635/669, 9.2 task/s, elapsed: 69s, ETA:     4s
[>>>>>>>>>>>>>>>>>>>>>>>>>>>>  ] 636/669, 9.2 task/s, elapsed: 69s, ETA:     4s
[>>>>>>>>>>>>>>>>>>>>>>>>>>>>  ] 637/669, 9.2 task/s, elapsed: 70s, ETA:     3s
[>>>>>>>>>>>>>>>>>>>>>>>>>>>>  ] 638/669, 9.1 task/s, elapsed: 70s, ETA:     3s
[>>>>>>>>>>>>>>>>>>>>>>>>>>>>  ] 639/669, 9.1 task/s, elapsed: 70s, ETA:     3s
[>>>>>>>>>>>>>>>>>>>>>>>>>>>>  ] 640/669, 9.1 task/s, elapsed: 70s, ETA:     3s
[>>>>>>>>>>>>>>>>>>>>>>>>>>>>  ] 641/669, 9.1 task/s, elapsed: 70s, ETA:     3s
[>>>>>>>>>>>>>>>>>>>>>>>>>>>>  ] 642/669, 9.1 task/s, elapsed: 70s, ETA:     3s
[>>>>>>>>>>>>>>>>>>>>>>>>>>>>  ] 643/669, 9.1 task/s, elapsed: 70s, ETA:     3s
[>>>>>>>>>>>>>>>>>>>>>>>>>>>>  ] 644/669, 9.1 task/s, elapsed: 70s, ETA:     3s
[>>>>>>>>>>>>>>>>>>>>>>>>>>>>  ] 645/669, 9.1 task/s, elapsed: 71s, ETA:     3s
[>>>>>>>>>>>>>>>>>>>>>>>>>>>>  ] 646/669, 9.1 task/s, elapsed: 71s, ETA:     3s
[>>>>>>>>>>>>>>>>>>>>>>>>>>>>> ] 647/669, 9.1 task/s, elapsed: 71s, ETA:     2s
[>>>>>>>>>>>>>>>>>>>>>>>>>>>>> ] 648/669, 9.2 task/s, elapsed: 71s, ETA:     2s
[>>>>>>>>>>>>>>>>>>>>>>>>>>>>> ] 649/669, 9.2 task/s, elapsed: 71s, ETA:     2s
[>>>>>>>>>>>>>>>>>>>>>>>>>>>>> ] 650/669, 9.2 task/s, elapsed: 71s, ETA:     2s
[>>>>>>>>>>>>>>>>>>>>>>>>>>>>> ] 651/669, 9.2 task/s, elapsed: 71s, ETA:     2s
[>>>>>>>>>>>>>>>>>>>>>>>>>>>>> ] 652/669, 9.2 task/s, elapsed: 71s, ETA:     2s
[>>>>>>>>>>>>>>>>>>>>>>>>>>>>> ] 653/669, 9.2 task/s, elapsed: 71s, ETA:     2s
[>>>>>>>>>>>>>>>>>>>>>>>>>>>>> ] 654/669, 9.2 task/s, elapsed: 71s, ETA:     2s
[>>>>>>>>>>>>>>>>>>>>>>>>>>>>> ] 655/669, 9.2 task/s, elapsed: 72s, ETA:     2s
[>>>>>>>>>>>>>>>>>>>>>>>>>>>>> ] 656/669, 9.2 task/s, elapsed: 72s, ETA:     1s
[>>>>>>>>>>>>>>>>>>>>>>>>>>>>> ] 657/669, 9.2 task/s, elapsed: 72s, ETA:     1s
[>>>>>>>>>>>>>>>>>>>>>>>>>>>>> ] 658/669, 9.2 task/s, elapsed: 72s, ETA:     1s
[>>>>>>>>>>>>>>>>>>>>>>>>>>>>> ] 659/669, 9.2 task/s, elapsed: 72s, ETA:     1s
[>>>>>>>>>>>>>>>>>>>>>>>>>>>>> ] 660/669, 9.2 task/s, elapsed: 72s, ETA:     1s
[>>>>>>>>>>>>>>>>>>>>>>>>>>>>> ] 661/669, 9.2 task/s, elapsed: 72s, ETA:     1s
[>>>>>>>>>>>>>>>>>>>>>>>>>>>>> ] 662/669, 9.2 task/s, elapsed: 72s, ETA:     1s
[>>>>>>>>>>>>>>>>>>>>>>>>>>>>> ] 663/669, 9.2 task/s, elapsed: 72s, ETA:     1s
[>>>>>>>>>>>>>>>>>>>>>>>>>>>>> ] 664/669, 9.2 task/s, elapsed: 72s, ETA:     1s
[>>>>>>>>>>>>>>>>>>>>>>>>>>>>> ] 665/669, 9.2 task/s, elapsed: 72s, ETA:     0s
[>>>>>>>>>>>>>>>>>>>>>>>>>>>>> ] 666/669, 9.2 task/s, elapsed: 73s, ETA:     0s
[>>>>>>>>>>>>>>>>>>>>>>>>>>>>> ] 667/669, 9.2 task/s, elapsed: 73s, ETA:     0s
[>>>>>>>>>>>>>>>>>>>>>>>>>>>>> ] 668/669, 9.2 task/s, elapsed: 73s, ETA:     0s
[>>>>>>>>>>>>>>>>>>>>>>>>>>>>>>] 669/669, 9.2 task/s, elapsed: 73s, ETA:     0s2026-06-30 18:32:56,623 - mmdet - INFO - Evaluating bbox...
2026-06-30 18:32:58,147 - mmdet - INFO - 
+-----------+-------+-----------+-------+-------------+-------+
| category  | AP    | category  | AP    | category    | AP    |
+-----------+-------+-----------+-------+-------------+-------+
| bicycle   | 0.248 | chair     | 0.595 | diningtable | 0.220 |
| bottle    | 0.461 | motorbike | 0.325 | car         | 0.312 |
| tvmonitor | 0.118 | bus       | 0.296 | None        | None  |
+-----------+-------+-----------+-------+-------------+-------+
2026-06-30 18:32:58,148 - mmdet - INFO - Evaluating segm...
/content/EALLIS/mmdetection/mmdet/datasets/coco.py:453: UserWarning: The key "bbox" is deleted for more accurate mask AP of small/medium/large instances since v2.12.0. This does not change the overall mAP calculation.
  warnings.warn(
2026-06-30 18:33:01,274 - mmdet - INFO - 
+-----------+-------+-----------+-------+-------------+-------+
| category  | AP    | category  | AP    | category    | AP    |
+-----------+-------+-----------+-------+-------------+-------+
| bicycle   | 0.134 | chair     | 0.561 | diningtable | 0.156 |
| bottle    | 0.463 | motorbike | 0.318 | car         | 0.146 |
| tvmonitor | 0.037 | bus       | 0.306 | None        | None  |
+-----------+-------+-----------+-------+-------------+-------+
2026-06-30 18:33:01,322 - mmdet - INFO - Exp name: train_kaggle.py
2026-06-30 18:33:01,324 - mmdet - INFO - Epoch(val) [12][669]	bbox_mAP: 0.4100, bbox_mAP_50: 0.5150, bbox_mAP_75: 0.3390, bbox_mAP_s: 0.0000, bbox_mAP_m: 0.0850, bbox_mAP_l: 0.3930, bbox_mAP_copypaste: 0.410 0.515 0.339 0.000 0.085 0.393, segm_mAP: 0.3300, segm_mAP_50: 0.4650, segm_mAP_75: 0.3200, segm_mAP_s: 0.0000, segm_mAP_m: 0.0640, segm_mAP_l: 0.3340, segm_mAP_copypaste: 0.330 0.465 0.320 0.000 0.064 0.334
Loading and preparing results...
DONE (t=0.01s)
creating index...
index created!
Running per image evaluation...
Evaluate annotation type *bbox*
DONE (t=1.09s).
Accumulating evaluation results...
DONE (t=0.39s).
 Average Precision  (AP) @[ IoU=0.50:0.95 | area=   all | maxDets=100 ] = 0.410
 Average Precision  (AP) @[ IoU=0.50      | area=   all | maxDets=1000 ] = 0.515
 Average Precision  (AP) @[ IoU=0.75      | area=   all | maxDets=1000 ] = 0.339
 Average Precision  (AP) @[ IoU=0.50:0.95 | area= small | maxDets=1000 ] = 0.000
 Average Precision  (AP) @[ IoU=0.50:0.95 | area=medium | maxDets=1000 ] = 0.085
 Average Precision  (AP) @[ IoU=0.50:0.95 | area= large | maxDets=1000 ] = 0.393
 Average Recall     (AR) @[ IoU=0.50:0.95 | area=   all | maxDets=100 ] = 0.414
 Average Recall     (AR) @[ IoU=0.50:0.95 | area=   all | maxDets=300 ] = 0.414
 Average Recall     (AR) @[ IoU=0.50:0.95 | area=   all | maxDets=1000 ] = 0.414
 Average Recall     (AR) @[ IoU=0.50:0.95 | area= small | maxDets=1000 ] = 0.000
 Average Recall     (AR) @[ IoU=0.50:0.95 | area=medium | maxDets=1000 ] = 0.150
 Average Recall     (AR) @[ IoU=0.50:0.95 | area= large | maxDets=1000 ] = 0.491
Loading and preparing results...
DONE (t=0.23s)
creating index...
index created!
Running per image evaluation...
Evaluate annotation type *segm*
DONE (t=2.35s).
Accumulating evaluation results...
DONE (t=0.40s).
 Average Precision  (AP) @[ IoU=0.50:0.95 | area=   all | maxDets=100 ] = 0.330
 Average Precision  (AP) @[ IoU=0.50      | area=   all | maxDets=1000 ] = 0.465
 Average Precision  (AP) @[ IoU=0.75      | area=   all | maxDets=1000 ] = 0.320
 Average Precision  (AP) @[ IoU=0.50:0.95 | area= small | maxDets=1000 ] = 0.000
 Average Precision  (AP) @[ IoU=0.50:0.95 | area=medium | maxDets=1000 ] = 0.064
 Average Precision  (AP) @[ IoU=0.50:0.95 | area= large | maxDets=1000 ] = 0.334
 Average Recall     (AR) @[ IoU=0.50:0.95 | area=   all | maxDets=100 ] = 0.341
 Average Recall     (AR) @[ IoU=0.50:0.95 | area=   all | maxDets=300 ] = 0.341
 Average Recall     (AR) @[ IoU=0.50:0.95 | area=   all | maxDets=1000 ] = 0.341
 Average Recall     (AR) @[ IoU=0.50:0.95 | area= small | maxDets=1000 ] = 0.000
 Average Recall     (AR) @[ IoU=0.50:0.95 | area=medium | maxDets=1000 ] = 0.123
 Average Recall     (AR) @[ IoU=0.50:0.95 | area= large | maxDets=1000 ] = 0.411
OrderedDict({'bbox_mAP': 0.41, 'bbox_mAP_50': 0.515, 'bbox_mAP_75': 0.339, 'bbox_mAP_s': 0.0, 'bbox_mAP_m': 0.085, 'bbox_mAP_l': 0.393, 'bbox_mAP_copypaste': '0.410 0.515 0.339 0.000 0.085 0.393', 'segm_mAP': 0.33, 'segm_mAP_50': 0.465, 'segm_mAP_75': 0.32, 'segm_mAP_s': 0.0, 'segm_mAP_m': 0.064, 'segm_mAP_l': 0.334, 'segm_mAP_copypaste': '0.330 0.465 0.320 0.000 0.064 0.334'})
