/usr/local/lib/python3.12/dist-packages/mmcv/__init__.py:20: UserWarning: On January 1, 2023, MMCV will release v2.0.0, in which it will remove components related to the training process and add a data transformation module. In addition, it will rename the package names mmcv to mmcv-lite and mmcv-full to mmcv. See https://github.com/open-mmlab/mmcv/blob/master/docs/en/compatibility.md for more details.
  warnings.warn(
2026-06-30 19:28:21,553 - mmdet - INFO - Environment info:
------------------------------------------------------------
sys.platform: linux
Python: 3.12.13 (main, Mar  4 2026, 09:23:07) [GCC 11.4.0]
CUDA available: True
GPU 0: Tesla T4
CUDA_HOME: /usr/local/cuda
NVCC: Cuda compilation tools, release 12.8, V12.8.93
GCC: x86_64-linux-gnu-gcc (Ubuntu 11.4.0-1ubuntu1~22.04.3) 11.4.0
PyTorch: 2.11.0+cu128
PyTorch compiling details: PyTorch built with:
  - GCC 13.3
  - C++ Version: 201703
  - Intel(R) oneAPI Math Kernel Library Version 2024.2-Product Build 20240605 for Intel(R) 64 architecture applications
  - Intel(R) MKL-DNN v3.10.2 (Git Hash f1d471933dc852f956fd05389f9313c7148783d5)
  - OpenMP 201511 (a.k.a. OpenMP 4.5)
  - LAPACK is enabled (usually provided by MKL)
  - NNPACK is enabled
  - CPU capability usage: AVX512
  - CUDA Runtime 12.8
  - NVCC architecture flags: -gencode;arch=compute_75,code=sm_75;-gencode;arch=compute_80,code=sm_80;-gencode;arch=compute_86,code=sm_86;-gencode;arch=compute_90,code=sm_90;-gencode;arch=compute_100,code=sm_100;-gencode;arch=compute_120,code=sm_120
  - CuDNN 91.9  (built against CUDA 12.9)
  - Magma 2.6.1
  - Build settings: BLAS_INFO=mkl, BUILD_TYPE=Release, COMMIT_SHA=70d99e998b4955e0049d13a98d77ae1b14db1f45, CUDA_VERSION=12.8, CUDNN_VERSION=9.19.0, CXX_COMPILER=/opt/rh/gcc-toolset-13/root/usr/bin/c++, CXX_FLAGS= -fvisibility-inlines-hidden -DUSE_PTHREADPOOL -DNDEBUG -DUSE_KINETO -DLIBKINETO_NOROCTRACER -DLIBKINETO_NOXPUPTI=ON -DUSE_FBGEMM -DUSE_MSLK -DUSE_PYTORCH_QNNPACK -DUSE_XNNPACK -DSYMBOLICATE_MOBILE_DEBUG_HANDLE -O2 -fPIC -DC10_NODEPRECATED -Wall -Wextra -Werror=return-type -Werror=non-virtual-dtor -Werror=range-loop-construct -Werror=bool-operation -Wnarrowing -Wno-missing-field-initializers -Wno-unknown-pragmas -Wno-unused-parameter -Wno-strict-overflow -Wno-strict-aliasing -Wno-stringop-overflow -Wsuggest-override -Wno-psabi -Wno-error=old-style-cast -faligned-new -Wno-maybe-uninitialized -fno-math-errno -fno-trapping-math -Werror=format -Wno-dangling-reference -Wno-error=dangling-reference -Wno-stringop-overflow, LAPACK_INFO=mkl, PERF_WITH_AVX=1, PERF_WITH_AVX2=1, TORCH_VERSION=2.11.0, USE_CUDA=ON, USE_CUDNN=ON, USE_CUSPARSELT=1, USE_GFLAGS=OFF, USE_GLOG=OFF, USE_GLOO=ON, USE_MKL=ON, USE_MKLDNN=ON, USE_MPI=OFF, USE_NCCL=1, USE_NNPACK=ON, USE_OPENMP=ON, USE_ROCM=OFF, USE_ROCM_KERNEL_ASSERT=OFF, USE_XCCL=OFF, USE_XPU=OFF, 

TorchVision: 0.26.0+cu128
OpenCV: 4.13.0
MMCV: 1.7.2
MMCV Compiler: GCC 11.4
MMCV CUDA Compiler: 12.8
MMDetection: 2.15.1+df1d8a6
------------------------------------------------------------

2026-06-30 19:28:22,457 - mmdet - INFO - Distributed training: False
2026-06-30 19:28:22,904 - mmdet - INFO - Config:
dataset_type = 'CocoDataset'
data_root = 'data/coco/'
img_norm_cfg = dict(
    mean=[103.53, 116.28, 123.675], std=[1.0, 1.0, 1.0], to_rgb=False)
train_pipeline = [
    dict(type='LoadImageFromFile'),
    dict(
        type='LoadAnnotations',
        with_bbox=True,
        with_mask=True,
        poly2mask=False),
    dict(type='GenerateEdgeTargets'),
    dict(
        type='Resize',
        img_scale=(600, 400),
        keep_ratio=True,
        interpolate_mode='nearest'),
    dict(type='RandomFlip', flip_ratio=0.5),
    dict(
        type='AddNoisyImg',
        model='PGRU',
        camera='CanonEOS5D4',
        cfa='bayer',
        use_255=True,
        pre_adjust_brightness=False,
        mode='unprocess_addnoise',
        dark_ratio=(1.0, 1.0),
        noise_ratio=(10, 100)),
    dict(
        type='Normalize',
        mean=[103.53, 116.28, 123.675],
        std=[1.0, 1.0, 1.0],
        to_rgb=False),
    dict(type='Pad', size_divisor=32),
    dict(type='DefaultFormatBundle'),
    dict(
        type='Collect',
        keys=[
            'img', 'noisy_img', 'gt_bboxes', 'gt_labels', 'gt_masks',
            'gt_edges'
        ])
]
test_pipeline = [
    dict(type='LoadImageFromFile'),
    dict(
        type='MultiScaleFlipAug',
        img_scale=(600, 400),
        flip=False,
        transforms=[
            dict(type='Resize', keep_ratio=True, interpolate_mode='nearest'),
            dict(type='RandomFlip'),
            dict(
                type='Normalize',
                mean=[103.53, 116.28, 123.675],
                std=[1.0, 1.0, 1.0],
                to_rgb=False),
            dict(type='Pad', size_divisor=32),
            dict(type='ImageToTensor', keys=['img']),
            dict(type='Collect', keys=['img'])
        ])
]
test_lod_coco = dict(
    classes=('bicycle', 'car', 'motorbike', 'bus', 'bottle', 'chair',
             'diningtable', 'tvmonitor'),
    type='CocoDataset',
    ann_file='data/eallis/annotations/eallis_coco_JPG_test+1.json',
    img_prefix='data/eallis/',
    pipeline=[
        dict(type='LoadImageFromFile'),
        dict(
            type='MultiScaleFlipAug',
            img_scale=(600, 400),
            flip=False,
            transforms=[
                dict(
                    type='Resize', keep_ratio=True,
                    interpolate_mode='nearest'),
                dict(type='RandomFlip'),
                dict(
                    type='Normalize',
                    mean=[103.53, 116.28, 123.675],
                    std=[1.0, 1.0, 1.0],
                    to_rgb=False),
                dict(type='Pad', size_divisor=32),
                dict(type='ImageToTensor', keys=['img']),
                dict(type='Collect', keys=['img'])
            ])
    ])
train_eallis = dict(
    classes=('bicycle', 'car', 'motorbike', 'bus', 'bottle', 'chair',
             'diningtable', 'tvmonitor'),
    type='CocoDataset',
    ann_file='data/eallis/annotations/eallis_coco_JPG_train+1.json',
    img_prefix='data/eallis/',
    pipeline=[
        dict(type='LoadImageFromFile'),
        dict(
            type='LoadAnnotations',
            with_bbox=True,
            with_mask=True,
            poly2mask=False),
        dict(type='GenerateEdgeTargets'),
        dict(
            type='Resize',
            img_scale=(600, 400),
            keep_ratio=True,
            interpolate_mode='nearest'),
        dict(type='RandomFlip', flip_ratio=0.5),
        dict(
            type='AddNoisyImg',
            model='PGRU',
            camera='CanonEOS5D4',
            cfa='bayer',
            use_255=True,
            pre_adjust_brightness=False,
            mode='unprocess_addnoise',
            dark_ratio=(1.0, 1.0),
            noise_ratio=(10, 100)),
        dict(
            type='Normalize',
            mean=[103.53, 116.28, 123.675],
            std=[1.0, 1.0, 1.0],
            to_rgb=False),
        dict(type='Pad', size_divisor=32),
        dict(type='DefaultFormatBundle'),
        dict(
            type='Collect',
            keys=[
                'img', 'noisy_img', 'gt_bboxes', 'gt_labels', 'gt_masks',
                'gt_edges'
            ])
    ])
coco = dict(
    classes=('bicycle', 'chair', 'dining table', 'bottle', 'motorcycle', 'car',
             'tv', 'bus'),
    type='CocoDataset',
    ann_file='data/coco_subset/instances_train2017_subset.json',
    img_prefix='data/coco/train2017/',
    pipeline=[
        dict(type='LoadImageFromFile'),
        dict(
            type='LoadAnnotations',
            with_bbox=True,
            with_mask=True,
            poly2mask=False),
        dict(type='GenerateEdgeTargets'),
        dict(
            type='Resize',
            img_scale=(600, 400),
            keep_ratio=True,
            interpolate_mode='nearest'),
        dict(type='RandomFlip', flip_ratio=0.5),
        dict(
            type='AddNoisyImg',
            model='PGRU',
            camera='CanonEOS5D4',
            cfa='bayer',
            use_255=True,
            pre_adjust_brightness=False,
            mode='unprocess_addnoise',
            dark_ratio=(1.0, 1.0),
            noise_ratio=(10, 100)),
        dict(
            type='Normalize',
            mean=[103.53, 116.28, 123.675],
            std=[1.0, 1.0, 1.0],
            to_rgb=False),
        dict(type='Pad', size_divisor=32),
        dict(type='DefaultFormatBundle'),
        dict(
            type='Collect',
            keys=[
                'img', 'noisy_img', 'gt_bboxes', 'gt_labels', 'gt_masks',
                'gt_edges'
            ])
    ])
coco_val = dict(
    classes=('bicycle', 'chair', 'dining table', 'bottle', 'motorcycle', 'car',
             'tv', 'bus'),
    type='CocoDataset',
    ann_file='data/coco/annotations/instances_val2017.json',
    img_prefix='data/coco/val2017/',
    pipeline=[
        dict(type='LoadImageFromFile'),
        dict(
            type='MultiScaleFlipAug',
            img_scale=(600, 400),
            flip=False,
            transforms=[
                dict(
                    type='Resize', keep_ratio=True,
                    interpolate_mode='nearest'),
                dict(type='RandomFlip'),
                dict(
                    type='Normalize',
                    mean=[103.53, 116.28, 123.675],
                    std=[1.0, 1.0, 1.0],
                    to_rgb=False),
                dict(type='Pad', size_divisor=32),
                dict(type='ImageToTensor', keys=['img']),
                dict(type='Collect', keys=['img'])
            ])
    ])
BATCHSIZE = 8
GPU = 1
data = dict(
    samples_per_gpu=8,
    workers_per_gpu=4,
    train=[
        dict(
            classes=('bicycle', 'chair', 'dining table', 'bottle',
                     'motorcycle', 'car', 'tv', 'bus'),
            type='CocoDataset',
            ann_file='data/coco_subset/instances_train2017_subset.json',
            img_prefix='data/coco/train2017/',
            pipeline=[
                dict(type='LoadImageFromFile'),
                dict(
                    type='LoadAnnotations',
                    with_bbox=True,
                    with_mask=True,
                    poly2mask=False),
                dict(type='GenerateEdgeTargets'),
                dict(
                    type='Resize',
                    img_scale=(600, 400),
                    keep_ratio=True,
                    interpolate_mode='nearest'),
                dict(type='RandomFlip', flip_ratio=0.5),
                dict(
                    type='AddNoisyImg',
                    model='PGRU',
                    camera='CanonEOS5D4',
                    cfa='bayer',
                    use_255=True,
                    pre_adjust_brightness=False,
                    mode='unprocess_addnoise',
                    dark_ratio=(1.0, 1.0),
                    noise_ratio=(10, 100)),
                dict(
                    type='Normalize',
                    mean=[103.53, 116.28, 123.675],
                    std=[1.0, 1.0, 1.0],
                    to_rgb=False),
                dict(type='Pad', size_divisor=32),
                dict(type='DefaultFormatBundle'),
                dict(
                    type='Collect',
                    keys=[
                        'img', 'noisy_img', 'gt_bboxes', 'gt_labels',
                        'gt_masks', 'gt_edges'
                    ])
            ])
    ],
    val=dict(
        classes=('bicycle', 'car', 'motorbike', 'bus', 'bottle', 'chair',
                 'diningtable', 'tvmonitor'),
        type='CocoDataset',
        ann_file='data/eallis/annotations/eallis_coco_JPG_test+1.json',
        img_prefix='data/eallis/',
        pipeline=[
            dict(type='LoadImageFromFile'),
            dict(
                type='MultiScaleFlipAug',
                img_scale=(600, 400),
                flip=False,
                transforms=[
                    dict(
                        type='Resize',
                        keep_ratio=True,
                        interpolate_mode='nearest'),
                    dict(type='RandomFlip'),
                    dict(
                        type='Normalize',
                        mean=[103.53, 116.28, 123.675],
                        std=[1.0, 1.0, 1.0],
                        to_rgb=False),
                    dict(type='Pad', size_divisor=32),
                    dict(type='ImageToTensor', keys=['img']),
                    dict(type='Collect', keys=['img'])
                ])
        ]),
    test=dict(
        classes=('bicycle', 'car', 'motorbike', 'bus', 'bottle', 'chair',
                 'diningtable', 'tvmonitor'),
        type='CocoDataset',
        ann_file='data/eallis/annotations/eallis_coco_JPG_test+1.json',
        img_prefix='data/eallis/',
        pipeline=[
            dict(type='LoadImageFromFile'),
            dict(
                type='MultiScaleFlipAug',
                img_scale=(600, 400),
                flip=False,
                transforms=[
                    dict(
                        type='Resize',
                        keep_ratio=True,
                        interpolate_mode='nearest'),
                    dict(type='RandomFlip'),
                    dict(
                        type='Normalize',
                        mean=[103.53, 116.28, 123.675],
                        std=[1.0, 1.0, 1.0],
                        to_rgb=False),
                    dict(type='Pad', size_divisor=32),
                    dict(type='ImageToTensor', keys=['img']),
                    dict(type='Collect', keys=['img'])
                ])
        ]))
evaluation = dict(interval=1, metric=['bbox', 'segm'], save_best='bbox_mAP')
optimizer = dict(
    type='SGD',
    lr=0.01,
    momentum=0.9,
    weight_decay=0.0001,
    paramwise_cfg=dict(
        custom_keys=dict(
            llpf=dict(lr_mult=2.0),
            learnable_conv1=dict(lr_mult=2.0),
            AdaD=dict(lr_mult=2.0))))
optimizer_config = dict(grad_clip=None)
lr_config = dict(
    policy='step',
    warmup='linear',
    warmup_iters=500,
    warmup_ratio=0.001,
    step=[9, 11])
runner = dict(type='EpochBasedRunner', max_epochs=12)
checkpoint_config = dict(interval=1, max_keep_ckpts=2)
log_config = dict(interval=50, hooks=[dict(type='TextLoggerHook')])
custom_hooks = [dict(type='NumClassCheckHook')]
dist_params = dict(backend='nccl')
log_level = 'INFO'
work_dir = '/content/drive/MyDrive/Ablation/baseline'
load_from = '/content/drive/MyDrive/EALLIS_checkpoints/Checkpoint1.pth'
resume_from = None
gpu_ids = range(0, 1)
seed = 42
workflow = [('train', 1)]
find_unused_parameters = True
model = dict(
    type='MaskRCNNNoiseInv',
    backbone=dict(
        type='ResNet',
        depth=50,
        num_stages=4,
        out_indices=(0, 1, 2, 3),
        frozen_stages=1,
        norm_cfg=dict(type='BN', requires_grad=True),
        norm_eval=True,
        style='caffe',
        init_cfg=dict(
            type='Pretrained',
            checkpoint='open-mmlab://detectron2/resnet50_caffe'),
        use_eallis=False,
        use_edge=False),
    neck=dict(
        type='FPN',
        in_channels=[256, 512, 1024, 2048],
        out_channels=256,
        num_outs=5),
    rpn_head=dict(
        type='RPNHead',
        in_channels=256,
        feat_channels=256,
        anchor_generator=dict(
            type='AnchorGenerator',
            scales=[8],
            ratios=[0.5, 1.0, 2.0],
            strides=[4, 8, 16, 32, 64]),
        bbox_coder=dict(
            type='DeltaXYWHBBoxCoder',
            target_means=[0.0, 0.0, 0.0, 0.0],
            target_stds=[1.0, 1.0, 1.0, 1.0]),
        loss_cls=dict(
            type='CrossEntropyLoss', use_sigmoid=True, loss_weight=1.0),
        loss_bbox=dict(type='L1Loss', loss_weight=1.0)),
    roi_head=dict(
        type='StandardRoIHead',
        bbox_roi_extractor=dict(
            type='SingleRoIExtractor',
            roi_layer=dict(type='RoIAlign', output_size=7, sampling_ratio=0),
            out_channels=256,
            featmap_strides=[4, 8, 16, 32]),
        bbox_head=dict(
            type='Shared2FCBBoxHead',
            in_channels=256,
            fc_out_channels=1024,
            roi_feat_size=7,
            num_classes=8,
            bbox_coder=dict(
                type='DeltaXYWHBBoxCoder',
                target_means=[0.0, 0.0, 0.0, 0.0],
                target_stds=[0.1, 0.1, 0.2, 0.2]),
            reg_class_agnostic=False,
            loss_cls=dict(
                type='CrossEntropyLoss', use_sigmoid=False, loss_weight=1.0),
            loss_bbox=dict(type='L1Loss', loss_weight=1.0)),
        mask_roi_extractor=dict(
            type='SingleRoIExtractor',
            roi_layer=dict(type='RoIAlign', output_size=14, sampling_ratio=0),
            out_channels=256,
            featmap_strides=[4, 8, 16, 32]),
        mask_head=dict(
            type='FCNMaskHead',
            num_convs=4,
            in_channels=256,
            conv_out_channels=256,
            num_classes=8,
            loss_mask=dict(
                type='CrossEntropyLoss', use_mask=True, loss_weight=1.0))),
    train_cfg=dict(
        rpn=dict(
            assigner=dict(
                type='MaxIoUAssigner',
                pos_iou_thr=0.7,
                neg_iou_thr=0.3,
                min_pos_iou=0.3,
                match_low_quality=True,
                ignore_iof_thr=-1),
            sampler=dict(
                type='RandomSampler',
                num=256,
                pos_fraction=0.5,
                neg_pos_ub=-1,
                add_gt_as_proposals=False),
            allowed_border=-1,
            pos_weight=-1,
            debug=False),
        rpn_proposal=dict(
            nms_pre=2000,
            max_per_img=1000,
            nms=dict(type='nms', iou_threshold=0.7),
            min_bbox_size=0),
        rcnn=dict(
            assigner=dict(
                type='MaxIoUAssigner',
                pos_iou_thr=0.5,
                neg_iou_thr=0.5,
                min_pos_iou=0.5,
                match_low_quality=True,
                ignore_iof_thr=-1),
            sampler=dict(
                type='RandomSampler',
                num=512,
                pos_fraction=0.25,
                neg_pos_ub=-1,
                add_gt_as_proposals=True),
            mask_size=28,
            pos_weight=-1,
            debug=False)),
    test_cfg=dict(
        rpn=dict(
            nms_pre=1000,
            max_per_img=1000,
            nms=dict(type='nms', iou_threshold=0.7),
            min_bbox_size=0),
        rcnn=dict(
            score_thr=0.05,
            nms=dict(type='nms', iou_threshold=0.5),
            max_per_img=100,
            mask_thr_binary=0.5)))
edge_loss = dict(type='EdgeLoss', loss_weight=1.0)
custom_imports = dict(
    imports=[
        'mmdetection_custom_part.mmdet.datasets.pipelines.edge_target',
        'mmdetection_custom_part.mmdet.models.backbones.resnet'
    ],
    allow_failed_imports=False)

2026-06-30 19:28:22,905 - mmdet - INFO - Set random seed to 42, deterministic: False
/content/EALLIS/mmdetection/mmdet/core/anchor/builder.py:15: UserWarning: ``build_anchor_generator`` would be deprecated soon, please use ``build_prior_generator`` 
  warnings.warn(
2026-06-30 19:28:23,809 - mmcv - INFO - initialize ResNet with init_cfg {'type': 'Pretrained', 'checkpoint': 'open-mmlab://detectron2/resnet50_caffe'}
2026-06-30 19:28:23,809 - mmcv - INFO - load model from: open-mmlab://detectron2/resnet50_caffe
2026-06-30 19:28:23,810 - mmcv - INFO - load checkpoint from openmmlab path: open-mmlab://detectron2/resnet50_caffe
Downloading: "https://download.openmmlab.com/pretrain/third_party/resnet50_msra-5891d200.pth" to /root/.cache/torch/hub/checkpoints/resnet50_msra-5891d200.pth

  0%|          | 0.00/89.9M [00:00<?, ?B/s]
  1%|          | 512k/89.9M [00:00<00:19, 4.91MB/s]
  2%|▏         | 1.75M/89.9M [00:00<00:09, 9.25MB/s]
  4%|▍         | 3.38M/89.9M [00:00<00:07, 12.7MB/s]
  5%|▌         | 4.75M/89.9M [00:00<00:06, 13.1MB/s]
  7%|▋         | 6.38M/89.9M [00:00<00:06, 14.0MB/s]
  9%|▉         | 7.88M/89.9M [00:00<00:05, 14.4MB/s]
 10%|█         | 9.38M/89.9M [00:00<00:05, 14.8MB/s]
 12%|█▏        | 11.0M/89.9M [00:00<00:05, 14.8MB/s]
 14%|█▍        | 12.6M/89.9M [00:00<00:05, 15.3MB/s]
 16%|█▌        | 14.1M/89.9M [00:01<00:05, 15.2MB/s]
 17%|█▋        | 15.6M/89.9M [00:01<00:05, 15.1MB/s]
 19%|█▉        | 17.1M/89.9M [00:01<00:05, 14.9MB/s]
 21%|██        | 18.8M/89.9M [00:01<00:04, 15.3MB/s]
 23%|██▎       | 20.2M/89.9M [00:01<00:04, 15.4MB/s]
 24%|██▍       | 21.8M/89.9M [00:01<00:04, 15.0MB/s]
 26%|██▌       | 23.2M/89.9M [00:01<00:04, 15.1MB/s]
 28%|██▊       | 24.8M/89.9M [00:01<00:04, 14.8MB/s]
 29%|██▉       | 26.4M/89.9M [00:01<00:04, 14.9MB/s]
 31%|███       | 28.0M/89.9M [00:02<00:04, 15.1MB/s]
 33%|███▎      | 29.6M/89.9M [00:02<00:04, 15.0MB/s]
 35%|███▍      | 31.1M/89.9M [00:02<00:04, 14.8MB/s]
 36%|███▋      | 32.8M/89.9M [00:02<00:03, 15.4MB/s]
 38%|███▊      | 34.2M/89.9M [00:02<00:03, 15.2MB/s]
 40%|███▉      | 35.8M/89.9M [00:02<00:03, 15.2MB/s]
 42%|████▏     | 37.4M/89.9M [00:02<00:03, 15.3MB/s]
 43%|████▎     | 38.9M/89.9M [00:02<00:03, 15.3MB/s]
 45%|████▍     | 40.4M/89.9M [00:02<00:03, 14.9MB/s]
 47%|████▋     | 41.9M/89.9M [00:02<00:03, 14.8MB/s]
 48%|████▊     | 43.5M/89.9M [00:03<00:03, 15.0MB/s]
 50%|█████     | 45.0M/89.9M [00:03<00:03, 15.2MB/s]
 52%|█████▏    | 46.5M/89.9M [00:03<00:03, 15.1MB/s]
 54%|█████▎    | 48.1M/89.9M [00:03<00:02, 15.2MB/s]
 55%|█████▌    | 49.8M/89.9M [00:03<00:02, 15.3MB/s]
 57%|█████▋    | 51.2M/89.9M [00:03<00:02, 15.3MB/s]
 59%|█████▉    | 52.9M/89.9M [00:03<00:02, 15.4MB/s]
 61%|██████    | 54.5M/89.9M [00:03<00:02, 15.3MB/s]
 62%|██████▏   | 56.0M/89.9M [00:03<00:02, 15.1MB/s]
 64%|██████▍   | 57.5M/89.9M [00:04<00:02, 15.2MB/s]
 66%|██████▌   | 59.0M/89.9M [00:04<00:02, 15.1MB/s]
 67%|██████▋   | 60.6M/89.9M [00:04<00:02, 15.1MB/s]
 69%|██████▉   | 62.2M/89.9M [00:04<00:01, 15.2MB/s]
 71%|███████   | 63.9M/89.9M [00:04<00:01, 15.2MB/s]
 73%|███████▎  | 65.5M/89.9M [00:04<00:01, 15.3MB/s]
 75%|███████▍  | 67.0M/89.9M [00:04<00:01, 15.4MB/s]
 76%|███████▋  | 68.6M/89.9M [00:04<00:01, 15.3MB/s]
 78%|███████▊  | 70.2M/89.9M [00:04<00:01, 15.3MB/s]
 80%|███████▉  | 71.9M/89.9M [00:05<00:01, 15.4MB/s]
 82%|████████▏ | 73.5M/89.9M [00:05<00:01, 15.7MB/s]
 84%|████████▎ | 75.1M/89.9M [00:05<00:00, 15.5MB/s]
 85%|████████▌ | 76.6M/89.9M [00:05<00:00, 15.3MB/s]
 87%|████████▋ | 78.2M/89.9M [00:05<00:00, 15.6MB/s]
 89%|████████▊ | 79.8M/89.9M [00:05<00:00, 15.5MB/s]
 90%|█████████ | 81.2M/89.9M [00:05<00:00, 15.5MB/s]
 92%|█████████▏| 82.9M/89.9M [00:05<00:00, 15.3MB/s]
 94%|█████████▍| 84.5M/89.9M [00:05<00:00, 15.4MB/s]
 96%|█████████▌| 86.0M/89.9M [00:06<00:00, 15.5MB/s]
 97%|█████████▋| 87.5M/89.9M [00:06<00:00, 15.2MB/s]
 99%|█████████▉| 89.1M/89.9M [00:06<00:00, 15.7MB/s]
100%|██████████| 89.9M/89.9M [00:06<00:00, 15.0MB/s]
2026-06-30 19:28:30,635 - mmcv - WARNING - The model and loaded state dict do not match exactly

unexpected key in source state_dict: conv1.bias

2026-06-30 19:28:30,671 - mmcv - INFO - initialize FPN with init_cfg {'type': 'Xavier', 'layer': 'Conv2d', 'distribution': 'uniform'}
2026-06-30 19:28:30,693 - mmcv - INFO - initialize RPNHead with init_cfg {'type': 'Normal', 'layer': 'Conv2d', 'std': 0.01}
2026-06-30 19:28:30,697 - mmcv - INFO - initialize Shared2FCBBoxHead with init_cfg [{'type': 'Normal', 'std': 0.01, 'override': {'name': 'fc_cls'}}, {'type': 'Normal', 'std': 0.001, 'override': {'name': 'fc_reg'}}, {'type': 'Xavier', 'layer': 'Linear', 'override': [{'name': 'shared_fcs'}, {'name': 'cls_fcs'}, {'name': 'reg_fcs'}]}]
2026-06-30 19:28:30,918 - mmcv - INFO - 
backbone.conv1.weight - torch.Size([64, 3, 7, 7]): 
PretrainedInit: load from open-mmlab://detectron2/resnet50_caffe 
 
2026-06-30 19:28:30,918 - mmcv - INFO - 
backbone.bn1.weight - torch.Size([64]): 
PretrainedInit: load from open-mmlab://detectron2/resnet50_caffe 
 
2026-06-30 19:28:30,918 - mmcv - INFO - 
backbone.bn1.bias - torch.Size([64]): 
PretrainedInit: load from open-mmlab://detectron2/resnet50_caffe 
 
2026-06-30 19:28:30,918 - mmcv - INFO - 
backbone.layer1.0.conv1.weight - torch.Size([64, 64, 1, 1]): 
PretrainedInit: load from open-mmlab://detectron2/resnet50_caffe 
 
2026-06-30 19:28:30,918 - mmcv - INFO - 
backbone.layer1.0.bn1.weight - torch.Size([64]): 
PretrainedInit: load from open-mmlab://detectron2/resnet50_caffe 
 
2026-06-30 19:28:30,919 - mmcv - INFO - 
backbone.layer1.0.bn1.bias - torch.Size([64]): 
PretrainedInit: load from open-mmlab://detectron2/resnet50_caffe 
 
2026-06-30 19:28:30,919 - mmcv - INFO - 
backbone.layer1.0.conv2.weight - torch.Size([64, 64, 3, 3]): 
PretrainedInit: load from open-mmlab://detectron2/resnet50_caffe 
 
2026-06-30 19:28:30,919 - mmcv - INFO - 
backbone.layer1.0.bn2.weight - torch.Size([64]): 
PretrainedInit: load from open-mmlab://detectron2/resnet50_caffe 
 
2026-06-30 19:28:30,919 - mmcv - INFO - 
backbone.layer1.0.bn2.bias - torch.Size([64]): 
PretrainedInit: load from open-mmlab://detectron2/resnet50_caffe 
 
2026-06-30 19:28:30,919 - mmcv - INFO - 
backbone.layer1.0.conv3.weight - torch.Size([256, 64, 1, 1]): 
PretrainedInit: load from open-mmlab://detectron2/resnet50_caffe 
 
2026-06-30 19:28:30,919 - mmcv - INFO - 
backbone.layer1.0.bn3.weight - torch.Size([256]): 
PretrainedInit: load from open-mmlab://detectron2/resnet50_caffe 
 
2026-06-30 19:28:30,919 - mmcv - INFO - 
backbone.layer1.0.bn3.bias - torch.Size([256]): 
PretrainedInit: load from open-mmlab://detectron2/resnet50_caffe 
 
2026-06-30 19:28:30,919 - mmcv - INFO - 
backbone.layer1.0.downsample.0.weight - torch.Size([256, 64, 1, 1]): 
PretrainedInit: load from open-mmlab://detectron2/resnet50_caffe 
 
2026-06-30 19:28:30,919 - mmcv - INFO - 
backbone.layer1.0.downsample.1.weight - torch.Size([256]): 
PretrainedInit: load from open-mmlab://detectron2/resnet50_caffe 
 
2026-06-30 19:28:30,919 - mmcv - INFO - 
backbone.layer1.0.downsample.1.bias - torch.Size([256]): 
PretrainedInit: load from open-mmlab://detectron2/resnet50_caffe 
 
2026-06-30 19:28:30,919 - mmcv - INFO - 
backbone.layer1.1.conv1.weight - torch.Size([64, 256, 1, 1]): 
PretrainedInit: load from open-mmlab://detectron2/resnet50_caffe 
 
2026-06-30 19:28:30,919 - mmcv - INFO - 
backbone.layer1.1.bn1.weight - torch.Size([64]): 
PretrainedInit: load from open-mmlab://detectron2/resnet50_caffe 
 
2026-06-30 19:28:30,919 - mmcv - INFO - 
backbone.layer1.1.bn1.bias - torch.Size([64]): 
PretrainedInit: load from open-mmlab://detectron2/resnet50_caffe 
 
2026-06-30 19:28:30,919 - mmcv - INFO - 
backbone.layer1.1.conv2.weight - torch.Size([64, 64, 3, 3]): 
PretrainedInit: load from open-mmlab://detectron2/resnet50_caffe 
 
2026-06-30 19:28:30,919 - mmcv - INFO - 
backbone.layer1.1.bn2.weight - torch.Size([64]): 
PretrainedInit: load from open-mmlab://detectron2/resnet50_caffe 
 
2026-06-30 19:28:30,919 - mmcv - INFO - 
backbone.layer1.1.bn2.bias - torch.Size([64]): 
PretrainedInit: load from open-mmlab://detectron2/resnet50_caffe 
 
2026-06-30 19:28:30,919 - mmcv - INFO - 
backbone.layer1.1.conv3.weight - torch.Size([256, 64, 1, 1]): 
PretrainedInit: load from open-mmlab://detectron2/resnet50_caffe 
 
2026-06-30 19:28:30,919 - mmcv - INFO - 
backbone.layer1.1.bn3.weight - torch.Size([256]): 
PretrainedInit: load from open-mmlab://detectron2/resnet50_caffe 
 
2026-06-30 19:28:30,919 - mmcv - INFO - 
backbone.layer1.1.bn3.bias - torch.Size([256]): 
PretrainedInit: load from open-mmlab://detectron2/resnet50_caffe 
 
2026-06-30 19:28:30,920 - mmcv - INFO - 
backbone.layer1.2.conv1.weight - torch.Size([64, 256, 1, 1]): 
PretrainedInit: load from open-mmlab://detectron2/resnet50_caffe 
 
2026-06-30 19:28:30,920 - mmcv - INFO - 
backbone.layer1.2.bn1.weight - torch.Size([64]): 
PretrainedInit: load from open-mmlab://detectron2/resnet50_caffe 
 
2026-06-30 19:28:30,920 - mmcv - INFO - 
backbone.layer1.2.bn1.bias - torch.Size([64]): 
PretrainedInit: load from open-mmlab://detectron2/resnet50_caffe 
 
2026-06-30 19:28:30,920 - mmcv - INFO - 
backbone.layer1.2.conv2.weight - torch.Size([64, 64, 3, 3]): 
PretrainedInit: load from open-mmlab://detectron2/resnet50_caffe 
 
2026-06-30 19:28:30,920 - mmcv - INFO - 
backbone.layer1.2.bn2.weight - torch.Size([64]): 
PretrainedInit: load from open-mmlab://detectron2/resnet50_caffe 
 
2026-06-30 19:28:30,920 - mmcv - INFO - 
backbone.layer1.2.bn2.bias - torch.Size([64]): 
PretrainedInit: load from open-mmlab://detectron2/resnet50_caffe 
 
2026-06-30 19:28:30,920 - mmcv - INFO - 
backbone.layer1.2.conv3.weight - torch.Size([256, 64, 1, 1]): 
PretrainedInit: load from open-mmlab://detectron2/resnet50_caffe 
 
2026-06-30 19:28:30,920 - mmcv - INFO - 
backbone.layer1.2.bn3.weight - torch.Size([256]): 
PretrainedInit: load from open-mmlab://detectron2/resnet50_caffe 
 
2026-06-30 19:28:30,920 - mmcv - INFO - 
backbone.layer1.2.bn3.bias - torch.Size([256]): 
PretrainedInit: load from open-mmlab://detectron2/resnet50_caffe 
 
2026-06-30 19:28:30,920 - mmcv - INFO - 
backbone.layer2.0.conv1.weight - torch.Size([128, 256, 1, 1]): 
PretrainedInit: load from open-mmlab://detectron2/resnet50_caffe 
 
2026-06-30 19:28:30,920 - mmcv - INFO - 
backbone.layer2.0.bn1.weight - torch.Size([128]): 
PretrainedInit: load from open-mmlab://detectron2/resnet50_caffe 
 
2026-06-30 19:28:30,920 - mmcv - INFO - 
backbone.layer2.0.bn1.bias - torch.Size([128]): 
PretrainedInit: load from open-mmlab://detectron2/resnet50_caffe 
 
2026-06-30 19:28:30,920 - mmcv - INFO - 
backbone.layer2.0.conv2.weight - torch.Size([128, 128, 3, 3]): 
PretrainedInit: load from open-mmlab://detectron2/resnet50_caffe 
 
2026-06-30 19:28:30,920 - mmcv - INFO - 
backbone.layer2.0.bn2.weight - torch.Size([128]): 
PretrainedInit: load from open-mmlab://detectron2/resnet50_caffe 
 
2026-06-30 19:28:30,920 - mmcv - INFO - 
backbone.layer2.0.bn2.bias - torch.Size([128]): 
PretrainedInit: load from open-mmlab://detectron2/resnet50_caffe 
 
2026-06-30 19:28:30,920 - mmcv - INFO - 
backbone.layer2.0.conv3.weight - torch.Size([512, 128, 1, 1]): 
PretrainedInit: load from open-mmlab://detectron2/resnet50_caffe 
 
2026-06-30 19:28:30,920 - mmcv - INFO - 
backbone.layer2.0.bn3.weight - torch.Size([512]): 
PretrainedInit: load from open-mmlab://detectron2/resnet50_caffe 
 
2026-06-30 19:28:30,920 - mmcv - INFO - 
backbone.layer2.0.bn3.bias - torch.Size([512]): 
PretrainedInit: load from open-mmlab://detectron2/resnet50_caffe 
 
2026-06-30 19:28:30,920 - mmcv - INFO - 
backbone.layer2.0.downsample.0.weight - torch.Size([512, 256, 1, 1]): 
PretrainedInit: load from open-mmlab://detectron2/resnet50_caffe 
 
2026-06-30 19:28:30,920 - mmcv - INFO - 
backbone.layer2.0.downsample.1.weight - torch.Size([512]): 
PretrainedInit: load from open-mmlab://detectron2/resnet50_caffe 
 
2026-06-30 19:28:30,920 - mmcv - INFO - 
backbone.layer2.0.downsample.1.bias - torch.Size([512]): 
PretrainedInit: load from open-mmlab://detectron2/resnet50_caffe 
 
2026-06-30 19:28:30,920 - mmcv - INFO - 
backbone.layer2.1.conv1.weight - torch.Size([128, 512, 1, 1]): 
PretrainedInit: load from open-mmlab://detectron2/resnet50_caffe 
 
2026-06-30 19:28:30,920 - mmcv - INFO - 
backbone.layer2.1.bn1.weight - torch.Size([128]): 
PretrainedInit: load from open-mmlab://detectron2/resnet50_caffe 
 
2026-06-30 19:28:30,920 - mmcv - INFO - 
backbone.layer2.1.bn1.bias - torch.Size([128]): 
PretrainedInit: load from open-mmlab://detectron2/resnet50_caffe 
 
2026-06-30 19:28:30,920 - mmcv - INFO - 
backbone.layer2.1.conv2.weight - torch.Size([128, 128, 3, 3]): 
PretrainedInit: load from open-mmlab://detectron2/resnet50_caffe 
 
2026-06-30 19:28:30,920 - mmcv - INFO - 
backbone.layer2.1.bn2.weight - torch.Size([128]): 
PretrainedInit: load from open-mmlab://detectron2/resnet50_caffe 
 
2026-06-30 19:28:30,920 - mmcv - INFO - 
backbone.layer2.1.bn2.bias - torch.Size([128]): 
PretrainedInit: load from open-mmlab://detectron2/resnet50_caffe 
 
2026-06-30 19:28:30,920 - mmcv - INFO - 
backbone.layer2.1.conv3.weight - torch.Size([512, 128, 1, 1]): 
PretrainedInit: load from open-mmlab://detectron2/resnet50_caffe 
 
2026-06-30 19:28:30,920 - mmcv - INFO - 
backbone.layer2.1.bn3.weight - torch.Size([512]): 
PretrainedInit: load from open-mmlab://detectron2/resnet50_caffe 
 
2026-06-30 19:28:30,920 - mmcv - INFO - 
backbone.layer2.1.bn3.bias - torch.Size([512]): 
PretrainedInit: load from open-mmlab://detectron2/resnet50_caffe 
 
2026-06-30 19:28:30,920 - mmcv - INFO - 
backbone.layer2.2.conv1.weight - torch.Size([128, 512, 1, 1]): 
PretrainedInit: load from open-mmlab://detectron2/resnet50_caffe 
 
2026-06-30 19:28:30,921 - mmcv - INFO - 
backbone.layer2.2.bn1.weight - torch.Size([128]): 
PretrainedInit: load from open-mmlab://detectron2/resnet50_caffe 
 
2026-06-30 19:28:30,921 - mmcv - INFO - 
backbone.layer2.2.bn1.bias - torch.Size([128]): 
PretrainedInit: load from open-mmlab://detectron2/resnet50_caffe 
 
2026-06-30 19:28:30,921 - mmcv - INFO - 
backbone.layer2.2.conv2.weight - torch.Size([128, 128, 3, 3]): 
PretrainedInit: load from open-mmlab://detectron2/resnet50_caffe 
 
2026-06-30 19:28:30,921 - mmcv - INFO - 
backbone.layer2.2.bn2.weight - torch.Size([128]): 
PretrainedInit: load from open-mmlab://detectron2/resnet50_caffe 
 
2026-06-30 19:28:30,921 - mmcv - INFO - 
backbone.layer2.2.bn2.bias - torch.Size([128]): 
PretrainedInit: load from open-mmlab://detectron2/resnet50_caffe 
 
2026-06-30 19:28:30,921 - mmcv - INFO - 
backbone.layer2.2.conv3.weight - torch.Size([512, 128, 1, 1]): 
PretrainedInit: load from open-mmlab://detectron2/resnet50_caffe 
 
2026-06-30 19:28:30,921 - mmcv - INFO - 
backbone.layer2.2.bn3.weight - torch.Size([512]): 
PretrainedInit: load from open-mmlab://detectron2/resnet50_caffe 
 
2026-06-30 19:28:30,921 - mmcv - INFO - 
backbone.layer2.2.bn3.bias - torch.Size([512]): 
PretrainedInit: load from open-mmlab://detectron2/resnet50_caffe 
 
2026-06-30 19:28:30,921 - mmcv - INFO - 
backbone.layer2.3.conv1.weight - torch.Size([128, 512, 1, 1]): 
PretrainedInit: load from open-mmlab://detectron2/resnet50_caffe 
 
2026-06-30 19:28:30,921 - mmcv - INFO - 
backbone.layer2.3.bn1.weight - torch.Size([128]): 
PretrainedInit: load from open-mmlab://detectron2/resnet50_caffe 
 
2026-06-30 19:28:30,921 - mmcv - INFO - 
backbone.layer2.3.bn1.bias - torch.Size([128]): 
PretrainedInit: load from open-mmlab://detectron2/resnet50_caffe 
 
2026-06-30 19:28:30,921 - mmcv - INFO - 
backbone.layer2.3.conv2.weight - torch.Size([128, 128, 3, 3]): 
PretrainedInit: load from open-mmlab://detectron2/resnet50_caffe 
 
2026-06-30 19:28:30,921 - mmcv - INFO - 
backbone.layer2.3.bn2.weight - torch.Size([128]): 
PretrainedInit: load from open-mmlab://detectron2/resnet50_caffe 
 
2026-06-30 19:28:30,921 - mmcv - INFO - 
backbone.layer2.3.bn2.bias - torch.Size([128]): 
PretrainedInit: load from open-mmlab://detectron2/resnet50_caffe 
 
2026-06-30 19:28:30,921 - mmcv - INFO - 
backbone.layer2.3.conv3.weight - torch.Size([512, 128, 1, 1]): 
PretrainedInit: load from open-mmlab://detectron2/resnet50_caffe 
 
2026-06-30 19:28:30,921 - mmcv - INFO - 
backbone.layer2.3.bn3.weight - torch.Size([512]): 
PretrainedInit: load from open-mmlab://detectron2/resnet50_caffe 
 
2026-06-30 19:28:30,921 - mmcv - INFO - 
backbone.layer2.3.bn3.bias - torch.Size([512]): 
PretrainedInit: load from open-mmlab://detectron2/resnet50_caffe 
 
2026-06-30 19:28:30,921 - mmcv - INFO - 
backbone.layer3.0.conv1.weight - torch.Size([256, 512, 1, 1]): 
PretrainedInit: load from open-mmlab://detectron2/resnet50_caffe 
 
2026-06-30 19:28:30,921 - mmcv - INFO - 
backbone.layer3.0.bn1.weight - torch.Size([256]): 
PretrainedInit: load from open-mmlab://detectron2/resnet50_caffe 
 
2026-06-30 19:28:30,921 - mmcv - INFO - 
backbone.layer3.0.bn1.bias - torch.Size([256]): 
PretrainedInit: load from open-mmlab://detectron2/resnet50_caffe 
 
2026-06-30 19:28:30,921 - mmcv - INFO - 
backbone.layer3.0.conv2.weight - torch.Size([256, 256, 3, 3]): 
PretrainedInit: load from open-mmlab://detectron2/resnet50_caffe 
 
2026-06-30 19:28:30,921 - mmcv - INFO - 
backbone.layer3.0.bn2.weight - torch.Size([256]): 
PretrainedInit: load from open-mmlab://detectron2/resnet50_caffe 
 
2026-06-30 19:28:30,921 - mmcv - INFO - 
backbone.layer3.0.bn2.bias - torch.Size([256]): 
PretrainedInit: load from open-mmlab://detectron2/resnet50_caffe 
 
2026-06-30 19:28:30,921 - mmcv - INFO - 
backbone.layer3.0.conv3.weight - torch.Size([1024, 256, 1, 1]): 
PretrainedInit: load from open-mmlab://detectron2/resnet50_caffe 
 
2026-06-30 19:28:30,921 - mmcv - INFO - 
backbone.layer3.0.bn3.weight - torch.Size([1024]): 
PretrainedInit: load from open-mmlab://detectron2/resnet50_caffe 
 
2026-06-30 19:28:30,921 - mmcv - INFO - 
backbone.layer3.0.bn3.bias - torch.Size([1024]): 
PretrainedInit: load from open-mmlab://detectron2/resnet50_caffe 
 
2026-06-30 19:28:30,921 - mmcv - INFO - 
backbone.layer3.0.downsample.0.weight - torch.Size([1024, 512, 1, 1]): 
PretrainedInit: load from open-mmlab://detectron2/resnet50_caffe 
 
2026-06-30 19:28:30,922 - mmcv - INFO - 
backbone.layer3.0.downsample.1.weight - torch.Size([1024]): 
PretrainedInit: load from open-mmlab://detectron2/resnet50_caffe 
 
2026-06-30 19:28:30,922 - mmcv - INFO - 
backbone.layer3.0.downsample.1.bias - torch.Size([1024]): 
PretrainedInit: load from open-mmlab://detectron2/resnet50_caffe 
 
2026-06-30 19:28:30,922 - mmcv - INFO - 
backbone.layer3.1.conv1.weight - torch.Size([256, 1024, 1, 1]): 
PretrainedInit: load from open-mmlab://detectron2/resnet50_caffe 
 
2026-06-30 19:28:30,922 - mmcv - INFO - 
backbone.layer3.1.bn1.weight - torch.Size([256]): 
PretrainedInit: load from open-mmlab://detectron2/resnet50_caffe 
 
2026-06-30 19:28:30,922 - mmcv - INFO - 
backbone.layer3.1.bn1.bias - torch.Size([256]): 
PretrainedInit: load from open-mmlab://detectron2/resnet50_caffe 
 
2026-06-30 19:28:30,922 - mmcv - INFO - 
backbone.layer3.1.conv2.weight - torch.Size([256, 256, 3, 3]): 
PretrainedInit: load from open-mmlab://detectron2/resnet50_caffe 
 
2026-06-30 19:28:30,922 - mmcv - INFO - 
backbone.layer3.1.bn2.weight - torch.Size([256]): 
PretrainedInit: load from open-mmlab://detectron2/resnet50_caffe 
 
2026-06-30 19:28:30,922 - mmcv - INFO - 
backbone.layer3.1.bn2.bias - torch.Size([256]): 
PretrainedInit: load from open-mmlab://detectron2/resnet50_caffe 
 
2026-06-30 19:28:30,922 - mmcv - INFO - 
backbone.layer3.1.conv3.weight - torch.Size([1024, 256, 1, 1]): 
PretrainedInit: load from open-mmlab://detectron2/resnet50_caffe 
 
2026-06-30 19:28:30,922 - mmcv - INFO - 
backbone.layer3.1.bn3.weight - torch.Size([1024]): 
PretrainedInit: load from open-mmlab://detectron2/resnet50_caffe 
 
2026-06-30 19:28:30,922 - mmcv - INFO - 
backbone.layer3.1.bn3.bias - torch.Size([1024]): 
PretrainedInit: load from open-mmlab://detectron2/resnet50_caffe 
 
2026-06-30 19:28:30,922 - mmcv - INFO - 
backbone.layer3.2.conv1.weight - torch.Size([256, 1024, 1, 1]): 
PretrainedInit: load from open-mmlab://detectron2/resnet50_caffe 
 
2026-06-30 19:28:30,922 - mmcv - INFO - 
backbone.layer3.2.bn1.weight - torch.Size([256]): 
PretrainedInit: load from open-mmlab://detectron2/resnet50_caffe 
 
2026-06-30 19:28:30,922 - mmcv - INFO - 
backbone.layer3.2.bn1.bias - torch.Size([256]): 
PretrainedInit: load from open-mmlab://detectron2/resnet50_caffe 
 
2026-06-30 19:28:30,922 - mmcv - INFO - 
backbone.layer3.2.conv2.weight - torch.Size([256, 256, 3, 3]): 
PretrainedInit: load from open-mmlab://detectron2/resnet50_caffe 
 
2026-06-30 19:28:30,922 - mmcv - INFO - 
backbone.layer3.2.bn2.weight - torch.Size([256]): 
PretrainedInit: load from open-mmlab://detectron2/resnet50_caffe 
 
2026-06-30 19:28:30,922 - mmcv - INFO - 
backbone.layer3.2.bn2.bias - torch.Size([256]): 
PretrainedInit: load from open-mmlab://detectron2/resnet50_caffe 
 
2026-06-30 19:28:30,922 - mmcv - INFO - 
backbone.layer3.2.conv3.weight - torch.Size([1024, 256, 1, 1]): 
PretrainedInit: load from open-mmlab://detectron2/resnet50_caffe 
 
2026-06-30 19:28:30,922 - mmcv - INFO - 
backbone.layer3.2.bn3.weight - torch.Size([1024]): 
PretrainedInit: load from open-mmlab://detectron2/resnet50_caffe 
 
2026-06-30 19:28:30,922 - mmcv - INFO - 
backbone.layer3.2.bn3.bias - torch.Size([1024]): 
PretrainedInit: load from open-mmlab://detectron2/resnet50_caffe 
 
2026-06-30 19:28:30,922 - mmcv - INFO - 
backbone.layer3.3.conv1.weight - torch.Size([256, 1024, 1, 1]): 
PretrainedInit: load from open-mmlab://detectron2/resnet50_caffe 
 
2026-06-30 19:28:30,922 - mmcv - INFO - 
backbone.layer3.3.bn1.weight - torch.Size([256]): 
PretrainedInit: load from open-mmlab://detectron2/resnet50_caffe 
 
2026-06-30 19:28:30,923 - mmcv - INFO - 
backbone.layer3.3.bn1.bias - torch.Size([256]): 
PretrainedInit: load from open-mmlab://detectron2/resnet50_caffe 
 
2026-06-30 19:28:30,923 - mmcv - INFO - 
backbone.layer3.3.conv2.weight - torch.Size([256, 256, 3, 3]): 
PretrainedInit: load from open-mmlab://detectron2/resnet50_caffe 
 
2026-06-30 19:28:30,923 - mmcv - INFO - 
backbone.layer3.3.bn2.weight - torch.Size([256]): 
PretrainedInit: load from open-mmlab://detectron2/resnet50_caffe 
 
2026-06-30 19:28:30,923 - mmcv - INFO - 
backbone.layer3.3.bn2.bias - torch.Size([256]): 
PretrainedInit: load from open-mmlab://detectron2/resnet50_caffe 
 
2026-06-30 19:28:30,923 - mmcv - INFO - 
backbone.layer3.3.conv3.weight - torch.Size([1024, 256, 1, 1]): 
PretrainedInit: load from open-mmlab://detectron2/resnet50_caffe 
 
2026-06-30 19:28:30,923 - mmcv - INFO - 
backbone.layer3.3.bn3.weight - torch.Size([1024]): 
PretrainedInit: load from open-mmlab://detectron2/resnet50_caffe 
 
2026-06-30 19:28:30,923 - mmcv - INFO - 
backbone.layer3.3.bn3.bias - torch.Size([1024]): 
PretrainedInit: load from open-mmlab://detectron2/resnet50_caffe 
 
2026-06-30 19:28:30,923 - mmcv - INFO - 
backbone.layer3.4.conv1.weight - torch.Size([256, 1024, 1, 1]): 
PretrainedInit: load from open-mmlab://detectron2/resnet50_caffe 
 
2026-06-30 19:28:30,923 - mmcv - INFO - 
backbone.layer3.4.bn1.weight - torch.Size([256]): 
PretrainedInit: load from open-mmlab://detectron2/resnet50_caffe 
 
2026-06-30 19:28:30,923 - mmcv - INFO - 
backbone.layer3.4.bn1.bias - torch.Size([256]): 
PretrainedInit: load from open-mmlab://detectron2/resnet50_caffe 
 
2026-06-30 19:28:30,923 - mmcv - INFO - 
backbone.layer3.4.conv2.weight - torch.Size([256, 256, 3, 3]): 
PretrainedInit: load from open-mmlab://detectron2/resnet50_caffe 
 
2026-06-30 19:28:30,923 - mmcv - INFO - 
backbone.layer3.4.bn2.weight - torch.Size([256]): 
PretrainedInit: load from open-mmlab://detectron2/resnet50_caffe 
 
2026-06-30 19:28:30,923 - mmcv - INFO - 
backbone.layer3.4.bn2.bias - torch.Size([256]): 
PretrainedInit: load from open-mmlab://detectron2/resnet50_caffe 
 
2026-06-30 19:28:30,923 - mmcv - INFO - 
backbone.layer3.4.conv3.weight - torch.Size([1024, 256, 1, 1]): 
PretrainedInit: load from open-mmlab://detectron2/resnet50_caffe 
 
2026-06-30 19:28:30,923 - mmcv - INFO - 
backbone.layer3.4.bn3.weight - torch.Size([1024]): 
PretrainedInit: load from open-mmlab://detectron2/resnet50_caffe 
 
2026-06-30 19:28:30,923 - mmcv - INFO - 
backbone.layer3.4.bn3.bias - torch.Size([1024]): 
PretrainedInit: load from open-mmlab://detectron2/resnet50_caffe 
 
2026-06-30 19:28:30,923 - mmcv - INFO - 
backbone.layer3.5.conv1.weight - torch.Size([256, 1024, 1, 1]): 
PretrainedInit: load from open-mmlab://detectron2/resnet50_caffe 
 
2026-06-30 19:28:30,923 - mmcv - INFO - 
backbone.layer3.5.bn1.weight - torch.Size([256]): 
PretrainedInit: load from open-mmlab://detectron2/resnet50_caffe 
 
2026-06-30 19:28:30,923 - mmcv - INFO - 
backbone.layer3.5.bn1.bias - torch.Size([256]): 
PretrainedInit: load from open-mmlab://detectron2/resnet50_caffe 
 
2026-06-30 19:28:30,923 - mmcv - INFO - 
backbone.layer3.5.conv2.weight - torch.Size([256, 256, 3, 3]): 
PretrainedInit: load from open-mmlab://detectron2/resnet50_caffe 
 
2026-06-30 19:28:30,923 - mmcv - INFO - 
backbone.layer3.5.bn2.weight - torch.Size([256]): 
PretrainedInit: load from open-mmlab://detectron2/resnet50_caffe 
 
2026-06-30 19:28:30,923 - mmcv - INFO - 
backbone.layer3.5.bn2.bias - torch.Size([256]): 
PretrainedInit: load from open-mmlab://detectron2/resnet50_caffe 
 
2026-06-30 19:28:30,924 - mmcv - INFO - 
backbone.layer3.5.conv3.weight - torch.Size([1024, 256, 1, 1]): 
PretrainedInit: load from open-mmlab://detectron2/resnet50_caffe 
 
2026-06-30 19:28:30,924 - mmcv - INFO - 
backbone.layer3.5.bn3.weight - torch.Size([1024]): 
PretrainedInit: load from open-mmlab://detectron2/resnet50_caffe 
 
2026-06-30 19:28:30,924 - mmcv - INFO - 
backbone.layer3.5.bn3.bias - torch.Size([1024]): 
PretrainedInit: load from open-mmlab://detectron2/resnet50_caffe 
 
2026-06-30 19:28:30,924 - mmcv - INFO - 
backbone.layer4.0.conv1.weight - torch.Size([512, 1024, 1, 1]): 
PretrainedInit: load from open-mmlab://detectron2/resnet50_caffe 
 
2026-06-30 19:28:30,924 - mmcv - INFO - 
backbone.layer4.0.bn1.weight - torch.Size([512]): 
PretrainedInit: load from open-mmlab://detectron2/resnet50_caffe 
 
2026-06-30 19:28:30,924 - mmcv - INFO - 
backbone.layer4.0.bn1.bias - torch.Size([512]): 
PretrainedInit: load from open-mmlab://detectron2/resnet50_caffe 
 
2026-06-30 19:28:30,924 - mmcv - INFO - 
backbone.layer4.0.conv2.weight - torch.Size([512, 512, 3, 3]): 
PretrainedInit: load from open-mmlab://detectron2/resnet50_caffe 
 
2026-06-30 19:28:30,924 - mmcv - INFO - 
backbone.layer4.0.bn2.weight - torch.Size([512]): 
PretrainedInit: load from open-mmlab://detectron2/resnet50_caffe 
 
2026-06-30 19:28:30,924 - mmcv - INFO - 
backbone.layer4.0.bn2.bias - torch.Size([512]): 
PretrainedInit: load from open-mmlab://detectron2/resnet50_caffe 
 
2026-06-30 19:28:30,924 - mmcv - INFO - 
backbone.layer4.0.conv3.weight - torch.Size([2048, 512, 1, 1]): 
PretrainedInit: load from open-mmlab://detectron2/resnet50_caffe 
 
2026-06-30 19:28:30,924 - mmcv - INFO - 
backbone.layer4.0.bn3.weight - torch.Size([2048]): 
PretrainedInit: load from open-mmlab://detectron2/resnet50_caffe 
 
2026-06-30 19:28:30,924 - mmcv - INFO - 
backbone.layer4.0.bn3.bias - torch.Size([2048]): 
PretrainedInit: load from open-mmlab://detectron2/resnet50_caffe 
 
2026-06-30 19:28:30,924 - mmcv - INFO - 
backbone.layer4.0.downsample.0.weight - torch.Size([2048, 1024, 1, 1]): 
PretrainedInit: load from open-mmlab://detectron2/resnet50_caffe 
 
2026-06-30 19:28:30,924 - mmcv - INFO - 
backbone.layer4.0.downsample.1.weight - torch.Size([2048]): 
PretrainedInit: load from open-mmlab://detectron2/resnet50_caffe 
 
2026-06-30 19:28:30,924 - mmcv - INFO - 
backbone.layer4.0.downsample.1.bias - torch.Size([2048]): 
PretrainedInit: load from open-mmlab://detectron2/resnet50_caffe 
 
2026-06-30 19:28:30,924 - mmcv - INFO - 
backbone.layer4.1.conv1.weight - torch.Size([512, 2048, 1, 1]): 
PretrainedInit: load from open-mmlab://detectron2/resnet50_caffe 
 
2026-06-30 19:28:30,924 - mmcv - INFO - 
backbone.layer4.1.bn1.weight - torch.Size([512]): 
PretrainedInit: load from open-mmlab://detectron2/resnet50_caffe 
 
2026-06-30 19:28:30,924 - mmcv - INFO - 
backbone.layer4.1.bn1.bias - torch.Size([512]): 
PretrainedInit: load from open-mmlab://detectron2/resnet50_caffe 
 
2026-06-30 19:28:30,924 - mmcv - INFO - 
backbone.layer4.1.conv2.weight - torch.Size([512, 512, 3, 3]): 
PretrainedInit: load from open-mmlab://detectron2/resnet50_caffe 
 
2026-06-30 19:28:30,924 - mmcv - INFO - 
backbone.layer4.1.bn2.weight - torch.Size([512]): 
PretrainedInit: load from open-mmlab://detectron2/resnet50_caffe 
 
2026-06-30 19:28:30,924 - mmcv - INFO - 
backbone.layer4.1.bn2.bias - torch.Size([512]): 
PretrainedInit: load from open-mmlab://detectron2/resnet50_caffe 
 
2026-06-30 19:28:30,924 - mmcv - INFO - 
backbone.layer4.1.conv3.weight - torch.Size([2048, 512, 1, 1]): 
PretrainedInit: load from open-mmlab://detectron2/resnet50_caffe 
 
2026-06-30 19:28:30,924 - mmcv - INFO - 
backbone.layer4.1.bn3.weight - torch.Size([2048]): 
PretrainedInit: load from open-mmlab://detectron2/resnet50_caffe 
 
2026-06-30 19:28:30,924 - mmcv - INFO - 
backbone.layer4.1.bn3.bias - torch.Size([2048]): 
PretrainedInit: load from open-mmlab://detectron2/resnet50_caffe 
 
2026-06-30 19:28:30,924 - mmcv - INFO - 
backbone.layer4.2.conv1.weight - torch.Size([512, 2048, 1, 1]): 
PretrainedInit: load from open-mmlab://detectron2/resnet50_caffe 
 
2026-06-30 19:28:30,924 - mmcv - INFO - 
backbone.layer4.2.bn1.weight - torch.Size([512]): 
PretrainedInit: load from open-mmlab://detectron2/resnet50_caffe 
 
2026-06-30 19:28:30,924 - mmcv - INFO - 
backbone.layer4.2.bn1.bias - torch.Size([512]): 
PretrainedInit: load from open-mmlab://detectron2/resnet50_caffe 
 
2026-06-30 19:28:30,924 - mmcv - INFO - 
backbone.layer4.2.conv2.weight - torch.Size([512, 512, 3, 3]): 
PretrainedInit: load from open-mmlab://detectron2/resnet50_caffe 
 
2026-06-30 19:28:30,924 - mmcv - INFO - 
backbone.layer4.2.bn2.weight - torch.Size([512]): 
PretrainedInit: load from open-mmlab://detectron2/resnet50_caffe 
 
2026-06-30 19:28:30,924 - mmcv - INFO - 
backbone.layer4.2.bn2.bias - torch.Size([512]): 
PretrainedInit: load from open-mmlab://detectron2/resnet50_caffe 
 
2026-06-30 19:28:30,924 - mmcv - INFO - 
backbone.layer4.2.conv3.weight - torch.Size([2048, 512, 1, 1]): 
PretrainedInit: load from open-mmlab://detectron2/resnet50_caffe 
 
2026-06-30 19:28:30,924 - mmcv - INFO - 
backbone.layer4.2.bn3.weight - torch.Size([2048]): 
PretrainedInit: load from open-mmlab://detectron2/resnet50_caffe 
 
2026-06-30 19:28:30,925 - mmcv - INFO - 
backbone.layer4.2.bn3.bias - torch.Size([2048]): 
PretrainedInit: load from open-mmlab://detectron2/resnet50_caffe 
 
2026-06-30 19:28:30,925 - mmcv - INFO - 
neck.lateral_convs.0.conv.weight - torch.Size([256, 256, 1, 1]): 
XavierInit: gain=1, distribution=uniform, bias=0 
 
2026-06-30 19:28:30,925 - mmcv - INFO - 
neck.lateral_convs.0.conv.bias - torch.Size([256]): 
The value is the same before and after calling `init_weights` of MaskRCNNNoiseInv  
 
2026-06-30 19:28:30,925 - mmcv - INFO - 
neck.lateral_convs.1.conv.weight - torch.Size([256, 512, 1, 1]): 
XavierInit: gain=1, distribution=uniform, bias=0 
 
2026-06-30 19:28:30,925 - mmcv - INFO - 
neck.lateral_convs.1.conv.bias - torch.Size([256]): 
The value is the same before and after calling `init_weights` of MaskRCNNNoiseInv  
 
2026-06-30 19:28:30,925 - mmcv - INFO - 
neck.lateral_convs.2.conv.weight - torch.Size([256, 1024, 1, 1]): 
XavierInit: gain=1, distribution=uniform, bias=0 
 
2026-06-30 19:28:30,925 - mmcv - INFO - 
neck.lateral_convs.2.conv.bias - torch.Size([256]): 
The value is the same before and after calling `init_weights` of MaskRCNNNoiseInv  
 
2026-06-30 19:28:30,925 - mmcv - INFO - 
neck.lateral_convs.3.conv.weight - torch.Size([256, 2048, 1, 1]): 
XavierInit: gain=1, distribution=uniform, bias=0 
 
2026-06-30 19:28:30,925 - mmcv - INFO - 
neck.lateral_convs.3.conv.bias - torch.Size([256]): 
The value is the same before and after calling `init_weights` of MaskRCNNNoiseInv  
 
2026-06-30 19:28:30,925 - mmcv - INFO - 
neck.fpn_convs.0.conv.weight - torch.Size([256, 256, 3, 3]): 
XavierInit: gain=1, distribution=uniform, bias=0 
 
2026-06-30 19:28:30,925 - mmcv - INFO - 
neck.fpn_convs.0.conv.bias - torch.Size([256]): 
The value is the same before and after calling `init_weights` of MaskRCNNNoiseInv  
 
2026-06-30 19:28:30,925 - mmcv - INFO - 
neck.fpn_convs.1.conv.weight - torch.Size([256, 256, 3, 3]): 
XavierInit: gain=1, distribution=uniform, bias=0 
 
2026-06-30 19:28:30,925 - mmcv - INFO - 
neck.fpn_convs.1.conv.bias - torch.Size([256]): 
The value is the same before and after calling `init_weights` of MaskRCNNNoiseInv  
 
2026-06-30 19:28:30,925 - mmcv - INFO - 
neck.fpn_convs.2.conv.weight - torch.Size([256, 256, 3, 3]): 
XavierInit: gain=1, distribution=uniform, bias=0 
 
2026-06-30 19:28:30,925 - mmcv - INFO - 
neck.fpn_convs.2.conv.bias - torch.Size([256]): 
The value is the same before and after calling `init_weights` of MaskRCNNNoiseInv  
 
2026-06-30 19:28:30,925 - mmcv - INFO - 
neck.fpn_convs.3.conv.weight - torch.Size([256, 256, 3, 3]): 
XavierInit: gain=1, distribution=uniform, bias=0 
 
2026-06-30 19:28:30,925 - mmcv - INFO - 
neck.fpn_convs.3.conv.bias - torch.Size([256]): 
The value is the same before and after calling `init_weights` of MaskRCNNNoiseInv  
 
2026-06-30 19:28:30,925 - mmcv - INFO - 
rpn_head.rpn_conv.weight - torch.Size([256, 256, 3, 3]): 
NormalInit: mean=0, std=0.01, bias=0 
 
2026-06-30 19:28:30,925 - mmcv - INFO - 
rpn_head.rpn_conv.bias - torch.Size([256]): 
NormalInit: mean=0, std=0.01, bias=0 
 
2026-06-30 19:28:30,925 - mmcv - INFO - 
rpn_head.rpn_cls.weight - torch.Size([3, 256, 1, 1]): 
NormalInit: mean=0, std=0.01, bias=0 
 
2026-06-30 19:28:30,925 - mmcv - INFO - 
rpn_head.rpn_cls.bias - torch.Size([3]): 
NormalInit: mean=0, std=0.01, bias=0 
 
2026-06-30 19:28:30,925 - mmcv - INFO - 
rpn_head.rpn_reg.weight - torch.Size([12, 256, 1, 1]): 
NormalInit: mean=0, std=0.01, bias=0 
 
2026-06-30 19:28:30,925 - mmcv - INFO - 
rpn_head.rpn_reg.bias - torch.Size([12]): 
NormalInit: mean=0, std=0.01, bias=0 
 
2026-06-30 19:28:30,925 - mmcv - INFO - 
roi_head.bbox_head.fc_cls.weight - torch.Size([9, 1024]): 
XavierInit: gain=1, distribution=normal, bias=0 
 
2026-06-30 19:28:30,925 - mmcv - INFO - 
roi_head.bbox_head.fc_cls.bias - torch.Size([9]): 
NormalInit: mean=0, std=0.01, bias=0 
 
2026-06-30 19:28:30,926 - mmcv - INFO - 
roi_head.bbox_head.fc_reg.weight - torch.Size([32, 1024]): 
XavierInit: gain=1, distribution=normal, bias=0 
 
2026-06-30 19:28:30,926 - mmcv - INFO - 
roi_head.bbox_head.fc_reg.bias - torch.Size([32]): 
NormalInit: mean=0, std=0.001, bias=0 
 
2026-06-30 19:28:30,926 - mmcv - INFO - 
roi_head.bbox_head.shared_fcs.0.weight - torch.Size([1024, 12544]): 
XavierInit: gain=1, distribution=normal, bias=0 
 
2026-06-30 19:28:30,926 - mmcv - INFO - 
roi_head.bbox_head.shared_fcs.0.bias - torch.Size([1024]): 
XavierInit: gain=1, distribution=normal, bias=0 
 
2026-06-30 19:28:30,926 - mmcv - INFO - 
roi_head.bbox_head.shared_fcs.1.weight - torch.Size([1024, 1024]): 
XavierInit: gain=1, distribution=normal, bias=0 
 
2026-06-30 19:28:30,926 - mmcv - INFO - 
roi_head.bbox_head.shared_fcs.1.bias - torch.Size([1024]): 
XavierInit: gain=1, distribution=normal, bias=0 
 
2026-06-30 19:28:30,926 - mmcv - INFO - 
roi_head.mask_head.convs.0.conv.weight - torch.Size([256, 256, 3, 3]): 
Initialized by user-defined `init_weights` in ConvModule  
 
2026-06-30 19:28:30,926 - mmcv - INFO - 
roi_head.mask_head.convs.0.conv.bias - torch.Size([256]): 
The value is the same before and after calling `init_weights` of MaskRCNNNoiseInv  
 
2026-06-30 19:28:30,926 - mmcv - INFO - 
roi_head.mask_head.convs.1.conv.weight - torch.Size([256, 256, 3, 3]): 
Initialized by user-defined `init_weights` in ConvModule  
 
2026-06-30 19:28:30,926 - mmcv - INFO - 
roi_head.mask_head.convs.1.conv.bias - torch.Size([256]): 
The value is the same before and after calling `init_weights` of MaskRCNNNoiseInv  
 
2026-06-30 19:28:30,926 - mmcv - INFO - 
roi_head.mask_head.convs.2.conv.weight - torch.Size([256, 256, 3, 3]): 
Initialized by user-defined `init_weights` in ConvModule  
 
2026-06-30 19:28:30,926 - mmcv - INFO - 
roi_head.mask_head.convs.2.conv.bias - torch.Size([256]): 
The value is the same before and after calling `init_weights` of MaskRCNNNoiseInv  
 
2026-06-30 19:28:30,926 - mmcv - INFO - 
roi_head.mask_head.convs.3.conv.weight - torch.Size([256, 256, 3, 3]): 
Initialized by user-defined `init_weights` in ConvModule  
 
2026-06-30 19:28:30,926 - mmcv - INFO - 
roi_head.mask_head.convs.3.conv.bias - torch.Size([256]): 
The value is the same before and after calling `init_weights` of MaskRCNNNoiseInv  
 
2026-06-30 19:28:30,926 - mmcv - INFO - 
roi_head.mask_head.upsample.weight - torch.Size([256, 256, 2, 2]): 
Initialized by user-defined `init_weights` in FCNMaskHead  
 
2026-06-30 19:28:30,926 - mmcv - INFO - 
roi_head.mask_head.upsample.bias - torch.Size([256]): 
Initialized by user-defined `init_weights` in FCNMaskHead  
 
2026-06-30 19:28:30,926 - mmcv - INFO - 
roi_head.mask_head.conv_logits.weight - torch.Size([8, 256, 1, 1]): 
Initialized by user-defined `init_weights` in FCNMaskHead  
 
2026-06-30 19:28:30,926 - mmcv - INFO - 
roi_head.mask_head.conv_logits.bias - torch.Size([8]): 
Initialized by user-defined `init_weights` in FCNMaskHead  
 
/usr/local/lib/python3.12/dist-packages/torch/utils/data/dataloader.py:424: UserWarning: This DataLoader will create 4 worker processes in total. Our suggested max number of worker in current system is 2, which is smaller than what this DataLoader is going to create. Please be aware that excessive worker creation might get DataLoader running slow or even freeze, lower the worker number to avoid potential slowness/freeze if necessary.
  self.check_worker_number_rationality()
2026-06-30 19:28:36,646 - mmdet - INFO - load checkpoint from local path: /content/drive/MyDrive/EALLIS_checkpoints/Checkpoint1.pth
2026-06-30 19:28:42,449 - mmdet - WARNING - The model and loaded state dict do not match exactly

unexpected key in source state_dict: backbone.AdaD.1.weight_net.0.weight, backbone.AdaD.1.weight_net.1.weight, backbone.AdaD.1.weight_net.1.bias, backbone.AdaD.1.weight_net.1.running_mean, backbone.AdaD.1.weight_net.1.running_var, backbone.AdaD.1.weight_net.1.num_batches_tracked, backbone.AdaD.1.channel_net.1.weight, backbone.AdaD.1.channel_net.3.weight, backbone.AdaD.2.weight_net.0.weight, backbone.AdaD.2.weight_net.1.weight, backbone.AdaD.2.weight_net.1.bias, backbone.AdaD.2.weight_net.1.running_mean, backbone.AdaD.2.weight_net.1.running_var, backbone.AdaD.2.weight_net.1.num_batches_tracked, backbone.AdaD.2.channel_net.1.weight, backbone.AdaD.2.channel_net.3.weight, backbone.AdaD.3.weight_net.0.weight, backbone.AdaD.3.weight_net.1.weight, backbone.AdaD.3.weight_net.1.bias, backbone.AdaD.3.weight_net.1.running_mean, backbone.AdaD.3.weight_net.1.running_var, backbone.AdaD.3.weight_net.1.num_batches_tracked, backbone.AdaD.3.channel_net.1.weight, backbone.AdaD.3.channel_net.3.weight, backbone.layer2.0.llpf.weight, backbone.layer2.0.learnable_conv1.weight, backbone.layer2.1.llpf.weight, backbone.layer2.1.learnable_conv1.weight, backbone.layer2.2.llpf.weight, backbone.layer2.2.learnable_conv1.weight, backbone.layer2.3.llpf.weight, backbone.layer2.3.learnable_conv1.weight, backbone.layer3.0.llpf.weight, backbone.layer3.0.learnable_conv1.weight, backbone.layer3.1.llpf.weight, backbone.layer3.1.learnable_conv1.weight, backbone.layer3.2.llpf.weight, backbone.layer3.2.learnable_conv1.weight, backbone.layer3.3.llpf.weight, backbone.layer3.3.learnable_conv1.weight, backbone.layer3.4.llpf.weight, backbone.layer3.4.learnable_conv1.weight, backbone.layer3.5.llpf.weight, backbone.layer3.5.learnable_conv1.weight, backbone.layer4.0.llpf.weight, backbone.layer4.0.learnable_conv1.weight, backbone.layer4.1.llpf.weight, backbone.layer4.1.learnable_conv1.weight, backbone.layer4.2.llpf.weight, backbone.layer4.2.learnable_conv1.weight

2026-06-30 19:28:42,469 - mmdet - INFO - Start running, host: root@bda333578f75, work_dir: /content/drive/MyDrive/Ablation/baseline
2026-06-30 19:28:42,470 - mmdet - INFO - Hooks will be executed in the following order:
before_run:
(VERY_HIGH   ) StepLrUpdaterHook                  
(NORMAL      ) CheckpointHook                     
(NORMAL      ) EvalHook                           
(VERY_LOW    ) TextLoggerHook                     
 -------------------- 
before_train_epoch:
(VERY_HIGH   ) StepLrUpdaterHook                  
(NORMAL      ) EvalHook                           
(NORMAL      ) NumClassCheckHook                  
(LOW         ) IterTimerHook                      
(VERY_LOW    ) TextLoggerHook                     
 -------------------- 
before_train_iter:
(VERY_HIGH   ) StepLrUpdaterHook                  
(NORMAL      ) EvalHook                           
(LOW         ) IterTimerHook                      
 -------------------- 
after_train_iter:
(ABOVE_NORMAL) OptimizerHook                      
(NORMAL      ) CheckpointHook                     
(NORMAL      ) EvalHook                           
(LOW         ) IterTimerHook                      
(VERY_LOW    ) TextLoggerHook                     
 -------------------- 
after_train_epoch:
(NORMAL      ) CheckpointHook                     
(NORMAL      ) EvalHook                           
(VERY_LOW    ) TextLoggerHook                     
 -------------------- 
before_val_epoch:
(NORMAL      ) NumClassCheckHook                  
(LOW         ) IterTimerHook                      
(VERY_LOW    ) TextLoggerHook                     
 -------------------- 
before_val_iter:
(LOW         ) IterTimerHook                      
 -------------------- 
after_val_iter:
(LOW         ) IterTimerHook                      
 -------------------- 
after_val_epoch:
(VERY_LOW    ) TextLoggerHook                     
 -------------------- 
after_run:
(VERY_LOW    ) TextLoggerHook                     
 -------------------- 
2026-06-30 19:28:42,470 - mmdet - INFO - workflow: [('train', 1)], max: 5 epochs
2026-06-30 19:28:42,471 - mmdet - INFO - Checkpoints will be saved to /content/drive/MyDrive/Ablation/baseline by HardDiskBackend.
/usr/local/lib/python3.12/dist-packages/torch/utils/data/dataloader.py:432: UserWarning: This DataLoader will create 4 worker processes in total. Our suggested max number of worker in current system is 2, which is smaller than what this DataLoader is going to create. Please be aware that excessive worker creation might get DataLoader running slow or even freeze, lower the worker number to avoid potential slowness/freeze if necessary.
  self.check_worker_number_rationality()
loading annotations into memory...
Done (t=3.19s)
creating index...
index created!
[i] NoiseModel with /content/EALLIS/mmdetection/mmdet/datasets/pipelines/noisemodel/camera_params
[i] camera: CanonEOS5D4
[i] using noise model PGRU
[i] dark ratio (1.0, 1.0)
[i] noise ratio (10, 100)
loading annotations into memory...
Done (t=0.21s)
creating index...
index created!
/content/EALLIS/mmdetection/mmdet/core/anchor/anchor_generator.py:323: UserWarning: ``grid_anchors`` would be deprecated soon. Please use ``grid_priors`` 
  warnings.warn('``grid_anchors`` would be deprecated soon. '
/content/EALLIS/mmdetection/mmdet/core/anchor/anchor_generator.py:359: UserWarning: ``single_level_grid_anchors`` would be deprecated soon. Please use ``single_level_grid_priors`` 
  warnings.warn(
2026-06-30 19:30:47,610 - mmdet - INFO - Epoch [1][50/1324]	lr: 9.890e-04, eta: 4:33:41, time: 2.499, data_time: 0.221, memory: 7601, noise_inv_loss: 0.0010, clean_loss_rpn_cls: 0.0382, clean_loss_rpn_bbox: 0.0178, clean_loss_cls: 0.1210, clean_acc: 95.9019, clean_loss_bbox: 0.1308, clean_loss_mask: 0.3125, loss_rpn_cls: 0.0535, loss_rpn_bbox: 0.0194, loss_cls: 0.1322, acc: 95.8799, loss_bbox: 0.1292, loss_mask: 0.3633, loss: 1.3188
2026-06-30 19:32:42,744 - mmdet - INFO - Epoch [1][100/1324]	lr: 1.988e-03, eta: 4:20:55, time: 2.303, data_time: 0.047, memory: 8039, noise_inv_loss: 0.0010, clean_loss_rpn_cls: 0.0288, clean_loss_rpn_bbox: 0.0165, clean_loss_cls: 0.1189, clean_acc: 95.8047, clean_loss_bbox: 0.1382, clean_loss_mask: 0.2874, loss_rpn_cls: 0.0432, loss_rpn_bbox: 0.0184, loss_cls: 0.1324, acc: 95.7192, loss_bbox: 0.1399, loss_mask: 0.3248, loss: 1.2496
2026-06-30 19:34:37,018 - mmdet - INFO - Epoch [1][150/1324]	lr: 2.987e-03, eta: 4:14:45, time: 2.285, data_time: 0.044, memory: 8039, noise_inv_loss: 0.0009, clean_loss_rpn_cls: 0.0279, clean_loss_rpn_bbox: 0.0169, clean_loss_cls: 0.1145, clean_acc: 95.8716, clean_loss_bbox: 0.1326, clean_loss_mask: 0.2933, loss_rpn_cls: 0.0413, loss_rpn_bbox: 0.0186, loss_cls: 0.1288, acc: 95.7485, loss_bbox: 0.1351, loss_mask: 0.3413, loss: 1.2513
2026-06-30 19:36:33,400 - mmdet - INFO - Epoch [1][200/1324]	lr: 3.986e-03, eta: 4:11:51, time: 2.328, data_time: 0.047, memory: 8039, noise_inv_loss: 0.0009, clean_loss_rpn_cls: 0.0242, clean_loss_rpn_bbox: 0.0154, clean_loss_cls: 0.1123, clean_acc: 95.9194, clean_loss_bbox: 0.1283, clean_loss_mask: 0.3010, loss_rpn_cls: 0.0353, loss_rpn_bbox: 0.0173, loss_cls: 0.1263, acc: 95.7842, loss_bbox: 0.1319, loss_mask: 0.3393, loss: 1.2322
2026-06-30 19:38:31,959 - mmdet - INFO - Epoch [1][250/1324]	lr: 4.985e-03, eta: 4:10:15, time: 2.371, data_time: 0.053, memory: 8145, noise_inv_loss: 0.0009, clean_loss_rpn_cls: 0.0286, clean_loss_rpn_bbox: 0.0200, clean_loss_cls: 0.1243, clean_acc: 95.6304, clean_loss_bbox: 0.1493, clean_loss_mask: 0.3044, loss_rpn_cls: 0.0416, loss_rpn_bbox: 0.0222, loss_cls: 0.1407, acc: 95.4683, loss_bbox: 0.1490, loss_mask: 0.3447, loss: 1.3257
2026-06-30 19:40:26,558 - mmdet - INFO - Epoch [1][300/1324]	lr: 5.984e-03, eta: 4:07:09, time: 2.292, data_time: 0.049, memory: 8145, noise_inv_loss: 0.0009, clean_loss_rpn_cls: 0.0287, clean_loss_rpn_bbox: 0.0187, clean_loss_cls: 0.1131, clean_acc: 96.0625, clean_loss_bbox: 0.1328, clean_loss_mask: 0.3094, loss_rpn_cls: 0.0442, loss_rpn_bbox: 0.0210, loss_cls: 0.1295, acc: 95.8701, loss_bbox: 0.1339, loss_mask: 0.3558, loss: 1.2881
2026-06-30 19:42:21,145 - mmdet - INFO - Epoch [1][350/1324]	lr: 6.983e-03, eta: 4:04:22, time: 2.292, data_time: 0.044, memory: 8152, noise_inv_loss: 0.0009, clean_loss_rpn_cls: 0.0265, clean_loss_rpn_bbox: 0.0166, clean_loss_cls: 0.1145, clean_acc: 95.9878, clean_loss_bbox: 0.1320, clean_loss_mask: 0.2915, loss_rpn_cls: 0.0390, loss_rpn_bbox: 0.0184, loss_cls: 0.1302, acc: 95.7856, loss_bbox: 0.1337, loss_mask: 0.3411, loss: 1.2444
2026-06-30 19:44:15,200 - mmdet - INFO - Epoch [1][400/1324]	lr: 7.982e-03, eta: 4:01:41, time: 2.281, data_time: 0.048, memory: 8152, noise_inv_loss: 0.0009, clean_loss_rpn_cls: 0.0292, clean_loss_rpn_bbox: 0.0167, clean_loss_cls: 0.1123, clean_acc: 96.2070, clean_loss_bbox: 0.1258, clean_loss_mask: 0.3038, loss_rpn_cls: 0.0402, loss_rpn_bbox: 0.0186, loss_cls: 0.1282, acc: 95.9707, loss_bbox: 0.1265, loss_mask: 0.3519, loss: 1.2542
2026-06-30 19:46:11,519 - mmdet - INFO - Epoch [1][450/1324]	lr: 8.981e-03, eta: 3:59:41, time: 2.326, data_time: 0.048, memory: 8152, noise_inv_loss: 0.0009, clean_loss_rpn_cls: 0.0262, clean_loss_rpn_bbox: 0.0178, clean_loss_cls: 0.1265, clean_acc: 95.5537, clean_loss_bbox: 0.1397, clean_loss_mask: 0.2968, loss_rpn_cls: 0.0389, loss_rpn_bbox: 0.0194, loss_cls: 0.1393, acc: 95.5259, loss_bbox: 0.1399, loss_mask: 0.3350, loss: 1.2804
2026-06-30 19:48:08,350 - mmdet - INFO - Epoch [1][500/1324]	lr: 9.980e-03, eta: 3:57:48, time: 2.336, data_time: 0.038, memory: 8152, noise_inv_loss: 0.0009, clean_loss_rpn_cls: 0.0309, clean_loss_rpn_bbox: 0.0194, clean_loss_cls: 0.1283, clean_acc: 95.5928, clean_loss_bbox: 0.1377, clean_loss_mask: 0.3087, loss_rpn_cls: 0.0432, loss_rpn_bbox: 0.0213, loss_cls: 0.1426, acc: 95.5542, loss_bbox: 0.1381, loss_mask: 0.3500, loss: 1.3210
2026-06-30 19:50:04,941 - mmdet - INFO - Epoch [1][550/1324]	lr: 1.000e-02, eta: 3:55:51, time: 2.332, data_time: 0.052, memory: 8152, noise_inv_loss: 0.0009, clean_loss_rpn_cls: 0.0322, clean_loss_rpn_bbox: 0.0177, clean_loss_cls: 0.1237, clean_acc: 95.6226, clean_loss_bbox: 0.1365, clean_loss_mask: 0.3189, loss_rpn_cls: 0.0464, loss_rpn_bbox: 0.0192, loss_cls: 0.1371, acc: 95.6689, loss_bbox: 0.1334, loss_mask: 0.3572, loss: 1.3231
2026-06-30 19:52:02,069 - mmdet - INFO - Epoch [1][600/1324]	lr: 1.000e-02, eta: 3:54:00, time: 2.342, data_time: 0.047, memory: 8152, noise_inv_loss: 0.0009, clean_loss_rpn_cls: 0.0328, clean_loss_rpn_bbox: 0.0215, clean_loss_cls: 0.1349, clean_acc: 95.3584, clean_loss_bbox: 0.1518, clean_loss_mask: 0.3201, loss_rpn_cls: 0.0488, loss_rpn_bbox: 0.0230, loss_cls: 0.1475, acc: 95.3154, loss_bbox: 0.1485, loss_mask: 0.3605, loss: 1.3903
2026-06-30 19:53:56,685 - mmdet - INFO - Epoch [1][650/1324]	lr: 1.000e-02, eta: 3:51:45, time: 2.292, data_time: 0.044, memory: 8484, noise_inv_loss: 0.0009, clean_loss_rpn_cls: 0.0327, clean_loss_rpn_bbox: 0.0189, clean_loss_cls: 0.1270, clean_acc: 95.5957, clean_loss_bbox: 0.1379, clean_loss_mask: 0.3232, loss_rpn_cls: 0.0451, loss_rpn_bbox: 0.0202, loss_cls: 0.1355, acc: 95.6851, loss_bbox: 0.1349, loss_mask: 0.3607, loss: 1.3369
2026-06-30 19:55:52,249 - mmdet - INFO - Epoch [1][700/1324]	lr: 1.000e-02, eta: 3:49:41, time: 2.311, data_time: 0.045, memory: 8484, noise_inv_loss: 0.0009, clean_loss_rpn_cls: 0.0300, clean_loss_rpn_bbox: 0.0191, clean_loss_cls: 0.1279, clean_acc: 95.6821, clean_loss_bbox: 0.1408, clean_loss_mask: 0.3103, loss_rpn_cls: 0.0459, loss_rpn_bbox: 0.0209, loss_cls: 0.1423, acc: 95.6362, loss_bbox: 0.1373, loss_mask: 0.3582, loss: 1.3336
2026-06-30 19:57:47,400 - mmdet - INFO - Epoch [1][750/1324]	lr: 1.000e-02, eta: 3:47:35, time: 2.303, data_time: 0.047, memory: 8484, noise_inv_loss: 0.0009, clean_loss_rpn_cls: 0.0348, clean_loss_rpn_bbox: 0.0188, clean_loss_cls: 0.1332, clean_acc: 95.6182, clean_loss_bbox: 0.1383, clean_loss_mask: 0.3194, loss_rpn_cls: 0.0476, loss_rpn_bbox: 0.0204, loss_cls: 0.1470, acc: 95.5659, loss_bbox: 0.1382, loss_mask: 0.3630, loss: 1.3616
2026-06-30 19:59:45,392 - mmdet - INFO - Epoch [1][800/1324]	lr: 1.000e-02, eta: 3:45:51, time: 2.360, data_time: 0.051, memory: 8484, noise_inv_loss: 0.0009, clean_loss_rpn_cls: 0.0336, clean_loss_rpn_bbox: 0.0213, clean_loss_cls: 0.1333, clean_acc: 95.4312, clean_loss_bbox: 0.1507, clean_loss_mask: 0.3049, loss_rpn_cls: 0.0486, loss_rpn_bbox: 0.0230, loss_cls: 0.1472, acc: 95.3442, loss_bbox: 0.1511, loss_mask: 0.3402, loss: 1.3550
2026-06-30 20:01:40,574 - mmdet - INFO - Epoch [1][850/1324]	lr: 1.000e-02, eta: 3:43:46, time: 2.304, data_time: 0.041, memory: 8484, noise_inv_loss: 0.0009, clean_loss_rpn_cls: 0.0322, clean_loss_rpn_bbox: 0.0201, clean_loss_cls: 0.1301, clean_acc: 95.5137, clean_loss_bbox: 0.1473, clean_loss_mask: 0.3292, loss_rpn_cls: 0.0460, loss_rpn_bbox: 0.0213, loss_cls: 0.1431, acc: 95.4990, loss_bbox: 0.1448, loss_mask: 0.3675, loss: 1.3825
2026-06-30 20:03:37,756 - mmdet - INFO - Epoch [1][900/1324]	lr: 1.000e-02, eta: 3:41:55, time: 2.344, data_time: 0.047, memory: 8484, noise_inv_loss: 0.0009, clean_loss_rpn_cls: 0.0319, clean_loss_rpn_bbox: 0.0202, clean_loss_cls: 0.1313, clean_acc: 95.5537, clean_loss_bbox: 0.1480, clean_loss_mask: 0.3120, loss_rpn_cls: 0.0483, loss_rpn_bbox: 0.0223, loss_cls: 0.1453, acc: 95.4897, loss_bbox: 0.1449, loss_mask: 0.3479, loss: 1.3531
2026-06-30 20:05:31,757 - mmdet - INFO - Epoch [1][950/1324]	lr: 1.000e-02, eta: 3:39:44, time: 2.280, data_time: 0.047, memory: 8484, noise_inv_loss: 0.0009, clean_loss_rpn_cls: 0.0303, clean_loss_rpn_bbox: 0.0170, clean_loss_cls: 0.1250, clean_acc: 95.7754, clean_loss_bbox: 0.1336, clean_loss_mask: 0.3178, loss_rpn_cls: 0.0466, loss_rpn_bbox: 0.0187, loss_cls: 0.1370, acc: 95.7847, loss_bbox: 0.1318, loss_mask: 0.3626, loss: 1.3213
2026-06-30 20:07:25,610 - mmdet - INFO - Exp name: train_kaggle.py
2026-06-30 20:07:25,610 - mmdet - INFO - Epoch [1][1000/1324]	lr: 1.000e-02, eta: 3:37:35, time: 2.277, data_time: 0.040, memory: 8484, noise_inv_loss: 0.0009, clean_loss_rpn_cls: 0.0277, clean_loss_rpn_bbox: 0.0157, clean_loss_cls: 0.1189, clean_acc: 95.8032, clean_loss_bbox: 0.1342, clean_loss_mask: 0.3229, loss_rpn_cls: 0.0412, loss_rpn_bbox: 0.0170, loss_cls: 0.1330, acc: 95.7510, loss_bbox: 0.1306, loss_mask: 0.3623, loss: 1.3044
2026-06-30 20:09:22,475 - mmdet - INFO - Epoch [1][1050/1324]	lr: 1.000e-02, eta: 3:35:42, time: 2.337, data_time: 0.048, memory: 8484, noise_inv_loss: 0.0009, clean_loss_rpn_cls: 0.0336, clean_loss_rpn_bbox: 0.0204, clean_loss_cls: 0.1329, clean_acc: 95.4199, clean_loss_bbox: 0.1477, clean_loss_mask: 0.3274, loss_rpn_cls: 0.0477, loss_rpn_bbox: 0.0218, loss_cls: 0.1435, acc: 95.4229, loss_bbox: 0.1449, loss_mask: 0.3710, loss: 1.3917
2026-06-30 20:11:21,939 - mmdet - INFO - Epoch [1][1100/1324]	lr: 1.000e-02, eta: 3:34:02, time: 2.389, data_time: 0.052, memory: 8484, noise_inv_loss: 0.0009, clean_loss_rpn_cls: 0.0352, clean_loss_rpn_bbox: 0.0212, clean_loss_cls: 0.1399, clean_acc: 95.1553, clean_loss_bbox: 0.1554, clean_loss_mask: 0.3292, loss_rpn_cls: 0.0468, loss_rpn_bbox: 0.0226, loss_cls: 0.1564, acc: 95.0210, loss_bbox: 0.1575, loss_mask: 0.3709, loss: 1.4360
2026-06-30 20:13:20,184 - mmdet - INFO - Epoch [1][1150/1324]	lr: 1.000e-02, eta: 3:32:15, time: 2.365, data_time: 0.049, memory: 8484, noise_inv_loss: 0.0009, clean_loss_rpn_cls: 0.0335, clean_loss_rpn_bbox: 0.0183, clean_loss_cls: 0.1279, clean_acc: 95.7031, clean_loss_bbox: 0.1313, clean_loss_mask: 0.3137, loss_rpn_cls: 0.0456, loss_rpn_bbox: 0.0198, loss_cls: 0.1399, acc: 95.6284, loss_bbox: 0.1336, loss_mask: 0.3565, loss: 1.3209
2026-06-30 20:15:18,656 - mmdet - INFO - Epoch [1][1200/1324]	lr: 1.000e-02, eta: 3:30:28, time: 2.369, data_time: 0.052, memory: 8484, noise_inv_loss: 0.0009, clean_loss_rpn_cls: 0.0342, clean_loss_rpn_bbox: 0.0223, clean_loss_cls: 0.1402, clean_acc: 95.0835, clean_loss_bbox: 0.1552, clean_loss_mask: 0.3178, loss_rpn_cls: 0.0500, loss_rpn_bbox: 0.0245, loss_cls: 0.1525, acc: 95.1074, loss_bbox: 0.1540, loss_mask: 0.3583, loss: 1.4100
2026-06-30 20:17:16,698 - mmdet - INFO - Epoch [1][1250/1324]	lr: 1.000e-02, eta: 3:28:38, time: 2.361, data_time: 0.048, memory: 8484, noise_inv_loss: 0.0009, clean_loss_rpn_cls: 0.0327, clean_loss_rpn_bbox: 0.0202, clean_loss_cls: 0.1427, clean_acc: 95.0679, clean_loss_bbox: 0.1565, clean_loss_mask: 0.3175, loss_rpn_cls: 0.0456, loss_rpn_bbox: 0.0216, loss_cls: 0.1543, acc: 95.0679, loss_bbox: 0.1558, loss_mask: 0.3537, loss: 1.4015
2026-06-30 20:19:12,233 - mmdet - INFO - Epoch [1][1300/1324]	lr: 1.000e-02, eta: 3:26:37, time: 2.311, data_time: 0.045, memory: 8484, noise_inv_loss: 0.0009, clean_loss_rpn_cls: 0.0294, clean_loss_rpn_bbox: 0.0185, clean_loss_cls: 0.1281, clean_acc: 95.6558, clean_loss_bbox: 0.1411, clean_loss_mask: 0.3153, loss_rpn_cls: 0.0440, loss_rpn_bbox: 0.0199, loss_cls: 0.1405, acc: 95.5464, loss_bbox: 0.1410, loss_mask: 0.3545, loss: 1.3333
[                                                  ] 0/669, elapsed: 0s, ETA:
[                                 ] 1/669, 1.5 task/s, elapsed: 1s, ETA:   434s
[                                 ] 2/669, 2.8 task/s, elapsed: 1s, ETA:   240s
[                                 ] 3/669, 3.8 task/s, elapsed: 1s, ETA:   173s
[                                 ] 4/669, 4.5 task/s, elapsed: 1s, ETA:   148s
[                                 ] 5/669, 5.3 task/s, elapsed: 1s, ETA:   126s
[                                 ] 6/669, 5.7 task/s, elapsed: 1s, ETA:   117s
[                                 ] 7/669, 6.2 task/s, elapsed: 1s, ETA:   107s
[                                 ] 8/669, 6.1 task/s, elapsed: 1s, ETA:   109s
[                                 ] 9/669, 6.4 task/s, elapsed: 1s, ETA:   103s
[                                ] 10/669, 6.1 task/s, elapsed: 2s, ETA:   108s
[                                ] 11/669, 6.2 task/s, elapsed: 2s, ETA:   106s
[                                ] 12/669, 6.3 task/s, elapsed: 2s, ETA:   105s
[                                ] 13/669, 6.4 task/s, elapsed: 2s, ETA:   103s
[                                ] 14/669, 6.6 task/s, elapsed: 2s, ETA:   100s
[                                ] 15/669, 6.8 task/s, elapsed: 2s, ETA:    97s
[                                ] 16/669, 6.9 task/s, elapsed: 2s, ETA:    94s
[                                ] 17/669, 7.1 task/s, elapsed: 2s, ETA:    91s
[                                ] 18/669, 7.3 task/s, elapsed: 2s, ETA:    90s
[                                ] 19/669, 7.4 task/s, elapsed: 3s, ETA:    87s
[                                ] 20/669, 7.5 task/s, elapsed: 3s, ETA:    86s
[>                               ] 21/669, 7.7 task/s, elapsed: 3s, ETA:    84s
[>                               ] 22/669, 7.7 task/s, elapsed: 3s, ETA:    84s
[>                               ] 23/669, 7.9 task/s, elapsed: 3s, ETA:    82s
[>                               ] 24/669, 7.9 task/s, elapsed: 3s, ETA:    81s
[>                               ] 25/669, 8.0 task/s, elapsed: 3s, ETA:    80s
[>                               ] 26/669, 8.2 task/s, elapsed: 3s, ETA:    79s
[>                               ] 27/669, 8.3 task/s, elapsed: 3s, ETA:    78s
[>                               ] 28/669, 8.2 task/s, elapsed: 3s, ETA:    78s
[>                               ] 29/669, 8.3 task/s, elapsed: 4s, ETA:    77s
[>                               ] 30/669, 8.4 task/s, elapsed: 4s, ETA:    76s
[>                               ] 31/669, 8.5 task/s, elapsed: 4s, ETA:    75s
[>                               ] 32/669, 8.6 task/s, elapsed: 4s, ETA:    74s
[>                               ] 33/669, 8.6 task/s, elapsed: 4s, ETA:    74s
[>                               ] 34/669, 8.8 task/s, elapsed: 4s, ETA:    72s
[>                               ] 35/669, 8.9 task/s, elapsed: 4s, ETA:    72s
[>                               ] 36/669, 9.0 task/s, elapsed: 4s, ETA:    71s
[>                               ] 37/669, 9.1 task/s, elapsed: 4s, ETA:    70s
[>                               ] 38/669, 9.2 task/s, elapsed: 4s, ETA:    69s
[>                               ] 39/669, 9.2 task/s, elapsed: 4s, ETA:    68s
[>                               ] 40/669, 9.3 task/s, elapsed: 4s, ETA:    68s
[>                               ] 41/669, 9.4 task/s, elapsed: 4s, ETA:    67s
[>>                              ] 42/669, 9.5 task/s, elapsed: 4s, ETA:    66s
[>>                              ] 43/669, 9.5 task/s, elapsed: 5s, ETA:    66s
[>>                              ] 44/669, 9.5 task/s, elapsed: 5s, ETA:    66s
[>>                              ] 45/669, 9.6 task/s, elapsed: 5s, ETA:    65s
[>>                              ] 46/669, 9.6 task/s, elapsed: 5s, ETA:    65s
[>>                              ] 47/669, 9.6 task/s, elapsed: 5s, ETA:    65s
[>>                              ] 48/669, 9.7 task/s, elapsed: 5s, ETA:    64s
[>>                              ] 49/669, 9.8 task/s, elapsed: 5s, ETA:    63s
[>>                              ] 50/669, 9.8 task/s, elapsed: 5s, ETA:    63s
[>>                              ] 51/669, 9.8 task/s, elapsed: 5s, ETA:    63s
[>>                              ] 52/669, 9.8 task/s, elapsed: 5s, ETA:    63s
[>>                              ] 53/669, 9.8 task/s, elapsed: 5s, ETA:    63s
[>>                              ] 54/669, 9.8 task/s, elapsed: 5s, ETA:    62s
[>>                              ] 55/669, 9.9 task/s, elapsed: 6s, ETA:    62s
[>>                              ] 56/669, 9.9 task/s, elapsed: 6s, ETA:    62s
[>>                              ] 57/669, 9.9 task/s, elapsed: 6s, ETA:    62s
[>>                              ] 58/669, 9.9 task/s, elapsed: 6s, ETA:    62s
[>>                              ] 59/669, 9.8 task/s, elapsed: 6s, ETA:    62s
[>>                              ] 60/669, 9.9 task/s, elapsed: 6s, ETA:    62s
[>>                              ] 61/669, 9.8 task/s, elapsed: 6s, ETA:    62s
[>>                              ] 62/669, 9.8 task/s, elapsed: 6s, ETA:    62s
[>>>                             ] 63/669, 9.9 task/s, elapsed: 6s, ETA:    61s
[>>>                             ] 64/669, 9.9 task/s, elapsed: 6s, ETA:    61s
[>>>                             ] 65/669, 9.8 task/s, elapsed: 7s, ETA:    61s
[>>>                             ] 66/669, 9.8 task/s, elapsed: 7s, ETA:    61s
[>>>                             ] 67/669, 9.8 task/s, elapsed: 7s, ETA:    62s
[>>>                             ] 68/669, 9.6 task/s, elapsed: 7s, ETA:    63s
[>>>                             ] 69/669, 9.6 task/s, elapsed: 7s, ETA:    63s
[>>>                             ] 70/669, 9.6 task/s, elapsed: 7s, ETA:    63s
[>>>                             ] 71/669, 9.4 task/s, elapsed: 8s, ETA:    64s
[>>>                             ] 72/669, 9.4 task/s, elapsed: 8s, ETA:    64s
[>>>                             ] 73/669, 9.2 task/s, elapsed: 8s, ETA:    65s
[>>>                             ] 74/669, 9.2 task/s, elapsed: 8s, ETA:    65s
[>>>                             ] 75/669, 9.2 task/s, elapsed: 8s, ETA:    65s
[>>>                             ] 76/669, 9.2 task/s, elapsed: 8s, ETA:    65s
[>>>                             ] 77/669, 9.1 task/s, elapsed: 8s, ETA:    65s
[>>>                             ] 78/669, 9.0 task/s, elapsed: 9s, ETA:    66s
[>>>                             ] 79/669, 9.0 task/s, elapsed: 9s, ETA:    66s
[>>>                             ] 80/669, 8.9 task/s, elapsed: 9s, ETA:    66s
[>>>                             ] 81/669, 8.8 task/s, elapsed: 9s, ETA:    67s
[>>>                             ] 82/669, 8.8 task/s, elapsed: 9s, ETA:    66s
[>>>                             ] 83/669, 8.8 task/s, elapsed: 9s, ETA:    66s
[>>>                            ] 84/669, 8.8 task/s, elapsed: 10s, ETA:    67s
[>>>                            ] 85/669, 8.8 task/s, elapsed: 10s, ETA:    66s
[>>>                            ] 86/669, 8.7 task/s, elapsed: 10s, ETA:    67s
[>>>>                           ] 87/669, 8.6 task/s, elapsed: 10s, ETA:    68s
[>>>>                           ] 88/669, 8.5 task/s, elapsed: 10s, ETA:    68s
[>>>>                           ] 89/669, 8.5 task/s, elapsed: 11s, ETA:    69s
[>>>>                           ] 90/669, 8.4 task/s, elapsed: 11s, ETA:    69s
[>>>>                           ] 91/669, 8.4 task/s, elapsed: 11s, ETA:    68s
[>>>>                           ] 92/669, 8.5 task/s, elapsed: 11s, ETA:    68s
[>>>>                           ] 93/669, 8.4 task/s, elapsed: 11s, ETA:    68s
[>>>>                           ] 94/669, 8.5 task/s, elapsed: 11s, ETA:    68s
[>>>>                           ] 95/669, 8.5 task/s, elapsed: 11s, ETA:    67s
[>>>>                           ] 96/669, 8.5 task/s, elapsed: 11s, ETA:    67s
[>>>>                           ] 97/669, 8.6 task/s, elapsed: 11s, ETA:    67s
[>>>>                           ] 98/669, 8.6 task/s, elapsed: 11s, ETA:    67s
[>>>>                           ] 99/669, 8.6 task/s, elapsed: 12s, ETA:    67s
[>>>>                          ] 100/669, 8.6 task/s, elapsed: 12s, ETA:    66s
[>>>>                          ] 101/669, 8.6 task/s, elapsed: 12s, ETA:    66s
[>>>>                          ] 102/669, 8.6 task/s, elapsed: 12s, ETA:    66s
[>>>>                          ] 103/669, 8.7 task/s, elapsed: 12s, ETA:    65s
[>>>>                          ] 104/669, 8.7 task/s, elapsed: 12s, ETA:    65s
[>>>>                          ] 105/669, 8.7 task/s, elapsed: 12s, ETA:    65s
[>>>>                          ] 106/669, 8.7 task/s, elapsed: 12s, ETA:    65s
[>>>>                          ] 107/669, 8.7 task/s, elapsed: 12s, ETA:    65s
[>>>>                          ] 108/669, 8.7 task/s, elapsed: 12s, ETA:    65s
[>>>>                          ] 109/669, 8.7 task/s, elapsed: 13s, ETA:    65s
[>>>>                          ] 110/669, 8.7 task/s, elapsed: 13s, ETA:    64s
[>>>>                          ] 111/669, 8.7 task/s, elapsed: 13s, ETA:    64s
[>>>>>                         ] 112/669, 8.7 task/s, elapsed: 13s, ETA:    64s
[>>>>>                         ] 113/669, 8.6 task/s, elapsed: 13s, ETA:    64s
[>>>>>                         ] 114/669, 8.6 task/s, elapsed: 13s, ETA:    64s
[>>>>>                         ] 115/669, 8.6 task/s, elapsed: 13s, ETA:    64s
[>>>>>                         ] 116/669, 8.6 task/s, elapsed: 13s, ETA:    64s
[>>>>>                         ] 117/669, 8.7 task/s, elapsed: 14s, ETA:    64s
[>>>>>                         ] 118/669, 8.6 task/s, elapsed: 14s, ETA:    64s
[>>>>>                         ] 119/669, 8.6 task/s, elapsed: 14s, ETA:    64s
[>>>>>                         ] 120/669, 8.6 task/s, elapsed: 14s, ETA:    64s
[>>>>>                         ] 121/669, 8.5 task/s, elapsed: 14s, ETA:    64s
[>>>>>                         ] 122/669, 8.5 task/s, elapsed: 14s, ETA:    64s
[>>>>>                         ] 123/669, 8.5 task/s, elapsed: 14s, ETA:    64s
[>>>>>                         ] 124/669, 8.5 task/s, elapsed: 15s, ETA:    64s
[>>>>>                         ] 125/669, 8.5 task/s, elapsed: 15s, ETA:    64s
[>>>>>                         ] 126/669, 8.5 task/s, elapsed: 15s, ETA:    64s
[>>>>>                         ] 127/669, 8.6 task/s, elapsed: 15s, ETA:    63s
[>>>>>                         ] 128/669, 8.6 task/s, elapsed: 15s, ETA:    63s
[>>>>>                         ] 129/669, 8.6 task/s, elapsed: 15s, ETA:    63s
[>>>>>                         ] 130/669, 8.6 task/s, elapsed: 15s, ETA:    62s
[>>>>>                         ] 131/669, 8.6 task/s, elapsed: 15s, ETA:    62s
[>>>>>                         ] 132/669, 8.7 task/s, elapsed: 15s, ETA:    62s
[>>>>>                         ] 133/669, 8.7 task/s, elapsed: 15s, ETA:    62s
[>>>>>>                        ] 134/669, 8.7 task/s, elapsed: 15s, ETA:    61s
[>>>>>>                        ] 135/669, 8.8 task/s, elapsed: 15s, ETA:    61s
[>>>>>>                        ] 136/669, 8.8 task/s, elapsed: 16s, ETA:    61s
[>>>>>>                        ] 137/669, 8.8 task/s, elapsed: 16s, ETA:    61s
[>>>>>>                        ] 138/669, 8.8 task/s, elapsed: 16s, ETA:    61s
[>>>>>>                        ] 139/669, 8.7 task/s, elapsed: 16s, ETA:    61s
[>>>>>>                        ] 140/669, 8.8 task/s, elapsed: 16s, ETA:    60s
[>>>>>>                        ] 141/669, 8.8 task/s, elapsed: 16s, ETA:    60s
[>>>>>>                        ] 142/669, 8.8 task/s, elapsed: 16s, ETA:    60s
[>>>>>>                        ] 143/669, 8.8 task/s, elapsed: 16s, ETA:    60s
[>>>>>>                        ] 144/669, 8.8 task/s, elapsed: 16s, ETA:    60s
[>>>>>>                        ] 145/669, 8.8 task/s, elapsed: 17s, ETA:    60s
[>>>>>>                        ] 146/669, 8.7 task/s, elapsed: 17s, ETA:    60s
[>>>>>>                        ] 147/669, 8.8 task/s, elapsed: 17s, ETA:    60s
[>>>>>>                        ] 148/669, 8.8 task/s, elapsed: 17s, ETA:    59s
[>>>>>>                        ] 149/669, 8.7 task/s, elapsed: 17s, ETA:    60s
[>>>>>>                        ] 150/669, 8.7 task/s, elapsed: 17s, ETA:    60s
[>>>>>>                        ] 151/669, 8.7 task/s, elapsed: 17s, ETA:    60s
[>>>>>>                        ] 152/669, 8.7 task/s, elapsed: 18s, ETA:    60s
[>>>>>>                        ] 153/669, 8.7 task/s, elapsed: 18s, ETA:    59s
[>>>>>>                        ] 154/669, 8.7 task/s, elapsed: 18s, ETA:    59s
[>>>>>>                        ] 155/669, 8.7 task/s, elapsed: 18s, ETA:    59s
[>>>>>>                        ] 156/669, 8.7 task/s, elapsed: 18s, ETA:    59s
[>>>>>>>                       ] 157/669, 8.7 task/s, elapsed: 18s, ETA:    59s
[>>>>>>>                       ] 158/669, 8.8 task/s, elapsed: 18s, ETA:    58s
[>>>>>>>                       ] 159/669, 8.8 task/s, elapsed: 18s, ETA:    58s
[>>>>>>>                       ] 160/669, 8.8 task/s, elapsed: 18s, ETA:    58s
[>>>>>>>                       ] 161/669, 8.8 task/s, elapsed: 18s, ETA:    58s
[>>>>>>>                       ] 162/669, 8.8 task/s, elapsed: 18s, ETA:    57s
[>>>>>>>                       ] 163/669, 8.8 task/s, elapsed: 18s, ETA:    57s
[>>>>>>>                       ] 164/669, 8.9 task/s, elapsed: 18s, ETA:    57s
[>>>>>>>                       ] 165/669, 8.9 task/s, elapsed: 19s, ETA:    57s
[>>>>>>>                       ] 166/669, 8.9 task/s, elapsed: 19s, ETA:    57s
[>>>>>>>                       ] 167/669, 8.9 task/s, elapsed: 19s, ETA:    57s
[>>>>>>>                       ] 168/669, 8.9 task/s, elapsed: 19s, ETA:    56s
[>>>>>>>                       ] 169/669, 8.9 task/s, elapsed: 19s, ETA:    56s
[>>>>>>>                       ] 170/669, 8.9 task/s, elapsed: 19s, ETA:    56s
[>>>>>>>                       ] 171/669, 9.0 task/s, elapsed: 19s, ETA:    56s
[>>>>>>>                       ] 172/669, 9.0 task/s, elapsed: 19s, ETA:    55s
[>>>>>>>                       ] 173/669, 9.0 task/s, elapsed: 19s, ETA:    55s
[>>>>>>>                       ] 174/669, 9.0 task/s, elapsed: 19s, ETA:    55s
[>>>>>>>                       ] 175/669, 9.0 task/s, elapsed: 19s, ETA:    55s
[>>>>>>>                       ] 176/669, 9.0 task/s, elapsed: 19s, ETA:    55s
[>>>>>>>                       ] 177/669, 9.0 task/s, elapsed: 20s, ETA:    54s
[>>>>>>>                       ] 178/669, 9.1 task/s, elapsed: 20s, ETA:    54s
[>>>>>>>>                      ] 179/669, 9.1 task/s, elapsed: 20s, ETA:    54s
[>>>>>>>>                      ] 180/669, 9.1 task/s, elapsed: 20s, ETA:    54s
[>>>>>>>>                      ] 181/669, 9.1 task/s, elapsed: 20s, ETA:    54s
[>>>>>>>>                      ] 182/669, 9.1 task/s, elapsed: 20s, ETA:    54s
[>>>>>>>>                      ] 183/669, 9.1 task/s, elapsed: 20s, ETA:    53s
[>>>>>>>>                      ] 184/669, 9.1 task/s, elapsed: 20s, ETA:    53s
[>>>>>>>>                      ] 185/669, 9.2 task/s, elapsed: 20s, ETA:    53s
[>>>>>>>>                      ] 186/669, 9.2 task/s, elapsed: 20s, ETA:    53s
[>>>>>>>>                      ] 187/669, 9.1 task/s, elapsed: 21s, ETA:    53s
[>>>>>>>>                      ] 188/669, 9.1 task/s, elapsed: 21s, ETA:    53s
[>>>>>>>>                      ] 189/669, 9.1 task/s, elapsed: 21s, ETA:    53s
[>>>>>>>>                      ] 190/669, 9.0 task/s, elapsed: 21s, ETA:    53s
[>>>>>>>>                      ] 191/669, 8.9 task/s, elapsed: 21s, ETA:    54s
[>>>>>>>>                      ] 192/669, 8.9 task/s, elapsed: 22s, ETA:    54s
[>>>>>>>>                      ] 193/669, 8.9 task/s, elapsed: 22s, ETA:    54s
[>>>>>>>>                      ] 194/669, 8.8 task/s, elapsed: 22s, ETA:    54s
[>>>>>>>>                      ] 195/669, 8.8 task/s, elapsed: 22s, ETA:    54s
[>>>>>>>>                      ] 196/669, 8.8 task/s, elapsed: 22s, ETA:    54s
[>>>>>>>>                      ] 197/669, 8.6 task/s, elapsed: 23s, ETA:    55s
[>>>>>>>>                      ] 198/669, 8.7 task/s, elapsed: 23s, ETA:    54s
[>>>>>>>>                      ] 199/669, 8.6 task/s, elapsed: 23s, ETA:    55s
[>>>>>>>>                      ] 200/669, 8.6 task/s, elapsed: 23s, ETA:    55s
[>>>>>>>>>                     ] 201/669, 8.4 task/s, elapsed: 24s, ETA:    55s
[>>>>>>>>>                     ] 202/669, 8.5 task/s, elapsed: 24s, ETA:    55s
[>>>>>>>>>                     ] 203/669, 8.4 task/s, elapsed: 24s, ETA:    55s
[>>>>>>>>>                     ] 204/669, 8.4 task/s, elapsed: 24s, ETA:    55s
[>>>>>>>>>                     ] 205/669, 8.4 task/s, elapsed: 24s, ETA:    55s
[>>>>>>>>>                     ] 206/669, 8.4 task/s, elapsed: 24s, ETA:    55s
[>>>>>>>>>                     ] 207/669, 8.4 task/s, elapsed: 25s, ETA:    55s
[>>>>>>>>>                     ] 208/669, 8.4 task/s, elapsed: 25s, ETA:    55s
[>>>>>>>>>                     ] 209/669, 8.4 task/s, elapsed: 25s, ETA:    55s
[>>>>>>>>>                     ] 210/669, 8.4 task/s, elapsed: 25s, ETA:    55s
[>>>>>>>>>                     ] 211/669, 8.4 task/s, elapsed: 25s, ETA:    55s
[>>>>>>>>>                     ] 212/669, 8.4 task/s, elapsed: 25s, ETA:    54s
[>>>>>>>>>                     ] 213/669, 8.4 task/s, elapsed: 25s, ETA:    54s
[>>>>>>>>>                     ] 214/669, 8.4 task/s, elapsed: 26s, ETA:    54s
[>>>>>>>>>                     ] 215/669, 8.4 task/s, elapsed: 26s, ETA:    54s
[>>>>>>>>>                     ] 216/669, 8.4 task/s, elapsed: 26s, ETA:    54s
[>>>>>>>>>                     ] 217/669, 8.4 task/s, elapsed: 26s, ETA:    54s
[>>>>>>>>>                     ] 218/669, 8.4 task/s, elapsed: 26s, ETA:    54s
[>>>>>>>>>                     ] 219/669, 8.4 task/s, elapsed: 26s, ETA:    54s
[>>>>>>>>>                     ] 220/669, 8.4 task/s, elapsed: 26s, ETA:    54s
[>>>>>>>>>                     ] 221/669, 8.4 task/s, elapsed: 26s, ETA:    53s
[>>>>>>>>>                     ] 222/669, 8.4 task/s, elapsed: 26s, ETA:    53s
[>>>>>>>>>>                    ] 223/669, 8.4 task/s, elapsed: 27s, ETA:    53s
[>>>>>>>>>>                    ] 224/669, 8.4 task/s, elapsed: 27s, ETA:    53s
[>>>>>>>>>>                    ] 225/669, 8.4 task/s, elapsed: 27s, ETA:    53s
[>>>>>>>>>>                    ] 226/669, 8.4 task/s, elapsed: 27s, ETA:    53s
[>>>>>>>>>>                    ] 227/669, 8.4 task/s, elapsed: 27s, ETA:    53s
[>>>>>>>>>>                    ] 228/669, 8.4 task/s, elapsed: 27s, ETA:    52s
[>>>>>>>>>>                    ] 229/669, 8.4 task/s, elapsed: 27s, ETA:    52s
[>>>>>>>>>>                    ] 230/669, 8.4 task/s, elapsed: 27s, ETA:    52s
[>>>>>>>>>>                    ] 231/669, 8.5 task/s, elapsed: 27s, ETA:    52s
[>>>>>>>>>>                    ] 232/669, 8.5 task/s, elapsed: 27s, ETA:    52s
[>>>>>>>>>>                    ] 233/669, 8.5 task/s, elapsed: 27s, ETA:    51s
[>>>>>>>>>>                    ] 234/669, 8.5 task/s, elapsed: 28s, ETA:    51s
[>>>>>>>>>>                    ] 235/669, 8.5 task/s, elapsed: 28s, ETA:    51s
[>>>>>>>>>>                    ] 236/669, 8.5 task/s, elapsed: 28s, ETA:    51s
[>>>>>>>>>>                    ] 237/669, 8.5 task/s, elapsed: 28s, ETA:    51s
[>>>>>>>>>>                    ] 238/669, 8.5 task/s, elapsed: 28s, ETA:    50s
[>>>>>>>>>>                    ] 239/669, 8.5 task/s, elapsed: 28s, ETA:    50s
[>>>>>>>>>>                    ] 240/669, 8.5 task/s, elapsed: 28s, ETA:    50s
[>>>>>>>>>>                    ] 241/669, 8.5 task/s, elapsed: 28s, ETA:    50s
[>>>>>>>>>>                    ] 242/669, 8.5 task/s, elapsed: 28s, ETA:    50s
[>>>>>>>>>>                    ] 243/669, 8.5 task/s, elapsed: 28s, ETA:    50s
[>>>>>>>>>>                    ] 244/669, 8.5 task/s, elapsed: 29s, ETA:    50s
[>>>>>>>>>>                    ] 245/669, 8.5 task/s, elapsed: 29s, ETA:    50s
[>>>>>>>>>>>                   ] 246/669, 8.5 task/s, elapsed: 29s, ETA:    50s
[>>>>>>>>>>>                   ] 247/669, 8.5 task/s, elapsed: 29s, ETA:    50s
[>>>>>>>>>>>                   ] 248/669, 8.5 task/s, elapsed: 29s, ETA:    49s
[>>>>>>>>>>>                   ] 249/669, 8.5 task/s, elapsed: 29s, ETA:    49s
[>>>>>>>>>>>                   ] 250/669, 8.5 task/s, elapsed: 29s, ETA:    49s
[>>>>>>>>>>>                   ] 251/669, 8.5 task/s, elapsed: 29s, ETA:    49s
[>>>>>>>>>>>                   ] 252/669, 8.5 task/s, elapsed: 30s, ETA:    49s
[>>>>>>>>>>>                   ] 253/669, 8.5 task/s, elapsed: 30s, ETA:    49s
[>>>>>>>>>>>                   ] 254/669, 8.5 task/s, elapsed: 30s, ETA:    49s
[>>>>>>>>>>>                   ] 255/669, 8.5 task/s, elapsed: 30s, ETA:    49s
[>>>>>>>>>>>                   ] 256/669, 8.5 task/s, elapsed: 30s, ETA:    49s
[>>>>>>>>>>>                   ] 257/669, 8.5 task/s, elapsed: 30s, ETA:    48s
[>>>>>>>>>>>                   ] 258/669, 8.5 task/s, elapsed: 30s, ETA:    48s
[>>>>>>>>>>>                   ] 259/669, 8.5 task/s, elapsed: 30s, ETA:    48s
[>>>>>>>>>>>                   ] 260/669, 8.5 task/s, elapsed: 31s, ETA:    48s
[>>>>>>>>>>>                   ] 261/669, 8.5 task/s, elapsed: 31s, ETA:    48s
[>>>>>>>>>>>                   ] 262/669, 8.4 task/s, elapsed: 31s, ETA:    48s
[>>>>>>>>>>>                   ] 263/669, 8.4 task/s, elapsed: 31s, ETA:    48s
[>>>>>>>>>>>                   ] 264/669, 8.4 task/s, elapsed: 31s, ETA:    48s
[>>>>>>>>>>>                   ] 265/669, 8.4 task/s, elapsed: 31s, ETA:    48s
[>>>>>>>>>>>                   ] 266/669, 8.4 task/s, elapsed: 32s, ETA:    48s
[>>>>>>>>>>>                   ] 267/669, 8.4 task/s, elapsed: 32s, ETA:    48s
[>>>>>>>>>>>>                  ] 268/669, 8.4 task/s, elapsed: 32s, ETA:    48s
[>>>>>>>>>>>>                  ] 269/669, 8.4 task/s, elapsed: 32s, ETA:    48s
[>>>>>>>>>>>>                  ] 270/669, 8.4 task/s, elapsed: 32s, ETA:    48s
[>>>>>>>>>>>>                  ] 271/669, 8.4 task/s, elapsed: 32s, ETA:    48s
[>>>>>>>>>>>>                  ] 272/669, 8.4 task/s, elapsed: 32s, ETA:    47s
[>>>>>>>>>>>>                  ] 273/669, 8.4 task/s, elapsed: 33s, ETA:    47s
[>>>>>>>>>>>>                  ] 274/669, 8.4 task/s, elapsed: 33s, ETA:    47s
[>>>>>>>>>>>>                  ] 275/669, 8.4 task/s, elapsed: 33s, ETA:    47s
[>>>>>>>>>>>>                  ] 276/669, 8.3 task/s, elapsed: 33s, ETA:    47s
[>>>>>>>>>>>>                  ] 277/669, 8.3 task/s, elapsed: 33s, ETA:    47s
[>>>>>>>>>>>>                  ] 278/669, 8.4 task/s, elapsed: 33s, ETA:    47s
[>>>>>>>>>>>>                  ] 279/669, 8.4 task/s, elapsed: 33s, ETA:    47s
[>>>>>>>>>>>>                  ] 280/669, 8.4 task/s, elapsed: 34s, ETA:    47s
[>>>>>>>>>>>>                  ] 281/669, 8.3 task/s, elapsed: 34s, ETA:    47s
[>>>>>>>>>>>>                  ] 282/669, 8.4 task/s, elapsed: 34s, ETA:    46s
[>>>>>>>>>>>>                  ] 283/669, 8.3 task/s, elapsed: 34s, ETA:    46s
[>>>>>>>>>>>>                  ] 284/669, 8.3 task/s, elapsed: 34s, ETA:    46s
[>>>>>>>>>>>>                  ] 285/669, 8.3 task/s, elapsed: 34s, ETA:    46s
[>>>>>>>>>>>>                  ] 286/669, 8.3 task/s, elapsed: 34s, ETA:    46s
[>>>>>>>>>>>>                  ] 287/669, 8.3 task/s, elapsed: 34s, ETA:    46s
[>>>>>>>>>>>>                  ] 288/669, 8.3 task/s, elapsed: 35s, ETA:    46s
[>>>>>>>>>>>>                  ] 289/669, 8.3 task/s, elapsed: 35s, ETA:    46s
[>>>>>>>>>>>>>                 ] 290/669, 8.4 task/s, elapsed: 35s, ETA:    45s
[>>>>>>>>>>>>>                 ] 291/669, 8.4 task/s, elapsed: 35s, ETA:    45s
[>>>>>>>>>>>>>                 ] 292/669, 8.4 task/s, elapsed: 35s, ETA:    45s
[>>>>>>>>>>>>>                 ] 293/669, 8.4 task/s, elapsed: 35s, ETA:    45s
[>>>>>>>>>>>>>                 ] 294/669, 8.4 task/s, elapsed: 35s, ETA:    45s
[>>>>>>>>>>>>>                 ] 295/669, 8.4 task/s, elapsed: 35s, ETA:    45s
[>>>>>>>>>>>>>                 ] 296/669, 8.4 task/s, elapsed: 35s, ETA:    44s
[>>>>>>>>>>>>>                 ] 297/669, 8.4 task/s, elapsed: 35s, ETA:    44s
[>>>>>>>>>>>>>                 ] 298/669, 8.4 task/s, elapsed: 35s, ETA:    44s
[>>>>>>>>>>>>>                 ] 299/669, 8.4 task/s, elapsed: 36s, ETA:    44s
[>>>>>>>>>>>>>                 ] 300/669, 8.4 task/s, elapsed: 36s, ETA:    44s
[>>>>>>>>>>>>>                 ] 301/669, 8.4 task/s, elapsed: 36s, ETA:    44s
[>>>>>>>>>>>>>                 ] 302/669, 8.4 task/s, elapsed: 36s, ETA:    44s
[>>>>>>>>>>>>>                 ] 303/669, 8.4 task/s, elapsed: 36s, ETA:    44s
[>>>>>>>>>>>>>                 ] 304/669, 8.4 task/s, elapsed: 36s, ETA:    44s
[>>>>>>>>>>>>>                 ] 305/669, 8.4 task/s, elapsed: 36s, ETA:    43s
[>>>>>>>>>>>>>                 ] 306/669, 8.4 task/s, elapsed: 36s, ETA:    43s
[>>>>>>>>>>>>>                 ] 307/669, 8.4 task/s, elapsed: 37s, ETA:    43s
[>>>>>>>>>>>>>                 ] 308/669, 8.4 task/s, elapsed: 37s, ETA:    43s
[>>>>>>>>>>>>>                 ] 309/669, 8.4 task/s, elapsed: 37s, ETA:    43s
[>>>>>>>>>>>>>                 ] 310/669, 8.4 task/s, elapsed: 37s, ETA:    43s
[>>>>>>>>>>>>>                 ] 311/669, 8.4 task/s, elapsed: 37s, ETA:    43s
[>>>>>>>>>>>>>                 ] 312/669, 8.4 task/s, elapsed: 37s, ETA:    42s
[>>>>>>>>>>>>>>                ] 313/669, 8.4 task/s, elapsed: 37s, ETA:    42s
[>>>>>>>>>>>>>>                ] 314/669, 8.4 task/s, elapsed: 37s, ETA:    42s
[>>>>>>>>>>>>>>                ] 315/669, 8.4 task/s, elapsed: 38s, ETA:    42s
[>>>>>>>>>>>>>>                ] 316/669, 8.4 task/s, elapsed: 38s, ETA:    42s
[>>>>>>>>>>>>>>                ] 317/669, 8.4 task/s, elapsed: 38s, ETA:    42s
[>>>>>>>>>>>>>>                ] 318/669, 8.4 task/s, elapsed: 38s, ETA:    42s
[>>>>>>>>>>>>>>                ] 319/669, 8.4 task/s, elapsed: 38s, ETA:    42s
[>>>>>>>>>>>>>>                ] 320/669, 8.3 task/s, elapsed: 38s, ETA:    42s
[>>>>>>>>>>>>>>                ] 321/669, 8.3 task/s, elapsed: 39s, ETA:    42s
[>>>>>>>>>>>>>>                ] 322/669, 8.3 task/s, elapsed: 39s, ETA:    42s
[>>>>>>>>>>>>>>                ] 323/669, 8.3 task/s, elapsed: 39s, ETA:    42s
[>>>>>>>>>>>>>>                ] 324/669, 8.3 task/s, elapsed: 39s, ETA:    41s
[>>>>>>>>>>>>>>                ] 325/669, 8.3 task/s, elapsed: 39s, ETA:    41s
[>>>>>>>>>>>>>>                ] 326/669, 8.3 task/s, elapsed: 39s, ETA:    41s
[>>>>>>>>>>>>>>                ] 327/669, 8.3 task/s, elapsed: 39s, ETA:    41s
[>>>>>>>>>>>>>>                ] 328/669, 8.3 task/s, elapsed: 39s, ETA:    41s
[>>>>>>>>>>>>>>                ] 329/669, 8.3 task/s, elapsed: 39s, ETA:    41s
[>>>>>>>>>>>>>>                ] 330/669, 8.3 task/s, elapsed: 40s, ETA:    41s
[>>>>>>>>>>>>>>                ] 331/669, 8.4 task/s, elapsed: 40s, ETA:    40s
[>>>>>>>>>>>>>>                ] 332/669, 8.4 task/s, elapsed: 40s, ETA:    40s
[>>>>>>>>>>>>>>                ] 333/669, 8.4 task/s, elapsed: 40s, ETA:    40s
[>>>>>>>>>>>>>>                ] 334/669, 8.4 task/s, elapsed: 40s, ETA:    40s
[>>>>>>>>>>>>>>>               ] 335/669, 8.4 task/s, elapsed: 40s, ETA:    40s
[>>>>>>>>>>>>>>>               ] 336/669, 8.4 task/s, elapsed: 40s, ETA:    40s
[>>>>>>>>>>>>>>>               ] 337/669, 8.3 task/s, elapsed: 40s, ETA:    40s
[>>>>>>>>>>>>>>>               ] 338/669, 8.3 task/s, elapsed: 41s, ETA:    40s
[>>>>>>>>>>>>>>>               ] 339/669, 8.3 task/s, elapsed: 41s, ETA:    40s
[>>>>>>>>>>>>>>>               ] 340/669, 8.3 task/s, elapsed: 41s, ETA:    40s
[>>>>>>>>>>>>>>>               ] 341/669, 8.3 task/s, elapsed: 41s, ETA:    39s
[>>>>>>>>>>>>>>>               ] 342/669, 8.3 task/s, elapsed: 41s, ETA:    39s
[>>>>>>>>>>>>>>>               ] 343/669, 8.3 task/s, elapsed: 41s, ETA:    39s
[>>>>>>>>>>>>>>>               ] 344/669, 8.3 task/s, elapsed: 41s, ETA:    39s
[>>>>>>>>>>>>>>>               ] 345/669, 8.4 task/s, elapsed: 41s, ETA:    39s
[>>>>>>>>>>>>>>>               ] 346/669, 8.4 task/s, elapsed: 41s, ETA:    39s
[>>>>>>>>>>>>>>>               ] 347/669, 8.4 task/s, elapsed: 41s, ETA:    38s
[>>>>>>>>>>>>>>>               ] 348/669, 8.4 task/s, elapsed: 41s, ETA:    38s
[>>>>>>>>>>>>>>>               ] 349/669, 8.4 task/s, elapsed: 42s, ETA:    38s
[>>>>>>>>>>>>>>>               ] 350/669, 8.4 task/s, elapsed: 42s, ETA:    38s
[>>>>>>>>>>>>>>>               ] 351/669, 8.4 task/s, elapsed: 42s, ETA:    38s
[>>>>>>>>>>>>>>>               ] 352/669, 8.4 task/s, elapsed: 42s, ETA:    38s
[>>>>>>>>>>>>>>>               ] 353/669, 8.4 task/s, elapsed: 42s, ETA:    37s
[>>>>>>>>>>>>>>>               ] 354/669, 8.4 task/s, elapsed: 42s, ETA:    37s
[>>>>>>>>>>>>>>>               ] 355/669, 8.4 task/s, elapsed: 42s, ETA:    37s
[>>>>>>>>>>>>>>>               ] 356/669, 8.4 task/s, elapsed: 42s, ETA:    37s
[>>>>>>>>>>>>>>>>              ] 357/669, 8.5 task/s, elapsed: 42s, ETA:    37s
[>>>>>>>>>>>>>>>>              ] 358/669, 8.5 task/s, elapsed: 42s, ETA:    37s
[>>>>>>>>>>>>>>>>              ] 359/669, 8.5 task/s, elapsed: 42s, ETA:    37s
[>>>>>>>>>>>>>>>>              ] 360/669, 8.5 task/s, elapsed: 42s, ETA:    36s
[>>>>>>>>>>>>>>>>              ] 361/669, 8.5 task/s, elapsed: 43s, ETA:    36s
[>>>>>>>>>>>>>>>>              ] 362/669, 8.5 task/s, elapsed: 43s, ETA:    36s
[>>>>>>>>>>>>>>>>              ] 363/669, 8.5 task/s, elapsed: 43s, ETA:    36s
[>>>>>>>>>>>>>>>>              ] 364/669, 8.5 task/s, elapsed: 43s, ETA:    36s
[>>>>>>>>>>>>>>>>              ] 365/669, 8.5 task/s, elapsed: 43s, ETA:    36s
[>>>>>>>>>>>>>>>>              ] 366/669, 8.5 task/s, elapsed: 43s, ETA:    36s
[>>>>>>>>>>>>>>>>              ] 367/669, 8.5 task/s, elapsed: 43s, ETA:    35s
[>>>>>>>>>>>>>>>>              ] 368/669, 8.5 task/s, elapsed: 43s, ETA:    35s
[>>>>>>>>>>>>>>>>              ] 369/669, 8.5 task/s, elapsed: 43s, ETA:    35s
[>>>>>>>>>>>>>>>>              ] 370/669, 8.5 task/s, elapsed: 43s, ETA:    35s
[>>>>>>>>>>>>>>>>              ] 371/669, 8.5 task/s, elapsed: 43s, ETA:    35s
[>>>>>>>>>>>>>>>>              ] 372/669, 8.5 task/s, elapsed: 44s, ETA:    35s
[>>>>>>>>>>>>>>>>              ] 373/669, 8.5 task/s, elapsed: 44s, ETA:    35s
[>>>>>>>>>>>>>>>>              ] 374/669, 8.5 task/s, elapsed: 44s, ETA:    35s
[>>>>>>>>>>>>>>>>              ] 375/669, 8.5 task/s, elapsed: 44s, ETA:    34s
[>>>>>>>>>>>>>>>>              ] 376/669, 8.5 task/s, elapsed: 44s, ETA:    34s
[>>>>>>>>>>>>>>>>              ] 377/669, 8.5 task/s, elapsed: 44s, ETA:    34s
[>>>>>>>>>>>>>>>>              ] 378/669, 8.5 task/s, elapsed: 44s, ETA:    34s
[>>>>>>>>>>>>>>>>              ] 379/669, 8.6 task/s, elapsed: 44s, ETA:    34s
[>>>>>>>>>>>>>>>>>             ] 380/669, 8.6 task/s, elapsed: 44s, ETA:    34s
[>>>>>>>>>>>>>>>>>             ] 381/669, 8.6 task/s, elapsed: 44s, ETA:    34s
[>>>>>>>>>>>>>>>>>             ] 382/669, 8.6 task/s, elapsed: 45s, ETA:    33s
[>>>>>>>>>>>>>>>>>             ] 383/669, 8.6 task/s, elapsed: 45s, ETA:    33s
[>>>>>>>>>>>>>>>>>             ] 384/669, 8.6 task/s, elapsed: 45s, ETA:    33s
[>>>>>>>>>>>>>>>>>             ] 385/669, 8.6 task/s, elapsed: 45s, ETA:    33s
[>>>>>>>>>>>>>>>>>             ] 386/669, 8.6 task/s, elapsed: 45s, ETA:    33s
[>>>>>>>>>>>>>>>>>             ] 387/669, 8.6 task/s, elapsed: 45s, ETA:    33s
[>>>>>>>>>>>>>>>>>             ] 388/669, 8.6 task/s, elapsed: 45s, ETA:    33s
[>>>>>>>>>>>>>>>>>             ] 389/669, 8.6 task/s, elapsed: 45s, ETA:    32s
[>>>>>>>>>>>>>>>>>             ] 390/669, 8.6 task/s, elapsed: 45s, ETA:    32s
[>>>>>>>>>>>>>>>>>             ] 391/669, 8.6 task/s, elapsed: 45s, ETA:    32s
[>>>>>>>>>>>>>>>>>             ] 392/669, 8.6 task/s, elapsed: 45s, ETA:    32s
[>>>>>>>>>>>>>>>>>             ] 393/669, 8.7 task/s, elapsed: 45s, ETA:    32s
[>>>>>>>>>>>>>>>>>             ] 394/669, 8.7 task/s, elapsed: 46s, ETA:    32s
[>>>>>>>>>>>>>>>>>             ] 395/669, 8.7 task/s, elapsed: 46s, ETA:    32s
[>>>>>>>>>>>>>>>>>             ] 396/669, 8.7 task/s, elapsed: 46s, ETA:    32s
[>>>>>>>>>>>>>>>>>             ] 397/669, 8.7 task/s, elapsed: 46s, ETA:    31s
[>>>>>>>>>>>>>>>>>             ] 398/669, 8.7 task/s, elapsed: 46s, ETA:    31s
[>>>>>>>>>>>>>>>>>             ] 399/669, 8.7 task/s, elapsed: 46s, ETA:    31s
[>>>>>>>>>>>>>>>>>             ] 400/669, 8.7 task/s, elapsed: 46s, ETA:    31s
[>>>>>>>>>>>>>>>>>             ] 401/669, 8.7 task/s, elapsed: 46s, ETA:    31s
[>>>>>>>>>>>>>>>>>>            ] 402/669, 8.7 task/s, elapsed: 46s, ETA:    31s
[>>>>>>>>>>>>>>>>>>            ] 403/669, 8.7 task/s, elapsed: 46s, ETA:    31s
[>>>>>>>>>>>>>>>>>>            ] 404/669, 8.7 task/s, elapsed: 46s, ETA:    30s
[>>>>>>>>>>>>>>>>>>            ] 405/669, 8.7 task/s, elapsed: 46s, ETA:    30s
[>>>>>>>>>>>>>>>>>>            ] 406/669, 8.7 task/s, elapsed: 46s, ETA:    30s
[>>>>>>>>>>>>>>>>>>            ] 407/669, 8.7 task/s, elapsed: 47s, ETA:    30s
[>>>>>>>>>>>>>>>>>>            ] 408/669, 8.8 task/s, elapsed: 47s, ETA:    30s
[>>>>>>>>>>>>>>>>>>            ] 409/669, 8.8 task/s, elapsed: 47s, ETA:    30s
[>>>>>>>>>>>>>>>>>>            ] 410/669, 8.8 task/s, elapsed: 47s, ETA:    30s
[>>>>>>>>>>>>>>>>>>            ] 411/669, 8.8 task/s, elapsed: 47s, ETA:    29s
[>>>>>>>>>>>>>>>>>>            ] 412/669, 8.8 task/s, elapsed: 47s, ETA:    29s
[>>>>>>>>>>>>>>>>>>            ] 413/669, 8.8 task/s, elapsed: 47s, ETA:    29s
[>>>>>>>>>>>>>>>>>>            ] 414/669, 8.8 task/s, elapsed: 47s, ETA:    29s
[>>>>>>>>>>>>>>>>>>            ] 415/669, 8.8 task/s, elapsed: 47s, ETA:    29s
[>>>>>>>>>>>>>>>>>>            ] 416/669, 8.8 task/s, elapsed: 47s, ETA:    29s
[>>>>>>>>>>>>>>>>>>            ] 417/669, 8.8 task/s, elapsed: 47s, ETA:    29s
[>>>>>>>>>>>>>>>>>>            ] 418/669, 8.8 task/s, elapsed: 48s, ETA:    29s
[>>>>>>>>>>>>>>>>>>            ] 419/669, 8.8 task/s, elapsed: 48s, ETA:    28s
[>>>>>>>>>>>>>>>>>>            ] 420/669, 8.8 task/s, elapsed: 48s, ETA:    28s
[>>>>>>>>>>>>>>>>>>            ] 421/669, 8.8 task/s, elapsed: 48s, ETA:    28s
[>>>>>>>>>>>>>>>>>>            ] 422/669, 8.8 task/s, elapsed: 48s, ETA:    28s
[>>>>>>>>>>>>>>>>>>            ] 423/669, 8.8 task/s, elapsed: 48s, ETA:    28s
[>>>>>>>>>>>>>>>>>>>           ] 424/669, 8.8 task/s, elapsed: 48s, ETA:    28s
[>>>>>>>>>>>>>>>>>>>           ] 425/669, 8.8 task/s, elapsed: 48s, ETA:    28s
[>>>>>>>>>>>>>>>>>>>           ] 426/669, 8.8 task/s, elapsed: 48s, ETA:    27s
[>>>>>>>>>>>>>>>>>>>           ] 427/669, 8.8 task/s, elapsed: 48s, ETA:    27s
[>>>>>>>>>>>>>>>>>>>           ] 428/669, 8.8 task/s, elapsed: 48s, ETA:    27s
[>>>>>>>>>>>>>>>>>>>           ] 429/669, 8.9 task/s, elapsed: 48s, ETA:    27s
[>>>>>>>>>>>>>>>>>>>           ] 430/669, 8.9 task/s, elapsed: 49s, ETA:    27s
[>>>>>>>>>>>>>>>>>>>           ] 431/669, 8.9 task/s, elapsed: 49s, ETA:    27s
[>>>>>>>>>>>>>>>>>>>           ] 432/669, 8.9 task/s, elapsed: 49s, ETA:    27s
[>>>>>>>>>>>>>>>>>>>           ] 433/669, 8.9 task/s, elapsed: 49s, ETA:    27s
[>>>>>>>>>>>>>>>>>>>           ] 434/669, 8.9 task/s, elapsed: 49s, ETA:    26s
[>>>>>>>>>>>>>>>>>>>           ] 435/669, 8.9 task/s, elapsed: 49s, ETA:    26s
[>>>>>>>>>>>>>>>>>>>           ] 436/669, 8.9 task/s, elapsed: 49s, ETA:    26s
[>>>>>>>>>>>>>>>>>>>           ] 437/669, 8.9 task/s, elapsed: 49s, ETA:    26s
[>>>>>>>>>>>>>>>>>>>           ] 438/669, 8.9 task/s, elapsed: 49s, ETA:    26s
[>>>>>>>>>>>>>>>>>>>           ] 439/669, 8.9 task/s, elapsed: 49s, ETA:    26s
[>>>>>>>>>>>>>>>>>>>           ] 440/669, 8.9 task/s, elapsed: 49s, ETA:    26s
[>>>>>>>>>>>>>>>>>>>           ] 441/669, 8.9 task/s, elapsed: 49s, ETA:    26s
[>>>>>>>>>>>>>>>>>>>           ] 442/669, 8.9 task/s, elapsed: 50s, ETA:    25s
[>>>>>>>>>>>>>>>>>>>           ] 443/669, 8.9 task/s, elapsed: 50s, ETA:    25s
[>>>>>>>>>>>>>>>>>>>           ] 444/669, 8.9 task/s, elapsed: 50s, ETA:    25s
[>>>>>>>>>>>>>>>>>>>           ] 445/669, 8.9 task/s, elapsed: 50s, ETA:    25s
[>>>>>>>>>>>>>>>>>>>>          ] 446/669, 8.9 task/s, elapsed: 50s, ETA:    25s
[>>>>>>>>>>>>>>>>>>>>          ] 447/669, 8.9 task/s, elapsed: 50s, ETA:    25s
[>>>>>>>>>>>>>>>>>>>>          ] 448/669, 8.9 task/s, elapsed: 50s, ETA:    25s
[>>>>>>>>>>>>>>>>>>>>          ] 449/669, 9.0 task/s, elapsed: 50s, ETA:    25s
[>>>>>>>>>>>>>>>>>>>>          ] 450/669, 9.0 task/s, elapsed: 50s, ETA:    24s
[>>>>>>>>>>>>>>>>>>>>          ] 451/669, 9.0 task/s, elapsed: 50s, ETA:    24s
[>>>>>>>>>>>>>>>>>>>>          ] 452/669, 9.0 task/s, elapsed: 50s, ETA:    24s
[>>>>>>>>>>>>>>>>>>>>          ] 453/669, 9.0 task/s, elapsed: 51s, ETA:    24s
[>>>>>>>>>>>>>>>>>>>>          ] 454/669, 9.0 task/s, elapsed: 51s, ETA:    24s
[>>>>>>>>>>>>>>>>>>>>          ] 455/669, 9.0 task/s, elapsed: 51s, ETA:    24s
[>>>>>>>>>>>>>>>>>>>>          ] 456/669, 9.0 task/s, elapsed: 51s, ETA:    24s
[>>>>>>>>>>>>>>>>>>>>          ] 457/669, 9.0 task/s, elapsed: 51s, ETA:    24s
[>>>>>>>>>>>>>>>>>>>>          ] 458/669, 9.0 task/s, elapsed: 51s, ETA:    24s
[>>>>>>>>>>>>>>>>>>>>          ] 459/669, 8.9 task/s, elapsed: 51s, ETA:    24s
[>>>>>>>>>>>>>>>>>>>>          ] 460/669, 8.9 task/s, elapsed: 52s, ETA:    23s
[>>>>>>>>>>>>>>>>>>>>          ] 461/669, 8.9 task/s, elapsed: 52s, ETA:    23s
[>>>>>>>>>>>>>>>>>>>>          ] 462/669, 8.9 task/s, elapsed: 52s, ETA:    23s
[>>>>>>>>>>>>>>>>>>>>          ] 463/669, 8.9 task/s, elapsed: 52s, ETA:    23s
[>>>>>>>>>>>>>>>>>>>>          ] 464/669, 8.9 task/s, elapsed: 52s, ETA:    23s
[>>>>>>>>>>>>>>>>>>>>          ] 465/669, 8.9 task/s, elapsed: 52s, ETA:    23s
[>>>>>>>>>>>>>>>>>>>>          ] 466/669, 8.9 task/s, elapsed: 53s, ETA:    23s
[>>>>>>>>>>>>>>>>>>>>          ] 467/669, 8.8 task/s, elapsed: 53s, ETA:    23s
[>>>>>>>>>>>>>>>>>>>>          ] 468/669, 8.8 task/s, elapsed: 53s, ETA:    23s
[>>>>>>>>>>>>>>>>>>>>>         ] 469/669, 8.8 task/s, elapsed: 53s, ETA:    23s
[>>>>>>>>>>>>>>>>>>>>>         ] 470/669, 8.8 task/s, elapsed: 53s, ETA:    23s
[>>>>>>>>>>>>>>>>>>>>>         ] 471/669, 8.8 task/s, elapsed: 53s, ETA:    22s
[>>>>>>>>>>>>>>>>>>>>>         ] 472/669, 8.8 task/s, elapsed: 54s, ETA:    22s
[>>>>>>>>>>>>>>>>>>>>>         ] 473/669, 8.8 task/s, elapsed: 54s, ETA:    22s
[>>>>>>>>>>>>>>>>>>>>>         ] 474/669, 8.8 task/s, elapsed: 54s, ETA:    22s
[>>>>>>>>>>>>>>>>>>>>>         ] 475/669, 8.8 task/s, elapsed: 54s, ETA:    22s
[>>>>>>>>>>>>>>>>>>>>>         ] 476/669, 8.8 task/s, elapsed: 54s, ETA:    22s
[>>>>>>>>>>>>>>>>>>>>>         ] 477/669, 8.8 task/s, elapsed: 54s, ETA:    22s
[>>>>>>>>>>>>>>>>>>>>>         ] 478/669, 8.8 task/s, elapsed: 55s, ETA:    22s
[>>>>>>>>>>>>>>>>>>>>>         ] 479/669, 8.8 task/s, elapsed: 55s, ETA:    22s
[>>>>>>>>>>>>>>>>>>>>>         ] 480/669, 8.8 task/s, elapsed: 55s, ETA:    22s
[>>>>>>>>>>>>>>>>>>>>>         ] 481/669, 8.8 task/s, elapsed: 55s, ETA:    21s
[>>>>>>>>>>>>>>>>>>>>>         ] 482/669, 8.8 task/s, elapsed: 55s, ETA:    21s
[>>>>>>>>>>>>>>>>>>>>>         ] 483/669, 8.8 task/s, elapsed: 55s, ETA:    21s
[>>>>>>>>>>>>>>>>>>>>>         ] 484/669, 8.8 task/s, elapsed: 55s, ETA:    21s
[>>>>>>>>>>>>>>>>>>>>>         ] 485/669, 8.7 task/s, elapsed: 55s, ETA:    21s
[>>>>>>>>>>>>>>>>>>>>>         ] 486/669, 8.7 task/s, elapsed: 56s, ETA:    21s
[>>>>>>>>>>>>>>>>>>>>>         ] 487/669, 8.7 task/s, elapsed: 56s, ETA:    21s
[>>>>>>>>>>>>>>>>>>>>>         ] 488/669, 8.7 task/s, elapsed: 56s, ETA:    21s
[>>>>>>>>>>>>>>>>>>>>>         ] 489/669, 8.7 task/s, elapsed: 56s, ETA:    21s
[>>>>>>>>>>>>>>>>>>>>>         ] 490/669, 8.7 task/s, elapsed: 56s, ETA:    21s
[>>>>>>>>>>>>>>>>>>>>>>        ] 491/669, 8.7 task/s, elapsed: 56s, ETA:    20s
[>>>>>>>>>>>>>>>>>>>>>>        ] 492/669, 8.7 task/s, elapsed: 56s, ETA:    20s
[>>>>>>>>>>>>>>>>>>>>>>        ] 493/669, 8.7 task/s, elapsed: 56s, ETA:    20s
[>>>>>>>>>>>>>>>>>>>>>>        ] 494/669, 8.7 task/s, elapsed: 57s, ETA:    20s
[>>>>>>>>>>>>>>>>>>>>>>        ] 495/669, 8.7 task/s, elapsed: 57s, ETA:    20s
[>>>>>>>>>>>>>>>>>>>>>>        ] 496/669, 8.7 task/s, elapsed: 57s, ETA:    20s
[>>>>>>>>>>>>>>>>>>>>>>        ] 497/669, 8.7 task/s, elapsed: 57s, ETA:    20s
[>>>>>>>>>>>>>>>>>>>>>>        ] 498/669, 8.7 task/s, elapsed: 57s, ETA:    20s
[>>>>>>>>>>>>>>>>>>>>>>        ] 499/669, 8.7 task/s, elapsed: 57s, ETA:    20s
[>>>>>>>>>>>>>>>>>>>>>>        ] 500/669, 8.7 task/s, elapsed: 57s, ETA:    19s
[>>>>>>>>>>>>>>>>>>>>>>        ] 501/669, 8.7 task/s, elapsed: 57s, ETA:    19s
[>>>>>>>>>>>>>>>>>>>>>>        ] 502/669, 8.7 task/s, elapsed: 58s, ETA:    19s
[>>>>>>>>>>>>>>>>>>>>>>        ] 503/669, 8.7 task/s, elapsed: 58s, ETA:    19s
[>>>>>>>>>>>>>>>>>>>>>>        ] 504/669, 8.7 task/s, elapsed: 58s, ETA:    19s
[>>>>>>>>>>>>>>>>>>>>>>        ] 505/669, 8.7 task/s, elapsed: 58s, ETA:    19s
[>>>>>>>>>>>>>>>>>>>>>>        ] 506/669, 8.7 task/s, elapsed: 58s, ETA:    19s
[>>>>>>>>>>>>>>>>>>>>>>        ] 507/669, 8.7 task/s, elapsed: 58s, ETA:    19s
[>>>>>>>>>>>>>>>>>>>>>>        ] 508/669, 8.7 task/s, elapsed: 58s, ETA:    18s
[>>>>>>>>>>>>>>>>>>>>>>        ] 509/669, 8.7 task/s, elapsed: 58s, ETA:    18s
[>>>>>>>>>>>>>>>>>>>>>>        ] 510/669, 8.8 task/s, elapsed: 58s, ETA:    18s
[>>>>>>>>>>>>>>>>>>>>>>        ] 511/669, 8.7 task/s, elapsed: 58s, ETA:    18s
[>>>>>>>>>>>>>>>>>>>>>>        ] 512/669, 8.8 task/s, elapsed: 58s, ETA:    18s
[>>>>>>>>>>>>>>>>>>>>>>>       ] 513/669, 8.8 task/s, elapsed: 59s, ETA:    18s
[>>>>>>>>>>>>>>>>>>>>>>>       ] 514/669, 8.8 task/s, elapsed: 59s, ETA:    18s
[>>>>>>>>>>>>>>>>>>>>>>>       ] 515/669, 8.8 task/s, elapsed: 59s, ETA:    18s
[>>>>>>>>>>>>>>>>>>>>>>>       ] 516/669, 8.8 task/s, elapsed: 59s, ETA:    17s
[>>>>>>>>>>>>>>>>>>>>>>>       ] 517/669, 8.8 task/s, elapsed: 59s, ETA:    17s
[>>>>>>>>>>>>>>>>>>>>>>>       ] 518/669, 8.8 task/s, elapsed: 59s, ETA:    17s
[>>>>>>>>>>>>>>>>>>>>>>>       ] 519/669, 8.8 task/s, elapsed: 59s, ETA:    17s
[>>>>>>>>>>>>>>>>>>>>>>>       ] 520/669, 8.8 task/s, elapsed: 59s, ETA:    17s
[>>>>>>>>>>>>>>>>>>>>>>>       ] 521/669, 8.8 task/s, elapsed: 59s, ETA:    17s
[>>>>>>>>>>>>>>>>>>>>>>>       ] 522/669, 8.8 task/s, elapsed: 59s, ETA:    17s
[>>>>>>>>>>>>>>>>>>>>>>>       ] 523/669, 8.8 task/s, elapsed: 59s, ETA:    17s
[>>>>>>>>>>>>>>>>>>>>>>>       ] 524/669, 8.8 task/s, elapsed: 60s, ETA:    16s
[>>>>>>>>>>>>>>>>>>>>>>>       ] 525/669, 8.8 task/s, elapsed: 60s, ETA:    16s
[>>>>>>>>>>>>>>>>>>>>>>>       ] 526/669, 8.8 task/s, elapsed: 60s, ETA:    16s
[>>>>>>>>>>>>>>>>>>>>>>>       ] 527/669, 8.8 task/s, elapsed: 60s, ETA:    16s
[>>>>>>>>>>>>>>>>>>>>>>>       ] 528/669, 8.7 task/s, elapsed: 60s, ETA:    16s
[>>>>>>>>>>>>>>>>>>>>>>>       ] 529/669, 8.7 task/s, elapsed: 61s, ETA:    16s
[>>>>>>>>>>>>>>>>>>>>>>>       ] 530/669, 8.7 task/s, elapsed: 61s, ETA:    16s
[>>>>>>>>>>>>>>>>>>>>>>>       ] 531/669, 8.7 task/s, elapsed: 61s, ETA:    16s
[>>>>>>>>>>>>>>>>>>>>>>>       ] 532/669, 8.7 task/s, elapsed: 61s, ETA:    16s
[>>>>>>>>>>>>>>>>>>>>>>>       ] 533/669, 8.7 task/s, elapsed: 61s, ETA:    16s
[>>>>>>>>>>>>>>>>>>>>>>>       ] 534/669, 8.7 task/s, elapsed: 61s, ETA:    15s
[>>>>>>>>>>>>>>>>>>>>>>>       ] 535/669, 8.7 task/s, elapsed: 61s, ETA:    15s
[>>>>>>>>>>>>>>>>>>>>>>>>      ] 536/669, 8.7 task/s, elapsed: 61s, ETA:    15s
[>>>>>>>>>>>>>>>>>>>>>>>>      ] 537/669, 8.7 task/s, elapsed: 61s, ETA:    15s
[>>>>>>>>>>>>>>>>>>>>>>>>      ] 538/669, 8.7 task/s, elapsed: 62s, ETA:    15s
[>>>>>>>>>>>>>>>>>>>>>>>>      ] 539/669, 8.7 task/s, elapsed: 62s, ETA:    15s
[>>>>>>>>>>>>>>>>>>>>>>>>      ] 540/669, 8.8 task/s, elapsed: 62s, ETA:    15s
[>>>>>>>>>>>>>>>>>>>>>>>>      ] 541/669, 8.8 task/s, elapsed: 62s, ETA:    15s
[>>>>>>>>>>>>>>>>>>>>>>>>      ] 542/669, 8.8 task/s, elapsed: 62s, ETA:    14s
[>>>>>>>>>>>>>>>>>>>>>>>>      ] 543/669, 8.8 task/s, elapsed: 62s, ETA:    14s
[>>>>>>>>>>>>>>>>>>>>>>>>      ] 544/669, 8.8 task/s, elapsed: 62s, ETA:    14s
[>>>>>>>>>>>>>>>>>>>>>>>>      ] 545/669, 8.8 task/s, elapsed: 62s, ETA:    14s
[>>>>>>>>>>>>>>>>>>>>>>>>      ] 546/669, 8.8 task/s, elapsed: 62s, ETA:    14s
[>>>>>>>>>>>>>>>>>>>>>>>>      ] 547/669, 8.8 task/s, elapsed: 62s, ETA:    14s
[>>>>>>>>>>>>>>>>>>>>>>>>      ] 548/669, 8.8 task/s, elapsed: 63s, ETA:    14s
[>>>>>>>>>>>>>>>>>>>>>>>>      ] 549/669, 8.8 task/s, elapsed: 63s, ETA:    14s
[>>>>>>>>>>>>>>>>>>>>>>>>      ] 550/669, 8.8 task/s, elapsed: 63s, ETA:    14s
[>>>>>>>>>>>>>>>>>>>>>>>>      ] 551/669, 8.8 task/s, elapsed: 63s, ETA:    13s
[>>>>>>>>>>>>>>>>>>>>>>>>      ] 552/669, 8.8 task/s, elapsed: 63s, ETA:    13s
[>>>>>>>>>>>>>>>>>>>>>>>>      ] 553/669, 8.8 task/s, elapsed: 63s, ETA:    13s
[>>>>>>>>>>>>>>>>>>>>>>>>      ] 554/669, 8.8 task/s, elapsed: 63s, ETA:    13s
[>>>>>>>>>>>>>>>>>>>>>>>>      ] 555/669, 8.8 task/s, elapsed: 63s, ETA:    13s
[>>>>>>>>>>>>>>>>>>>>>>>>      ] 556/669, 8.8 task/s, elapsed: 63s, ETA:    13s
[>>>>>>>>>>>>>>>>>>>>>>>>      ] 557/669, 8.8 task/s, elapsed: 63s, ETA:    13s
[>>>>>>>>>>>>>>>>>>>>>>>>>     ] 558/669, 8.8 task/s, elapsed: 64s, ETA:    13s
[>>>>>>>>>>>>>>>>>>>>>>>>>     ] 559/669, 8.8 task/s, elapsed: 64s, ETA:    13s
[>>>>>>>>>>>>>>>>>>>>>>>>>     ] 560/669, 8.8 task/s, elapsed: 64s, ETA:    12s
[>>>>>>>>>>>>>>>>>>>>>>>>>     ] 561/669, 8.8 task/s, elapsed: 64s, ETA:    12s
[>>>>>>>>>>>>>>>>>>>>>>>>>     ] 562/669, 8.8 task/s, elapsed: 64s, ETA:    12s
[>>>>>>>>>>>>>>>>>>>>>>>>>     ] 563/669, 8.8 task/s, elapsed: 64s, ETA:    12s
[>>>>>>>>>>>>>>>>>>>>>>>>>     ] 564/669, 8.8 task/s, elapsed: 64s, ETA:    12s
[>>>>>>>>>>>>>>>>>>>>>>>>>     ] 565/669, 8.8 task/s, elapsed: 64s, ETA:    12s
[>>>>>>>>>>>>>>>>>>>>>>>>>     ] 566/669, 8.8 task/s, elapsed: 64s, ETA:    12s
[>>>>>>>>>>>>>>>>>>>>>>>>>     ] 567/669, 8.8 task/s, elapsed: 65s, ETA:    12s
[>>>>>>>>>>>>>>>>>>>>>>>>>     ] 568/669, 8.8 task/s, elapsed: 65s, ETA:    11s
[>>>>>>>>>>>>>>>>>>>>>>>>>     ] 569/669, 8.8 task/s, elapsed: 65s, ETA:    11s
[>>>>>>>>>>>>>>>>>>>>>>>>>     ] 570/669, 8.8 task/s, elapsed: 65s, ETA:    11s
[>>>>>>>>>>>>>>>>>>>>>>>>>     ] 571/669, 8.8 task/s, elapsed: 65s, ETA:    11s
[>>>>>>>>>>>>>>>>>>>>>>>>>     ] 572/669, 8.8 task/s, elapsed: 65s, ETA:    11s
[>>>>>>>>>>>>>>>>>>>>>>>>>     ] 573/669, 8.8 task/s, elapsed: 65s, ETA:    11s
[>>>>>>>>>>>>>>>>>>>>>>>>>     ] 574/669, 8.8 task/s, elapsed: 65s, ETA:    11s
[>>>>>>>>>>>>>>>>>>>>>>>>>     ] 575/669, 8.8 task/s, elapsed: 65s, ETA:    11s
[>>>>>>>>>>>>>>>>>>>>>>>>>     ] 576/669, 8.8 task/s, elapsed: 66s, ETA:    11s
[>>>>>>>>>>>>>>>>>>>>>>>>>     ] 577/669, 8.8 task/s, elapsed: 66s, ETA:    10s
[>>>>>>>>>>>>>>>>>>>>>>>>>     ] 578/669, 8.8 task/s, elapsed: 66s, ETA:    10s
[>>>>>>>>>>>>>>>>>>>>>>>>>     ] 579/669, 8.8 task/s, elapsed: 66s, ETA:    10s
[>>>>>>>>>>>>>>>>>>>>>>>>>>    ] 580/669, 8.8 task/s, elapsed: 66s, ETA:    10s
[>>>>>>>>>>>>>>>>>>>>>>>>>>    ] 581/669, 8.8 task/s, elapsed: 66s, ETA:    10s
[>>>>>>>>>>>>>>>>>>>>>>>>>>    ] 582/669, 8.8 task/s, elapsed: 66s, ETA:    10s
[>>>>>>>>>>>>>>>>>>>>>>>>>>    ] 583/669, 8.8 task/s, elapsed: 67s, ETA:    10s
[>>>>>>>>>>>>>>>>>>>>>>>>>>    ] 584/669, 8.8 task/s, elapsed: 67s, ETA:    10s
[>>>>>>>>>>>>>>>>>>>>>>>>>>    ] 585/669, 8.8 task/s, elapsed: 67s, ETA:    10s
[>>>>>>>>>>>>>>>>>>>>>>>>>>    ] 586/669, 8.7 task/s, elapsed: 67s, ETA:     9s
[>>>>>>>>>>>>>>>>>>>>>>>>>>    ] 587/669, 8.7 task/s, elapsed: 67s, ETA:     9s
[>>>>>>>>>>>>>>>>>>>>>>>>>>    ] 588/669, 8.7 task/s, elapsed: 67s, ETA:     9s
[>>>>>>>>>>>>>>>>>>>>>>>>>>    ] 589/669, 8.7 task/s, elapsed: 68s, ETA:     9s
[>>>>>>>>>>>>>>>>>>>>>>>>>>    ] 590/669, 8.7 task/s, elapsed: 68s, ETA:     9s
[>>>>>>>>>>>>>>>>>>>>>>>>>>    ] 591/669, 8.7 task/s, elapsed: 68s, ETA:     9s
[>>>>>>>>>>>>>>>>>>>>>>>>>>    ] 592/669, 8.7 task/s, elapsed: 68s, ETA:     9s
[>>>>>>>>>>>>>>>>>>>>>>>>>>    ] 593/669, 8.7 task/s, elapsed: 68s, ETA:     9s
[>>>>>>>>>>>>>>>>>>>>>>>>>>    ] 594/669, 8.7 task/s, elapsed: 68s, ETA:     9s
[>>>>>>>>>>>>>>>>>>>>>>>>>>    ] 595/669, 8.7 task/s, elapsed: 69s, ETA:     9s
[>>>>>>>>>>>>>>>>>>>>>>>>>>    ] 596/669, 8.7 task/s, elapsed: 69s, ETA:     8s
[>>>>>>>>>>>>>>>>>>>>>>>>>>    ] 597/669, 8.7 task/s, elapsed: 69s, ETA:     8s
[>>>>>>>>>>>>>>>>>>>>>>>>>>    ] 598/669, 8.7 task/s, elapsed: 69s, ETA:     8s
[>>>>>>>>>>>>>>>>>>>>>>>>>>    ] 599/669, 8.7 task/s, elapsed: 69s, ETA:     8s
[>>>>>>>>>>>>>>>>>>>>>>>>>>    ] 600/669, 8.7 task/s, elapsed: 69s, ETA:     8s
[>>>>>>>>>>>>>>>>>>>>>>>>>>    ] 601/669, 8.7 task/s, elapsed: 69s, ETA:     8s
[>>>>>>>>>>>>>>>>>>>>>>>>>>    ] 602/669, 8.7 task/s, elapsed: 70s, ETA:     8s
[>>>>>>>>>>>>>>>>>>>>>>>>>>>   ] 603/669, 8.6 task/s, elapsed: 70s, ETA:     8s
[>>>>>>>>>>>>>>>>>>>>>>>>>>>   ] 604/669, 8.6 task/s, elapsed: 70s, ETA:     8s
[>>>>>>>>>>>>>>>>>>>>>>>>>>>   ] 605/669, 8.7 task/s, elapsed: 70s, ETA:     7s
[>>>>>>>>>>>>>>>>>>>>>>>>>>>   ] 606/669, 8.7 task/s, elapsed: 70s, ETA:     7s
[>>>>>>>>>>>>>>>>>>>>>>>>>>>   ] 607/669, 8.7 task/s, elapsed: 70s, ETA:     7s
[>>>>>>>>>>>>>>>>>>>>>>>>>>>   ] 608/669, 8.7 task/s, elapsed: 70s, ETA:     7s
[>>>>>>>>>>>>>>>>>>>>>>>>>>>   ] 609/669, 8.7 task/s, elapsed: 70s, ETA:     7s
[>>>>>>>>>>>>>>>>>>>>>>>>>>>   ] 610/669, 8.7 task/s, elapsed: 70s, ETA:     7s
[>>>>>>>>>>>>>>>>>>>>>>>>>>>   ] 611/669, 8.7 task/s, elapsed: 71s, ETA:     7s
[>>>>>>>>>>>>>>>>>>>>>>>>>>>   ] 612/669, 8.7 task/s, elapsed: 71s, ETA:     7s
[>>>>>>>>>>>>>>>>>>>>>>>>>>>   ] 613/669, 8.6 task/s, elapsed: 71s, ETA:     6s
[>>>>>>>>>>>>>>>>>>>>>>>>>>>   ] 614/669, 8.7 task/s, elapsed: 71s, ETA:     6s
[>>>>>>>>>>>>>>>>>>>>>>>>>>>   ] 615/669, 8.7 task/s, elapsed: 71s, ETA:     6s
[>>>>>>>>>>>>>>>>>>>>>>>>>>>   ] 616/669, 8.7 task/s, elapsed: 71s, ETA:     6s
[>>>>>>>>>>>>>>>>>>>>>>>>>>>   ] 617/669, 8.7 task/s, elapsed: 71s, ETA:     6s
[>>>>>>>>>>>>>>>>>>>>>>>>>>>   ] 618/669, 8.7 task/s, elapsed: 71s, ETA:     6s
[>>>>>>>>>>>>>>>>>>>>>>>>>>>   ] 619/669, 8.7 task/s, elapsed: 72s, ETA:     6s
[>>>>>>>>>>>>>>>>>>>>>>>>>>>   ] 620/669, 8.7 task/s, elapsed: 72s, ETA:     6s
[>>>>>>>>>>>>>>>>>>>>>>>>>>>   ] 621/669, 8.7 task/s, elapsed: 72s, ETA:     6s
[>>>>>>>>>>>>>>>>>>>>>>>>>>>   ] 622/669, 8.7 task/s, elapsed: 72s, ETA:     5s
[>>>>>>>>>>>>>>>>>>>>>>>>>>>   ] 623/669, 8.7 task/s, elapsed: 72s, ETA:     5s
[>>>>>>>>>>>>>>>>>>>>>>>>>>>   ] 624/669, 8.7 task/s, elapsed: 72s, ETA:     5s
[>>>>>>>>>>>>>>>>>>>>>>>>>>>>  ] 625/669, 8.7 task/s, elapsed: 72s, ETA:     5s
[>>>>>>>>>>>>>>>>>>>>>>>>>>>>  ] 626/669, 8.7 task/s, elapsed: 72s, ETA:     5s
[>>>>>>>>>>>>>>>>>>>>>>>>>>>>  ] 627/669, 8.7 task/s, elapsed: 72s, ETA:     5s
[>>>>>>>>>>>>>>>>>>>>>>>>>>>>  ] 628/669, 8.7 task/s, elapsed: 73s, ETA:     5s
[>>>>>>>>>>>>>>>>>>>>>>>>>>>>  ] 629/669, 8.7 task/s, elapsed: 73s, ETA:     5s
[>>>>>>>>>>>>>>>>>>>>>>>>>>>>  ] 630/669, 8.7 task/s, elapsed: 73s, ETA:     4s
[>>>>>>>>>>>>>>>>>>>>>>>>>>>>  ] 631/669, 8.7 task/s, elapsed: 73s, ETA:     4s
[>>>>>>>>>>>>>>>>>>>>>>>>>>>>  ] 632/669, 8.6 task/s, elapsed: 73s, ETA:     4s
[>>>>>>>>>>>>>>>>>>>>>>>>>>>>  ] 633/669, 8.6 task/s, elapsed: 73s, ETA:     4s
[>>>>>>>>>>>>>>>>>>>>>>>>>>>>  ] 634/669, 8.6 task/s, elapsed: 73s, ETA:     4s
[>>>>>>>>>>>>>>>>>>>>>>>>>>>>  ] 635/669, 8.6 task/s, elapsed: 73s, ETA:     4s
[>>>>>>>>>>>>>>>>>>>>>>>>>>>>  ] 636/669, 8.7 task/s, elapsed: 74s, ETA:     4s
[>>>>>>>>>>>>>>>>>>>>>>>>>>>>  ] 637/669, 8.6 task/s, elapsed: 74s, ETA:     4s
[>>>>>>>>>>>>>>>>>>>>>>>>>>>>  ] 638/669, 8.6 task/s, elapsed: 74s, ETA:     4s
[>>>>>>>>>>>>>>>>>>>>>>>>>>>>  ] 639/669, 8.6 task/s, elapsed: 74s, ETA:     3s
[>>>>>>>>>>>>>>>>>>>>>>>>>>>>  ] 640/669, 8.6 task/s, elapsed: 74s, ETA:     3s
[>>>>>>>>>>>>>>>>>>>>>>>>>>>>  ] 641/669, 8.6 task/s, elapsed: 74s, ETA:     3s
[>>>>>>>>>>>>>>>>>>>>>>>>>>>>  ] 642/669, 8.6 task/s, elapsed: 74s, ETA:     3s
[>>>>>>>>>>>>>>>>>>>>>>>>>>>>  ] 643/669, 8.6 task/s, elapsed: 74s, ETA:     3s
[>>>>>>>>>>>>>>>>>>>>>>>>>>>>  ] 644/669, 8.6 task/s, elapsed: 75s, ETA:     3s
[>>>>>>>>>>>>>>>>>>>>>>>>>>>>  ] 645/669, 8.6 task/s, elapsed: 75s, ETA:     3s
[>>>>>>>>>>>>>>>>>>>>>>>>>>>>  ] 646/669, 8.6 task/s, elapsed: 75s, ETA:     3s
[>>>>>>>>>>>>>>>>>>>>>>>>>>>>> ] 647/669, 8.6 task/s, elapsed: 75s, ETA:     3s
[>>>>>>>>>>>>>>>>>>>>>>>>>>>>> ] 648/669, 8.6 task/s, elapsed: 75s, ETA:     2s
[>>>>>>>>>>>>>>>>>>>>>>>>>>>>> ] 649/669, 8.6 task/s, elapsed: 75s, ETA:     2s
[>>>>>>>>>>>>>>>>>>>>>>>>>>>>> ] 650/669, 8.6 task/s, elapsed: 75s, ETA:     2s
[>>>>>>>>>>>>>>>>>>>>>>>>>>>>> ] 651/669, 8.6 task/s, elapsed: 76s, ETA:     2s
[>>>>>>>>>>>>>>>>>>>>>>>>>>>>> ] 652/669, 8.6 task/s, elapsed: 76s, ETA:     2s
[>>>>>>>>>>>>>>>>>>>>>>>>>>>>> ] 653/669, 8.6 task/s, elapsed: 76s, ETA:     2s
[>>>>>>>>>>>>>>>>>>>>>>>>>>>>> ] 654/669, 8.6 task/s, elapsed: 76s, ETA:     2s
[>>>>>>>>>>>>>>>>>>>>>>>>>>>>> ] 655/669, 8.6 task/s, elapsed: 76s, ETA:     2s
[>>>>>>>>>>>>>>>>>>>>>>>>>>>>> ] 656/669, 8.6 task/s, elapsed: 76s, ETA:     2s
[>>>>>>>>>>>>>>>>>>>>>>>>>>>>> ] 657/669, 8.6 task/s, elapsed: 76s, ETA:     1s
[>>>>>>>>>>>>>>>>>>>>>>>>>>>>> ] 658/669, 8.6 task/s, elapsed: 76s, ETA:     1s
[>>>>>>>>>>>>>>>>>>>>>>>>>>>>> ] 659/669, 8.6 task/s, elapsed: 76s, ETA:     1s
[>>>>>>>>>>>>>>>>>>>>>>>>>>>>> ] 660/669, 8.6 task/s, elapsed: 77s, ETA:     1s
[>>>>>>>>>>>>>>>>>>>>>>>>>>>>> ] 661/669, 8.6 task/s, elapsed: 77s, ETA:     1s
[>>>>>>>>>>>>>>>>>>>>>>>>>>>>> ] 662/669, 8.6 task/s, elapsed: 77s, ETA:     1s
[>>>>>>>>>>>>>>>>>>>>>>>>>>>>> ] 663/669, 8.6 task/s, elapsed: 77s, ETA:     1s
[>>>>>>>>>>>>>>>>>>>>>>>>>>>>> ] 664/669, 8.6 task/s, elapsed: 77s, ETA:     1s
[>>>>>>>>>>>>>>>>>>>>>>>>>>>>> ] 665/669, 8.6 task/s, elapsed: 77s, ETA:     0s
[>>>>>>>>>>>>>>>>>>>>>>>>>>>>> ] 666/669, 8.6 task/s, elapsed: 77s, ETA:     0s
[>>>>>>>>>>>>>>>>>>>>>>>>>>>>> ] 667/669, 8.6 task/s, elapsed: 77s, ETA:     0s
[>>>>>>>>>>>>>>>>>>>>>>>>>>>>> ] 668/669, 8.6 task/s, elapsed: 77s, ETA:     0s
[>>>>>>>>>>>>>>>>>>>>>>>>>>>>>>] 669/669, 8.6 task/s, elapsed: 78s, ETA:     0s2026-06-30 20:21:25,519 - mmdet - INFO - Evaluating bbox...
2026-06-30 20:21:27,730 - mmdet - INFO - 
+-----------+-------+-----------+-------+-------------+-------+
| category  | AP    | category  | AP    | category    | AP    |
+-----------+-------+-----------+-------+-------------+-------+
| bicycle   | 0.289 | chair     | 0.572 | diningtable | 0.243 |
| bottle    | 0.410 | motorbike | 0.334 | car         | 0.297 |
| tvmonitor | 0.119 | bus       | 0.276 | None        | None  |
+-----------+-------+-----------+-------+-------------+-------+
2026-06-30 20:21:27,730 - mmdet - INFO - Evaluating segm...
/content/EALLIS/mmdetection/mmdet/datasets/coco.py:453: UserWarning: The key "bbox" is deleted for more accurate mask AP of small/medium/large instances since v2.12.0. This does not change the overall mAP calculation.
  warnings.warn(
2026-06-30 20:21:32,302 - mmdet - INFO - 
+-----------+-------+-----------+-------+-------------+-------+
| category  | AP    | category  | AP    | category    | AP    |
+-----------+-------+-----------+-------+-------------+-------+
| bicycle   | 0.144 | chair     | 0.543 | diningtable | 0.198 |
| bottle    | 0.427 | motorbike | 0.327 | car         | 0.131 |
| tvmonitor | 0.037 | bus       | 0.301 | None        | None  |
+-----------+-------+-----------+-------+-------------+-------+
2026-06-30 20:21:34,065 - mmdet - INFO - Now best checkpoint is saved as best_bbox_mAP_epoch_1.pth.
2026-06-30 20:21:34,066 - mmdet - INFO - Best bbox_mAP is 0.3180 at 1 epoch.
2026-06-30 20:21:34,078 - mmdet - INFO - Exp name: train_kaggle.py
2026-06-30 20:21:34,079 - mmdet - INFO - Epoch(val) [1][669]	bbox_mAP: 0.3180, bbox_mAP_50: 0.5310, bbox_mAP_75: 0.3450, bbox_mAP_s: 0.0000, bbox_mAP_m: 0.0810, bbox_mAP_l: 0.3920, bbox_mAP_copypaste: 0.318 0.531 0.345 0.000 0.081 0.392, segm_mAP: 0.2630, segm_mAP_50: 0.4670, segm_mAP_75: 0.2580, segm_mAP_s: 0.0000, segm_mAP_m: 0.0620, segm_mAP_l: 0.3350, segm_mAP_copypaste: 0.263 0.467 0.258 0.000 0.062 0.335
/usr/local/lib/python3.12/dist-packages/torch/utils/data/dataloader.py:432: UserWarning: This DataLoader will create 4 worker processes in total. Our suggested max number of worker in current system is 2, which is smaller than what this DataLoader is going to create. Please be aware that excessive worker creation might get DataLoader running slow or even freeze, lower the worker number to avoid potential slowness/freeze if necessary.
  self.check_worker_number_rationality()
Loading and preparing results...
DONE (t=0.01s)
creating index...
index created!
Running per image evaluation...
Evaluate annotation type *bbox*
DONE (t=1.55s).
Accumulating evaluation results...
DONE (t=0.60s).
 Average Precision  (AP) @[ IoU=0.50:0.95 | area=   all | maxDets=100 ] = 0.318
 Average Precision  (AP) @[ IoU=0.50      | area=   all | maxDets=1000 ] = 0.531
 Average Precision  (AP) @[ IoU=0.75      | area=   all | maxDets=1000 ] = 0.345
 Average Precision  (AP) @[ IoU=0.50:0.95 | area= small | maxDets=1000 ] = 0.000
 Average Precision  (AP) @[ IoU=0.50:0.95 | area=medium | maxDets=1000 ] = 0.081
 Average Precision  (AP) @[ IoU=0.50:0.95 | area= large | maxDets=1000 ] = 0.392
 Average Recall     (AR) @[ IoU=0.50:0.95 | area=   all | maxDets=100 ] = 0.428
 Average Recall     (AR) @[ IoU=0.50:0.95 | area=   all | maxDets=300 ] = 0.428
 Average Recall     (AR) @[ IoU=0.50:0.95 | area=   all | maxDets=1000 ] = 0.428
 Average Recall     (AR) @[ IoU=0.50:0.95 | area= small | maxDets=1000 ] = 0.000
 Average Recall     (AR) @[ IoU=0.50:0.95 | area=medium | maxDets=1000 ] = 0.175
 Average Recall     (AR) @[ IoU=0.50:0.95 | area= large | maxDets=1000 ] = 0.506
Loading and preparing results...
DONE (t=0.43s)
creating index...
index created!
Running per image evaluation...
Evaluate annotation type *segm*
DONE (t=3.52s).
Accumulating evaluation results...
DONE (t=0.34s).
 Average Precision  (AP) @[ IoU=0.50:0.95 | area=   all | maxDets=100 ] = 0.263
 Average Precision  (AP) @[ IoU=0.50      | area=   all | maxDets=1000 ] = 0.467
 Average Precision  (AP) @[ IoU=0.75      | area=   all | maxDets=1000 ] = 0.258
 Average Precision  (AP) @[ IoU=0.50:0.95 | area= small | maxDets=1000 ] = 0.000
 Average Precision  (AP) @[ IoU=0.50:0.95 | area=medium | maxDets=1000 ] = 0.062
 Average Precision  (AP) @[ IoU=0.50:0.95 | area= large | maxDets=1000 ] = 0.335
 Average Recall     (AR) @[ IoU=0.50:0.95 | area=   all | maxDets=100 ] = 0.354
 Average Recall     (AR) @[ IoU=0.50:0.95 | area=   all | maxDets=300 ] = 0.354
 Average Recall     (AR) @[ IoU=0.50:0.95 | area=   all | maxDets=1000 ] = 0.354
 Average Recall     (AR) @[ IoU=0.50:0.95 | area= small | maxDets=1000 ] = 0.000
 Average Recall     (AR) @[ IoU=0.50:0.95 | area=medium | maxDets=1000 ] = 0.147
 Average Recall     (AR) @[ IoU=0.50:0.95 | area= large | maxDets=1000 ] = 0.424
OrderedDict({'bbox_mAP': 0.318, 'bbox_mAP_50': 0.531, 'bbox_mAP_75': 0.345, 'bbox_mAP_s': 0.0, 'bbox_mAP_m': 0.081, 'bbox_mAP_l': 0.392, 'bbox_mAP_copypaste': '0.318 0.531 0.345 0.000 0.081 0.392', 'segm_mAP': 0.263, 'segm_mAP_50': 0.467, 'segm_mAP_75': 0.258, 'segm_mAP_s': 0.0, 'segm_mAP_m': 0.062, 'segm_mAP_l': 0.335, 'segm_mAP_copypaste': '0.263 0.467 0.258 0.000 0.062 0.335'})
/usr/lib/python3.12/multiprocessing/popen_fork.py:66: DeprecationWarning: This process (pid=7466) is multi-threaded, use of fork() may lead to deadlocks in the child.
  self.pid = os.fork()
/content/EALLIS/mmdetection/mmdet/core/anchor/anchor_generator.py:323: UserWarning: ``grid_anchors`` would be deprecated soon. Please use ``grid_priors`` 
  warnings.warn('``grid_anchors`` would be deprecated soon. '
/content/EALLIS/mmdetection/mmdet/core/anchor/anchor_generator.py:359: UserWarning: ``single_level_grid_anchors`` would be deprecated soon. Please use ``single_level_grid_priors`` 
  warnings.warn(
2026-06-30 20:23:42,091 - mmdet - INFO - Epoch [2][50/1324]	lr: 1.000e-02, eta: 3:20:55, time: 2.557, data_time: 0.176, memory: 8484, noise_inv_loss: 0.0009, clean_loss_rpn_cls: 0.0270, clean_loss_rpn_bbox: 0.0188, clean_loss_cls: 0.1183, clean_acc: 95.8823, clean_loss_bbox: 0.1365, clean_loss_mask: 0.3020, loss_rpn_cls: 0.0401, loss_rpn_bbox: 0.0203, loss_cls: 0.1325, acc: 95.7524, loss_bbox: 0.1355, loss_mask: 0.3430, loss: 1.2749
2026-06-30 20:25:40,233 - mmdet - INFO - Epoch [2][100/1324]	lr: 1.000e-02, eta: 3:19:12, time: 2.363, data_time: 0.054, memory: 8484, noise_inv_loss: 0.0009, clean_loss_rpn_cls: 0.0297, clean_loss_rpn_bbox: 0.0200, clean_loss_cls: 0.1187, clean_acc: 95.7529, clean_loss_bbox: 0.1442, clean_loss_mask: 0.3082, loss_rpn_cls: 0.0438, loss_rpn_bbox: 0.0218, loss_cls: 0.1314, acc: 95.6699, loss_bbox: 0.1405, loss_mask: 0.3469, loss: 1.3062
2026-06-30 20:27:35,940 - mmdet - INFO - Epoch [2][150/1324]	lr: 1.000e-02, eta: 3:17:19, time: 2.314, data_time: 0.055, memory: 8484, noise_inv_loss: 0.0009, clean_loss_rpn_cls: 0.0256, clean_loss_rpn_bbox: 0.0195, clean_loss_cls: 0.1214, clean_acc: 95.7871, clean_loss_bbox: 0.1419, clean_loss_mask: 0.3150, loss_rpn_cls: 0.0420, loss_rpn_bbox: 0.0215, loss_cls: 0.1378, acc: 95.6274, loss_bbox: 0.1422, loss_mask: 0.3591, loss: 1.3268
2026-06-30 20:29:32,878 - mmdet - INFO - Epoch [2][200/1324]	lr: 1.000e-02, eta: 3:15:30, time: 2.339, data_time: 0.047, memory: 8484, noise_inv_loss: 0.0009, clean_loss_rpn_cls: 0.0279, clean_loss_rpn_bbox: 0.0181, clean_loss_cls: 0.1207, clean_acc: 95.8013, clean_loss_bbox: 0.1369, clean_loss_mask: 0.2941, loss_rpn_cls: 0.0406, loss_rpn_bbox: 0.0197, loss_cls: 0.1326, acc: 95.7524, loss_bbox: 0.1361, loss_mask: 0.3335, loss: 1.2610
2026-06-30 20:31:30,333 - mmdet - INFO - Epoch [2][250/1324]	lr: 1.000e-02, eta: 3:13:43, time: 2.349, data_time: 0.056, memory: 8484, noise_inv_loss: 0.0009, clean_loss_rpn_cls: 0.0275, clean_loss_rpn_bbox: 0.0203, clean_loss_cls: 0.1257, clean_acc: 95.6104, clean_loss_bbox: 0.1399, clean_loss_mask: 0.2988, loss_rpn_cls: 0.0419, loss_rpn_bbox: 0.0225, loss_cls: 0.1424, acc: 95.4326, loss_bbox: 0.1393, loss_mask: 0.3413, loss: 1.3006
2026-06-30 20:33:27,482 - mmdet - INFO - Epoch [2][300/1324]	lr: 1.000e-02, eta: 3:11:54, time: 2.343, data_time: 0.057, memory: 8484, noise_inv_loss: 0.0009, clean_loss_rpn_cls: 0.0285, clean_loss_rpn_bbox: 0.0190, clean_loss_cls: 0.1191, clean_acc: 95.8647, clean_loss_bbox: 0.1393, clean_loss_mask: 0.2990, loss_rpn_cls: 0.0425, loss_rpn_bbox: 0.0205, loss_cls: 0.1279, acc: 95.7847, loss_bbox: 0.1374, loss_mask: 0.3326, loss: 1.2667
2026-06-30 20:35:25,297 - mmdet - INFO - Epoch [2][350/1324]	lr: 1.000e-02, eta: 3:10:06, time: 2.356, data_time: 0.055, memory: 8509, noise_inv_loss: 0.0009, clean_loss_rpn_cls: 0.0281, clean_loss_rpn_bbox: 0.0192, clean_loss_cls: 0.1329, clean_acc: 95.3105, clean_loss_bbox: 0.1517, clean_loss_mask: 0.3092, loss_rpn_cls: 0.0435, loss_rpn_bbox: 0.0211, loss_cls: 0.1506, acc: 95.1924, loss_bbox: 0.1510, loss_mask: 0.3489, loss: 1.3571
2026-06-30 20:37:21,587 - mmdet - INFO - Epoch [2][400/1324]	lr: 1.000e-02, eta: 3:08:14, time: 2.326, data_time: 0.049, memory: 8509, noise_inv_loss: 0.0009, clean_loss_rpn_cls: 0.0254, clean_loss_rpn_bbox: 0.0178, clean_loss_cls: 0.1255, clean_acc: 95.5396, clean_loss_bbox: 0.1476, clean_loss_mask: 0.3119, loss_rpn_cls: 0.0380, loss_rpn_bbox: 0.0189, loss_cls: 0.1354, acc: 95.4302, loss_bbox: 0.1460, loss_mask: 0.3465, loss: 1.3138
2026-06-30 20:39:16,581 - mmdet - INFO - Epoch [2][450/1324]	lr: 1.000e-02, eta: 3:06:17, time: 2.300, data_time: 0.054, memory: 8509, noise_inv_loss: 0.0009, clean_loss_rpn_cls: 0.0242, clean_loss_rpn_bbox: 0.0163, clean_loss_cls: 0.1228, clean_acc: 95.6333, clean_loss_bbox: 0.1397, clean_loss_mask: 0.2988, loss_rpn_cls: 0.0395, loss_rpn_bbox: 0.0178, loss_cls: 0.1355, acc: 95.5498, loss_bbox: 0.1363, loss_mask: 0.3417, loss: 1.2733
2026-06-30 20:41:10,669 - mmdet - INFO - Epoch [2][500/1324]	lr: 1.000e-02, eta: 3:04:19, time: 2.282, data_time: 0.049, memory: 8509, noise_inv_loss: 0.0009, clean_loss_rpn_cls: 0.0256, clean_loss_rpn_bbox: 0.0175, clean_loss_cls: 0.1184, clean_acc: 95.8198, clean_loss_bbox: 0.1343, clean_loss_mask: 0.3090, loss_rpn_cls: 0.0377, loss_rpn_bbox: 0.0189, loss_cls: 0.1302, acc: 95.7344, loss_bbox: 0.1330, loss_mask: 0.3481, loss: 1.2734
2026-06-30 20:43:05,931 - mmdet - INFO - Epoch [2][550/1324]	lr: 1.000e-02, eta: 3:02:23, time: 2.305, data_time: 0.047, memory: 8509, noise_inv_loss: 0.0009, clean_loss_rpn_cls: 0.0281, clean_loss_rpn_bbox: 0.0190, clean_loss_cls: 0.1257, clean_acc: 95.7197, clean_loss_bbox: 0.1398, clean_loss_mask: 0.3030, loss_rpn_cls: 0.0447, loss_rpn_bbox: 0.0211, loss_cls: 0.1386, acc: 95.5796, loss_bbox: 0.1372, loss_mask: 0.3453, loss: 1.3036
2026-06-30 20:45:03,230 - mmdet - INFO - Epoch [2][600/1324]	lr: 1.000e-02, eta: 3:00:33, time: 2.346, data_time: 0.046, memory: 8509, noise_inv_loss: 0.0009, clean_loss_rpn_cls: 0.0297, clean_loss_rpn_bbox: 0.0205, clean_loss_cls: 0.1311, clean_acc: 95.4824, clean_loss_bbox: 0.1526, clean_loss_mask: 0.3071, loss_rpn_cls: 0.0468, loss_rpn_bbox: 0.0220, loss_cls: 0.1435, acc: 95.4189, loss_bbox: 0.1473, loss_mask: 0.3468, loss: 1.3485
2026-06-30 20:46:58,942 - mmdet - INFO - Epoch [2][650/1324]	lr: 1.000e-02, eta: 2:58:38, time: 2.314, data_time: 0.058, memory: 8509, noise_inv_loss: 0.0009, clean_loss_rpn_cls: 0.0274, clean_loss_rpn_bbox: 0.0192, clean_loss_cls: 0.1143, clean_acc: 96.0166, clean_loss_bbox: 0.1369, clean_loss_mask: 0.3028, loss_rpn_cls: 0.0382, loss_rpn_bbox: 0.0208, loss_cls: 0.1255, acc: 95.9365, loss_bbox: 0.1339, loss_mask: 0.3392, loss: 1.2591
2026-06-30 20:48:53,930 - mmdet - INFO - Epoch [2][700/1324]	lr: 1.000e-02, eta: 2:56:42, time: 2.300, data_time: 0.047, memory: 8509, noise_inv_loss: 0.0009, clean_loss_rpn_cls: 0.0259, clean_loss_rpn_bbox: 0.0190, clean_loss_cls: 0.1170, clean_acc: 95.8423, clean_loss_bbox: 0.1376, clean_loss_mask: 0.3119, loss_rpn_cls: 0.0401, loss_rpn_bbox: 0.0203, loss_cls: 0.1309, acc: 95.7651, loss_bbox: 0.1342, loss_mask: 0.3504, loss: 1.2882
2026-06-30 20:50:51,059 - mmdet - INFO - Epoch [2][750/1324]	lr: 1.000e-02, eta: 2:54:51, time: 2.343, data_time: 0.051, memory: 8509, noise_inv_loss: 0.0009, clean_loss_rpn_cls: 0.0321, clean_loss_rpn_bbox: 0.0198, clean_loss_cls: 0.1289, clean_acc: 95.5176, clean_loss_bbox: 0.1473, clean_loss_mask: 0.3060, loss_rpn_cls: 0.0433, loss_rpn_bbox: 0.0211, loss_cls: 0.1412, acc: 95.3809, loss_bbox: 0.1472, loss_mask: 0.3411, loss: 1.3289
2026-06-30 20:52:47,215 - mmdet - INFO - Epoch [2][800/1324]	lr: 1.000e-02, eta: 2:52:57, time: 2.323, data_time: 0.047, memory: 8509, noise_inv_loss: 0.0009, clean_loss_rpn_cls: 0.0279, clean_loss_rpn_bbox: 0.0203, clean_loss_cls: 0.1250, clean_acc: 95.5928, clean_loss_bbox: 0.1470, clean_loss_mask: 0.3064, loss_rpn_cls: 0.0430, loss_rpn_bbox: 0.0217, loss_cls: 0.1380, acc: 95.5522, loss_bbox: 0.1455, loss_mask: 0.3486, loss: 1.3242
2026-06-30 20:54:44,308 - mmdet - INFO - Epoch [2][850/1324]	lr: 1.000e-02, eta: 2:51:05, time: 2.342, data_time: 0.051, memory: 8509, noise_inv_loss: 0.0009, clean_loss_rpn_cls: 0.0280, clean_loss_rpn_bbox: 0.0203, clean_loss_cls: 0.1287, clean_acc: 95.5059, clean_loss_bbox: 0.1486, clean_loss_mask: 0.3000, loss_rpn_cls: 0.0413, loss_rpn_bbox: 0.0217, loss_cls: 0.1434, acc: 95.3579, loss_bbox: 0.1485, loss_mask: 0.3420, loss: 1.3233
2026-06-30 20:56:39,630 - mmdet - INFO - Epoch [2][900/1324]	lr: 1.000e-02, eta: 2:49:09, time: 2.306, data_time: 0.043, memory: 8509, noise_inv_loss: 0.0009, clean_loss_rpn_cls: 0.0262, clean_loss_rpn_bbox: 0.0177, clean_loss_cls: 0.1179, clean_acc: 95.8740, clean_loss_bbox: 0.1342, clean_loss_mask: 0.2963, loss_rpn_cls: 0.0390, loss_rpn_bbox: 0.0190, loss_cls: 0.1296, acc: 95.8149, loss_bbox: 0.1328, loss_mask: 0.3372, loss: 1.2510
2026-06-30 20:58:34,531 - mmdet - INFO - Epoch [2][950/1324]	lr: 1.000e-02, eta: 2:47:13, time: 2.298, data_time: 0.056, memory: 8509, noise_inv_loss: 0.0009, clean_loss_rpn_cls: 0.0275, clean_loss_rpn_bbox: 0.0175, clean_loss_cls: 0.1197, clean_acc: 95.8916, clean_loss_bbox: 0.1328, clean_loss_mask: 0.3016, loss_rpn_cls: 0.0414, loss_rpn_bbox: 0.0192, loss_cls: 0.1372, acc: 95.8286, loss_bbox: 0.1314, loss_mask: 0.3442, loss: 1.2734
2026-06-30 21:00:31,079 - mmdet - INFO - Epoch [2][1000/1324]	lr: 1.000e-02, eta: 2:45:19, time: 2.331, data_time: 0.054, memory: 8509, noise_inv_loss: 0.0009, clean_loss_rpn_cls: 0.0305, clean_loss_rpn_bbox: 0.0186, clean_loss_cls: 0.1312, clean_acc: 95.4180, clean_loss_bbox: 0.1509, clean_loss_mask: 0.3153, loss_rpn_cls: 0.0444, loss_rpn_bbox: 0.0204, loss_cls: 0.1479, acc: 95.2412, loss_bbox: 0.1469, loss_mask: 0.3570, loss: 1.3639
2026-06-30 21:02:27,710 - mmdet - INFO - Epoch [2][1050/1324]	lr: 1.000e-02, eta: 2:43:26, time: 2.333, data_time: 0.048, memory: 8509, noise_inv_loss: 0.0009, clean_loss_rpn_cls: 0.0291, clean_loss_rpn_bbox: 0.0187, clean_loss_cls: 0.1259, clean_acc: 95.6372, clean_loss_bbox: 0.1445, clean_loss_mask: 0.3127, loss_rpn_cls: 0.0456, loss_rpn_bbox: 0.0205, loss_cls: 0.1402, acc: 95.6006, loss_bbox: 0.1457, loss_mask: 0.3567, loss: 1.3405
2026-06-30 21:04:21,450 - mmdet - INFO - Epoch [2][1100/1324]	lr: 1.000e-02, eta: 2:41:28, time: 2.275, data_time: 0.047, memory: 8509, noise_inv_loss: 0.0009, clean_loss_rpn_cls: 0.0273, clean_loss_rpn_bbox: 0.0159, clean_loss_cls: 0.1206, clean_acc: 95.8008, clean_loss_bbox: 0.1332, clean_loss_mask: 0.3102, loss_rpn_cls: 0.0408, loss_rpn_bbox: 0.0173, loss_cls: 0.1355, acc: 95.7129, loss_bbox: 0.1318, loss_mask: 0.3524, loss: 1.2859
2026-06-30 21:06:15,874 - mmdet - INFO - Epoch [2][1150/1324]	lr: 1.000e-02, eta: 2:39:30, time: 2.288, data_time: 0.051, memory: 8509, noise_inv_loss: 0.0009, clean_loss_rpn_cls: 0.0286, clean_loss_rpn_bbox: 0.0175, clean_loss_cls: 0.1314, clean_acc: 95.5371, clean_loss_bbox: 0.1457, clean_loss_mask: 0.3175, loss_rpn_cls: 0.0424, loss_rpn_bbox: 0.0190, loss_cls: 0.1419, acc: 95.4927, loss_bbox: 0.1455, loss_mask: 0.3568, loss: 1.3472
2026-06-30 21:08:11,703 - mmdet - INFO - Epoch [2][1200/1324]	lr: 1.000e-02, eta: 2:37:36, time: 2.317, data_time: 0.047, memory: 8509, noise_inv_loss: 0.0009, clean_loss_rpn_cls: 0.0292, clean_loss_rpn_bbox: 0.0200, clean_loss_cls: 0.1236, clean_acc: 95.6484, clean_loss_bbox: 0.1429, clean_loss_mask: 0.3054, loss_rpn_cls: 0.0417, loss_rpn_bbox: 0.0214, loss_cls: 0.1366, acc: 95.5908, loss_bbox: 0.1458, loss_mask: 0.3460, loss: 1.3134
2026-06-30 21:10:07,953 - mmdet - INFO - Epoch [2][1250/1324]	lr: 1.000e-02, eta: 2:35:42, time: 2.325, data_time: 0.058, memory: 8509, noise_inv_loss: 0.0009, clean_loss_rpn_cls: 0.0323, clean_loss_rpn_bbox: 0.0219, clean_loss_cls: 0.1396, clean_acc: 95.2134, clean_loss_bbox: 0.1583, clean_loss_mask: 0.3101, loss_rpn_cls: 0.0473, loss_rpn_bbox: 0.0239, loss_cls: 0.1482, acc: 95.2422, loss_bbox: 0.1531, loss_mask: 0.3448, loss: 1.3803
2026-06-30 21:12:02,311 - mmdet - INFO - Epoch [2][1300/1324]	lr: 1.000e-02, eta: 2:33:44, time: 2.287, data_time: 0.045, memory: 8509, noise_inv_loss: 0.0009, clean_loss_rpn_cls: 0.0252, clean_loss_rpn_bbox: 0.0170, clean_loss_cls: 0.1188, clean_acc: 95.7437, clean_loss_bbox: 0.1313, clean_loss_mask: 0.3045, loss_rpn_cls: 0.0367, loss_rpn_bbox: 0.0183, loss_cls: 0.1294, acc: 95.7939, loss_bbox: 0.1325, loss_mask: 0.3498, loss: 1.2646
[                                                  ] 0/669, elapsed: 0s, ETA:
[                                 ] 1/669, 1.8 task/s, elapsed: 1s, ETA:   376s
[                                 ] 2/669, 3.1 task/s, elapsed: 1s, ETA:   214s
[                                 ] 3/669, 4.3 task/s, elapsed: 1s, ETA:   156s
[                                 ] 4/669, 5.0 task/s, elapsed: 1s, ETA:   132s
[                                 ] 5/669, 5.8 task/s, elapsed: 1s, ETA:   114s
[                                 ] 6/669, 6.4 task/s, elapsed: 1s, ETA:   103s
[                                 ] 7/669, 6.9 task/s, elapsed: 1s, ETA:    96s
[                                 ] 8/669, 6.8 task/s, elapsed: 1s, ETA:    97s
[                                 ] 9/669, 7.3 task/s, elapsed: 1s, ETA:    91s
[                                ] 10/669, 7.4 task/s, elapsed: 1s, ETA:    89s
[                                ] 11/669, 7.4 task/s, elapsed: 1s, ETA:    89s
[                                ] 12/669, 7.4 task/s, elapsed: 2s, ETA:    88s
[                                ] 13/669, 7.7 task/s, elapsed: 2s, ETA:    86s
[                                ] 14/669, 7.9 task/s, elapsed: 2s, ETA:    83s
[                                ] 15/669, 8.2 task/s, elapsed: 2s, ETA:    80s
[                                ] 16/669, 8.5 task/s, elapsed: 2s, ETA:    77s
[                                ] 17/669, 8.7 task/s, elapsed: 2s, ETA:    75s
[                                ] 18/669, 8.8 task/s, elapsed: 2s, ETA:    74s
[                                ] 19/669, 8.9 task/s, elapsed: 2s, ETA:    73s
[                                ] 20/669, 9.1 task/s, elapsed: 2s, ETA:    71s
[>                               ] 21/669, 9.3 task/s, elapsed: 2s, ETA:    70s
[>                               ] 22/669, 9.2 task/s, elapsed: 2s, ETA:    71s
[>                               ] 23/669, 9.3 task/s, elapsed: 2s, ETA:    70s
[>                               ] 24/669, 9.4 task/s, elapsed: 3s, ETA:    69s
[>                               ] 25/669, 9.5 task/s, elapsed: 3s, ETA:    68s
[>                               ] 26/669, 9.6 task/s, elapsed: 3s, ETA:    67s
[>                               ] 27/669, 9.7 task/s, elapsed: 3s, ETA:    66s
[>                               ] 28/669, 9.6 task/s, elapsed: 3s, ETA:    67s
[>                               ] 29/669, 9.5 task/s, elapsed: 3s, ETA:    67s
[>                               ] 30/669, 9.6 task/s, elapsed: 3s, ETA:    67s
[>                               ] 31/669, 9.7 task/s, elapsed: 3s, ETA:    66s
[>                               ] 32/669, 9.8 task/s, elapsed: 3s, ETA:    65s
[>                               ] 33/669, 9.9 task/s, elapsed: 3s, ETA:    64s
[>                              ] 34/669, 10.0 task/s, elapsed: 3s, ETA:    63s
[>                              ] 35/669, 10.1 task/s, elapsed: 3s, ETA:    63s
[>                              ] 36/669, 10.2 task/s, elapsed: 4s, ETA:    62s
[>                              ] 37/669, 10.3 task/s, elapsed: 4s, ETA:    62s
[>                              ] 38/669, 10.4 task/s, elapsed: 4s, ETA:    61s
[>                              ] 39/669, 10.5 task/s, elapsed: 4s, ETA:    60s
[>                              ] 40/669, 10.5 task/s, elapsed: 4s, ETA:    60s
[>                              ] 41/669, 10.6 task/s, elapsed: 4s, ETA:    59s
[>                              ] 42/669, 10.7 task/s, elapsed: 4s, ETA:    59s
[>                              ] 43/669, 10.7 task/s, elapsed: 4s, ETA:    59s
[>>                             ] 44/669, 10.7 task/s, elapsed: 4s, ETA:    58s
[>>                             ] 45/669, 10.8 task/s, elapsed: 4s, ETA:    58s
[>>                             ] 46/669, 10.8 task/s, elapsed: 4s, ETA:    58s
[>>                             ] 47/669, 10.7 task/s, elapsed: 4s, ETA:    58s
[>>                             ] 48/669, 10.8 task/s, elapsed: 4s, ETA:    58s
[>>                             ] 49/669, 10.8 task/s, elapsed: 5s, ETA:    57s
[>>                             ] 50/669, 10.9 task/s, elapsed: 5s, ETA:    57s
[>>                             ] 51/669, 10.8 task/s, elapsed: 5s, ETA:    57s
[>>                             ] 52/669, 10.8 task/s, elapsed: 5s, ETA:    57s
[>>                             ] 53/669, 10.8 task/s, elapsed: 5s, ETA:    57s
[>>                             ] 54/669, 10.9 task/s, elapsed: 5s, ETA:    57s
[>>                             ] 55/669, 10.9 task/s, elapsed: 5s, ETA:    56s
[>>                             ] 56/669, 10.9 task/s, elapsed: 5s, ETA:    56s
[>>                             ] 57/669, 10.9 task/s, elapsed: 5s, ETA:    56s
[>>                             ] 58/669, 10.9 task/s, elapsed: 5s, ETA:    56s
[>>                             ] 59/669, 10.9 task/s, elapsed: 5s, ETA:    56s
[>>                             ] 60/669, 10.9 task/s, elapsed: 5s, ETA:    56s
[>>                             ] 61/669, 11.0 task/s, elapsed: 6s, ETA:    55s
[>>                             ] 62/669, 11.0 task/s, elapsed: 6s, ETA:    55s
[>>                             ] 63/669, 11.1 task/s, elapsed: 6s, ETA:    55s
[>>                             ] 64/669, 11.1 task/s, elapsed: 6s, ETA:    54s
[>>>                            ] 65/669, 11.1 task/s, elapsed: 6s, ETA:    54s
[>>>                            ] 66/669, 11.2 task/s, elapsed: 6s, ETA:    54s
[>>>                            ] 67/669, 11.1 task/s, elapsed: 6s, ETA:    54s
[>>>                            ] 68/669, 11.0 task/s, elapsed: 6s, ETA:    54s
[>>>                            ] 69/669, 11.0 task/s, elapsed: 6s, ETA:    54s
[>>>                            ] 70/669, 11.0 task/s, elapsed: 6s, ETA:    55s
[>>>                            ] 71/669, 10.8 task/s, elapsed: 7s, ETA:    55s
[>>>                            ] 72/669, 10.8 task/s, elapsed: 7s, ETA:    55s
[>>>                            ] 73/669, 10.7 task/s, elapsed: 7s, ETA:    56s
[>>>                            ] 74/669, 10.6 task/s, elapsed: 7s, ETA:    56s
[>>>                            ] 75/669, 10.5 task/s, elapsed: 7s, ETA:    56s
[>>>                            ] 76/669, 10.5 task/s, elapsed: 7s, ETA:    57s
[>>>                            ] 77/669, 10.4 task/s, elapsed: 7s, ETA:    57s
[>>>                            ] 78/669, 10.4 task/s, elapsed: 8s, ETA:    57s
[>>>                            ] 79/669, 10.4 task/s, elapsed: 8s, ETA:    57s
[>>>                            ] 80/669, 10.2 task/s, elapsed: 8s, ETA:    58s
[>>>                            ] 81/669, 10.2 task/s, elapsed: 8s, ETA:    58s
[>>>                            ] 82/669, 10.2 task/s, elapsed: 8s, ETA:    58s
[>>>                            ] 83/669, 10.2 task/s, elapsed: 8s, ETA:    57s
[>>>                            ] 84/669, 10.2 task/s, elapsed: 8s, ETA:    57s
[>>>                            ] 85/669, 10.2 task/s, elapsed: 8s, ETA:    57s
[>>>                            ] 86/669, 10.2 task/s, elapsed: 8s, ETA:    57s
[>>>>                           ] 87/669, 10.1 task/s, elapsed: 9s, ETA:    58s
[>>>>                           ] 88/669, 10.0 task/s, elapsed: 9s, ETA:    58s
[>>>>                           ] 89/669, 10.0 task/s, elapsed: 9s, ETA:    58s
[>>>>                           ] 90/669, 10.0 task/s, elapsed: 9s, ETA:    58s
[>>>>                           ] 91/669, 10.0 task/s, elapsed: 9s, ETA:    58s
[>>>>                           ] 92/669, 10.1 task/s, elapsed: 9s, ETA:    57s
[>>>>                           ] 93/669, 10.0 task/s, elapsed: 9s, ETA:    58s
[>>>>                            ] 94/669, 9.9 task/s, elapsed: 9s, ETA:    58s
[>>>>                           ] 95/669, 9.9 task/s, elapsed: 10s, ETA:    58s
[>>>>                           ] 96/669, 9.9 task/s, elapsed: 10s, ETA:    58s
[>>>>                           ] 97/669, 9.9 task/s, elapsed: 10s, ETA:    58s
[>>>>                           ] 98/669, 9.8 task/s, elapsed: 10s, ETA:    58s
[>>>>                           ] 99/669, 9.7 task/s, elapsed: 10s, ETA:    59s
[>>>>                          ] 100/669, 9.6 task/s, elapsed: 10s, ETA:    59s
[>>>>                          ] 101/669, 9.6 task/s, elapsed: 11s, ETA:    59s
[>>>>                          ] 102/669, 9.6 task/s, elapsed: 11s, ETA:    59s
[>>>>                          ] 103/669, 9.6 task/s, elapsed: 11s, ETA:    59s
[>>>>                          ] 104/669, 9.7 task/s, elapsed: 11s, ETA:    58s
[>>>>                          ] 105/669, 9.7 task/s, elapsed: 11s, ETA:    58s
[>>>>                          ] 106/669, 9.7 task/s, elapsed: 11s, ETA:    58s
[>>>>                          ] 107/669, 9.7 task/s, elapsed: 11s, ETA:    58s
[>>>>                          ] 108/669, 9.7 task/s, elapsed: 11s, ETA:    58s
[>>>>                          ] 109/669, 9.7 task/s, elapsed: 11s, ETA:    58s
[>>>>                          ] 110/669, 9.7 task/s, elapsed: 11s, ETA:    58s
[>>>>                          ] 111/669, 9.7 task/s, elapsed: 11s, ETA:    58s
[>>>>>                         ] 112/669, 9.7 task/s, elapsed: 12s, ETA:    57s
[>>>>>                         ] 113/669, 9.7 task/s, elapsed: 12s, ETA:    57s
[>>>>>                         ] 114/669, 9.7 task/s, elapsed: 12s, ETA:    57s
[>>>>>                         ] 115/669, 9.7 task/s, elapsed: 12s, ETA:    57s
[>>>>>                         ] 116/669, 9.7 task/s, elapsed: 12s, ETA:    57s
[>>>>>                         ] 117/669, 9.7 task/s, elapsed: 12s, ETA:    57s
[>>>>>                         ] 118/669, 9.6 task/s, elapsed: 12s, ETA:    57s
[>>>>>                         ] 119/669, 9.6 task/s, elapsed: 12s, ETA:    57s
[>>>>>                         ] 120/669, 9.6 task/s, elapsed: 12s, ETA:    57s
[>>>>>                         ] 121/669, 9.5 task/s, elapsed: 13s, ETA:    58s
[>>>>>                         ] 122/669, 9.5 task/s, elapsed: 13s, ETA:    57s
[>>>>>                         ] 123/669, 9.5 task/s, elapsed: 13s, ETA:    57s
[>>>>>                         ] 124/669, 9.5 task/s, elapsed: 13s, ETA:    57s
[>>>>>                         ] 125/669, 9.5 task/s, elapsed: 13s, ETA:    57s
[>>>>>                         ] 126/669, 9.6 task/s, elapsed: 13s, ETA:    57s
[>>>>>                         ] 127/669, 9.6 task/s, elapsed: 13s, ETA:    57s
[>>>>>                         ] 128/669, 9.6 task/s, elapsed: 13s, ETA:    56s
[>>>>>                         ] 129/669, 9.6 task/s, elapsed: 13s, ETA:    56s
[>>>>>                         ] 130/669, 9.6 task/s, elapsed: 13s, ETA:    56s
[>>>>>                         ] 131/669, 9.7 task/s, elapsed: 14s, ETA:    56s
[>>>>>                         ] 132/669, 9.7 task/s, elapsed: 14s, ETA:    55s
[>>>>>                         ] 133/669, 9.7 task/s, elapsed: 14s, ETA:    55s
[>>>>>>                        ] 134/669, 9.7 task/s, elapsed: 14s, ETA:    55s
[>>>>>>                        ] 135/669, 9.8 task/s, elapsed: 14s, ETA:    55s
[>>>>>>                        ] 136/669, 9.8 task/s, elapsed: 14s, ETA:    55s
[>>>>>>                        ] 137/669, 9.8 task/s, elapsed: 14s, ETA:    54s
[>>>>>>                        ] 138/669, 9.7 task/s, elapsed: 14s, ETA:    55s
[>>>>>>                        ] 139/669, 9.7 task/s, elapsed: 14s, ETA:    55s
[>>>>>>                        ] 140/669, 9.7 task/s, elapsed: 14s, ETA:    55s
[>>>>>>                        ] 141/669, 9.7 task/s, elapsed: 15s, ETA:    54s
[>>>>>>                        ] 142/669, 9.7 task/s, elapsed: 15s, ETA:    54s
[>>>>>>                        ] 143/669, 9.7 task/s, elapsed: 15s, ETA:    54s
[>>>>>>                        ] 144/669, 9.7 task/s, elapsed: 15s, ETA:    54s
[>>>>>>                        ] 145/669, 9.7 task/s, elapsed: 15s, ETA:    54s
[>>>>>>                        ] 146/669, 9.6 task/s, elapsed: 15s, ETA:    54s
[>>>>>>                        ] 147/669, 9.7 task/s, elapsed: 15s, ETA:    54s
[>>>>>>                        ] 148/669, 9.7 task/s, elapsed: 15s, ETA:    54s
[>>>>>>                        ] 149/669, 9.6 task/s, elapsed: 16s, ETA:    54s
[>>>>>>                        ] 150/669, 9.6 task/s, elapsed: 16s, ETA:    54s
[>>>>>>                        ] 151/669, 9.6 task/s, elapsed: 16s, ETA:    54s
[>>>>>>                        ] 152/669, 9.6 task/s, elapsed: 16s, ETA:    54s
[>>>>>>                        ] 153/669, 9.6 task/s, elapsed: 16s, ETA:    54s
[>>>>>>                        ] 154/669, 9.6 task/s, elapsed: 16s, ETA:    54s
[>>>>>>                        ] 155/669, 9.6 task/s, elapsed: 16s, ETA:    53s
[>>>>>>                        ] 156/669, 9.6 task/s, elapsed: 16s, ETA:    53s
[>>>>>>>                       ] 157/669, 9.6 task/s, elapsed: 16s, ETA:    53s
[>>>>>>>                       ] 158/669, 9.7 task/s, elapsed: 16s, ETA:    53s
[>>>>>>>                       ] 159/669, 9.7 task/s, elapsed: 16s, ETA:    53s
[>>>>>>>                       ] 160/669, 9.7 task/s, elapsed: 16s, ETA:    52s
[>>>>>>>                       ] 161/669, 9.7 task/s, elapsed: 17s, ETA:    52s
[>>>>>>>                       ] 162/669, 9.7 task/s, elapsed: 17s, ETA:    52s
[>>>>>>>                       ] 163/669, 9.8 task/s, elapsed: 17s, ETA:    52s
[>>>>>>>                       ] 164/669, 9.8 task/s, elapsed: 17s, ETA:    52s
[>>>>>>>                       ] 165/669, 9.8 task/s, elapsed: 17s, ETA:    51s
[>>>>>>>                       ] 166/669, 9.8 task/s, elapsed: 17s, ETA:    51s
[>>>>>>>                       ] 167/669, 9.8 task/s, elapsed: 17s, ETA:    51s
[>>>>>>>                       ] 168/669, 9.8 task/s, elapsed: 17s, ETA:    51s
[>>>>>>>                       ] 169/669, 9.8 task/s, elapsed: 17s, ETA:    51s
[>>>>>>>                       ] 170/669, 9.8 task/s, elapsed: 17s, ETA:    51s
[>>>>>>>                       ] 171/669, 9.9 task/s, elapsed: 17s, ETA:    50s
[>>>>>>>                       ] 172/669, 9.9 task/s, elapsed: 17s, ETA:    50s
[>>>>>>>                       ] 173/669, 9.9 task/s, elapsed: 18s, ETA:    50s
[>>>>>>>                       ] 174/669, 9.9 task/s, elapsed: 18s, ETA:    50s
[>>>>>>>                       ] 175/669, 9.9 task/s, elapsed: 18s, ETA:    50s
[>>>>>>>                       ] 176/669, 9.9 task/s, elapsed: 18s, ETA:    50s
[>>>>>>>                       ] 177/669, 9.9 task/s, elapsed: 18s, ETA:    50s
[>>>>>>>                       ] 178/669, 9.9 task/s, elapsed: 18s, ETA:    50s
[>>>>>>>>                      ] 179/669, 9.9 task/s, elapsed: 18s, ETA:    49s
[>>>>>>>>                      ] 180/669, 9.9 task/s, elapsed: 18s, ETA:    49s
[>>>>>>>                      ] 181/669, 10.0 task/s, elapsed: 18s, ETA:    49s
[>>>>>>>>                      ] 182/669, 9.9 task/s, elapsed: 18s, ETA:    49s
[>>>>>>>                      ] 183/669, 10.0 task/s, elapsed: 18s, ETA:    49s
[>>>>>>>                      ] 184/669, 10.0 task/s, elapsed: 18s, ETA:    49s
[>>>>>>>>                     ] 185/669, 10.0 task/s, elapsed: 19s, ETA:    48s
[>>>>>>>>                     ] 186/669, 10.0 task/s, elapsed: 19s, ETA:    48s
[>>>>>>>>                     ] 187/669, 10.0 task/s, elapsed: 19s, ETA:    48s
[>>>>>>>>                      ] 188/669, 9.9 task/s, elapsed: 19s, ETA:    48s
[>>>>>>>>                      ] 189/669, 9.9 task/s, elapsed: 19s, ETA:    48s
[>>>>>>>>                      ] 190/669, 9.9 task/s, elapsed: 19s, ETA:    49s
[>>>>>>>>                      ] 191/669, 9.8 task/s, elapsed: 19s, ETA:    49s
[>>>>>>>>                      ] 192/669, 9.8 task/s, elapsed: 20s, ETA:    49s
[>>>>>>>>                      ] 193/669, 9.8 task/s, elapsed: 20s, ETA:    49s
[>>>>>>>>                      ] 194/669, 9.8 task/s, elapsed: 20s, ETA:    49s
[>>>>>>>>                      ] 195/669, 9.8 task/s, elapsed: 20s, ETA:    48s
[>>>>>>>>                      ] 196/669, 9.8 task/s, elapsed: 20s, ETA:    48s
[>>>>>>>>                      ] 197/669, 9.7 task/s, elapsed: 20s, ETA:    49s
[>>>>>>>>                      ] 198/669, 9.7 task/s, elapsed: 20s, ETA:    49s
[>>>>>>>>                      ] 199/669, 9.7 task/s, elapsed: 21s, ETA:    49s
[>>>>>>>>                      ] 200/669, 9.6 task/s, elapsed: 21s, ETA:    49s
[>>>>>>>>>                     ] 201/669, 9.5 task/s, elapsed: 21s, ETA:    49s
[>>>>>>>>>                     ] 202/669, 9.6 task/s, elapsed: 21s, ETA:    49s
[>>>>>>>>>                     ] 203/669, 9.5 task/s, elapsed: 21s, ETA:    49s
[>>>>>>>>>                     ] 204/669, 9.5 task/s, elapsed: 21s, ETA:    49s
[>>>>>>>>>                     ] 205/669, 9.5 task/s, elapsed: 22s, ETA:    49s
[>>>>>>>>>                     ] 206/669, 9.5 task/s, elapsed: 22s, ETA:    49s
[>>>>>>>>>                     ] 207/669, 9.5 task/s, elapsed: 22s, ETA:    49s
[>>>>>>>>>                     ] 208/669, 9.5 task/s, elapsed: 22s, ETA:    49s
[>>>>>>>>>                     ] 209/669, 9.5 task/s, elapsed: 22s, ETA:    48s
[>>>>>>>>>                     ] 210/669, 9.5 task/s, elapsed: 22s, ETA:    48s
[>>>>>>>>>                     ] 211/669, 9.5 task/s, elapsed: 22s, ETA:    48s
[>>>>>>>>>                     ] 212/669, 9.5 task/s, elapsed: 22s, ETA:    48s
[>>>>>>>>>                     ] 213/669, 9.5 task/s, elapsed: 22s, ETA:    48s
[>>>>>>>>>                     ] 214/669, 9.5 task/s, elapsed: 23s, ETA:    48s
[>>>>>>>>>                     ] 215/669, 9.5 task/s, elapsed: 23s, ETA:    48s
[>>>>>>>>>                     ] 216/669, 9.5 task/s, elapsed: 23s, ETA:    48s
[>>>>>>>>>                     ] 217/669, 9.5 task/s, elapsed: 23s, ETA:    48s
[>>>>>>>>>                     ] 218/669, 9.4 task/s, elapsed: 23s, ETA:    48s
[>>>>>>>>>                     ] 219/669, 9.4 task/s, elapsed: 23s, ETA:    48s
[>>>>>>>>>                     ] 220/669, 9.4 task/s, elapsed: 23s, ETA:    48s
[>>>>>>>>>                     ] 221/669, 9.4 task/s, elapsed: 24s, ETA:    48s
[>>>>>>>>>                     ] 222/669, 9.4 task/s, elapsed: 24s, ETA:    48s
[>>>>>>>>>>                    ] 223/669, 9.4 task/s, elapsed: 24s, ETA:    48s
[>>>>>>>>>>                    ] 224/669, 9.4 task/s, elapsed: 24s, ETA:    48s
[>>>>>>>>>>                    ] 225/669, 9.4 task/s, elapsed: 24s, ETA:    47s
[>>>>>>>>>>                    ] 226/669, 9.3 task/s, elapsed: 24s, ETA:    47s
[>>>>>>>>>>                    ] 227/669, 9.3 task/s, elapsed: 24s, ETA:    47s
[>>>>>>>>>>                    ] 228/669, 9.3 task/s, elapsed: 24s, ETA:    47s
[>>>>>>>>>>                    ] 229/669, 9.3 task/s, elapsed: 25s, ETA:    47s
[>>>>>>>>>>                    ] 230/669, 9.3 task/s, elapsed: 25s, ETA:    47s
[>>>>>>>>>>                    ] 231/669, 9.3 task/s, elapsed: 25s, ETA:    47s
[>>>>>>>>>>                    ] 232/669, 9.3 task/s, elapsed: 25s, ETA:    47s
[>>>>>>>>>>                    ] 233/669, 9.3 task/s, elapsed: 25s, ETA:    47s
[>>>>>>>>>>                    ] 234/669, 9.3 task/s, elapsed: 25s, ETA:    47s
[>>>>>>>>>>                    ] 235/669, 9.3 task/s, elapsed: 25s, ETA:    47s
[>>>>>>>>>>                    ] 236/669, 9.3 task/s, elapsed: 25s, ETA:    47s
[>>>>>>>>>>                    ] 237/669, 9.3 task/s, elapsed: 25s, ETA:    46s
[>>>>>>>>>>                    ] 238/669, 9.3 task/s, elapsed: 26s, ETA:    46s
[>>>>>>>>>>                    ] 239/669, 9.3 task/s, elapsed: 26s, ETA:    46s
[>>>>>>>>>>                    ] 240/669, 9.3 task/s, elapsed: 26s, ETA:    46s
[>>>>>>>>>>                    ] 241/669, 9.3 task/s, elapsed: 26s, ETA:    46s
[>>>>>>>>>>                    ] 242/669, 9.3 task/s, elapsed: 26s, ETA:    46s
[>>>>>>>>>>                    ] 243/669, 9.3 task/s, elapsed: 26s, ETA:    46s
[>>>>>>>>>>                    ] 244/669, 9.3 task/s, elapsed: 26s, ETA:    46s
[>>>>>>>>>>                    ] 245/669, 9.3 task/s, elapsed: 26s, ETA:    45s
[>>>>>>>>>>>                   ] 246/669, 9.3 task/s, elapsed: 26s, ETA:    45s
[>>>>>>>>>>>                   ] 247/669, 9.3 task/s, elapsed: 27s, ETA:    46s
[>>>>>>>>>>>                   ] 248/669, 9.3 task/s, elapsed: 27s, ETA:    45s
[>>>>>>>>>>>                   ] 249/669, 9.2 task/s, elapsed: 27s, ETA:    46s
[>>>>>>>>>>>                   ] 250/669, 9.2 task/s, elapsed: 27s, ETA:    45s
[>>>>>>>>>>>                   ] 251/669, 9.2 task/s, elapsed: 27s, ETA:    45s
[>>>>>>>>>>>                   ] 252/669, 9.3 task/s, elapsed: 27s, ETA:    45s
[>>>>>>>>>>>                   ] 253/669, 9.3 task/s, elapsed: 27s, ETA:    45s
[>>>>>>>>>>>                   ] 254/669, 9.3 task/s, elapsed: 27s, ETA:    45s
[>>>>>>>>>>>                   ] 255/669, 9.2 task/s, elapsed: 28s, ETA:    45s
[>>>>>>>>>>>                   ] 256/669, 9.3 task/s, elapsed: 28s, ETA:    45s
[>>>>>>>>>>>                   ] 257/669, 9.3 task/s, elapsed: 28s, ETA:    44s
[>>>>>>>>>>>                   ] 258/669, 9.3 task/s, elapsed: 28s, ETA:    44s
[>>>>>>>>>>>                   ] 259/669, 9.3 task/s, elapsed: 28s, ETA:    44s
[>>>>>>>>>>>                   ] 260/669, 9.3 task/s, elapsed: 28s, ETA:    44s
[>>>>>>>>>>>                   ] 261/669, 9.3 task/s, elapsed: 28s, ETA:    44s
[>>>>>>>>>>>                   ] 262/669, 9.2 task/s, elapsed: 28s, ETA:    44s
[>>>>>>>>>>>                   ] 263/669, 9.2 task/s, elapsed: 29s, ETA:    44s
[>>>>>>>>>>>                   ] 264/669, 9.2 task/s, elapsed: 29s, ETA:    44s
[>>>>>>>>>>>                   ] 265/669, 9.2 task/s, elapsed: 29s, ETA:    44s
[>>>>>>>>>>>                   ] 266/669, 9.2 task/s, elapsed: 29s, ETA:    44s
[>>>>>>>>>>>                   ] 267/669, 9.2 task/s, elapsed: 29s, ETA:    44s
[>>>>>>>>>>>>                  ] 268/669, 9.1 task/s, elapsed: 29s, ETA:    44s
[>>>>>>>>>>>>                  ] 269/669, 9.1 task/s, elapsed: 29s, ETA:    44s
[>>>>>>>>>>>>                  ] 270/669, 9.1 task/s, elapsed: 30s, ETA:    44s
[>>>>>>>>>>>>                  ] 271/669, 9.1 task/s, elapsed: 30s, ETA:    44s
[>>>>>>>>>>>>                  ] 272/669, 9.1 task/s, elapsed: 30s, ETA:    44s
[>>>>>>>>>>>>                  ] 273/669, 9.1 task/s, elapsed: 30s, ETA:    43s
[>>>>>>>>>>>>                  ] 274/669, 9.1 task/s, elapsed: 30s, ETA:    43s
[>>>>>>>>>>>>                  ] 275/669, 9.1 task/s, elapsed: 30s, ETA:    43s
[>>>>>>>>>>>>                  ] 276/669, 9.1 task/s, elapsed: 30s, ETA:    43s
[>>>>>>>>>>>>                  ] 277/669, 9.1 task/s, elapsed: 30s, ETA:    43s
[>>>>>>>>>>>>                  ] 278/669, 9.1 task/s, elapsed: 31s, ETA:    43s
[>>>>>>>>>>>>                  ] 279/669, 9.1 task/s, elapsed: 31s, ETA:    43s
[>>>>>>>>>>>>                  ] 280/669, 9.1 task/s, elapsed: 31s, ETA:    43s
[>>>>>>>>>>>>                  ] 281/669, 9.1 task/s, elapsed: 31s, ETA:    43s
[>>>>>>>>>>>>                  ] 282/669, 9.1 task/s, elapsed: 31s, ETA:    43s
[>>>>>>>>>>>>                  ] 283/669, 9.1 task/s, elapsed: 31s, ETA:    43s
[>>>>>>>>>>>>                  ] 284/669, 9.1 task/s, elapsed: 31s, ETA:    42s
[>>>>>>>>>>>>                  ] 285/669, 9.1 task/s, elapsed: 31s, ETA:    42s
[>>>>>>>>>>>>                  ] 286/669, 9.1 task/s, elapsed: 32s, ETA:    42s
[>>>>>>>>>>>>                  ] 287/669, 9.1 task/s, elapsed: 32s, ETA:    42s
[>>>>>>>>>>>>                  ] 288/669, 9.1 task/s, elapsed: 32s, ETA:    42s
[>>>>>>>>>>>>                  ] 289/669, 9.1 task/s, elapsed: 32s, ETA:    42s
[>>>>>>>>>>>>>                 ] 290/669, 9.1 task/s, elapsed: 32s, ETA:    42s
[>>>>>>>>>>>>>                 ] 291/669, 9.1 task/s, elapsed: 32s, ETA:    42s
[>>>>>>>>>>>>>                 ] 292/669, 9.1 task/s, elapsed: 32s, ETA:    41s
[>>>>>>>>>>>>>                 ] 293/669, 9.1 task/s, elapsed: 32s, ETA:    41s
[>>>>>>>>>>>>>                 ] 294/669, 9.1 task/s, elapsed: 32s, ETA:    41s
[>>>>>>>>>>>>>                 ] 295/669, 9.1 task/s, elapsed: 32s, ETA:    41s
[>>>>>>>>>>>>>                 ] 296/669, 9.1 task/s, elapsed: 33s, ETA:    41s
[>>>>>>>>>>>>>                 ] 297/669, 9.1 task/s, elapsed: 33s, ETA:    41s
[>>>>>>>>>>>>>                 ] 298/669, 9.1 task/s, elapsed: 33s, ETA:    41s
[>>>>>>>>>>>>>                 ] 299/669, 9.1 task/s, elapsed: 33s, ETA:    41s
[>>>>>>>>>>>>>                 ] 300/669, 9.1 task/s, elapsed: 33s, ETA:    40s
[>>>>>>>>>>>>>                 ] 301/669, 9.1 task/s, elapsed: 33s, ETA:    40s
[>>>>>>>>>>>>>                 ] 302/669, 9.1 task/s, elapsed: 33s, ETA:    40s
[>>>>>>>>>>>>>                 ] 303/669, 9.1 task/s, elapsed: 33s, ETA:    40s
[>>>>>>>>>>>>>                 ] 304/669, 9.1 task/s, elapsed: 33s, ETA:    40s
[>>>>>>>>>>>>>                 ] 305/669, 9.2 task/s, elapsed: 33s, ETA:    40s
[>>>>>>>>>>>>>                 ] 306/669, 9.2 task/s, elapsed: 33s, ETA:    40s
[>>>>>>>>>>>>>                 ] 307/669, 9.2 task/s, elapsed: 33s, ETA:    39s
[>>>>>>>>>>>>>                 ] 308/669, 9.2 task/s, elapsed: 34s, ETA:    39s
[>>>>>>>>>>>>>                 ] 309/669, 9.2 task/s, elapsed: 34s, ETA:    39s
[>>>>>>>>>>>>>                 ] 310/669, 9.2 task/s, elapsed: 34s, ETA:    39s
[>>>>>>>>>>>>>                 ] 311/669, 9.2 task/s, elapsed: 34s, ETA:    39s
[>>>>>>>>>>>>>                 ] 312/669, 9.2 task/s, elapsed: 34s, ETA:    39s
[>>>>>>>>>>>>>>                ] 313/669, 9.2 task/s, elapsed: 34s, ETA:    39s
[>>>>>>>>>>>>>>                ] 314/669, 9.2 task/s, elapsed: 34s, ETA:    39s
[>>>>>>>>>>>>>>                ] 315/669, 9.2 task/s, elapsed: 34s, ETA:    38s
[>>>>>>>>>>>>>>                ] 316/669, 9.2 task/s, elapsed: 34s, ETA:    38s
[>>>>>>>>>>>>>>                ] 317/669, 9.2 task/s, elapsed: 34s, ETA:    38s
[>>>>>>>>>>>>>>                ] 318/669, 9.3 task/s, elapsed: 34s, ETA:    38s
[>>>>>>>>>>>>>>                ] 319/669, 9.3 task/s, elapsed: 34s, ETA:    38s
[>>>>>>>>>>>>>>                ] 320/669, 9.3 task/s, elapsed: 35s, ETA:    38s
[>>>>>>>>>>>>>>                ] 321/669, 9.3 task/s, elapsed: 35s, ETA:    38s
[>>>>>>>>>>>>>>                ] 322/669, 9.3 task/s, elapsed: 35s, ETA:    37s
[>>>>>>>>>>>>>>                ] 323/669, 9.3 task/s, elapsed: 35s, ETA:    37s
[>>>>>>>>>>>>>>                ] 324/669, 9.3 task/s, elapsed: 35s, ETA:    37s
[>>>>>>>>>>>>>>                ] 325/669, 9.3 task/s, elapsed: 35s, ETA:    37s
[>>>>>>>>>>>>>>                ] 326/669, 9.3 task/s, elapsed: 35s, ETA:    37s
[>>>>>>>>>>>>>>                ] 327/669, 9.3 task/s, elapsed: 35s, ETA:    37s
[>>>>>>>>>>>>>>                ] 328/669, 9.3 task/s, elapsed: 35s, ETA:    37s
[>>>>>>>>>>>>>>                ] 329/669, 9.3 task/s, elapsed: 35s, ETA:    36s
[>>>>>>>>>>>>>>                ] 330/669, 9.3 task/s, elapsed: 35s, ETA:    36s
[>>>>>>>>>>>>>>                ] 331/669, 9.3 task/s, elapsed: 35s, ETA:    36s
[>>>>>>>>>>>>>>                ] 332/669, 9.3 task/s, elapsed: 36s, ETA:    36s
[>>>>>>>>>>>>>>                ] 333/669, 9.3 task/s, elapsed: 36s, ETA:    36s
[>>>>>>>>>>>>>>                ] 334/669, 9.3 task/s, elapsed: 36s, ETA:    36s
[>>>>>>>>>>>>>>>               ] 335/669, 9.3 task/s, elapsed: 36s, ETA:    36s
[>>>>>>>>>>>>>>>               ] 336/669, 9.4 task/s, elapsed: 36s, ETA:    36s
[>>>>>>>>>>>>>>>               ] 337/669, 9.3 task/s, elapsed: 36s, ETA:    36s
[>>>>>>>>>>>>>>>               ] 338/669, 9.3 task/s, elapsed: 36s, ETA:    35s
[>>>>>>>>>>>>>>>               ] 339/669, 9.3 task/s, elapsed: 36s, ETA:    35s
[>>>>>>>>>>>>>>>               ] 340/669, 9.3 task/s, elapsed: 36s, ETA:    35s
[>>>>>>>>>>>>>>>               ] 341/669, 9.3 task/s, elapsed: 37s, ETA:    35s
[>>>>>>>>>>>>>>>               ] 342/669, 9.3 task/s, elapsed: 37s, ETA:    35s
[>>>>>>>>>>>>>>>               ] 343/669, 9.3 task/s, elapsed: 37s, ETA:    35s
[>>>>>>>>>>>>>>>               ] 344/669, 9.3 task/s, elapsed: 37s, ETA:    35s
[>>>>>>>>>>>>>>>               ] 345/669, 9.3 task/s, elapsed: 37s, ETA:    35s
[>>>>>>>>>>>>>>>               ] 346/669, 9.3 task/s, elapsed: 37s, ETA:    35s
[>>>>>>>>>>>>>>>               ] 347/669, 9.3 task/s, elapsed: 37s, ETA:    35s
[>>>>>>>>>>>>>>>               ] 348/669, 9.3 task/s, elapsed: 37s, ETA:    34s
[>>>>>>>>>>>>>>>               ] 349/669, 9.3 task/s, elapsed: 37s, ETA:    34s
[>>>>>>>>>>>>>>>               ] 350/669, 9.3 task/s, elapsed: 37s, ETA:    34s
[>>>>>>>>>>>>>>>               ] 351/669, 9.3 task/s, elapsed: 38s, ETA:    34s
[>>>>>>>>>>>>>>>               ] 352/669, 9.3 task/s, elapsed: 38s, ETA:    34s
[>>>>>>>>>>>>>>>               ] 353/669, 9.3 task/s, elapsed: 38s, ETA:    34s
[>>>>>>>>>>>>>>>               ] 354/669, 9.3 task/s, elapsed: 38s, ETA:    34s
[>>>>>>>>>>>>>>>               ] 355/669, 9.3 task/s, elapsed: 38s, ETA:    34s
[>>>>>>>>>>>>>>>               ] 356/669, 9.3 task/s, elapsed: 38s, ETA:    34s
[>>>>>>>>>>>>>>>>              ] 357/669, 9.3 task/s, elapsed: 38s, ETA:    33s
[>>>>>>>>>>>>>>>>              ] 358/669, 9.3 task/s, elapsed: 38s, ETA:    33s
[>>>>>>>>>>>>>>>>              ] 359/669, 9.3 task/s, elapsed: 38s, ETA:    33s
[>>>>>>>>>>>>>>>>              ] 360/669, 9.3 task/s, elapsed: 39s, ETA:    33s
[>>>>>>>>>>>>>>>>              ] 361/669, 9.3 task/s, elapsed: 39s, ETA:    33s
[>>>>>>>>>>>>>>>>              ] 362/669, 9.3 task/s, elapsed: 39s, ETA:    33s
[>>>>>>>>>>>>>>>>              ] 363/669, 9.3 task/s, elapsed: 39s, ETA:    33s
[>>>>>>>>>>>>>>>>              ] 364/669, 9.3 task/s, elapsed: 39s, ETA:    33s
[>>>>>>>>>>>>>>>>              ] 365/669, 9.3 task/s, elapsed: 39s, ETA:    33s
[>>>>>>>>>>>>>>>>              ] 366/669, 9.3 task/s, elapsed: 39s, ETA:    32s
[>>>>>>>>>>>>>>>>              ] 367/669, 9.3 task/s, elapsed: 39s, ETA:    32s
[>>>>>>>>>>>>>>>>              ] 368/669, 9.3 task/s, elapsed: 39s, ETA:    32s
[>>>>>>>>>>>>>>>>              ] 369/669, 9.3 task/s, elapsed: 39s, ETA:    32s
[>>>>>>>>>>>>>>>>              ] 370/669, 9.3 task/s, elapsed: 40s, ETA:    32s
[>>>>>>>>>>>>>>>>              ] 371/669, 9.3 task/s, elapsed: 40s, ETA:    32s
[>>>>>>>>>>>>>>>>              ] 372/669, 9.3 task/s, elapsed: 40s, ETA:    32s
[>>>>>>>>>>>>>>>>              ] 373/669, 9.3 task/s, elapsed: 40s, ETA:    32s
[>>>>>>>>>>>>>>>>              ] 374/669, 9.3 task/s, elapsed: 40s, ETA:    32s
[>>>>>>>>>>>>>>>>              ] 375/669, 9.3 task/s, elapsed: 40s, ETA:    32s
[>>>>>>>>>>>>>>>>              ] 376/669, 9.3 task/s, elapsed: 40s, ETA:    31s
[>>>>>>>>>>>>>>>>              ] 377/669, 9.3 task/s, elapsed: 40s, ETA:    31s
[>>>>>>>>>>>>>>>>              ] 378/669, 9.3 task/s, elapsed: 41s, ETA:    31s
[>>>>>>>>>>>>>>>>              ] 379/669, 9.3 task/s, elapsed: 41s, ETA:    31s
[>>>>>>>>>>>>>>>>>             ] 380/669, 9.3 task/s, elapsed: 41s, ETA:    31s
[>>>>>>>>>>>>>>>>>             ] 381/669, 9.4 task/s, elapsed: 41s, ETA:    31s
[>>>>>>>>>>>>>>>>>             ] 382/669, 9.4 task/s, elapsed: 41s, ETA:    31s
[>>>>>>>>>>>>>>>>>             ] 383/669, 9.4 task/s, elapsed: 41s, ETA:    31s
[>>>>>>>>>>>>>>>>>             ] 384/669, 9.4 task/s, elapsed: 41s, ETA:    30s
[>>>>>>>>>>>>>>>>>             ] 385/669, 9.4 task/s, elapsed: 41s, ETA:    30s
[>>>>>>>>>>>>>>>>>             ] 386/669, 9.4 task/s, elapsed: 41s, ETA:    30s
[>>>>>>>>>>>>>>>>>             ] 387/669, 9.4 task/s, elapsed: 41s, ETA:    30s
[>>>>>>>>>>>>>>>>>             ] 388/669, 9.4 task/s, elapsed: 41s, ETA:    30s
[>>>>>>>>>>>>>>>>>             ] 389/669, 9.4 task/s, elapsed: 41s, ETA:    30s
[>>>>>>>>>>>>>>>>>             ] 390/669, 9.4 task/s, elapsed: 41s, ETA:    30s
[>>>>>>>>>>>>>>>>>             ] 391/669, 9.4 task/s, elapsed: 41s, ETA:    29s
[>>>>>>>>>>>>>>>>>             ] 392/669, 9.4 task/s, elapsed: 42s, ETA:    29s
[>>>>>>>>>>>>>>>>>             ] 393/669, 9.4 task/s, elapsed: 42s, ETA:    29s
[>>>>>>>>>>>>>>>>>             ] 394/669, 9.4 task/s, elapsed: 42s, ETA:    29s
[>>>>>>>>>>>>>>>>>             ] 395/669, 9.4 task/s, elapsed: 42s, ETA:    29s
[>>>>>>>>>>>>>>>>>             ] 396/669, 9.4 task/s, elapsed: 42s, ETA:    29s
[>>>>>>>>>>>>>>>>>             ] 397/669, 9.4 task/s, elapsed: 42s, ETA:    29s
[>>>>>>>>>>>>>>>>>             ] 398/669, 9.5 task/s, elapsed: 42s, ETA:    29s
[>>>>>>>>>>>>>>>>>             ] 399/669, 9.5 task/s, elapsed: 42s, ETA:    29s
[>>>>>>>>>>>>>>>>>             ] 400/669, 9.5 task/s, elapsed: 42s, ETA:    28s
[>>>>>>>>>>>>>>>>>             ] 401/669, 9.5 task/s, elapsed: 42s, ETA:    28s
[>>>>>>>>>>>>>>>>>>            ] 402/669, 9.5 task/s, elapsed: 42s, ETA:    28s
[>>>>>>>>>>>>>>>>>>            ] 403/669, 9.5 task/s, elapsed: 42s, ETA:    28s
[>>>>>>>>>>>>>>>>>>            ] 404/669, 9.5 task/s, elapsed: 43s, ETA:    28s
[>>>>>>>>>>>>>>>>>>            ] 405/669, 9.5 task/s, elapsed: 43s, ETA:    28s
[>>>>>>>>>>>>>>>>>>            ] 406/669, 9.5 task/s, elapsed: 43s, ETA:    28s
[>>>>>>>>>>>>>>>>>>            ] 407/669, 9.5 task/s, elapsed: 43s, ETA:    28s
[>>>>>>>>>>>>>>>>>>            ] 408/669, 9.5 task/s, elapsed: 43s, ETA:    27s
[>>>>>>>>>>>>>>>>>>            ] 409/669, 9.5 task/s, elapsed: 43s, ETA:    27s
[>>>>>>>>>>>>>>>>>>            ] 410/669, 9.5 task/s, elapsed: 43s, ETA:    27s
[>>>>>>>>>>>>>>>>>>            ] 411/669, 9.5 task/s, elapsed: 43s, ETA:    27s
[>>>>>>>>>>>>>>>>>>            ] 412/669, 9.5 task/s, elapsed: 43s, ETA:    27s
[>>>>>>>>>>>>>>>>>>            ] 413/669, 9.5 task/s, elapsed: 43s, ETA:    27s
[>>>>>>>>>>>>>>>>>>            ] 414/669, 9.5 task/s, elapsed: 43s, ETA:    27s
[>>>>>>>>>>>>>>>>>>            ] 415/669, 9.5 task/s, elapsed: 43s, ETA:    27s
[>>>>>>>>>>>>>>>>>>            ] 416/669, 9.6 task/s, elapsed: 44s, ETA:    26s
[>>>>>>>>>>>>>>>>>>            ] 417/669, 9.6 task/s, elapsed: 44s, ETA:    26s
[>>>>>>>>>>>>>>>>>>            ] 418/669, 9.6 task/s, elapsed: 44s, ETA:    26s
[>>>>>>>>>>>>>>>>>>            ] 419/669, 9.6 task/s, elapsed: 44s, ETA:    26s
[>>>>>>>>>>>>>>>>>>            ] 420/669, 9.6 task/s, elapsed: 44s, ETA:    26s
[>>>>>>>>>>>>>>>>>>            ] 421/669, 9.6 task/s, elapsed: 44s, ETA:    26s
[>>>>>>>>>>>>>>>>>>            ] 422/669, 9.6 task/s, elapsed: 44s, ETA:    26s
[>>>>>>>>>>>>>>>>>>            ] 423/669, 9.6 task/s, elapsed: 44s, ETA:    26s
[>>>>>>>>>>>>>>>>>>>           ] 424/669, 9.6 task/s, elapsed: 44s, ETA:    25s
[>>>>>>>>>>>>>>>>>>>           ] 425/669, 9.6 task/s, elapsed: 44s, ETA:    25s
[>>>>>>>>>>>>>>>>>>>           ] 426/669, 9.6 task/s, elapsed: 44s, ETA:    25s
[>>>>>>>>>>>>>>>>>>>           ] 427/669, 9.6 task/s, elapsed: 44s, ETA:    25s
[>>>>>>>>>>>>>>>>>>>           ] 428/669, 9.6 task/s, elapsed: 44s, ETA:    25s
[>>>>>>>>>>>>>>>>>>>           ] 429/669, 9.6 task/s, elapsed: 44s, ETA:    25s
[>>>>>>>>>>>>>>>>>>>           ] 430/669, 9.7 task/s, elapsed: 45s, ETA:    25s
[>>>>>>>>>>>>>>>>>>>           ] 431/669, 9.7 task/s, elapsed: 45s, ETA:    25s
[>>>>>>>>>>>>>>>>>>>           ] 432/669, 9.7 task/s, elapsed: 45s, ETA:    24s
[>>>>>>>>>>>>>>>>>>>           ] 433/669, 9.7 task/s, elapsed: 45s, ETA:    24s
[>>>>>>>>>>>>>>>>>>>           ] 434/669, 9.7 task/s, elapsed: 45s, ETA:    24s
[>>>>>>>>>>>>>>>>>>>           ] 435/669, 9.7 task/s, elapsed: 45s, ETA:    24s
[>>>>>>>>>>>>>>>>>>>           ] 436/669, 9.7 task/s, elapsed: 45s, ETA:    24s
[>>>>>>>>>>>>>>>>>>>           ] 437/669, 9.7 task/s, elapsed: 45s, ETA:    24s
[>>>>>>>>>>>>>>>>>>>           ] 438/669, 9.7 task/s, elapsed: 45s, ETA:    24s
[>>>>>>>>>>>>>>>>>>>           ] 439/669, 9.7 task/s, elapsed: 45s, ETA:    24s
[>>>>>>>>>>>>>>>>>>>           ] 440/669, 9.7 task/s, elapsed: 45s, ETA:    24s
[>>>>>>>>>>>>>>>>>>>           ] 441/669, 9.7 task/s, elapsed: 45s, ETA:    23s
[>>>>>>>>>>>>>>>>>>>           ] 442/669, 9.7 task/s, elapsed: 45s, ETA:    23s
[>>>>>>>>>>>>>>>>>>>           ] 443/669, 9.7 task/s, elapsed: 46s, ETA:    23s
[>>>>>>>>>>>>>>>>>>>           ] 444/669, 9.7 task/s, elapsed: 46s, ETA:    23s
[>>>>>>>>>>>>>>>>>>>           ] 445/669, 9.7 task/s, elapsed: 46s, ETA:    23s
[>>>>>>>>>>>>>>>>>>>>          ] 446/669, 9.7 task/s, elapsed: 46s, ETA:    23s
[>>>>>>>>>>>>>>>>>>>>          ] 447/669, 9.7 task/s, elapsed: 46s, ETA:    23s
[>>>>>>>>>>>>>>>>>>>>          ] 448/669, 9.7 task/s, elapsed: 46s, ETA:    23s
[>>>>>>>>>>>>>>>>>>>>          ] 449/669, 9.7 task/s, elapsed: 46s, ETA:    23s
[>>>>>>>>>>>>>>>>>>>>          ] 450/669, 9.8 task/s, elapsed: 46s, ETA:    22s
[>>>>>>>>>>>>>>>>>>>>          ] 451/669, 9.8 task/s, elapsed: 46s, ETA:    22s
[>>>>>>>>>>>>>>>>>>>>          ] 452/669, 9.8 task/s, elapsed: 46s, ETA:    22s
[>>>>>>>>>>>>>>>>>>>>          ] 453/669, 9.8 task/s, elapsed: 46s, ETA:    22s
[>>>>>>>>>>>>>>>>>>>>          ] 454/669, 9.8 task/s, elapsed: 46s, ETA:    22s
[>>>>>>>>>>>>>>>>>>>>          ] 455/669, 9.8 task/s, elapsed: 47s, ETA:    22s
[>>>>>>>>>>>>>>>>>>>>          ] 456/669, 9.8 task/s, elapsed: 47s, ETA:    22s
[>>>>>>>>>>>>>>>>>>>>          ] 457/669, 9.8 task/s, elapsed: 47s, ETA:    22s
[>>>>>>>>>>>>>>>>>>>>          ] 458/669, 9.8 task/s, elapsed: 47s, ETA:    22s
[>>>>>>>>>>>>>>>>>>>>          ] 459/669, 9.8 task/s, elapsed: 47s, ETA:    21s
[>>>>>>>>>>>>>>>>>>>>          ] 460/669, 9.8 task/s, elapsed: 47s, ETA:    21s
[>>>>>>>>>>>>>>>>>>>>          ] 461/669, 9.8 task/s, elapsed: 47s, ETA:    21s
[>>>>>>>>>>>>>>>>>>>>          ] 462/669, 9.8 task/s, elapsed: 47s, ETA:    21s
[>>>>>>>>>>>>>>>>>>>>          ] 463/669, 9.8 task/s, elapsed: 47s, ETA:    21s
[>>>>>>>>>>>>>>>>>>>>          ] 464/669, 9.8 task/s, elapsed: 47s, ETA:    21s
[>>>>>>>>>>>>>>>>>>>>          ] 465/669, 9.8 task/s, elapsed: 48s, ETA:    21s
[>>>>>>>>>>>>>>>>>>>>          ] 466/669, 9.8 task/s, elapsed: 48s, ETA:    21s
[>>>>>>>>>>>>>>>>>>>>          ] 467/669, 9.8 task/s, elapsed: 48s, ETA:    21s
[>>>>>>>>>>>>>>>>>>>>          ] 468/669, 9.8 task/s, elapsed: 48s, ETA:    21s
[>>>>>>>>>>>>>>>>>>>>>         ] 469/669, 9.8 task/s, elapsed: 48s, ETA:    20s
[>>>>>>>>>>>>>>>>>>>>>         ] 470/669, 9.8 task/s, elapsed: 48s, ETA:    20s
[>>>>>>>>>>>>>>>>>>>>>         ] 471/669, 9.8 task/s, elapsed: 48s, ETA:    20s
[>>>>>>>>>>>>>>>>>>>>>         ] 472/669, 9.8 task/s, elapsed: 48s, ETA:    20s
[>>>>>>>>>>>>>>>>>>>>>         ] 473/669, 9.8 task/s, elapsed: 48s, ETA:    20s
[>>>>>>>>>>>>>>>>>>>>>         ] 474/669, 9.8 task/s, elapsed: 48s, ETA:    20s
[>>>>>>>>>>>>>>>>>>>>>         ] 475/669, 9.8 task/s, elapsed: 49s, ETA:    20s
[>>>>>>>>>>>>>>>>>>>>>         ] 476/669, 9.8 task/s, elapsed: 49s, ETA:    20s
[>>>>>>>>>>>>>>>>>>>>>         ] 477/669, 9.8 task/s, elapsed: 49s, ETA:    20s
[>>>>>>>>>>>>>>>>>>>>>         ] 478/669, 9.8 task/s, elapsed: 49s, ETA:    20s
[>>>>>>>>>>>>>>>>>>>>>         ] 479/669, 9.8 task/s, elapsed: 49s, ETA:    19s
[>>>>>>>>>>>>>>>>>>>>>         ] 480/669, 9.8 task/s, elapsed: 49s, ETA:    19s
[>>>>>>>>>>>>>>>>>>>>>         ] 481/669, 9.8 task/s, elapsed: 49s, ETA:    19s
[>>>>>>>>>>>>>>>>>>>>>         ] 482/669, 9.8 task/s, elapsed: 49s, ETA:    19s
[>>>>>>>>>>>>>>>>>>>>>         ] 483/669, 9.8 task/s, elapsed: 49s, ETA:    19s
[>>>>>>>>>>>>>>>>>>>>>         ] 484/669, 9.8 task/s, elapsed: 49s, ETA:    19s
[>>>>>>>>>>>>>>>>>>>>>         ] 485/669, 9.8 task/s, elapsed: 50s, ETA:    19s
[>>>>>>>>>>>>>>>>>>>>>         ] 486/669, 9.8 task/s, elapsed: 50s, ETA:    19s
[>>>>>>>>>>>>>>>>>>>>>         ] 487/669, 9.8 task/s, elapsed: 50s, ETA:    19s
[>>>>>>>>>>>>>>>>>>>>>         ] 488/669, 9.8 task/s, elapsed: 50s, ETA:    18s
[>>>>>>>>>>>>>>>>>>>>>         ] 489/669, 9.8 task/s, elapsed: 50s, ETA:    18s
[>>>>>>>>>>>>>>>>>>>>>         ] 490/669, 9.8 task/s, elapsed: 50s, ETA:    18s
[>>>>>>>>>>>>>>>>>>>>>>        ] 491/669, 9.8 task/s, elapsed: 50s, ETA:    18s
[>>>>>>>>>>>>>>>>>>>>>>        ] 492/669, 9.8 task/s, elapsed: 50s, ETA:    18s
[>>>>>>>>>>>>>>>>>>>>>>        ] 493/669, 9.8 task/s, elapsed: 50s, ETA:    18s
[>>>>>>>>>>>>>>>>>>>>>>        ] 494/669, 9.7 task/s, elapsed: 51s, ETA:    18s
[>>>>>>>>>>>>>>>>>>>>>>        ] 495/669, 9.7 task/s, elapsed: 51s, ETA:    18s
[>>>>>>>>>>>>>>>>>>>>>>        ] 496/669, 9.7 task/s, elapsed: 51s, ETA:    18s
[>>>>>>>>>>>>>>>>>>>>>>        ] 497/669, 9.7 task/s, elapsed: 51s, ETA:    18s
[>>>>>>>>>>>>>>>>>>>>>>        ] 498/669, 9.7 task/s, elapsed: 51s, ETA:    18s
[>>>>>>>>>>>>>>>>>>>>>>        ] 499/669, 9.7 task/s, elapsed: 51s, ETA:    17s
[>>>>>>>>>>>>>>>>>>>>>>        ] 500/669, 9.7 task/s, elapsed: 51s, ETA:    17s
[>>>>>>>>>>>>>>>>>>>>>>        ] 501/669, 9.7 task/s, elapsed: 52s, ETA:    17s
[>>>>>>>>>>>>>>>>>>>>>>        ] 502/669, 9.7 task/s, elapsed: 52s, ETA:    17s
[>>>>>>>>>>>>>>>>>>>>>>        ] 503/669, 9.7 task/s, elapsed: 52s, ETA:    17s
[>>>>>>>>>>>>>>>>>>>>>>        ] 504/669, 9.7 task/s, elapsed: 52s, ETA:    17s
[>>>>>>>>>>>>>>>>>>>>>>        ] 505/669, 9.7 task/s, elapsed: 52s, ETA:    17s
[>>>>>>>>>>>>>>>>>>>>>>        ] 506/669, 9.7 task/s, elapsed: 52s, ETA:    17s
[>>>>>>>>>>>>>>>>>>>>>>        ] 507/669, 9.7 task/s, elapsed: 52s, ETA:    17s
[>>>>>>>>>>>>>>>>>>>>>>        ] 508/669, 9.7 task/s, elapsed: 52s, ETA:    17s
[>>>>>>>>>>>>>>>>>>>>>>        ] 509/669, 9.7 task/s, elapsed: 52s, ETA:    16s
[>>>>>>>>>>>>>>>>>>>>>>        ] 510/669, 9.7 task/s, elapsed: 52s, ETA:    16s
[>>>>>>>>>>>>>>>>>>>>>>        ] 511/669, 9.7 task/s, elapsed: 53s, ETA:    16s
[>>>>>>>>>>>>>>>>>>>>>>        ] 512/669, 9.7 task/s, elapsed: 53s, ETA:    16s
[>>>>>>>>>>>>>>>>>>>>>>>       ] 513/669, 9.7 task/s, elapsed: 53s, ETA:    16s
[>>>>>>>>>>>>>>>>>>>>>>>       ] 514/669, 9.7 task/s, elapsed: 53s, ETA:    16s
[>>>>>>>>>>>>>>>>>>>>>>>       ] 515/669, 9.7 task/s, elapsed: 53s, ETA:    16s
[>>>>>>>>>>>>>>>>>>>>>>>       ] 516/669, 9.7 task/s, elapsed: 53s, ETA:    16s
[>>>>>>>>>>>>>>>>>>>>>>>       ] 517/669, 9.7 task/s, elapsed: 53s, ETA:    16s
[>>>>>>>>>>>>>>>>>>>>>>>       ] 518/669, 9.7 task/s, elapsed: 53s, ETA:    16s
[>>>>>>>>>>>>>>>>>>>>>>>       ] 519/669, 9.7 task/s, elapsed: 53s, ETA:    15s
[>>>>>>>>>>>>>>>>>>>>>>>       ] 520/669, 9.7 task/s, elapsed: 54s, ETA:    15s
[>>>>>>>>>>>>>>>>>>>>>>>       ] 521/669, 9.7 task/s, elapsed: 54s, ETA:    15s
[>>>>>>>>>>>>>>>>>>>>>>>       ] 522/669, 9.7 task/s, elapsed: 54s, ETA:    15s
[>>>>>>>>>>>>>>>>>>>>>>>       ] 523/669, 9.7 task/s, elapsed: 54s, ETA:    15s
[>>>>>>>>>>>>>>>>>>>>>>>       ] 524/669, 9.7 task/s, elapsed: 54s, ETA:    15s
[>>>>>>>>>>>>>>>>>>>>>>>       ] 525/669, 9.7 task/s, elapsed: 54s, ETA:    15s
[>>>>>>>>>>>>>>>>>>>>>>>       ] 526/669, 9.7 task/s, elapsed: 54s, ETA:    15s
[>>>>>>>>>>>>>>>>>>>>>>>       ] 527/669, 9.7 task/s, elapsed: 55s, ETA:    15s
[>>>>>>>>>>>>>>>>>>>>>>>       ] 528/669, 9.6 task/s, elapsed: 55s, ETA:    15s
[>>>>>>>>>>>>>>>>>>>>>>>       ] 529/669, 9.6 task/s, elapsed: 55s, ETA:    15s
[>>>>>>>>>>>>>>>>>>>>>>>       ] 530/669, 9.6 task/s, elapsed: 55s, ETA:    14s
[>>>>>>>>>>>>>>>>>>>>>>>       ] 531/669, 9.6 task/s, elapsed: 55s, ETA:    14s
[>>>>>>>>>>>>>>>>>>>>>>>       ] 532/669, 9.6 task/s, elapsed: 55s, ETA:    14s
[>>>>>>>>>>>>>>>>>>>>>>>       ] 533/669, 9.7 task/s, elapsed: 55s, ETA:    14s
[>>>>>>>>>>>>>>>>>>>>>>>       ] 534/669, 9.7 task/s, elapsed: 55s, ETA:    14s
[>>>>>>>>>>>>>>>>>>>>>>>       ] 535/669, 9.7 task/s, elapsed: 55s, ETA:    14s
[>>>>>>>>>>>>>>>>>>>>>>>>      ] 536/669, 9.7 task/s, elapsed: 55s, ETA:    14s
[>>>>>>>>>>>>>>>>>>>>>>>>      ] 537/669, 9.7 task/s, elapsed: 56s, ETA:    14s
[>>>>>>>>>>>>>>>>>>>>>>>>      ] 538/669, 9.7 task/s, elapsed: 56s, ETA:    14s
[>>>>>>>>>>>>>>>>>>>>>>>>      ] 539/669, 9.7 task/s, elapsed: 56s, ETA:    13s
[>>>>>>>>>>>>>>>>>>>>>>>>      ] 540/669, 9.7 task/s, elapsed: 56s, ETA:    13s
[>>>>>>>>>>>>>>>>>>>>>>>>      ] 541/669, 9.7 task/s, elapsed: 56s, ETA:    13s
[>>>>>>>>>>>>>>>>>>>>>>>>      ] 542/669, 9.7 task/s, elapsed: 56s, ETA:    13s
[>>>>>>>>>>>>>>>>>>>>>>>>      ] 543/669, 9.7 task/s, elapsed: 56s, ETA:    13s
[>>>>>>>>>>>>>>>>>>>>>>>>      ] 544/669, 9.7 task/s, elapsed: 56s, ETA:    13s
[>>>>>>>>>>>>>>>>>>>>>>>>      ] 545/669, 9.7 task/s, elapsed: 56s, ETA:    13s
[>>>>>>>>>>>>>>>>>>>>>>>>      ] 546/669, 9.7 task/s, elapsed: 56s, ETA:    13s
[>>>>>>>>>>>>>>>>>>>>>>>>      ] 547/669, 9.7 task/s, elapsed: 56s, ETA:    13s
[>>>>>>>>>>>>>>>>>>>>>>>>      ] 548/669, 9.7 task/s, elapsed: 56s, ETA:    12s
[>>>>>>>>>>>>>>>>>>>>>>>>      ] 549/669, 9.7 task/s, elapsed: 57s, ETA:    12s
[>>>>>>>>>>>>>>>>>>>>>>>>      ] 550/669, 9.7 task/s, elapsed: 57s, ETA:    12s
[>>>>>>>>>>>>>>>>>>>>>>>>      ] 551/669, 9.7 task/s, elapsed: 57s, ETA:    12s
[>>>>>>>>>>>>>>>>>>>>>>>>      ] 552/669, 9.7 task/s, elapsed: 57s, ETA:    12s
[>>>>>>>>>>>>>>>>>>>>>>>>      ] 553/669, 9.7 task/s, elapsed: 57s, ETA:    12s
[>>>>>>>>>>>>>>>>>>>>>>>>      ] 554/669, 9.7 task/s, elapsed: 57s, ETA:    12s
[>>>>>>>>>>>>>>>>>>>>>>>>      ] 555/669, 9.7 task/s, elapsed: 57s, ETA:    12s
[>>>>>>>>>>>>>>>>>>>>>>>>      ] 556/669, 9.7 task/s, elapsed: 57s, ETA:    12s
[>>>>>>>>>>>>>>>>>>>>>>>>      ] 557/669, 9.8 task/s, elapsed: 57s, ETA:    11s
[>>>>>>>>>>>>>>>>>>>>>>>>>     ] 558/669, 9.8 task/s, elapsed: 57s, ETA:    11s
[>>>>>>>>>>>>>>>>>>>>>>>>>     ] 559/669, 9.8 task/s, elapsed: 57s, ETA:    11s
[>>>>>>>>>>>>>>>>>>>>>>>>>     ] 560/669, 9.8 task/s, elapsed: 57s, ETA:    11s
[>>>>>>>>>>>>>>>>>>>>>>>>>     ] 561/669, 9.8 task/s, elapsed: 57s, ETA:    11s
[>>>>>>>>>>>>>>>>>>>>>>>>>     ] 562/669, 9.8 task/s, elapsed: 58s, ETA:    11s
[>>>>>>>>>>>>>>>>>>>>>>>>>     ] 563/669, 9.8 task/s, elapsed: 58s, ETA:    11s
[>>>>>>>>>>>>>>>>>>>>>>>>>     ] 564/669, 9.8 task/s, elapsed: 58s, ETA:    11s
[>>>>>>>>>>>>>>>>>>>>>>>>>     ] 565/669, 9.8 task/s, elapsed: 58s, ETA:    11s
[>>>>>>>>>>>>>>>>>>>>>>>>>     ] 566/669, 9.8 task/s, elapsed: 58s, ETA:    11s
[>>>>>>>>>>>>>>>>>>>>>>>>>     ] 567/669, 9.8 task/s, elapsed: 58s, ETA:    10s
[>>>>>>>>>>>>>>>>>>>>>>>>>     ] 568/669, 9.8 task/s, elapsed: 58s, ETA:    10s
[>>>>>>>>>>>>>>>>>>>>>>>>>     ] 569/669, 9.8 task/s, elapsed: 58s, ETA:    10s
[>>>>>>>>>>>>>>>>>>>>>>>>>     ] 570/669, 9.8 task/s, elapsed: 58s, ETA:    10s
[>>>>>>>>>>>>>>>>>>>>>>>>>     ] 571/669, 9.8 task/s, elapsed: 58s, ETA:    10s
[>>>>>>>>>>>>>>>>>>>>>>>>>     ] 572/669, 9.8 task/s, elapsed: 58s, ETA:    10s
[>>>>>>>>>>>>>>>>>>>>>>>>>     ] 573/669, 9.8 task/s, elapsed: 59s, ETA:    10s
[>>>>>>>>>>>>>>>>>>>>>>>>>     ] 574/669, 9.8 task/s, elapsed: 59s, ETA:    10s
[>>>>>>>>>>>>>>>>>>>>>>>>>     ] 575/669, 9.8 task/s, elapsed: 59s, ETA:    10s
[>>>>>>>>>>>>>>>>>>>>>>>>>     ] 576/669, 9.8 task/s, elapsed: 59s, ETA:    10s
[>>>>>>>>>>>>>>>>>>>>>>>>>     ] 577/669, 9.8 task/s, elapsed: 59s, ETA:     9s
[>>>>>>>>>>>>>>>>>>>>>>>>>     ] 578/669, 9.8 task/s, elapsed: 59s, ETA:     9s
[>>>>>>>>>>>>>>>>>>>>>>>>>     ] 579/669, 9.8 task/s, elapsed: 59s, ETA:     9s
[>>>>>>>>>>>>>>>>>>>>>>>>>>    ] 580/669, 9.8 task/s, elapsed: 59s, ETA:     9s
[>>>>>>>>>>>>>>>>>>>>>>>>>>    ] 581/669, 9.8 task/s, elapsed: 59s, ETA:     9s
[>>>>>>>>>>>>>>>>>>>>>>>>>>    ] 582/669, 9.8 task/s, elapsed: 59s, ETA:     9s
[>>>>>>>>>>>>>>>>>>>>>>>>>>    ] 583/669, 9.8 task/s, elapsed: 60s, ETA:     9s
[>>>>>>>>>>>>>>>>>>>>>>>>>>    ] 584/669, 9.8 task/s, elapsed: 60s, ETA:     9s
[>>>>>>>>>>>>>>>>>>>>>>>>>>    ] 585/669, 9.8 task/s, elapsed: 60s, ETA:     9s
[>>>>>>>>>>>>>>>>>>>>>>>>>>    ] 586/669, 9.8 task/s, elapsed: 60s, ETA:     8s
[>>>>>>>>>>>>>>>>>>>>>>>>>>    ] 587/669, 9.8 task/s, elapsed: 60s, ETA:     8s
[>>>>>>>>>>>>>>>>>>>>>>>>>>    ] 588/669, 9.8 task/s, elapsed: 60s, ETA:     8s
[>>>>>>>>>>>>>>>>>>>>>>>>>>    ] 589/669, 9.8 task/s, elapsed: 60s, ETA:     8s
[>>>>>>>>>>>>>>>>>>>>>>>>>>    ] 590/669, 9.8 task/s, elapsed: 60s, ETA:     8s
[>>>>>>>>>>>>>>>>>>>>>>>>>>    ] 591/669, 9.8 task/s, elapsed: 60s, ETA:     8s
[>>>>>>>>>>>>>>>>>>>>>>>>>>    ] 592/669, 9.8 task/s, elapsed: 60s, ETA:     8s
[>>>>>>>>>>>>>>>>>>>>>>>>>>    ] 593/669, 9.8 task/s, elapsed: 61s, ETA:     8s
[>>>>>>>>>>>>>>>>>>>>>>>>>>    ] 594/669, 9.8 task/s, elapsed: 61s, ETA:     8s
[>>>>>>>>>>>>>>>>>>>>>>>>>>    ] 595/669, 9.8 task/s, elapsed: 61s, ETA:     8s
[>>>>>>>>>>>>>>>>>>>>>>>>>>    ] 596/669, 9.8 task/s, elapsed: 61s, ETA:     7s
[>>>>>>>>>>>>>>>>>>>>>>>>>>    ] 597/669, 9.8 task/s, elapsed: 61s, ETA:     7s
[>>>>>>>>>>>>>>>>>>>>>>>>>>    ] 598/669, 9.8 task/s, elapsed: 61s, ETA:     7s
[>>>>>>>>>>>>>>>>>>>>>>>>>>    ] 599/669, 9.8 task/s, elapsed: 61s, ETA:     7s
[>>>>>>>>>>>>>>>>>>>>>>>>>>    ] 600/669, 9.8 task/s, elapsed: 61s, ETA:     7s
[>>>>>>>>>>>>>>>>>>>>>>>>>>    ] 601/669, 9.8 task/s, elapsed: 61s, ETA:     7s
[>>>>>>>>>>>>>>>>>>>>>>>>>>    ] 602/669, 9.8 task/s, elapsed: 61s, ETA:     7s
[>>>>>>>>>>>>>>>>>>>>>>>>>>>   ] 603/669, 9.8 task/s, elapsed: 61s, ETA:     7s
[>>>>>>>>>>>>>>>>>>>>>>>>>>>   ] 604/669, 9.8 task/s, elapsed: 61s, ETA:     7s
[>>>>>>>>>>>>>>>>>>>>>>>>>>>   ] 605/669, 9.8 task/s, elapsed: 62s, ETA:     7s
[>>>>>>>>>>>>>>>>>>>>>>>>>>>   ] 606/669, 9.8 task/s, elapsed: 62s, ETA:     6s
[>>>>>>>>>>>>>>>>>>>>>>>>>>>   ] 607/669, 9.8 task/s, elapsed: 62s, ETA:     6s
[>>>>>>>>>>>>>>>>>>>>>>>>>>>   ] 608/669, 9.8 task/s, elapsed: 62s, ETA:     6s
[>>>>>>>>>>>>>>>>>>>>>>>>>>>   ] 609/669, 9.8 task/s, elapsed: 62s, ETA:     6s
[>>>>>>>>>>>>>>>>>>>>>>>>>>>   ] 610/669, 9.9 task/s, elapsed: 62s, ETA:     6s
[>>>>>>>>>>>>>>>>>>>>>>>>>>>   ] 611/669, 9.9 task/s, elapsed: 62s, ETA:     6s
[>>>>>>>>>>>>>>>>>>>>>>>>>>>   ] 612/669, 9.9 task/s, elapsed: 62s, ETA:     6s
[>>>>>>>>>>>>>>>>>>>>>>>>>>>   ] 613/669, 9.9 task/s, elapsed: 62s, ETA:     6s
[>>>>>>>>>>>>>>>>>>>>>>>>>>>   ] 614/669, 9.9 task/s, elapsed: 62s, ETA:     6s
[>>>>>>>>>>>>>>>>>>>>>>>>>>>   ] 615/669, 9.9 task/s, elapsed: 62s, ETA:     5s
[>>>>>>>>>>>>>>>>>>>>>>>>>>>   ] 616/669, 9.9 task/s, elapsed: 62s, ETA:     5s
[>>>>>>>>>>>>>>>>>>>>>>>>>>>   ] 617/669, 9.9 task/s, elapsed: 63s, ETA:     5s
[>>>>>>>>>>>>>>>>>>>>>>>>>>>   ] 618/669, 9.8 task/s, elapsed: 63s, ETA:     5s
[>>>>>>>>>>>>>>>>>>>>>>>>>>>   ] 619/669, 9.8 task/s, elapsed: 63s, ETA:     5s
[>>>>>>>>>>>>>>>>>>>>>>>>>>>   ] 620/669, 9.9 task/s, elapsed: 63s, ETA:     5s
[>>>>>>>>>>>>>>>>>>>>>>>>>>>   ] 621/669, 9.9 task/s, elapsed: 63s, ETA:     5s
[>>>>>>>>>>>>>>>>>>>>>>>>>>>   ] 622/669, 9.9 task/s, elapsed: 63s, ETA:     5s
[>>>>>>>>>>>>>>>>>>>>>>>>>>>   ] 623/669, 9.9 task/s, elapsed: 63s, ETA:     5s
[>>>>>>>>>>>>>>>>>>>>>>>>>>>   ] 624/669, 9.9 task/s, elapsed: 63s, ETA:     5s
[>>>>>>>>>>>>>>>>>>>>>>>>>>>>  ] 625/669, 9.9 task/s, elapsed: 63s, ETA:     4s
[>>>>>>>>>>>>>>>>>>>>>>>>>>>>  ] 626/669, 9.8 task/s, elapsed: 64s, ETA:     4s
[>>>>>>>>>>>>>>>>>>>>>>>>>>>>  ] 627/669, 9.8 task/s, elapsed: 64s, ETA:     4s
[>>>>>>>>>>>>>>>>>>>>>>>>>>>>  ] 628/669, 9.8 task/s, elapsed: 64s, ETA:     4s
[>>>>>>>>>>>>>>>>>>>>>>>>>>>>  ] 629/669, 9.8 task/s, elapsed: 64s, ETA:     4s
[>>>>>>>>>>>>>>>>>>>>>>>>>>>>  ] 630/669, 9.8 task/s, elapsed: 64s, ETA:     4s
[>>>>>>>>>>>>>>>>>>>>>>>>>>>>  ] 631/669, 9.8 task/s, elapsed: 64s, ETA:     4s
[>>>>>>>>>>>>>>>>>>>>>>>>>>>>  ] 632/669, 9.8 task/s, elapsed: 64s, ETA:     4s
[>>>>>>>>>>>>>>>>>>>>>>>>>>>>  ] 633/669, 9.8 task/s, elapsed: 64s, ETA:     4s
[>>>>>>>>>>>>>>>>>>>>>>>>>>>>  ] 634/669, 9.8 task/s, elapsed: 65s, ETA:     4s
[>>>>>>>>>>>>>>>>>>>>>>>>>>>>  ] 635/669, 9.8 task/s, elapsed: 65s, ETA:     3s
[>>>>>>>>>>>>>>>>>>>>>>>>>>>>  ] 636/669, 9.8 task/s, elapsed: 65s, ETA:     3s
[>>>>>>>>>>>>>>>>>>>>>>>>>>>>  ] 637/669, 9.8 task/s, elapsed: 65s, ETA:     3s
[>>>>>>>>>>>>>>>>>>>>>>>>>>>>  ] 638/669, 9.8 task/s, elapsed: 65s, ETA:     3s
[>>>>>>>>>>>>>>>>>>>>>>>>>>>>  ] 639/669, 9.8 task/s, elapsed: 65s, ETA:     3s
[>>>>>>>>>>>>>>>>>>>>>>>>>>>>  ] 640/669, 9.8 task/s, elapsed: 66s, ETA:     3s
[>>>>>>>>>>>>>>>>>>>>>>>>>>>>  ] 641/669, 9.8 task/s, elapsed: 66s, ETA:     3s
[>>>>>>>>>>>>>>>>>>>>>>>>>>>>  ] 642/669, 9.8 task/s, elapsed: 66s, ETA:     3s
[>>>>>>>>>>>>>>>>>>>>>>>>>>>>  ] 643/669, 9.7 task/s, elapsed: 66s, ETA:     3s
[>>>>>>>>>>>>>>>>>>>>>>>>>>>>  ] 644/669, 9.7 task/s, elapsed: 66s, ETA:     3s
[>>>>>>>>>>>>>>>>>>>>>>>>>>>>  ] 645/669, 9.7 task/s, elapsed: 66s, ETA:     2s
[>>>>>>>>>>>>>>>>>>>>>>>>>>>>  ] 646/669, 9.7 task/s, elapsed: 66s, ETA:     2s
[>>>>>>>>>>>>>>>>>>>>>>>>>>>>> ] 647/669, 9.7 task/s, elapsed: 67s, ETA:     2s
[>>>>>>>>>>>>>>>>>>>>>>>>>>>>> ] 648/669, 9.7 task/s, elapsed: 67s, ETA:     2s
[>>>>>>>>>>>>>>>>>>>>>>>>>>>>> ] 649/669, 9.7 task/s, elapsed: 67s, ETA:     2s
[>>>>>>>>>>>>>>>>>>>>>>>>>>>>> ] 650/669, 9.7 task/s, elapsed: 67s, ETA:     2s
[>>>>>>>>>>>>>>>>>>>>>>>>>>>>> ] 651/669, 9.7 task/s, elapsed: 67s, ETA:     2s
[>>>>>>>>>>>>>>>>>>>>>>>>>>>>> ] 652/669, 9.7 task/s, elapsed: 67s, ETA:     2s
[>>>>>>>>>>>>>>>>>>>>>>>>>>>>> ] 653/669, 9.7 task/s, elapsed: 67s, ETA:     2s
[>>>>>>>>>>>>>>>>>>>>>>>>>>>>> ] 654/669, 9.7 task/s, elapsed: 68s, ETA:     2s
[>>>>>>>>>>>>>>>>>>>>>>>>>>>>> ] 655/669, 9.7 task/s, elapsed: 68s, ETA:     1s
[>>>>>>>>>>>>>>>>>>>>>>>>>>>>> ] 656/669, 9.7 task/s, elapsed: 68s, ETA:     1s
[>>>>>>>>>>>>>>>>>>>>>>>>>>>>> ] 657/669, 9.7 task/s, elapsed: 68s, ETA:     1s
[>>>>>>>>>>>>>>>>>>>>>>>>>>>>> ] 658/669, 9.7 task/s, elapsed: 68s, ETA:     1s
[>>>>>>>>>>>>>>>>>>>>>>>>>>>>> ] 659/669, 9.7 task/s, elapsed: 68s, ETA:     1s
[>>>>>>>>>>>>>>>>>>>>>>>>>>>>> ] 660/669, 9.7 task/s, elapsed: 68s, ETA:     1s
[>>>>>>>>>>>>>>>>>>>>>>>>>>>>> ] 661/669, 9.7 task/s, elapsed: 68s, ETA:     1s
[>>>>>>>>>>>>>>>>>>>>>>>>>>>>> ] 662/669, 9.7 task/s, elapsed: 69s, ETA:     1s
[>>>>>>>>>>>>>>>>>>>>>>>>>>>>> ] 663/669, 9.7 task/s, elapsed: 69s, ETA:     1s
[>>>>>>>>>>>>>>>>>>>>>>>>>>>>> ] 664/669, 9.7 task/s, elapsed: 69s, ETA:     1s
[>>>>>>>>>>>>>>>>>>>>>>>>>>>>> ] 665/669, 9.7 task/s, elapsed: 69s, ETA:     0s
[>>>>>>>>>>>>>>>>>>>>>>>>>>>>> ] 666/669, 9.7 task/s, elapsed: 69s, ETA:     0s
[>>>>>>>>>>>>>>>>>>>>>>>>>>>>> ] 667/669, 9.7 task/s, elapsed: 69s, ETA:     0s
[>>>>>>>>>>>>>>>>>>>>>>>>>>>>> ] 668/669, 9.7 task/s, elapsed: 69s, ETA:     0s
[>>>>>>>>>>>>>>>>>>>>>>>>>>>>>>] 669/669, 9.7 task/s, elapsed: 69s, ETA:     0s2026-06-30 21:14:04,216 - mmdet - INFO - Evaluating bbox...
2026-06-30 21:14:05,890 - mmdet - INFO - 
+-----------+-------+-----------+-------+-------------+-------+
| category  | AP    | category  | AP    | category    | AP    |
+-----------+-------+-----------+-------+-------------+-------+
| bicycle   | 0.229 | chair     | 0.578 | diningtable | 0.216 |
| bottle    | 0.430 | motorbike | 0.269 | car         | 0.291 |
| tvmonitor | 0.097 | bus       | 0.292 | None        | None  |
+-----------+-------+-----------+-------+-------------+-------+
2026-06-30 21:14:05,890 - mmdet - INFO - Evaluating segm...
/content/EALLIS/mmdetection/mmdet/datasets/coco.py:453: UserWarning: The key "bbox" is deleted for more accurate mask AP of small/medium/large instances since v2.12.0. This does not change the overall mAP calculation.
  warnings.warn(
2026-06-30 21:14:08,076 - mmdet - INFO - 
+-----------+-------+-----------+-------+-------------+-------+
| category  | AP    | category  | AP    | category    | AP    |
+-----------+-------+-----------+-------+-------------+-------+
| bicycle   | 0.118 | chair     | 0.539 | diningtable | 0.114 |
| bottle    | 0.437 | motorbike | 0.260 | car         | 0.129 |
| tvmonitor | 0.028 | bus       | 0.309 | None        | None  |
+-----------+-------+-----------+-------+-------------+-------+
2026-06-30 21:14:08,116 - mmdet - INFO - Exp name: train_kaggle.py
2026-06-30 21:14:08,116 - mmdet - INFO - Epoch(val) [2][669]	bbox_mAP: 0.3000, bbox_mAP_50: 0.5020, bbox_mAP_75: 0.3220, bbox_mAP_s: 0.0030, bbox_mAP_m: 0.0730, bbox_mAP_l: 0.3680, bbox_mAP_copypaste: 0.300 0.502 0.322 0.003 0.073 0.368, segm_mAP: 0.2420, segm_mAP_50: 0.4420, segm_mAP_75: 0.2330, segm_mAP_s: 0.0010, segm_mAP_m: 0.0570, segm_mAP_l: 0.3070, segm_mAP_copypaste: 0.242 0.442 0.233 0.001 0.057 0.307
/usr/local/lib/python3.12/dist-packages/torch/utils/data/dataloader.py:432: UserWarning: This DataLoader will create 4 worker processes in total. Our suggested max number of worker in current system is 2, which is smaller than what this DataLoader is going to create. Please be aware that excessive worker creation might get DataLoader running slow or even freeze, lower the worker number to avoid potential slowness/freeze if necessary.
  self.check_worker_number_rationality()
Loading and preparing results...
DONE (t=0.01s)
creating index...
index created!
Running per image evaluation...
Evaluate annotation type *bbox*
DONE (t=1.30s).
Accumulating evaluation results...
DONE (t=0.32s).
 Average Precision  (AP) @[ IoU=0.50:0.95 | area=   all | maxDets=100 ] = 0.300
 Average Precision  (AP) @[ IoU=0.50      | area=   all | maxDets=1000 ] = 0.502
 Average Precision  (AP) @[ IoU=0.75      | area=   all | maxDets=1000 ] = 0.322
 Average Precision  (AP) @[ IoU=0.50:0.95 | area= small | maxDets=1000 ] = 0.003
 Average Precision  (AP) @[ IoU=0.50:0.95 | area=medium | maxDets=1000 ] = 0.073
 Average Precision  (AP) @[ IoU=0.50:0.95 | area= large | maxDets=1000 ] = 0.368
 Average Recall     (AR) @[ IoU=0.50:0.95 | area=   all | maxDets=100 ] = 0.408
 Average Recall     (AR) @[ IoU=0.50:0.95 | area=   all | maxDets=300 ] = 0.408
 Average Recall     (AR) @[ IoU=0.50:0.95 | area=   all | maxDets=1000 ] = 0.408
 Average Recall     (AR) @[ IoU=0.50:0.95 | area= small | maxDets=1000 ] = 0.006
 Average Recall     (AR) @[ IoU=0.50:0.95 | area=medium | maxDets=1000 ] = 0.145
 Average Recall     (AR) @[ IoU=0.50:0.95 | area= large | maxDets=1000 ] = 0.483
Loading and preparing results...
DONE (t=0.22s)
creating index...
index created!
Running per image evaluation...
Evaluate annotation type *segm*
DONE (t=1.51s).
Accumulating evaluation results...
DONE (t=0.31s).
 Average Precision  (AP) @[ IoU=0.50:0.95 | area=   all | maxDets=100 ] = 0.242
 Average Precision  (AP) @[ IoU=0.50      | area=   all | maxDets=1000 ] = 0.442
 Average Precision  (AP) @[ IoU=0.75      | area=   all | maxDets=1000 ] = 0.233
 Average Precision  (AP) @[ IoU=0.50:0.95 | area= small | maxDets=1000 ] = 0.001
 Average Precision  (AP) @[ IoU=0.50:0.95 | area=medium | maxDets=1000 ] = 0.057
 Average Precision  (AP) @[ IoU=0.50:0.95 | area= large | maxDets=1000 ] = 0.307
 Average Recall     (AR) @[ IoU=0.50:0.95 | area=   all | maxDets=100 ] = 0.333
 Average Recall     (AR) @[ IoU=0.50:0.95 | area=   all | maxDets=300 ] = 0.333
 Average Recall     (AR) @[ IoU=0.50:0.95 | area=   all | maxDets=1000 ] = 0.333
 Average Recall     (AR) @[ IoU=0.50:0.95 | area= small | maxDets=1000 ] = 0.006
 Average Recall     (AR) @[ IoU=0.50:0.95 | area=medium | maxDets=1000 ] = 0.126
 Average Recall     (AR) @[ IoU=0.50:0.95 | area= large | maxDets=1000 ] = 0.397
OrderedDict({'bbox_mAP': 0.3, 'bbox_mAP_50': 0.502, 'bbox_mAP_75': 0.322, 'bbox_mAP_s': 0.003, 'bbox_mAP_m': 0.073, 'bbox_mAP_l': 0.368, 'bbox_mAP_copypaste': '0.300 0.502 0.322 0.003 0.073 0.368', 'segm_mAP': 0.242, 'segm_mAP_50': 0.442, 'segm_mAP_75': 0.233, 'segm_mAP_s': 0.001, 'segm_mAP_m': 0.057, 'segm_mAP_l': 0.307, 'segm_mAP_copypaste': '0.242 0.442 0.233 0.001 0.057 0.307'})
/usr/lib/python3.12/multiprocessing/popen_fork.py:66: DeprecationWarning: This process (pid=7466) is multi-threaded, use of fork() may lead to deadlocks in the child.
  self.pid = os.fork()
/content/EALLIS/mmdetection/mmdet/core/anchor/anchor_generator.py:323: UserWarning: ``grid_anchors`` would be deprecated soon. Please use ``grid_priors`` 
  warnings.warn('``grid_anchors`` would be deprecated soon. '
/content/EALLIS/mmdetection/mmdet/core/anchor/anchor_generator.py:359: UserWarning: ``single_level_grid_anchors`` would be deprecated soon. Please use ``single_level_grid_priors`` 
  warnings.warn(
2026-06-30 21:16:14,310 - mmdet - INFO - Epoch [3][50/1324]	lr: 1.000e-02, eta: 2:29:48, time: 2.521, data_time: 0.192, memory: 8509, noise_inv_loss: 0.0009, clean_loss_rpn_cls: 0.0217, clean_loss_rpn_bbox: 0.0167, clean_loss_cls: 0.1160, clean_acc: 95.9517, clean_loss_bbox: 0.1310, clean_loss_mask: 0.2921, loss_rpn_cls: 0.0355, loss_rpn_bbox: 0.0185, loss_cls: 0.1326, acc: 95.7251, loss_bbox: 0.1343, loss_mask: 0.3390, loss: 1.2383
2026-06-30 21:18:13,894 - mmdet - INFO - Epoch [3][100/1324]	lr: 1.000e-02, eta: 2:28:01, time: 2.392, data_time: 0.060, memory: 8509, noise_inv_loss: 0.0009, clean_loss_rpn_cls: 0.0244, clean_loss_rpn_bbox: 0.0175, clean_loss_cls: 0.1177, clean_acc: 95.7681, clean_loss_bbox: 0.1426, clean_loss_mask: 0.2950, loss_rpn_cls: 0.0353, loss_rpn_bbox: 0.0189, loss_cls: 0.1299, acc: 95.5854, loss_bbox: 0.1435, loss_mask: 0.3275, loss: 1.2531
2026-06-30 21:20:15,314 - mmdet - INFO - Epoch [3][150/1324]	lr: 1.000e-02, eta: 2:26:15, time: 2.428, data_time: 0.054, memory: 8509, noise_inv_loss: 0.0009, clean_loss_rpn_cls: 0.0263, clean_loss_rpn_bbox: 0.0203, clean_loss_cls: 0.1233, clean_acc: 95.5088, clean_loss_bbox: 0.1515, clean_loss_mask: 0.2898, loss_rpn_cls: 0.0392, loss_rpn_bbox: 0.0219, loss_cls: 0.1392, acc: 95.3384, loss_bbox: 0.1533, loss_mask: 0.3374, loss: 1.3030
2026-06-30 21:22:15,348 - mmdet - INFO - Epoch [3][200/1324]	lr: 1.000e-02, eta: 2:24:28, time: 2.401, data_time: 0.051, memory: 8705, noise_inv_loss: 0.0009, clean_loss_rpn_cls: 0.0197, clean_loss_rpn_bbox: 0.0178, clean_loss_cls: 0.1132, clean_acc: 95.8726, clean_loss_bbox: 0.1411, clean_loss_mask: 0.2869, loss_rpn_cls: 0.0374, loss_rpn_bbox: 0.0199, loss_cls: 0.1285, acc: 95.8301, loss_bbox: 0.1384, loss_mask: 0.3298, loss: 1.2336
2026-06-30 21:24:13,961 - mmdet - INFO - Epoch [3][250/1324]	lr: 1.000e-02, eta: 2:22:37, time: 2.372, data_time: 0.055, memory: 8705, noise_inv_loss: 0.0009, clean_loss_rpn_cls: 0.0231, clean_loss_rpn_bbox: 0.0182, clean_loss_cls: 0.1146, clean_acc: 95.9556, clean_loss_bbox: 0.1352, clean_loss_mask: 0.2976, loss_rpn_cls: 0.0374, loss_rpn_bbox: 0.0197, loss_cls: 0.1259, acc: 95.8599, loss_bbox: 0.1341, loss_mask: 0.3362, loss: 1.2428
2026-06-30 21:26:14,287 - mmdet - INFO - Epoch [3][300/1324]	lr: 1.000e-02, eta: 2:20:49, time: 2.407, data_time: 0.055, memory: 8705, noise_inv_loss: 0.0009, clean_loss_rpn_cls: 0.0232, clean_loss_rpn_bbox: 0.0191, clean_loss_cls: 0.1168, clean_acc: 95.7192, clean_loss_bbox: 0.1440, clean_loss_mask: 0.2871, loss_rpn_cls: 0.0400, loss_rpn_bbox: 0.0208, loss_cls: 0.1330, acc: 95.5762, loss_bbox: 0.1475, loss_mask: 0.3312, loss: 1.2635
2026-06-30 21:28:14,066 - mmdet - INFO - Epoch [3][350/1324]	lr: 1.000e-02, eta: 2:19:00, time: 2.396, data_time: 0.057, memory: 8889, noise_inv_loss: 0.0009, clean_loss_rpn_cls: 0.0230, clean_loss_rpn_bbox: 0.0173, clean_loss_cls: 0.1227, clean_acc: 95.5864, clean_loss_bbox: 0.1469, clean_loss_mask: 0.2923, loss_rpn_cls: 0.0352, loss_rpn_bbox: 0.0186, loss_cls: 0.1388, acc: 95.3774, loss_bbox: 0.1467, loss_mask: 0.3400, loss: 1.2824
2026-06-30 21:30:14,247 - mmdet - INFO - Epoch [3][400/1324]	lr: 1.000e-02, eta: 2:17:11, time: 2.404, data_time: 0.059, memory: 8889, noise_inv_loss: 0.0009, clean_loss_rpn_cls: 0.0245, clean_loss_rpn_bbox: 0.0171, clean_loss_cls: 0.1201, clean_acc: 95.7124, clean_loss_bbox: 0.1482, clean_loss_mask: 0.3014, loss_rpn_cls: 0.0342, loss_rpn_bbox: 0.0184, loss_cls: 0.1367, acc: 95.4399, loss_bbox: 0.1479, loss_mask: 0.3449, loss: 1.2941
2026-06-30 21:32:13,145 - mmdet - INFO - Epoch [3][450/1324]	lr: 1.000e-02, eta: 2:15:20, time: 2.378, data_time: 0.057, memory: 8889, noise_inv_loss: 0.0009, clean_loss_rpn_cls: 0.0224, clean_loss_rpn_bbox: 0.0168, clean_loss_cls: 0.1146, clean_acc: 96.0708, clean_loss_bbox: 0.1318, clean_loss_mask: 0.3057, loss_rpn_cls: 0.0372, loss_rpn_bbox: 0.0185, loss_cls: 0.1271, acc: 95.9277, loss_bbox: 0.1311, loss_mask: 0.3443, loss: 1.2504
2026-06-30 21:34:11,113 - mmdet - INFO - Epoch [3][500/1324]	lr: 1.000e-02, eta: 2:13:27, time: 2.359, data_time: 0.059, memory: 8889, noise_inv_loss: 0.0009, clean_loss_rpn_cls: 0.0261, clean_loss_rpn_bbox: 0.0183, clean_loss_cls: 0.1172, clean_acc: 95.9263, clean_loss_bbox: 0.1395, clean_loss_mask: 0.3044, loss_rpn_cls: 0.0415, loss_rpn_bbox: 0.0200, loss_cls: 0.1308, acc: 95.7324, loss_bbox: 0.1386, loss_mask: 0.3515, loss: 1.2886
2026-06-30 21:36:10,299 - mmdet - INFO - Epoch [3][550/1324]	lr: 1.000e-02, eta: 2:11:36, time: 2.384, data_time: 0.061, memory: 8889, noise_inv_loss: 0.0009, clean_loss_rpn_cls: 0.0229, clean_loss_rpn_bbox: 0.0174, clean_loss_cls: 0.1133, clean_acc: 95.7983, clean_loss_bbox: 0.1350, clean_loss_mask: 0.2849, loss_rpn_cls: 0.0370, loss_rpn_bbox: 0.0190, loss_cls: 0.1319, acc: 95.6021, loss_bbox: 0.1402, loss_mask: 0.3315, loss: 1.2340
2026-06-30 21:38:08,681 - mmdet - INFO - Epoch [3][600/1324]	lr: 1.000e-02, eta: 2:09:44, time: 2.368, data_time: 0.055, memory: 8889, noise_inv_loss: 0.0009, clean_loss_rpn_cls: 0.0243, clean_loss_rpn_bbox: 0.0201, clean_loss_cls: 0.1101, clean_acc: 96.0405, clean_loss_bbox: 0.1357, clean_loss_mask: 0.2918, loss_rpn_cls: 0.0378, loss_rpn_bbox: 0.0211, loss_cls: 0.1219, acc: 95.8882, loss_bbox: 0.1336, loss_mask: 0.3245, loss: 1.2217
2026-06-30 21:40:07,163 - mmdet - INFO - Epoch [3][650/1324]	lr: 1.000e-02, eta: 2:07:51, time: 2.370, data_time: 0.055, memory: 8889, noise_inv_loss: 0.0009, clean_loss_rpn_cls: 0.0290, clean_loss_rpn_bbox: 0.0194, clean_loss_cls: 0.1193, clean_acc: 95.6567, clean_loss_bbox: 0.1422, clean_loss_mask: 0.2973, loss_rpn_cls: 0.0423, loss_rpn_bbox: 0.0209, loss_cls: 0.1342, acc: 95.6040, loss_bbox: 0.1416, loss_mask: 0.3394, loss: 1.2866
2026-06-30 21:42:04,094 - mmdet - INFO - Epoch [3][700/1324]	lr: 1.000e-02, eta: 2:05:57, time: 2.339, data_time: 0.059, memory: 8889, noise_inv_loss: 0.0009, clean_loss_rpn_cls: 0.0229, clean_loss_rpn_bbox: 0.0167, clean_loss_cls: 0.1114, clean_acc: 96.1211, clean_loss_bbox: 0.1283, clean_loss_mask: 0.3032, loss_rpn_cls: 0.0351, loss_rpn_bbox: 0.0182, loss_cls: 0.1269, acc: 95.9512, loss_bbox: 0.1313, loss_mask: 0.3447, loss: 1.2397
2026-06-30 21:44:03,464 - mmdet - INFO - Epoch [3][750/1324]	lr: 1.000e-02, eta: 2:04:06, time: 2.387, data_time: 0.056, memory: 8889, noise_inv_loss: 0.0009, clean_loss_rpn_cls: 0.0271, clean_loss_rpn_bbox: 0.0187, clean_loss_cls: 0.1216, clean_acc: 95.6616, clean_loss_bbox: 0.1448, clean_loss_mask: 0.3109, loss_rpn_cls: 0.0391, loss_rpn_bbox: 0.0203, loss_cls: 0.1382, acc: 95.4678, loss_bbox: 0.1471, loss_mask: 0.3492, loss: 1.3178
2026-06-30 21:46:02,280 - mmdet - INFO - Epoch [3][800/1324]	lr: 1.000e-02, eta: 2:02:13, time: 2.376, data_time: 0.057, memory: 8889, noise_inv_loss: 0.0009, clean_loss_rpn_cls: 0.0223, clean_loss_rpn_bbox: 0.0184, clean_loss_cls: 0.1122, clean_acc: 95.9004, clean_loss_bbox: 0.1387, clean_loss_mask: 0.2986, loss_rpn_cls: 0.0402, loss_rpn_bbox: 0.0205, loss_cls: 0.1312, acc: 95.7700, loss_bbox: 0.1392, loss_mask: 0.3421, loss: 1.2643
2026-06-30 21:48:02,084 - mmdet - INFO - Epoch [3][850/1324]	lr: 1.000e-02, eta: 2:00:21, time: 2.396, data_time: 0.060, memory: 8889, noise_inv_loss: 0.0009, clean_loss_rpn_cls: 0.0274, clean_loss_rpn_bbox: 0.0205, clean_loss_cls: 0.1218, clean_acc: 95.6621, clean_loss_bbox: 0.1419, clean_loss_mask: 0.2976, loss_rpn_cls: 0.0394, loss_rpn_bbox: 0.0218, loss_cls: 0.1357, acc: 95.4570, loss_bbox: 0.1439, loss_mask: 0.3346, loss: 1.2854
2026-06-30 21:50:00,851 - mmdet - INFO - Epoch [3][900/1324]	lr: 1.000e-02, eta: 1:58:28, time: 2.375, data_time: 0.049, memory: 8889, noise_inv_loss: 0.0009, clean_loss_rpn_cls: 0.0244, clean_loss_rpn_bbox: 0.0171, clean_loss_cls: 0.1212, clean_acc: 95.6953, clean_loss_bbox: 0.1409, clean_loss_mask: 0.3038, loss_rpn_cls: 0.0389, loss_rpn_bbox: 0.0185, loss_cls: 0.1372, acc: 95.6064, loss_bbox: 0.1431, loss_mask: 0.3436, loss: 1.2897
2026-06-30 21:51:58,514 - mmdet - INFO - Epoch [3][950/1324]	lr: 1.000e-02, eta: 1:56:34, time: 2.353, data_time: 0.063, memory: 8889, noise_inv_loss: 0.0009, clean_loss_rpn_cls: 0.0237, clean_loss_rpn_bbox: 0.0207, clean_loss_cls: 0.1123, clean_acc: 95.9746, clean_loss_bbox: 0.1432, clean_loss_mask: 0.3105, loss_rpn_cls: 0.0389, loss_rpn_bbox: 0.0224, loss_cls: 0.1295, acc: 95.6914, loss_bbox: 0.1439, loss_mask: 0.3573, loss: 1.3033
2026-06-30 21:53:57,081 - mmdet - INFO - Epoch [3][1000/1324]	lr: 1.000e-02, eta: 1:54:41, time: 2.371, data_time: 0.052, memory: 8889, noise_inv_loss: 0.0009, clean_loss_rpn_cls: 0.0250, clean_loss_rpn_bbox: 0.0185, clean_loss_cls: 0.1183, clean_acc: 95.8184, clean_loss_bbox: 0.1438, clean_loss_mask: 0.3016, loss_rpn_cls: 0.0412, loss_rpn_bbox: 0.0200, loss_cls: 0.1319, acc: 95.6538, loss_bbox: 0.1445, loss_mask: 0.3367, loss: 1.2823
2026-06-30 21:55:54,753 - mmdet - INFO - Epoch [3][1050/1324]	lr: 1.000e-02, eta: 1:52:46, time: 2.353, data_time: 0.057, memory: 8889, noise_inv_loss: 0.0009, clean_loss_rpn_cls: 0.0257, clean_loss_rpn_bbox: 0.0186, clean_loss_cls: 0.1187, clean_acc: 95.8076, clean_loss_bbox: 0.1371, clean_loss_mask: 0.2955, loss_rpn_cls: 0.0387, loss_rpn_bbox: 0.0205, loss_cls: 0.1354, acc: 95.6206, loss_bbox: 0.1403, loss_mask: 0.3412, loss: 1.2726
2026-06-30 21:57:53,779 - mmdet - INFO - Epoch [3][1100/1324]	lr: 1.000e-02, eta: 1:50:53, time: 2.380, data_time: 0.055, memory: 8889, noise_inv_loss: 0.0009, clean_loss_rpn_cls: 0.0245, clean_loss_rpn_bbox: 0.0197, clean_loss_cls: 0.1203, clean_acc: 95.6450, clean_loss_bbox: 0.1446, clean_loss_mask: 0.2914, loss_rpn_cls: 0.0389, loss_rpn_bbox: 0.0211, loss_cls: 0.1355, acc: 95.5376, loss_bbox: 0.1431, loss_mask: 0.3297, loss: 1.2696
2026-06-30 21:59:53,057 - mmdet - INFO - Epoch [3][1150/1324]	lr: 1.000e-02, eta: 1:49:00, time: 2.386, data_time: 0.060, memory: 8889, noise_inv_loss: 0.0009, clean_loss_rpn_cls: 0.0251, clean_loss_rpn_bbox: 0.0184, clean_loss_cls: 0.1151, clean_acc: 95.8364, clean_loss_bbox: 0.1419, clean_loss_mask: 0.2898, loss_rpn_cls: 0.0351, loss_rpn_bbox: 0.0197, loss_cls: 0.1332, acc: 95.5845, loss_bbox: 0.1447, loss_mask: 0.3285, loss: 1.2525
2026-06-30 22:01:47,801 - mmdet - INFO - Epoch [3][1200/1324]	lr: 1.000e-02, eta: 1:47:03, time: 2.295, data_time: 0.049, memory: 8889, noise_inv_loss: 0.0009, clean_loss_rpn_cls: 0.0284, clean_loss_rpn_bbox: 0.0215, clean_loss_cls: 0.1226, clean_acc: 95.6621, clean_loss_bbox: 0.1410, clean_loss_mask: 0.3082, loss_rpn_cls: 0.0445, loss_rpn_bbox: 0.0236, loss_cls: 0.1326, acc: 95.6646, loss_bbox: 0.1376, loss_mask: 0.3501, loss: 1.3109
2026-06-30 22:03:44,670 - mmdet - INFO - Epoch [3][1250/1324]	lr: 1.000e-02, eta: 1:45:08, time: 2.337, data_time: 0.049, memory: 8889, noise_inv_loss: 0.0009, clean_loss_rpn_cls: 0.0263, clean_loss_rpn_bbox: 0.0192, clean_loss_cls: 0.1207, clean_acc: 95.8242, clean_loss_bbox: 0.1328, clean_loss_mask: 0.2878, loss_rpn_cls: 0.0379, loss_rpn_bbox: 0.0207, loss_cls: 0.1342, acc: 95.7397, loss_bbox: 0.1331, loss_mask: 0.3302, loss: 1.2438
2026-06-30 22:05:40,163 - mmdet - INFO - Epoch [3][1300/1324]	lr: 1.000e-02, eta: 1:43:12, time: 2.310, data_time: 0.051, memory: 8889, noise_inv_loss: 0.0009, clean_loss_rpn_cls: 0.0248, clean_loss_rpn_bbox: 0.0180, clean_loss_cls: 0.1132, clean_acc: 95.8984, clean_loss_bbox: 0.1330, clean_loss_mask: 0.2989, loss_rpn_cls: 0.0383, loss_rpn_bbox: 0.0194, loss_cls: 0.1214, acc: 95.9360, loss_bbox: 0.1292, loss_mask: 0.3387, loss: 1.2358
[                                                  ] 0/669, elapsed: 0s, ETA:
[                                 ] 1/669, 1.7 task/s, elapsed: 1s, ETA:   390s
[                                 ] 2/669, 3.1 task/s, elapsed: 1s, ETA:   215s
[                                 ] 3/669, 4.2 task/s, elapsed: 1s, ETA:   158s
[                                 ] 4/669, 5.1 task/s, elapsed: 1s, ETA:   130s
[                                 ] 5/669, 5.9 task/s, elapsed: 1s, ETA:   112s
[                                 ] 6/669, 6.6 task/s, elapsed: 1s, ETA:   101s
[                                 ] 7/669, 7.1 task/s, elapsed: 1s, ETA:    93s
[                                 ] 8/669, 6.9 task/s, elapsed: 1s, ETA:    96s
[                                 ] 9/669, 7.4 task/s, elapsed: 1s, ETA:    89s
[                                ] 10/669, 7.3 task/s, elapsed: 1s, ETA:    90s
[                                ] 11/669, 7.3 task/s, elapsed: 2s, ETA:    90s
[                                ] 12/669, 7.3 task/s, elapsed: 2s, ETA:    90s
[                                ] 13/669, 7.4 task/s, elapsed: 2s, ETA:    88s
[                                ] 14/669, 7.7 task/s, elapsed: 2s, ETA:    85s
[                                ] 15/669, 8.0 task/s, elapsed: 2s, ETA:    82s
[                                ] 16/669, 8.2 task/s, elapsed: 2s, ETA:    80s
[                                ] 17/669, 8.4 task/s, elapsed: 2s, ETA:    77s
[                                ] 18/669, 8.4 task/s, elapsed: 2s, ETA:    77s
[                                ] 19/669, 8.5 task/s, elapsed: 2s, ETA:    76s
[                                ] 20/669, 8.7 task/s, elapsed: 2s, ETA:    75s
[>                               ] 21/669, 8.9 task/s, elapsed: 2s, ETA:    73s
[>                               ] 22/669, 8.8 task/s, elapsed: 3s, ETA:    74s
[>                               ] 23/669, 8.9 task/s, elapsed: 3s, ETA:    72s
[>                               ] 24/669, 9.1 task/s, elapsed: 3s, ETA:    71s
[>                               ] 25/669, 9.1 task/s, elapsed: 3s, ETA:    71s
[>                               ] 26/669, 9.2 task/s, elapsed: 3s, ETA:    70s
[>                               ] 27/669, 9.4 task/s, elapsed: 3s, ETA:    68s
[>                               ] 28/669, 9.3 task/s, elapsed: 3s, ETA:    69s
[>                               ] 29/669, 9.4 task/s, elapsed: 3s, ETA:    68s
[>                               ] 30/669, 9.4 task/s, elapsed: 3s, ETA:    68s
[>                               ] 31/669, 9.5 task/s, elapsed: 3s, ETA:    67s
[>                               ] 32/669, 9.6 task/s, elapsed: 3s, ETA:    66s
[>                               ] 33/669, 9.6 task/s, elapsed: 3s, ETA:    66s
[>                               ] 34/669, 9.7 task/s, elapsed: 4s, ETA:    65s
[>                               ] 35/669, 9.7 task/s, elapsed: 4s, ETA:    65s
[>                               ] 36/669, 9.8 task/s, elapsed: 4s, ETA:    65s
[>                               ] 37/669, 9.9 task/s, elapsed: 4s, ETA:    64s
[>                               ] 38/669, 9.9 task/s, elapsed: 4s, ETA:    64s
[>                              ] 39/669, 10.0 task/s, elapsed: 4s, ETA:    63s
[>                              ] 40/669, 10.0 task/s, elapsed: 4s, ETA:    63s
[>                              ] 41/669, 10.0 task/s, elapsed: 4s, ETA:    63s
[>                              ] 42/669, 10.0 task/s, elapsed: 4s, ETA:    62s
[>>                              ] 43/669, 9.9 task/s, elapsed: 4s, ETA:    63s
[>>                              ] 44/669, 9.9 task/s, elapsed: 4s, ETA:    63s
[>>                              ] 45/669, 9.9 task/s, elapsed: 5s, ETA:    63s
[>>                              ] 46/669, 9.8 task/s, elapsed: 5s, ETA:    63s
[>>                              ] 47/669, 9.8 task/s, elapsed: 5s, ETA:    63s
[>>                              ] 48/669, 9.8 task/s, elapsed: 5s, ETA:    63s
[>>                              ] 49/669, 9.9 task/s, elapsed: 5s, ETA:    63s
[>>                              ] 50/669, 9.9 task/s, elapsed: 5s, ETA:    63s
[>>                              ] 51/669, 9.8 task/s, elapsed: 5s, ETA:    63s
[>>                              ] 52/669, 9.8 task/s, elapsed: 5s, ETA:    63s
[>>                              ] 53/669, 9.8 task/s, elapsed: 5s, ETA:    63s
[>>                              ] 54/669, 9.8 task/s, elapsed: 5s, ETA:    63s
[>>                              ] 55/669, 9.8 task/s, elapsed: 6s, ETA:    62s
[>>                              ] 56/669, 9.8 task/s, elapsed: 6s, ETA:    62s
[>>                              ] 57/669, 9.9 task/s, elapsed: 6s, ETA:    62s
[>>                              ] 58/669, 9.9 task/s, elapsed: 6s, ETA:    62s
[>>                              ] 59/669, 9.9 task/s, elapsed: 6s, ETA:    62s
[>>                              ] 60/669, 9.9 task/s, elapsed: 6s, ETA:    61s
[>>                             ] 61/669, 10.0 task/s, elapsed: 6s, ETA:    61s
[>>                             ] 62/669, 10.0 task/s, elapsed: 6s, ETA:    61s
[>>                             ] 63/669, 10.0 task/s, elapsed: 6s, ETA:    61s
[>>                             ] 64/669, 10.1 task/s, elapsed: 6s, ETA:    60s
[>>>                            ] 65/669, 10.0 task/s, elapsed: 6s, ETA:    60s
[>>>                            ] 66/669, 10.0 task/s, elapsed: 7s, ETA:    60s
[>>>                            ] 67/669, 10.0 task/s, elapsed: 7s, ETA:    60s
[>>>                             ] 68/669, 9.9 task/s, elapsed: 7s, ETA:    61s
[>>>                             ] 69/669, 9.9 task/s, elapsed: 7s, ETA:    61s
[>>>                             ] 70/669, 9.8 task/s, elapsed: 7s, ETA:    61s
[>>>                             ] 71/669, 9.8 task/s, elapsed: 7s, ETA:    61s
[>>>                             ] 72/669, 9.8 task/s, elapsed: 7s, ETA:    61s
[>>>                             ] 73/669, 9.6 task/s, elapsed: 8s, ETA:    62s
[>>>                             ] 74/669, 9.6 task/s, elapsed: 8s, ETA:    62s
[>>>                             ] 75/669, 9.6 task/s, elapsed: 8s, ETA:    62s
[>>>                             ] 76/669, 9.6 task/s, elapsed: 8s, ETA:    62s
[>>>                             ] 77/669, 9.6 task/s, elapsed: 8s, ETA:    61s
[>>>                             ] 78/669, 9.7 task/s, elapsed: 8s, ETA:    61s
[>>>                             ] 79/669, 9.7 task/s, elapsed: 8s, ETA:    61s
[>>>                             ] 80/669, 9.7 task/s, elapsed: 8s, ETA:    61s
[>>>                             ] 81/669, 9.7 task/s, elapsed: 8s, ETA:    60s
[>>>                             ] 82/669, 9.8 task/s, elapsed: 8s, ETA:    60s
[>>>                             ] 83/669, 9.8 task/s, elapsed: 8s, ETA:    60s
[>>>>                            ] 84/669, 9.8 task/s, elapsed: 9s, ETA:    59s
[>>>>                            ] 85/669, 9.9 task/s, elapsed: 9s, ETA:    59s
[>>>>                            ] 86/669, 9.9 task/s, elapsed: 9s, ETA:    59s
[>>>>                            ] 87/669, 9.8 task/s, elapsed: 9s, ETA:    59s
[>>>>                            ] 88/669, 9.8 task/s, elapsed: 9s, ETA:    59s
[>>>>                            ] 89/669, 9.9 task/s, elapsed: 9s, ETA:    59s
[>>>>                            ] 90/669, 9.9 task/s, elapsed: 9s, ETA:    59s
[>>>>                            ] 91/669, 9.9 task/s, elapsed: 9s, ETA:    58s
[>>>>                           ] 92/669, 10.0 task/s, elapsed: 9s, ETA:    58s
[>>>>                           ] 93/669, 10.0 task/s, elapsed: 9s, ETA:    58s
[>>>>                           ] 94/669, 10.0 task/s, elapsed: 9s, ETA:    57s
[>>>>                           ] 95/669, 10.0 task/s, elapsed: 9s, ETA:    57s
[>>>>                          ] 96/669, 10.1 task/s, elapsed: 10s, ETA:    57s
[>>>>                          ] 97/669, 10.1 task/s, elapsed: 10s, ETA:    57s
[>>>>                          ] 98/669, 10.1 task/s, elapsed: 10s, ETA:    57s
[>>>>                          ] 99/669, 10.1 task/s, elapsed: 10s, ETA:    56s
[>>>>                         ] 100/669, 10.1 task/s, elapsed: 10s, ETA:    56s
[>>>>                         ] 101/669, 10.1 task/s, elapsed: 10s, ETA:    56s
[>>>>                         ] 102/669, 10.1 task/s, elapsed: 10s, ETA:    56s
[>>>>                         ] 103/669, 10.2 task/s, elapsed: 10s, ETA:    56s
[>>>>                         ] 104/669, 10.2 task/s, elapsed: 10s, ETA:    55s
[>>>>                         ] 105/669, 10.2 task/s, elapsed: 10s, ETA:    55s
[>>>>                         ] 106/669, 10.2 task/s, elapsed: 10s, ETA:    55s
[>>>>                         ] 107/669, 10.2 task/s, elapsed: 10s, ETA:    55s
[>>>>                         ] 108/669, 10.2 task/s, elapsed: 11s, ETA:    55s
[>>>>                         ] 109/669, 10.1 task/s, elapsed: 11s, ETA:    55s
[>>>>                         ] 110/669, 10.1 task/s, elapsed: 11s, ETA:    55s
[>>>>                         ] 111/669, 10.1 task/s, elapsed: 11s, ETA:    55s
[>>>>                         ] 112/669, 10.1 task/s, elapsed: 11s, ETA:    55s
[>>>>                         ] 113/669, 10.0 task/s, elapsed: 11s, ETA:    55s
[>>>>                         ] 114/669, 10.0 task/s, elapsed: 11s, ETA:    55s
[>>>>                         ] 115/669, 10.0 task/s, elapsed: 12s, ETA:    56s
[>>>>>                        ] 116/669, 10.0 task/s, elapsed: 12s, ETA:    55s
[>>>>>                        ] 117/669, 10.0 task/s, elapsed: 12s, ETA:    55s
[>>>>>                        ] 118/669, 10.0 task/s, elapsed: 12s, ETA:    55s
[>>>>>                         ] 119/669, 9.9 task/s, elapsed: 12s, ETA:    55s
[>>>>>                         ] 120/669, 9.9 task/s, elapsed: 12s, ETA:    55s
[>>>>>                         ] 121/669, 9.8 task/s, elapsed: 12s, ETA:    56s
[>>>>>                         ] 122/669, 9.9 task/s, elapsed: 12s, ETA:    55s
[>>>>>                         ] 123/669, 9.8 task/s, elapsed: 13s, ETA:    56s
[>>>>>                         ] 124/669, 9.9 task/s, elapsed: 13s, ETA:    55s
[>>>>>                         ] 125/669, 9.9 task/s, elapsed: 13s, ETA:    55s
[>>>>>                         ] 126/669, 9.9 task/s, elapsed: 13s, ETA:    55s
[>>>>>                         ] 127/669, 9.9 task/s, elapsed: 13s, ETA:    55s
[>>>>>                         ] 128/669, 9.9 task/s, elapsed: 13s, ETA:    55s
[>>>>>                         ] 129/669, 9.9 task/s, elapsed: 13s, ETA:    54s
[>>>>>                        ] 130/669, 10.0 task/s, elapsed: 13s, ETA:    54s
[>>>>>                        ] 131/669, 10.0 task/s, elapsed: 13s, ETA:    54s
[>>>>>                        ] 132/669, 10.0 task/s, elapsed: 13s, ETA:    54s
[>>>>>                        ] 133/669, 10.0 task/s, elapsed: 13s, ETA:    53s
[>>>>>                        ] 134/669, 10.0 task/s, elapsed: 13s, ETA:    53s
[>>>>>                        ] 135/669, 10.1 task/s, elapsed: 13s, ETA:    53s
[>>>>>                        ] 136/669, 10.1 task/s, elapsed: 13s, ETA:    53s
[>>>>>                        ] 137/669, 10.1 task/s, elapsed: 14s, ETA:    53s
[>>>>>                        ] 138/669, 10.0 task/s, elapsed: 14s, ETA:    53s
[>>>>>>                       ] 139/669, 10.0 task/s, elapsed: 14s, ETA:    53s
[>>>>>>                       ] 140/669, 10.1 task/s, elapsed: 14s, ETA:    53s
[>>>>>>                       ] 141/669, 10.1 task/s, elapsed: 14s, ETA:    53s
[>>>>>>                       ] 142/669, 10.0 task/s, elapsed: 14s, ETA:    53s
[>>>>>>                       ] 143/669, 10.0 task/s, elapsed: 14s, ETA:    52s
[>>>>>>                       ] 144/669, 10.0 task/s, elapsed: 14s, ETA:    52s
[>>>>>>                       ] 145/669, 10.0 task/s, elapsed: 14s, ETA:    52s
[>>>>>>                       ] 146/669, 10.0 task/s, elapsed: 15s, ETA:    52s
[>>>>>>                       ] 147/669, 10.0 task/s, elapsed: 15s, ETA:    52s
[>>>>>>                       ] 148/669, 10.0 task/s, elapsed: 15s, ETA:    52s
[>>>>>>                        ] 149/669, 9.9 task/s, elapsed: 15s, ETA:    52s
[>>>>>>                       ] 150/669, 10.0 task/s, elapsed: 15s, ETA:    52s
[>>>>>>                       ] 151/669, 10.0 task/s, elapsed: 15s, ETA:    52s
[>>>>>>                        ] 152/669, 9.9 task/s, elapsed: 15s, ETA:    52s
[>>>>>>                        ] 153/669, 9.9 task/s, elapsed: 15s, ETA:    52s
[>>>>>>                        ] 154/669, 9.9 task/s, elapsed: 15s, ETA:    52s
[>>>>>>                       ] 155/669, 10.0 task/s, elapsed: 16s, ETA:    52s
[>>>>>>                       ] 156/669, 10.0 task/s, elapsed: 16s, ETA:    51s
[>>>>>>                       ] 157/669, 10.0 task/s, elapsed: 16s, ETA:    51s
[>>>>>>                       ] 158/669, 10.0 task/s, elapsed: 16s, ETA:    51s
[>>>>>>                       ] 159/669, 10.0 task/s, elapsed: 16s, ETA:    51s
[>>>>>>                       ] 160/669, 10.0 task/s, elapsed: 16s, ETA:    51s
[>>>>>>                       ] 161/669, 10.1 task/s, elapsed: 16s, ETA:    51s
[>>>>>>>                      ] 162/669, 10.1 task/s, elapsed: 16s, ETA:    50s
[>>>>>>>                      ] 163/669, 10.1 task/s, elapsed: 16s, ETA:    50s
[>>>>>>>                      ] 164/669, 10.1 task/s, elapsed: 16s, ETA:    50s
[>>>>>>>                      ] 165/669, 10.1 task/s, elapsed: 16s, ETA:    50s
[>>>>>>>                      ] 166/669, 10.1 task/s, elapsed: 16s, ETA:    50s
[>>>>>>>                      ] 167/669, 10.1 task/s, elapsed: 16s, ETA:    50s
[>>>>>>>                      ] 168/669, 10.2 task/s, elapsed: 17s, ETA:    49s
[>>>>>>>                      ] 169/669, 10.2 task/s, elapsed: 17s, ETA:    49s
[>>>>>>>                      ] 170/669, 10.2 task/s, elapsed: 17s, ETA:    49s
[>>>>>>>                      ] 171/669, 10.2 task/s, elapsed: 17s, ETA:    49s
[>>>>>>>                      ] 172/669, 10.2 task/s, elapsed: 17s, ETA:    49s
[>>>>>>>                      ] 173/669, 10.3 task/s, elapsed: 17s, ETA:    48s
[>>>>>>>                      ] 174/669, 10.3 task/s, elapsed: 17s, ETA:    48s
[>>>>>>>                      ] 175/669, 10.3 task/s, elapsed: 17s, ETA:    48s
[>>>>>>>                      ] 176/669, 10.3 task/s, elapsed: 17s, ETA:    48s
[>>>>>>>                      ] 177/669, 10.3 task/s, elapsed: 17s, ETA:    48s
[>>>>>>>                      ] 178/669, 10.3 task/s, elapsed: 17s, ETA:    48s
[>>>>>>>                      ] 179/669, 10.3 task/s, elapsed: 17s, ETA:    47s
[>>>>>>>                      ] 180/669, 10.4 task/s, elapsed: 17s, ETA:    47s
[>>>>>>>                      ] 181/669, 10.4 task/s, elapsed: 17s, ETA:    47s
[>>>>>>>                      ] 182/669, 10.4 task/s, elapsed: 18s, ETA:    47s
[>>>>>>>                      ] 183/669, 10.4 task/s, elapsed: 18s, ETA:    47s
[>>>>>>>                      ] 184/669, 10.4 task/s, elapsed: 18s, ETA:    47s
[>>>>>>>>                     ] 185/669, 10.4 task/s, elapsed: 18s, ETA:    46s
[>>>>>>>>                     ] 186/669, 10.4 task/s, elapsed: 18s, ETA:    46s
[>>>>>>>>                     ] 187/669, 10.3 task/s, elapsed: 18s, ETA:    47s
[>>>>>>>>                     ] 188/669, 10.2 task/s, elapsed: 18s, ETA:    47s
[>>>>>>>>                     ] 189/669, 10.2 task/s, elapsed: 18s, ETA:    47s
[>>>>>>>>                     ] 190/669, 10.0 task/s, elapsed: 19s, ETA:    48s
[>>>>>>>>                     ] 191/669, 10.0 task/s, elapsed: 19s, ETA:    48s
[>>>>>>>>                      ] 192/669, 9.9 task/s, elapsed: 19s, ETA:    48s
[>>>>>>>>                      ] 193/669, 9.9 task/s, elapsed: 19s, ETA:    48s
[>>>>>>>>                      ] 194/669, 9.9 task/s, elapsed: 20s, ETA:    48s
[>>>>>>>>                      ] 195/669, 9.9 task/s, elapsed: 20s, ETA:    48s
[>>>>>>>>                      ] 196/669, 9.9 task/s, elapsed: 20s, ETA:    48s
[>>>>>>>>                      ] 197/669, 9.7 task/s, elapsed: 20s, ETA:    49s
[>>>>>>>>                      ] 198/669, 9.7 task/s, elapsed: 20s, ETA:    49s
[>>>>>>>>                      ] 199/669, 9.6 task/s, elapsed: 21s, ETA:    49s
[>>>>>>>>                      ] 200/669, 9.6 task/s, elapsed: 21s, ETA:    49s
[>>>>>>>>>                     ] 201/669, 9.5 task/s, elapsed: 21s, ETA:    49s
[>>>>>>>>>                     ] 202/669, 9.5 task/s, elapsed: 21s, ETA:    49s
[>>>>>>>>>                     ] 203/669, 9.4 task/s, elapsed: 22s, ETA:    49s
[>>>>>>>>>                     ] 204/669, 9.4 task/s, elapsed: 22s, ETA:    49s
[>>>>>>>>>                     ] 205/669, 9.4 task/s, elapsed: 22s, ETA:    49s
[>>>>>>>>>                     ] 206/669, 9.4 task/s, elapsed: 22s, ETA:    49s
[>>>>>>>>>                     ] 207/669, 9.4 task/s, elapsed: 22s, ETA:    49s
[>>>>>>>>>                     ] 208/669, 9.4 task/s, elapsed: 22s, ETA:    49s
[>>>>>>>>>                     ] 209/669, 9.4 task/s, elapsed: 22s, ETA:    49s
[>>>>>>>>>                     ] 210/669, 9.4 task/s, elapsed: 22s, ETA:    49s
[>>>>>>>>>                     ] 211/669, 9.4 task/s, elapsed: 22s, ETA:    49s
[>>>>>>>>>                     ] 212/669, 9.4 task/s, elapsed: 22s, ETA:    48s
[>>>>>>>>>                     ] 213/669, 9.5 task/s, elapsed: 23s, ETA:    48s
[>>>>>>>>>                     ] 214/669, 9.5 task/s, elapsed: 23s, ETA:    48s
[>>>>>>>>>                     ] 215/669, 9.5 task/s, elapsed: 23s, ETA:    48s
[>>>>>>>>>                     ] 216/669, 9.5 task/s, elapsed: 23s, ETA:    48s
[>>>>>>>>>                     ] 217/669, 9.5 task/s, elapsed: 23s, ETA:    48s
[>>>>>>>>>                     ] 218/669, 9.5 task/s, elapsed: 23s, ETA:    47s
[>>>>>>>>>                     ] 219/669, 9.5 task/s, elapsed: 23s, ETA:    47s
[>>>>>>>>>                     ] 220/669, 9.5 task/s, elapsed: 23s, ETA:    47s
[>>>>>>>>>                     ] 221/669, 9.5 task/s, elapsed: 23s, ETA:    47s
[>>>>>>>>>                     ] 222/669, 9.5 task/s, elapsed: 23s, ETA:    47s
[>>>>>>>>>>                    ] 223/669, 9.5 task/s, elapsed: 23s, ETA:    47s
[>>>>>>>>>>                    ] 224/669, 9.5 task/s, elapsed: 23s, ETA:    47s
[>>>>>>>>>>                    ] 225/669, 9.6 task/s, elapsed: 24s, ETA:    46s
[>>>>>>>>>>                    ] 226/669, 9.6 task/s, elapsed: 24s, ETA:    46s
[>>>>>>>>>>                    ] 227/669, 9.6 task/s, elapsed: 24s, ETA:    46s
[>>>>>>>>>>                    ] 228/669, 9.6 task/s, elapsed: 24s, ETA:    46s
[>>>>>>>>>>                    ] 229/669, 9.6 task/s, elapsed: 24s, ETA:    46s
[>>>>>>>>>>                    ] 230/669, 9.6 task/s, elapsed: 24s, ETA:    46s
[>>>>>>>>>>                    ] 231/669, 9.6 task/s, elapsed: 24s, ETA:    46s
[>>>>>>>>>>                    ] 232/669, 9.6 task/s, elapsed: 24s, ETA:    45s
[>>>>>>>>>>                    ] 233/669, 9.7 task/s, elapsed: 24s, ETA:    45s
[>>>>>>>>>>                    ] 234/669, 9.7 task/s, elapsed: 24s, ETA:    45s
[>>>>>>>>>>                    ] 235/669, 9.7 task/s, elapsed: 24s, ETA:    45s
[>>>>>>>>>>                    ] 236/669, 9.7 task/s, elapsed: 24s, ETA:    45s
[>>>>>>>>>>                    ] 237/669, 9.7 task/s, elapsed: 24s, ETA:    45s
[>>>>>>>>>>                    ] 238/669, 9.7 task/s, elapsed: 24s, ETA:    44s
[>>>>>>>>>>                    ] 239/669, 9.7 task/s, elapsed: 25s, ETA:    44s
[>>>>>>>>>>                    ] 240/669, 9.7 task/s, elapsed: 25s, ETA:    44s
[>>>>>>>>>>                    ] 241/669, 9.7 task/s, elapsed: 25s, ETA:    44s
[>>>>>>>>>>                    ] 242/669, 9.7 task/s, elapsed: 25s, ETA:    44s
[>>>>>>>>>>                    ] 243/669, 9.8 task/s, elapsed: 25s, ETA:    44s
[>>>>>>>>>>                    ] 244/669, 9.8 task/s, elapsed: 25s, ETA:    44s
[>>>>>>>>>>                    ] 245/669, 9.8 task/s, elapsed: 25s, ETA:    43s
[>>>>>>>>>>>                   ] 246/669, 9.8 task/s, elapsed: 25s, ETA:    43s
[>>>>>>>>>>>                   ] 247/669, 9.7 task/s, elapsed: 25s, ETA:    43s
[>>>>>>>>>>>                   ] 248/669, 9.7 task/s, elapsed: 25s, ETA:    43s
[>>>>>>>>>>>                   ] 249/669, 9.7 task/s, elapsed: 26s, ETA:    43s
[>>>>>>>>>>>                   ] 250/669, 9.7 task/s, elapsed: 26s, ETA:    43s
[>>>>>>>>>>>                   ] 251/669, 9.8 task/s, elapsed: 26s, ETA:    43s
[>>>>>>>>>>>                   ] 252/669, 9.8 task/s, elapsed: 26s, ETA:    43s
[>>>>>>>>>>>                   ] 253/669, 9.8 task/s, elapsed: 26s, ETA:    43s
[>>>>>>>>>>>                   ] 254/669, 9.8 task/s, elapsed: 26s, ETA:    43s
[>>>>>>>>>>>                   ] 255/669, 9.7 task/s, elapsed: 26s, ETA:    42s
[>>>>>>>>>>>                   ] 256/669, 9.7 task/s, elapsed: 26s, ETA:    42s
[>>>>>>>>>>>                   ] 257/669, 9.7 task/s, elapsed: 26s, ETA:    42s
[>>>>>>>>>>>                   ] 258/669, 9.7 task/s, elapsed: 26s, ETA:    42s
[>>>>>>>>>>>                   ] 259/669, 9.7 task/s, elapsed: 27s, ETA:    42s
[>>>>>>>>>>>                   ] 260/669, 9.7 task/s, elapsed: 27s, ETA:    42s
[>>>>>>>>>>>                   ] 261/669, 9.7 task/s, elapsed: 27s, ETA:    42s
[>>>>>>>>>>>                   ] 262/669, 9.7 task/s, elapsed: 27s, ETA:    42s
[>>>>>>>>>>>                   ] 263/669, 9.6 task/s, elapsed: 27s, ETA:    42s
[>>>>>>>>>>>                   ] 264/669, 9.6 task/s, elapsed: 27s, ETA:    42s
[>>>>>>>>>>>                   ] 265/669, 9.6 task/s, elapsed: 28s, ETA:    42s
[>>>>>>>>>>>                   ] 266/669, 9.6 task/s, elapsed: 28s, ETA:    42s
[>>>>>>>>>>>                   ] 267/669, 9.6 task/s, elapsed: 28s, ETA:    42s
[>>>>>>>>>>>>                  ] 268/669, 9.5 task/s, elapsed: 28s, ETA:    42s
[>>>>>>>>>>>>                  ] 269/669, 9.5 task/s, elapsed: 28s, ETA:    42s
[>>>>>>>>>>>>                  ] 270/669, 9.5 task/s, elapsed: 28s, ETA:    42s
[>>>>>>>>>>>>                  ] 271/669, 9.5 task/s, elapsed: 28s, ETA:    42s
[>>>>>>>>>>>>                  ] 272/669, 9.5 task/s, elapsed: 28s, ETA:    42s
[>>>>>>>>>>>>                  ] 273/669, 9.5 task/s, elapsed: 29s, ETA:    42s
[>>>>>>>>>>>>                  ] 274/669, 9.5 task/s, elapsed: 29s, ETA:    41s
[>>>>>>>>>>>>                  ] 275/669, 9.5 task/s, elapsed: 29s, ETA:    41s
[>>>>>>>>>>>>                  ] 276/669, 9.5 task/s, elapsed: 29s, ETA:    41s
[>>>>>>>>>>>>                  ] 277/669, 9.5 task/s, elapsed: 29s, ETA:    41s
[>>>>>>>>>>>>                  ] 278/669, 9.5 task/s, elapsed: 29s, ETA:    41s
[>>>>>>>>>>>>                  ] 279/669, 9.5 task/s, elapsed: 29s, ETA:    41s
[>>>>>>>>>>>>                  ] 280/669, 9.5 task/s, elapsed: 29s, ETA:    41s
[>>>>>>>>>>>>                  ] 281/669, 9.5 task/s, elapsed: 30s, ETA:    41s
[>>>>>>>>>>>>                  ] 282/669, 9.5 task/s, elapsed: 30s, ETA:    41s
[>>>>>>>>>>>>                  ] 283/669, 9.5 task/s, elapsed: 30s, ETA:    41s
[>>>>>>>>>>>>                  ] 284/669, 9.5 task/s, elapsed: 30s, ETA:    41s
[>>>>>>>>>>>>                  ] 285/669, 9.5 task/s, elapsed: 30s, ETA:    41s
[>>>>>>>>>>>>                  ] 286/669, 9.5 task/s, elapsed: 30s, ETA:    40s
[>>>>>>>>>>>>                  ] 287/669, 9.5 task/s, elapsed: 30s, ETA:    40s
[>>>>>>>>>>>>                  ] 288/669, 9.5 task/s, elapsed: 30s, ETA:    40s
[>>>>>>>>>>>>                  ] 289/669, 9.5 task/s, elapsed: 30s, ETA:    40s
[>>>>>>>>>>>>>                 ] 290/669, 9.5 task/s, elapsed: 31s, ETA:    40s
[>>>>>>>>>>>>>                 ] 291/669, 9.5 task/s, elapsed: 31s, ETA:    40s
[>>>>>>>>>>>>>                 ] 292/669, 9.5 task/s, elapsed: 31s, ETA:    40s
[>>>>>>>>>>>>>                 ] 293/669, 9.5 task/s, elapsed: 31s, ETA:    40s
[>>>>>>>>>>>>>                 ] 294/669, 9.5 task/s, elapsed: 31s, ETA:    39s
[>>>>>>>>>>>>>                 ] 295/669, 9.5 task/s, elapsed: 31s, ETA:    39s
[>>>>>>>>>>>>>                 ] 296/669, 9.5 task/s, elapsed: 31s, ETA:    39s
[>>>>>>>>>>>>>                 ] 297/669, 9.5 task/s, elapsed: 31s, ETA:    39s
[>>>>>>>>>>>>>                 ] 298/669, 9.5 task/s, elapsed: 31s, ETA:    39s
[>>>>>>>>>>>>>                 ] 299/669, 9.5 task/s, elapsed: 31s, ETA:    39s
[>>>>>>>>>>>>>                 ] 300/669, 9.6 task/s, elapsed: 31s, ETA:    39s
[>>>>>>>>>>>>>                 ] 301/669, 9.5 task/s, elapsed: 32s, ETA:    39s
[>>>>>>>>>>>>>                 ] 302/669, 9.5 task/s, elapsed: 32s, ETA:    38s
[>>>>>>>>>>>>>                 ] 303/669, 9.5 task/s, elapsed: 32s, ETA:    38s
[>>>>>>>>>>>>>                 ] 304/669, 9.5 task/s, elapsed: 32s, ETA:    38s
[>>>>>>>>>>>>>                 ] 305/669, 9.6 task/s, elapsed: 32s, ETA:    38s
[>>>>>>>>>>>>>                 ] 306/669, 9.6 task/s, elapsed: 32s, ETA:    38s
[>>>>>>>>>>>>>                 ] 307/669, 9.6 task/s, elapsed: 32s, ETA:    38s
[>>>>>>>>>>>>>                 ] 308/669, 9.6 task/s, elapsed: 32s, ETA:    38s
[>>>>>>>>>>>>>                 ] 309/669, 9.6 task/s, elapsed: 32s, ETA:    38s
[>>>>>>>>>>>>>                 ] 310/669, 9.6 task/s, elapsed: 32s, ETA:    37s
[>>>>>>>>>>>>>                 ] 311/669, 9.6 task/s, elapsed: 32s, ETA:    37s
[>>>>>>>>>>>>>                 ] 312/669, 9.6 task/s, elapsed: 32s, ETA:    37s
[>>>>>>>>>>>>>>                ] 313/669, 9.6 task/s, elapsed: 33s, ETA:    37s
[>>>>>>>>>>>>>>                ] 314/669, 9.6 task/s, elapsed: 33s, ETA:    37s
[>>>>>>>>>>>>>>                ] 315/669, 9.6 task/s, elapsed: 33s, ETA:    37s
[>>>>>>>>>>>>>>                ] 316/669, 9.6 task/s, elapsed: 33s, ETA:    37s
[>>>>>>>>>>>>>>                ] 317/669, 9.6 task/s, elapsed: 33s, ETA:    37s
[>>>>>>>>>>>>>>                ] 318/669, 9.6 task/s, elapsed: 33s, ETA:    36s
[>>>>>>>>>>>>>>                ] 319/669, 9.6 task/s, elapsed: 33s, ETA:    36s
[>>>>>>>>>>>>>>                ] 320/669, 9.6 task/s, elapsed: 33s, ETA:    36s
[>>>>>>>>>>>>>>                ] 321/669, 9.6 task/s, elapsed: 33s, ETA:    36s
[>>>>>>>>>>>>>>                ] 322/669, 9.6 task/s, elapsed: 33s, ETA:    36s
[>>>>>>>>>>>>>>                ] 323/669, 9.6 task/s, elapsed: 34s, ETA:    36s
[>>>>>>>>>>>>>>                ] 324/669, 9.6 task/s, elapsed: 34s, ETA:    36s
[>>>>>>>>>>>>>>                ] 325/669, 9.6 task/s, elapsed: 34s, ETA:    36s
[>>>>>>>>>>>>>>                ] 326/669, 9.6 task/s, elapsed: 34s, ETA:    36s
[>>>>>>>>>>>>>>                ] 327/669, 9.6 task/s, elapsed: 34s, ETA:    35s
[>>>>>>>>>>>>>>                ] 328/669, 9.6 task/s, elapsed: 34s, ETA:    35s
[>>>>>>>>>>>>>>                ] 329/669, 9.6 task/s, elapsed: 34s, ETA:    35s
[>>>>>>>>>>>>>>                ] 330/669, 9.6 task/s, elapsed: 34s, ETA:    35s
[>>>>>>>>>>>>>>                ] 331/669, 9.6 task/s, elapsed: 34s, ETA:    35s
[>>>>>>>>>>>>>>                ] 332/669, 9.6 task/s, elapsed: 34s, ETA:    35s
[>>>>>>>>>>>>>>                ] 333/669, 9.6 task/s, elapsed: 35s, ETA:    35s
[>>>>>>>>>>>>>>                ] 334/669, 9.6 task/s, elapsed: 35s, ETA:    35s
[>>>>>>>>>>>>>>>               ] 335/669, 9.6 task/s, elapsed: 35s, ETA:    35s
[>>>>>>>>>>>>>>>               ] 336/669, 9.6 task/s, elapsed: 35s, ETA:    35s
[>>>>>>>>>>>>>>>               ] 337/669, 9.6 task/s, elapsed: 35s, ETA:    35s
[>>>>>>>>>>>>>>>               ] 338/669, 9.6 task/s, elapsed: 35s, ETA:    35s
[>>>>>>>>>>>>>>>               ] 339/669, 9.6 task/s, elapsed: 35s, ETA:    34s
[>>>>>>>>>>>>>>>               ] 340/669, 9.6 task/s, elapsed: 35s, ETA:    34s
[>>>>>>>>>>>>>>>               ] 341/669, 9.6 task/s, elapsed: 36s, ETA:    34s
[>>>>>>>>>>>>>>>               ] 342/669, 9.6 task/s, elapsed: 36s, ETA:    34s
[>>>>>>>>>>>>>>>               ] 343/669, 9.6 task/s, elapsed: 36s, ETA:    34s
[>>>>>>>>>>>>>>>               ] 344/669, 9.6 task/s, elapsed: 36s, ETA:    34s
[>>>>>>>>>>>>>>>               ] 345/669, 9.6 task/s, elapsed: 36s, ETA:    34s
[>>>>>>>>>>>>>>>               ] 346/669, 9.6 task/s, elapsed: 36s, ETA:    34s
[>>>>>>>>>>>>>>>               ] 347/669, 9.6 task/s, elapsed: 36s, ETA:    34s
[>>>>>>>>>>>>>>>               ] 348/669, 9.6 task/s, elapsed: 36s, ETA:    34s
[>>>>>>>>>>>>>>>               ] 349/669, 9.6 task/s, elapsed: 37s, ETA:    33s
[>>>>>>>>>>>>>>>               ] 350/669, 9.6 task/s, elapsed: 37s, ETA:    33s
[>>>>>>>>>>>>>>>               ] 351/669, 9.6 task/s, elapsed: 37s, ETA:    33s
[>>>>>>>>>>>>>>>               ] 352/669, 9.6 task/s, elapsed: 37s, ETA:    33s
[>>>>>>>>>>>>>>>               ] 353/669, 9.6 task/s, elapsed: 37s, ETA:    33s
[>>>>>>>>>>>>>>>               ] 354/669, 9.6 task/s, elapsed: 37s, ETA:    33s
[>>>>>>>>>>>>>>>               ] 355/669, 9.6 task/s, elapsed: 37s, ETA:    33s
[>>>>>>>>>>>>>>>               ] 356/669, 9.6 task/s, elapsed: 37s, ETA:    33s
[>>>>>>>>>>>>>>>>              ] 357/669, 9.6 task/s, elapsed: 37s, ETA:    33s
[>>>>>>>>>>>>>>>>              ] 358/669, 9.6 task/s, elapsed: 37s, ETA:    32s
[>>>>>>>>>>>>>>>>              ] 359/669, 9.6 task/s, elapsed: 37s, ETA:    32s
[>>>>>>>>>>>>>>>>              ] 360/669, 9.6 task/s, elapsed: 38s, ETA:    32s
[>>>>>>>>>>>>>>>>              ] 361/669, 9.6 task/s, elapsed: 38s, ETA:    32s
[>>>>>>>>>>>>>>>>              ] 362/669, 9.6 task/s, elapsed: 38s, ETA:    32s
[>>>>>>>>>>>>>>>>              ] 363/669, 9.6 task/s, elapsed: 38s, ETA:    32s
[>>>>>>>>>>>>>>>>              ] 364/669, 9.6 task/s, elapsed: 38s, ETA:    32s
[>>>>>>>>>>>>>>>>              ] 365/669, 9.6 task/s, elapsed: 38s, ETA:    32s
[>>>>>>>>>>>>>>>>              ] 366/669, 9.6 task/s, elapsed: 38s, ETA:    32s
[>>>>>>>>>>>>>>>>              ] 367/669, 9.6 task/s, elapsed: 38s, ETA:    31s
[>>>>>>>>>>>>>>>>              ] 368/669, 9.6 task/s, elapsed: 38s, ETA:    31s
[>>>>>>>>>>>>>>>>              ] 369/669, 9.6 task/s, elapsed: 38s, ETA:    31s
[>>>>>>>>>>>>>>>>              ] 370/669, 9.6 task/s, elapsed: 38s, ETA:    31s
[>>>>>>>>>>>>>>>>              ] 371/669, 9.6 task/s, elapsed: 39s, ETA:    31s
[>>>>>>>>>>>>>>>>              ] 372/669, 9.6 task/s, elapsed: 39s, ETA:    31s
[>>>>>>>>>>>>>>>>              ] 373/669, 9.6 task/s, elapsed: 39s, ETA:    31s
[>>>>>>>>>>>>>>>>              ] 374/669, 9.6 task/s, elapsed: 39s, ETA:    31s
[>>>>>>>>>>>>>>>>              ] 375/669, 9.6 task/s, elapsed: 39s, ETA:    30s
[>>>>>>>>>>>>>>>>              ] 376/669, 9.7 task/s, elapsed: 39s, ETA:    30s
[>>>>>>>>>>>>>>>>              ] 377/669, 9.7 task/s, elapsed: 39s, ETA:    30s
[>>>>>>>>>>>>>>>>              ] 378/669, 9.7 task/s, elapsed: 39s, ETA:    30s
[>>>>>>>>>>>>>>>>              ] 379/669, 9.7 task/s, elapsed: 39s, ETA:    30s
[>>>>>>>>>>>>>>>>>             ] 380/669, 9.7 task/s, elapsed: 39s, ETA:    30s
[>>>>>>>>>>>>>>>>>             ] 381/669, 9.7 task/s, elapsed: 39s, ETA:    30s
[>>>>>>>>>>>>>>>>>             ] 382/669, 9.7 task/s, elapsed: 39s, ETA:    30s
[>>>>>>>>>>>>>>>>>             ] 383/669, 9.7 task/s, elapsed: 39s, ETA:    29s
[>>>>>>>>>>>>>>>>>             ] 384/669, 9.7 task/s, elapsed: 40s, ETA:    29s
[>>>>>>>>>>>>>>>>>             ] 385/669, 9.7 task/s, elapsed: 40s, ETA:    29s
[>>>>>>>>>>>>>>>>>             ] 386/669, 9.7 task/s, elapsed: 40s, ETA:    29s
[>>>>>>>>>>>>>>>>>             ] 387/669, 9.7 task/s, elapsed: 40s, ETA:    29s
[>>>>>>>>>>>>>>>>>             ] 388/669, 9.7 task/s, elapsed: 40s, ETA:    29s
[>>>>>>>>>>>>>>>>>             ] 389/669, 9.7 task/s, elapsed: 40s, ETA:    29s
[>>>>>>>>>>>>>>>>>             ] 390/669, 9.7 task/s, elapsed: 40s, ETA:    29s
[>>>>>>>>>>>>>>>>>             ] 391/669, 9.7 task/s, elapsed: 40s, ETA:    29s
[>>>>>>>>>>>>>>>>>             ] 392/669, 9.8 task/s, elapsed: 40s, ETA:    28s
[>>>>>>>>>>>>>>>>>             ] 393/669, 9.8 task/s, elapsed: 40s, ETA:    28s
[>>>>>>>>>>>>>>>>>             ] 394/669, 9.8 task/s, elapsed: 40s, ETA:    28s
[>>>>>>>>>>>>>>>>>             ] 395/669, 9.8 task/s, elapsed: 40s, ETA:    28s
[>>>>>>>>>>>>>>>>>             ] 396/669, 9.8 task/s, elapsed: 41s, ETA:    28s
[>>>>>>>>>>>>>>>>>             ] 397/669, 9.8 task/s, elapsed: 41s, ETA:    28s
[>>>>>>>>>>>>>>>>>             ] 398/669, 9.8 task/s, elapsed: 41s, ETA:    28s
[>>>>>>>>>>>>>>>>>             ] 399/669, 9.8 task/s, elapsed: 41s, ETA:    28s
[>>>>>>>>>>>>>>>>>             ] 400/669, 9.8 task/s, elapsed: 41s, ETA:    27s
[>>>>>>>>>>>>>>>>>             ] 401/669, 9.8 task/s, elapsed: 41s, ETA:    27s
[>>>>>>>>>>>>>>>>>>            ] 402/669, 9.8 task/s, elapsed: 41s, ETA:    27s
[>>>>>>>>>>>>>>>>>>            ] 403/669, 9.8 task/s, elapsed: 41s, ETA:    27s
[>>>>>>>>>>>>>>>>>>            ] 404/669, 9.8 task/s, elapsed: 41s, ETA:    27s
[>>>>>>>>>>>>>>>>>>            ] 405/669, 9.8 task/s, elapsed: 41s, ETA:    27s
[>>>>>>>>>>>>>>>>>>            ] 406/669, 9.8 task/s, elapsed: 41s, ETA:    27s
[>>>>>>>>>>>>>>>>>>            ] 407/669, 9.9 task/s, elapsed: 41s, ETA:    27s
[>>>>>>>>>>>>>>>>>>            ] 408/669, 9.9 task/s, elapsed: 41s, ETA:    26s
[>>>>>>>>>>>>>>>>>>            ] 409/669, 9.9 task/s, elapsed: 41s, ETA:    26s
[>>>>>>>>>>>>>>>>>>            ] 410/669, 9.9 task/s, elapsed: 42s, ETA:    26s
[>>>>>>>>>>>>>>>>>>            ] 411/669, 9.9 task/s, elapsed: 42s, ETA:    26s
[>>>>>>>>>>>>>>>>>>            ] 412/669, 9.9 task/s, elapsed: 42s, ETA:    26s
[>>>>>>>>>>>>>>>>>>            ] 413/669, 9.9 task/s, elapsed: 42s, ETA:    26s
[>>>>>>>>>>>>>>>>>>            ] 414/669, 9.9 task/s, elapsed: 42s, ETA:    26s
[>>>>>>>>>>>>>>>>>>            ] 415/669, 9.9 task/s, elapsed: 42s, ETA:    26s
[>>>>>>>>>>>>>>>>>>            ] 416/669, 9.9 task/s, elapsed: 42s, ETA:    26s
[>>>>>>>>>>>>>>>>>>            ] 417/669, 9.9 task/s, elapsed: 42s, ETA:    25s
[>>>>>>>>>>>>>>>>>>            ] 418/669, 9.9 task/s, elapsed: 42s, ETA:    25s
[>>>>>>>>>>>>>>>>>>            ] 419/669, 9.9 task/s, elapsed: 42s, ETA:    25s
[>>>>>>>>>>>>>>>>>>            ] 420/669, 9.9 task/s, elapsed: 42s, ETA:    25s
[>>>>>>>>>>>>>>>>>>            ] 421/669, 9.9 task/s, elapsed: 42s, ETA:    25s
[>>>>>>>>>>>>>>>>>>           ] 422/669, 10.0 task/s, elapsed: 42s, ETA:    25s
[>>>>>>>>>>>>>>>>>>           ] 423/669, 10.0 task/s, elapsed: 42s, ETA:    25s
[>>>>>>>>>>>>>>>>>>           ] 424/669, 10.0 task/s, elapsed: 43s, ETA:    25s
[>>>>>>>>>>>>>>>>>>           ] 425/669, 10.0 task/s, elapsed: 43s, ETA:    24s
[>>>>>>>>>>>>>>>>>>           ] 426/669, 10.0 task/s, elapsed: 43s, ETA:    24s
[>>>>>>>>>>>>>>>>>>           ] 427/669, 10.0 task/s, elapsed: 43s, ETA:    24s
[>>>>>>>>>>>>>>>>>>           ] 428/669, 10.0 task/s, elapsed: 43s, ETA:    24s
[>>>>>>>>>>>>>>>>>>           ] 429/669, 10.0 task/s, elapsed: 43s, ETA:    24s
[>>>>>>>>>>>>>>>>>>           ] 430/669, 10.0 task/s, elapsed: 43s, ETA:    24s
[>>>>>>>>>>>>>>>>>>           ] 431/669, 10.0 task/s, elapsed: 43s, ETA:    24s
[>>>>>>>>>>>>>>>>>>           ] 432/669, 10.0 task/s, elapsed: 43s, ETA:    24s
[>>>>>>>>>>>>>>>>>>           ] 433/669, 10.0 task/s, elapsed: 43s, ETA:    24s
[>>>>>>>>>>>>>>>>>>           ] 434/669, 10.0 task/s, elapsed: 43s, ETA:    23s
[>>>>>>>>>>>>>>>>>>           ] 435/669, 10.0 task/s, elapsed: 43s, ETA:    23s
[>>>>>>>>>>>>>>>>>>           ] 436/669, 10.0 task/s, elapsed: 43s, ETA:    23s
[>>>>>>>>>>>>>>>>>>           ] 437/669, 10.1 task/s, elapsed: 43s, ETA:    23s
[>>>>>>>>>>>>>>>>>>           ] 438/669, 10.1 task/s, elapsed: 44s, ETA:    23s
[>>>>>>>>>>>>>>>>>>>          ] 439/669, 10.1 task/s, elapsed: 44s, ETA:    23s
[>>>>>>>>>>>>>>>>>>>          ] 440/669, 10.1 task/s, elapsed: 44s, ETA:    23s
[>>>>>>>>>>>>>>>>>>>          ] 441/669, 10.1 task/s, elapsed: 44s, ETA:    23s
[>>>>>>>>>>>>>>>>>>>          ] 442/669, 10.1 task/s, elapsed: 44s, ETA:    23s
[>>>>>>>>>>>>>>>>>>>          ] 443/669, 10.1 task/s, elapsed: 44s, ETA:    22s
[>>>>>>>>>>>>>>>>>>>          ] 444/669, 10.1 task/s, elapsed: 44s, ETA:    22s
[>>>>>>>>>>>>>>>>>>>          ] 445/669, 10.1 task/s, elapsed: 44s, ETA:    22s
[>>>>>>>>>>>>>>>>>>>          ] 446/669, 10.1 task/s, elapsed: 44s, ETA:    22s
[>>>>>>>>>>>>>>>>>>>          ] 447/669, 10.1 task/s, elapsed: 44s, ETA:    22s
[>>>>>>>>>>>>>>>>>>>          ] 448/669, 10.1 task/s, elapsed: 44s, ETA:    22s
[>>>>>>>>>>>>>>>>>>>          ] 449/669, 10.1 task/s, elapsed: 44s, ETA:    22s
[>>>>>>>>>>>>>>>>>>>          ] 450/669, 10.1 task/s, elapsed: 45s, ETA:    22s
[>>>>>>>>>>>>>>>>>>>          ] 451/669, 10.1 task/s, elapsed: 45s, ETA:    22s
[>>>>>>>>>>>>>>>>>>>          ] 452/669, 10.1 task/s, elapsed: 45s, ETA:    21s
[>>>>>>>>>>>>>>>>>>>          ] 453/669, 10.1 task/s, elapsed: 45s, ETA:    21s
[>>>>>>>>>>>>>>>>>>>          ] 454/669, 10.1 task/s, elapsed: 45s, ETA:    21s
[>>>>>>>>>>>>>>>>>>>          ] 455/669, 10.1 task/s, elapsed: 45s, ETA:    21s
[>>>>>>>>>>>>>>>>>>>          ] 456/669, 10.1 task/s, elapsed: 45s, ETA:    21s
[>>>>>>>>>>>>>>>>>>>          ] 457/669, 10.1 task/s, elapsed: 45s, ETA:    21s
[>>>>>>>>>>>>>>>>>>>          ] 458/669, 10.1 task/s, elapsed: 45s, ETA:    21s
[>>>>>>>>>>>>>>>>>>>          ] 459/669, 10.1 task/s, elapsed: 45s, ETA:    21s
[>>>>>>>>>>>>>>>>>>>          ] 460/669, 10.1 task/s, elapsed: 45s, ETA:    21s
[>>>>>>>>>>>>>>>>>>>          ] 461/669, 10.1 task/s, elapsed: 46s, ETA:    21s
[>>>>>>>>>>>>>>>>>>>>         ] 462/669, 10.1 task/s, elapsed: 46s, ETA:    21s
[>>>>>>>>>>>>>>>>>>>>         ] 463/669, 10.1 task/s, elapsed: 46s, ETA:    20s
[>>>>>>>>>>>>>>>>>>>>         ] 464/669, 10.1 task/s, elapsed: 46s, ETA:    20s
[>>>>>>>>>>>>>>>>>>>>         ] 465/669, 10.1 task/s, elapsed: 46s, ETA:    20s
[>>>>>>>>>>>>>>>>>>>>         ] 466/669, 10.1 task/s, elapsed: 46s, ETA:    20s
[>>>>>>>>>>>>>>>>>>>>         ] 467/669, 10.1 task/s, elapsed: 46s, ETA:    20s
[>>>>>>>>>>>>>>>>>>>>         ] 468/669, 10.1 task/s, elapsed: 46s, ETA:    20s
[>>>>>>>>>>>>>>>>>>>>         ] 469/669, 10.1 task/s, elapsed: 46s, ETA:    20s
[>>>>>>>>>>>>>>>>>>>>         ] 470/669, 10.1 task/s, elapsed: 47s, ETA:    20s
[>>>>>>>>>>>>>>>>>>>>         ] 471/669, 10.1 task/s, elapsed: 47s, ETA:    20s
[>>>>>>>>>>>>>>>>>>>>         ] 472/669, 10.1 task/s, elapsed: 47s, ETA:    19s
[>>>>>>>>>>>>>>>>>>>>         ] 473/669, 10.1 task/s, elapsed: 47s, ETA:    19s
[>>>>>>>>>>>>>>>>>>>>         ] 474/669, 10.1 task/s, elapsed: 47s, ETA:    19s
[>>>>>>>>>>>>>>>>>>>>         ] 475/669, 10.1 task/s, elapsed: 47s, ETA:    19s
[>>>>>>>>>>>>>>>>>>>>         ] 476/669, 10.1 task/s, elapsed: 47s, ETA:    19s
[>>>>>>>>>>>>>>>>>>>>         ] 477/669, 10.1 task/s, elapsed: 47s, ETA:    19s
[>>>>>>>>>>>>>>>>>>>>         ] 478/669, 10.1 task/s, elapsed: 47s, ETA:    19s
[>>>>>>>>>>>>>>>>>>>>         ] 479/669, 10.1 task/s, elapsed: 47s, ETA:    19s
[>>>>>>>>>>>>>>>>>>>>         ] 480/669, 10.1 task/s, elapsed: 48s, ETA:    19s
[>>>>>>>>>>>>>>>>>>>>         ] 481/669, 10.1 task/s, elapsed: 48s, ETA:    19s
[>>>>>>>>>>>>>>>>>>>>         ] 482/669, 10.1 task/s, elapsed: 48s, ETA:    19s
[>>>>>>>>>>>>>>>>>>>>         ] 483/669, 10.1 task/s, elapsed: 48s, ETA:    18s
[>>>>>>>>>>>>>>>>>>>>         ] 484/669, 10.1 task/s, elapsed: 48s, ETA:    18s
[>>>>>>>>>>>>>>>>>>>>>        ] 485/669, 10.1 task/s, elapsed: 48s, ETA:    18s
[>>>>>>>>>>>>>>>>>>>>>        ] 486/669, 10.1 task/s, elapsed: 48s, ETA:    18s
[>>>>>>>>>>>>>>>>>>>>>        ] 487/669, 10.0 task/s, elapsed: 48s, ETA:    18s
[>>>>>>>>>>>>>>>>>>>>>        ] 488/669, 10.0 task/s, elapsed: 49s, ETA:    18s
[>>>>>>>>>>>>>>>>>>>>>        ] 489/669, 10.0 task/s, elapsed: 49s, ETA:    18s
[>>>>>>>>>>>>>>>>>>>>>        ] 490/669, 10.0 task/s, elapsed: 49s, ETA:    18s
[>>>>>>>>>>>>>>>>>>>>>        ] 491/669, 10.0 task/s, elapsed: 49s, ETA:    18s
[>>>>>>>>>>>>>>>>>>>>>        ] 492/669, 10.0 task/s, elapsed: 49s, ETA:    18s
[>>>>>>>>>>>>>>>>>>>>>        ] 493/669, 10.0 task/s, elapsed: 49s, ETA:    18s
[>>>>>>>>>>>>>>>>>>>>>        ] 494/669, 10.0 task/s, elapsed: 50s, ETA:    18s
[>>>>>>>>>>>>>>>>>>>>>        ] 495/669, 10.0 task/s, elapsed: 50s, ETA:    17s
[>>>>>>>>>>>>>>>>>>>>>        ] 496/669, 10.0 task/s, elapsed: 50s, ETA:    17s
[>>>>>>>>>>>>>>>>>>>>>>        ] 497/669, 9.9 task/s, elapsed: 50s, ETA:    17s
[>>>>>>>>>>>>>>>>>>>>>>        ] 498/669, 9.9 task/s, elapsed: 50s, ETA:    17s
[>>>>>>>>>>>>>>>>>>>>>        ] 499/669, 10.0 task/s, elapsed: 50s, ETA:    17s
[>>>>>>>>>>>>>>>>>>>>>>        ] 500/669, 9.9 task/s, elapsed: 50s, ETA:    17s
[>>>>>>>>>>>>>>>>>>>>>>        ] 501/669, 9.9 task/s, elapsed: 50s, ETA:    17s
[>>>>>>>>>>>>>>>>>>>>>>        ] 502/669, 9.9 task/s, elapsed: 50s, ETA:    17s
[>>>>>>>>>>>>>>>>>>>>>>        ] 503/669, 9.9 task/s, elapsed: 51s, ETA:    17s
[>>>>>>>>>>>>>>>>>>>>>>        ] 504/669, 9.9 task/s, elapsed: 51s, ETA:    17s
[>>>>>>>>>>>>>>>>>>>>>>        ] 505/669, 9.9 task/s, elapsed: 51s, ETA:    17s
[>>>>>>>>>>>>>>>>>>>>>>        ] 506/669, 9.9 task/s, elapsed: 51s, ETA:    16s
[>>>>>>>>>>>>>>>>>>>>>>        ] 507/669, 9.9 task/s, elapsed: 51s, ETA:    16s
[>>>>>>>>>>>>>>>>>>>>>>        ] 508/669, 9.9 task/s, elapsed: 51s, ETA:    16s
[>>>>>>>>>>>>>>>>>>>>>>        ] 509/669, 9.9 task/s, elapsed: 51s, ETA:    16s
[>>>>>>>>>>>>>>>>>>>>>>        ] 510/669, 9.9 task/s, elapsed: 51s, ETA:    16s
[>>>>>>>>>>>>>>>>>>>>>>        ] 511/669, 9.9 task/s, elapsed: 52s, ETA:    16s
[>>>>>>>>>>>>>>>>>>>>>>        ] 512/669, 9.9 task/s, elapsed: 52s, ETA:    16s
[>>>>>>>>>>>>>>>>>>>>>>>       ] 513/669, 9.9 task/s, elapsed: 52s, ETA:    16s
[>>>>>>>>>>>>>>>>>>>>>>>       ] 514/669, 9.9 task/s, elapsed: 52s, ETA:    16s
[>>>>>>>>>>>>>>>>>>>>>>>       ] 515/669, 9.9 task/s, elapsed: 52s, ETA:    16s
[>>>>>>>>>>>>>>>>>>>>>>>       ] 516/669, 9.9 task/s, elapsed: 52s, ETA:    15s
[>>>>>>>>>>>>>>>>>>>>>>>       ] 517/669, 9.9 task/s, elapsed: 52s, ETA:    15s
[>>>>>>>>>>>>>>>>>>>>>>>       ] 518/669, 9.9 task/s, elapsed: 52s, ETA:    15s
[>>>>>>>>>>>>>>>>>>>>>>>       ] 519/669, 9.9 task/s, elapsed: 52s, ETA:    15s
[>>>>>>>>>>>>>>>>>>>>>>>       ] 520/669, 9.9 task/s, elapsed: 53s, ETA:    15s
[>>>>>>>>>>>>>>>>>>>>>>>       ] 521/669, 9.9 task/s, elapsed: 53s, ETA:    15s
[>>>>>>>>>>>>>>>>>>>>>>>       ] 522/669, 9.9 task/s, elapsed: 53s, ETA:    15s
[>>>>>>>>>>>>>>>>>>>>>>>       ] 523/669, 9.9 task/s, elapsed: 53s, ETA:    15s
[>>>>>>>>>>>>>>>>>>>>>>>       ] 524/669, 9.9 task/s, elapsed: 53s, ETA:    15s
[>>>>>>>>>>>>>>>>>>>>>>>       ] 525/669, 9.9 task/s, elapsed: 53s, ETA:    15s
[>>>>>>>>>>>>>>>>>>>>>>>       ] 526/669, 9.9 task/s, elapsed: 53s, ETA:    14s
[>>>>>>>>>>>>>>>>>>>>>>>       ] 527/669, 9.9 task/s, elapsed: 53s, ETA:    14s
[>>>>>>>>>>>>>>>>>>>>>>>       ] 528/669, 9.9 task/s, elapsed: 53s, ETA:    14s
[>>>>>>>>>>>>>>>>>>>>>>>       ] 529/669, 9.9 task/s, elapsed: 54s, ETA:    14s
[>>>>>>>>>>>>>>>>>>>>>>>       ] 530/669, 9.9 task/s, elapsed: 54s, ETA:    14s
[>>>>>>>>>>>>>>>>>>>>>>>       ] 531/669, 9.9 task/s, elapsed: 54s, ETA:    14s
[>>>>>>>>>>>>>>>>>>>>>>>       ] 532/669, 9.9 task/s, elapsed: 54s, ETA:    14s
[>>>>>>>>>>>>>>>>>>>>>>>       ] 533/669, 9.9 task/s, elapsed: 54s, ETA:    14s
[>>>>>>>>>>>>>>>>>>>>>>>       ] 534/669, 9.9 task/s, elapsed: 54s, ETA:    14s
[>>>>>>>>>>>>>>>>>>>>>>>       ] 535/669, 9.9 task/s, elapsed: 54s, ETA:    14s
[>>>>>>>>>>>>>>>>>>>>>>>>      ] 536/669, 9.9 task/s, elapsed: 54s, ETA:    13s
[>>>>>>>>>>>>>>>>>>>>>>>>      ] 537/669, 9.9 task/s, elapsed: 54s, ETA:    13s
[>>>>>>>>>>>>>>>>>>>>>>>>      ] 538/669, 9.9 task/s, elapsed: 54s, ETA:    13s
[>>>>>>>>>>>>>>>>>>>>>>>>      ] 539/669, 9.9 task/s, elapsed: 54s, ETA:    13s
[>>>>>>>>>>>>>>>>>>>>>>>>      ] 540/669, 9.9 task/s, elapsed: 54s, ETA:    13s
[>>>>>>>>>>>>>>>>>>>>>>>>      ] 541/669, 9.9 task/s, elapsed: 54s, ETA:    13s
[>>>>>>>>>>>>>>>>>>>>>>>>      ] 542/669, 9.9 task/s, elapsed: 55s, ETA:    13s
[>>>>>>>>>>>>>>>>>>>>>>>>      ] 543/669, 9.9 task/s, elapsed: 55s, ETA:    13s
[>>>>>>>>>>>>>>>>>>>>>>>>      ] 544/669, 9.9 task/s, elapsed: 55s, ETA:    13s
[>>>>>>>>>>>>>>>>>>>>>>>>      ] 545/669, 9.9 task/s, elapsed: 55s, ETA:    12s
[>>>>>>>>>>>>>>>>>>>>>>>>      ] 546/669, 9.9 task/s, elapsed: 55s, ETA:    12s
[>>>>>>>>>>>>>>>>>>>>>>>>      ] 547/669, 9.9 task/s, elapsed: 55s, ETA:    12s
[>>>>>>>>>>>>>>>>>>>>>>>      ] 548/669, 10.0 task/s, elapsed: 55s, ETA:    12s
[>>>>>>>>>>>>>>>>>>>>>>>      ] 549/669, 10.0 task/s, elapsed: 55s, ETA:    12s
[>>>>>>>>>>>>>>>>>>>>>>>      ] 550/669, 10.0 task/s, elapsed: 55s, ETA:    12s
[>>>>>>>>>>>>>>>>>>>>>>>      ] 551/669, 10.0 task/s, elapsed: 55s, ETA:    12s
[>>>>>>>>>>>>>>>>>>>>>>>      ] 552/669, 10.0 task/s, elapsed: 55s, ETA:    12s
[>>>>>>>>>>>>>>>>>>>>>>>      ] 553/669, 10.0 task/s, elapsed: 55s, ETA:    12s
[>>>>>>>>>>>>>>>>>>>>>>>>     ] 554/669, 10.0 task/s, elapsed: 55s, ETA:    12s
[>>>>>>>>>>>>>>>>>>>>>>>>     ] 555/669, 10.0 task/s, elapsed: 56s, ETA:    11s
[>>>>>>>>>>>>>>>>>>>>>>>>     ] 556/669, 10.0 task/s, elapsed: 56s, ETA:    11s
[>>>>>>>>>>>>>>>>>>>>>>>>     ] 557/669, 10.0 task/s, elapsed: 56s, ETA:    11s
[>>>>>>>>>>>>>>>>>>>>>>>>     ] 558/669, 10.0 task/s, elapsed: 56s, ETA:    11s
[>>>>>>>>>>>>>>>>>>>>>>>>     ] 559/669, 10.0 task/s, elapsed: 56s, ETA:    11s
[>>>>>>>>>>>>>>>>>>>>>>>>     ] 560/669, 10.0 task/s, elapsed: 56s, ETA:    11s
[>>>>>>>>>>>>>>>>>>>>>>>>     ] 561/669, 10.0 task/s, elapsed: 56s, ETA:    11s
[>>>>>>>>>>>>>>>>>>>>>>>>     ] 562/669, 10.0 task/s, elapsed: 56s, ETA:    11s
[>>>>>>>>>>>>>>>>>>>>>>>>     ] 563/669, 10.0 task/s, elapsed: 56s, ETA:    11s
[>>>>>>>>>>>>>>>>>>>>>>>>     ] 564/669, 10.0 task/s, elapsed: 56s, ETA:    10s
[>>>>>>>>>>>>>>>>>>>>>>>>     ] 565/669, 10.0 task/s, elapsed: 56s, ETA:    10s
[>>>>>>>>>>>>>>>>>>>>>>>>     ] 566/669, 10.0 task/s, elapsed: 57s, ETA:    10s
[>>>>>>>>>>>>>>>>>>>>>>>>     ] 567/669, 10.0 task/s, elapsed: 57s, ETA:    10s
[>>>>>>>>>>>>>>>>>>>>>>>>     ] 568/669, 10.0 task/s, elapsed: 57s, ETA:    10s
[>>>>>>>>>>>>>>>>>>>>>>>>     ] 569/669, 10.0 task/s, elapsed: 57s, ETA:    10s
[>>>>>>>>>>>>>>>>>>>>>>>>     ] 570/669, 10.0 task/s, elapsed: 57s, ETA:    10s
[>>>>>>>>>>>>>>>>>>>>>>>>     ] 571/669, 10.0 task/s, elapsed: 57s, ETA:    10s
[>>>>>>>>>>>>>>>>>>>>>>>>     ] 572/669, 10.0 task/s, elapsed: 57s, ETA:    10s
[>>>>>>>>>>>>>>>>>>>>>>>>     ] 573/669, 10.0 task/s, elapsed: 57s, ETA:    10s
[>>>>>>>>>>>>>>>>>>>>>>>>     ] 574/669, 10.0 task/s, elapsed: 57s, ETA:     9s
[>>>>>>>>>>>>>>>>>>>>>>>>     ] 575/669, 10.0 task/s, elapsed: 57s, ETA:     9s
[>>>>>>>>>>>>>>>>>>>>>>>>     ] 576/669, 10.0 task/s, elapsed: 57s, ETA:     9s
[>>>>>>>>>>>>>>>>>>>>>>>>>    ] 577/669, 10.0 task/s, elapsed: 57s, ETA:     9s
[>>>>>>>>>>>>>>>>>>>>>>>>>    ] 578/669, 10.0 task/s, elapsed: 58s, ETA:     9s
[>>>>>>>>>>>>>>>>>>>>>>>>>    ] 579/669, 10.1 task/s, elapsed: 58s, ETA:     9s
[>>>>>>>>>>>>>>>>>>>>>>>>>    ] 580/669, 10.1 task/s, elapsed: 58s, ETA:     9s
[>>>>>>>>>>>>>>>>>>>>>>>>>    ] 581/669, 10.0 task/s, elapsed: 58s, ETA:     9s
[>>>>>>>>>>>>>>>>>>>>>>>>>    ] 582/669, 10.1 task/s, elapsed: 58s, ETA:     9s
[>>>>>>>>>>>>>>>>>>>>>>>>>    ] 583/669, 10.1 task/s, elapsed: 58s, ETA:     9s
[>>>>>>>>>>>>>>>>>>>>>>>>>    ] 584/669, 10.1 task/s, elapsed: 58s, ETA:     8s
[>>>>>>>>>>>>>>>>>>>>>>>>>    ] 585/669, 10.1 task/s, elapsed: 58s, ETA:     8s
[>>>>>>>>>>>>>>>>>>>>>>>>>    ] 586/669, 10.1 task/s, elapsed: 58s, ETA:     8s
[>>>>>>>>>>>>>>>>>>>>>>>>>    ] 587/669, 10.1 task/s, elapsed: 58s, ETA:     8s
[>>>>>>>>>>>>>>>>>>>>>>>>>    ] 588/669, 10.1 task/s, elapsed: 58s, ETA:     8s
[>>>>>>>>>>>>>>>>>>>>>>>>>    ] 589/669, 10.1 task/s, elapsed: 58s, ETA:     8s
[>>>>>>>>>>>>>>>>>>>>>>>>>    ] 590/669, 10.1 task/s, elapsed: 59s, ETA:     8s
[>>>>>>>>>>>>>>>>>>>>>>>>>    ] 591/669, 10.1 task/s, elapsed: 59s, ETA:     8s
[>>>>>>>>>>>>>>>>>>>>>>>>>    ] 592/669, 10.1 task/s, elapsed: 59s, ETA:     8s
[>>>>>>>>>>>>>>>>>>>>>>>>>    ] 593/669, 10.1 task/s, elapsed: 59s, ETA:     8s
[>>>>>>>>>>>>>>>>>>>>>>>>>    ] 594/669, 10.1 task/s, elapsed: 59s, ETA:     7s
[>>>>>>>>>>>>>>>>>>>>>>>>>    ] 595/669, 10.1 task/s, elapsed: 59s, ETA:     7s
[>>>>>>>>>>>>>>>>>>>>>>>>>    ] 596/669, 10.1 task/s, elapsed: 59s, ETA:     7s
[>>>>>>>>>>>>>>>>>>>>>>>>>    ] 597/669, 10.1 task/s, elapsed: 59s, ETA:     7s
[>>>>>>>>>>>>>>>>>>>>>>>>>    ] 598/669, 10.1 task/s, elapsed: 59s, ETA:     7s
[>>>>>>>>>>>>>>>>>>>>>>>>>    ] 599/669, 10.1 task/s, elapsed: 59s, ETA:     7s
[>>>>>>>>>>>>>>>>>>>>>>>>>>   ] 600/669, 10.1 task/s, elapsed: 59s, ETA:     7s
[>>>>>>>>>>>>>>>>>>>>>>>>>>   ] 601/669, 10.1 task/s, elapsed: 59s, ETA:     7s
[>>>>>>>>>>>>>>>>>>>>>>>>>>   ] 602/669, 10.1 task/s, elapsed: 59s, ETA:     7s
[>>>>>>>>>>>>>>>>>>>>>>>>>>   ] 603/669, 10.1 task/s, elapsed: 60s, ETA:     7s
[>>>>>>>>>>>>>>>>>>>>>>>>>>   ] 604/669, 10.1 task/s, elapsed: 60s, ETA:     6s
[>>>>>>>>>>>>>>>>>>>>>>>>>>   ] 605/669, 10.1 task/s, elapsed: 60s, ETA:     6s
[>>>>>>>>>>>>>>>>>>>>>>>>>>   ] 606/669, 10.2 task/s, elapsed: 60s, ETA:     6s
[>>>>>>>>>>>>>>>>>>>>>>>>>>   ] 607/669, 10.2 task/s, elapsed: 60s, ETA:     6s
[>>>>>>>>>>>>>>>>>>>>>>>>>>   ] 608/669, 10.2 task/s, elapsed: 60s, ETA:     6s
[>>>>>>>>>>>>>>>>>>>>>>>>>>   ] 609/669, 10.2 task/s, elapsed: 60s, ETA:     6s
[>>>>>>>>>>>>>>>>>>>>>>>>>>   ] 610/669, 10.2 task/s, elapsed: 60s, ETA:     6s
[>>>>>>>>>>>>>>>>>>>>>>>>>>   ] 611/669, 10.2 task/s, elapsed: 60s, ETA:     6s
[>>>>>>>>>>>>>>>>>>>>>>>>>>   ] 612/669, 10.2 task/s, elapsed: 60s, ETA:     6s
[>>>>>>>>>>>>>>>>>>>>>>>>>>   ] 613/669, 10.2 task/s, elapsed: 60s, ETA:     6s
[>>>>>>>>>>>>>>>>>>>>>>>>>>   ] 614/669, 10.2 task/s, elapsed: 60s, ETA:     5s
[>>>>>>>>>>>>>>>>>>>>>>>>>>   ] 615/669, 10.2 task/s, elapsed: 60s, ETA:     5s
[>>>>>>>>>>>>>>>>>>>>>>>>>>   ] 616/669, 10.2 task/s, elapsed: 60s, ETA:     5s
[>>>>>>>>>>>>>>>>>>>>>>>>>>   ] 617/669, 10.2 task/s, elapsed: 61s, ETA:     5s
[>>>>>>>>>>>>>>>>>>>>>>>>>>   ] 618/669, 10.2 task/s, elapsed: 61s, ETA:     5s
[>>>>>>>>>>>>>>>>>>>>>>>>>>   ] 619/669, 10.2 task/s, elapsed: 61s, ETA:     5s
[>>>>>>>>>>>>>>>>>>>>>>>>>>   ] 620/669, 10.2 task/s, elapsed: 61s, ETA:     5s
[>>>>>>>>>>>>>>>>>>>>>>>>>>   ] 621/669, 10.2 task/s, elapsed: 61s, ETA:     5s
[>>>>>>>>>>>>>>>>>>>>>>>>>>   ] 622/669, 10.2 task/s, elapsed: 61s, ETA:     5s
[>>>>>>>>>>>>>>>>>>>>>>>>>>>  ] 623/669, 10.2 task/s, elapsed: 61s, ETA:     5s
[>>>>>>>>>>>>>>>>>>>>>>>>>>>  ] 624/669, 10.2 task/s, elapsed: 61s, ETA:     4s
[>>>>>>>>>>>>>>>>>>>>>>>>>>>  ] 625/669, 10.2 task/s, elapsed: 61s, ETA:     4s
[>>>>>>>>>>>>>>>>>>>>>>>>>>>  ] 626/669, 10.2 task/s, elapsed: 62s, ETA:     4s
[>>>>>>>>>>>>>>>>>>>>>>>>>>>  ] 627/669, 10.2 task/s, elapsed: 62s, ETA:     4s
[>>>>>>>>>>>>>>>>>>>>>>>>>>>  ] 628/669, 10.2 task/s, elapsed: 62s, ETA:     4s
[>>>>>>>>>>>>>>>>>>>>>>>>>>>  ] 629/669, 10.2 task/s, elapsed: 62s, ETA:     4s
[>>>>>>>>>>>>>>>>>>>>>>>>>>>  ] 630/669, 10.2 task/s, elapsed: 62s, ETA:     4s
[>>>>>>>>>>>>>>>>>>>>>>>>>>>  ] 631/669, 10.2 task/s, elapsed: 62s, ETA:     4s
[>>>>>>>>>>>>>>>>>>>>>>>>>>>  ] 632/669, 10.1 task/s, elapsed: 62s, ETA:     4s
[>>>>>>>>>>>>>>>>>>>>>>>>>>>  ] 633/669, 10.1 task/s, elapsed: 62s, ETA:     4s
[>>>>>>>>>>>>>>>>>>>>>>>>>>>  ] 634/669, 10.1 task/s, elapsed: 63s, ETA:     3s
[>>>>>>>>>>>>>>>>>>>>>>>>>>>  ] 635/669, 10.1 task/s, elapsed: 63s, ETA:     3s
[>>>>>>>>>>>>>>>>>>>>>>>>>>>  ] 636/669, 10.1 task/s, elapsed: 63s, ETA:     3s
[>>>>>>>>>>>>>>>>>>>>>>>>>>>  ] 637/669, 10.1 task/s, elapsed: 63s, ETA:     3s
[>>>>>>>>>>>>>>>>>>>>>>>>>>>  ] 638/669, 10.1 task/s, elapsed: 63s, ETA:     3s
[>>>>>>>>>>>>>>>>>>>>>>>>>>>  ] 639/669, 10.1 task/s, elapsed: 63s, ETA:     3s
[>>>>>>>>>>>>>>>>>>>>>>>>>>>  ] 640/669, 10.1 task/s, elapsed: 64s, ETA:     3s
[>>>>>>>>>>>>>>>>>>>>>>>>>>>  ] 641/669, 10.1 task/s, elapsed: 64s, ETA:     3s
[>>>>>>>>>>>>>>>>>>>>>>>>>>>  ] 642/669, 10.1 task/s, elapsed: 64s, ETA:     3s
[>>>>>>>>>>>>>>>>>>>>>>>>>>>  ] 643/669, 10.1 task/s, elapsed: 64s, ETA:     3s
[>>>>>>>>>>>>>>>>>>>>>>>>>>>  ] 644/669, 10.0 task/s, elapsed: 64s, ETA:     2s
[>>>>>>>>>>>>>>>>>>>>>>>>>>>  ] 645/669, 10.0 task/s, elapsed: 64s, ETA:     2s
[>>>>>>>>>>>>>>>>>>>>>>>>>>>> ] 646/669, 10.0 task/s, elapsed: 64s, ETA:     2s
[>>>>>>>>>>>>>>>>>>>>>>>>>>>> ] 647/669, 10.0 task/s, elapsed: 65s, ETA:     2s
[>>>>>>>>>>>>>>>>>>>>>>>>>>>> ] 648/669, 10.0 task/s, elapsed: 65s, ETA:     2s
[>>>>>>>>>>>>>>>>>>>>>>>>>>>> ] 649/669, 10.0 task/s, elapsed: 65s, ETA:     2s
[>>>>>>>>>>>>>>>>>>>>>>>>>>>> ] 650/669, 10.0 task/s, elapsed: 65s, ETA:     2s
[>>>>>>>>>>>>>>>>>>>>>>>>>>>> ] 651/669, 10.0 task/s, elapsed: 65s, ETA:     2s
[>>>>>>>>>>>>>>>>>>>>>>>>>>>> ] 652/669, 10.0 task/s, elapsed: 65s, ETA:     2s
[>>>>>>>>>>>>>>>>>>>>>>>>>>>> ] 653/669, 10.0 task/s, elapsed: 66s, ETA:     2s
[>>>>>>>>>>>>>>>>>>>>>>>>>>>> ] 654/669, 10.0 task/s, elapsed: 66s, ETA:     2s
[>>>>>>>>>>>>>>>>>>>>>>>>>>>> ] 655/669, 10.0 task/s, elapsed: 66s, ETA:     1s
[>>>>>>>>>>>>>>>>>>>>>>>>>>>> ] 656/669, 10.0 task/s, elapsed: 66s, ETA:     1s
[>>>>>>>>>>>>>>>>>>>>>>>>>>>>> ] 657/669, 9.9 task/s, elapsed: 66s, ETA:     1s
[>>>>>>>>>>>>>>>>>>>>>>>>>>>>> ] 658/669, 9.9 task/s, elapsed: 66s, ETA:     1s
[>>>>>>>>>>>>>>>>>>>>>>>>>>>>> ] 659/669, 9.9 task/s, elapsed: 66s, ETA:     1s
[>>>>>>>>>>>>>>>>>>>>>>>>>>>>> ] 660/669, 9.9 task/s, elapsed: 66s, ETA:     1s
[>>>>>>>>>>>>>>>>>>>>>>>>>>>>> ] 661/669, 9.9 task/s, elapsed: 67s, ETA:     1s
[>>>>>>>>>>>>>>>>>>>>>>>>>>>>> ] 662/669, 9.9 task/s, elapsed: 67s, ETA:     1s
[>>>>>>>>>>>>>>>>>>>>>>>>>>>>> ] 663/669, 9.9 task/s, elapsed: 67s, ETA:     1s
[>>>>>>>>>>>>>>>>>>>>>>>>>>>>> ] 664/669, 9.9 task/s, elapsed: 67s, ETA:     1s
[>>>>>>>>>>>>>>>>>>>>>>>>>>>>> ] 665/669, 9.9 task/s, elapsed: 67s, ETA:     0s
[>>>>>>>>>>>>>>>>>>>>>>>>>>>>> ] 666/669, 9.9 task/s, elapsed: 67s, ETA:     0s
[>>>>>>>>>>>>>>>>>>>>>>>>>>>>> ] 667/669, 9.9 task/s, elapsed: 67s, ETA:     0s
[>>>>>>>>>>>>>>>>>>>>>>>>>>>>> ] 668/669, 9.9 task/s, elapsed: 67s, ETA:     0s
[>>>>>>>>>>>>>>>>>>>>>>>>>>>>>>] 669/669, 9.9 task/s, elapsed: 67s, ETA:     0s2026-06-30 22:07:41,577 - mmdet - INFO - Evaluating bbox...
2026-06-30 22:07:43,239 - mmdet - INFO - 
+-----------+-------+-----------+-------+-------------+-------+
| category  | AP    | category  | AP    | category    | AP    |
+-----------+-------+-----------+-------+-------------+-------+
| bicycle   | 0.226 | chair     | 0.569 | diningtable | 0.186 |
| bottle    | 0.404 | motorbike | 0.274 | car         | 0.298 |
| tvmonitor | 0.103 | bus       | 0.306 | None        | None  |
+-----------+-------+-----------+-------+-------------+-------+
2026-06-30 22:07:43,240 - mmdet - INFO - Evaluating segm...
/content/EALLIS/mmdetection/mmdet/datasets/coco.py:453: UserWarning: The key "bbox" is deleted for more accurate mask AP of small/medium/large instances since v2.12.0. This does not change the overall mAP calculation.
  warnings.warn(
2026-06-30 22:07:45,388 - mmdet - INFO - 
+-----------+-------+-----------+-------+-------------+-------+
| category  | AP    | category  | AP    | category    | AP    |
+-----------+-------+-----------+-------+-------------+-------+
| bicycle   | 0.111 | chair     | 0.536 | diningtable | 0.125 |
| bottle    | 0.428 | motorbike | 0.267 | car         | 0.132 |
| tvmonitor | 0.027 | bus       | 0.324 | None        | None  |
+-----------+-------+-----------+-------+-------------+-------+
2026-06-30 22:07:45,424 - mmdet - INFO - Exp name: train_kaggle.py
2026-06-30 22:07:45,425 - mmdet - INFO - Epoch(val) [3][669]	bbox_mAP: 0.2960, bbox_mAP_50: 0.4950, bbox_mAP_75: 0.3110, bbox_mAP_s: 0.0000, bbox_mAP_m: 0.0830, bbox_mAP_l: 0.3600, bbox_mAP_copypaste: 0.296 0.495 0.311 0.000 0.083 0.360, segm_mAP: 0.2440, segm_mAP_50: 0.4410, segm_mAP_75: 0.2310, segm_mAP_s: 0.0000, segm_mAP_m: 0.0650, segm_mAP_l: 0.3070, segm_mAP_copypaste: 0.244 0.441 0.231 0.000 0.065 0.307
/usr/local/lib/python3.12/dist-packages/torch/utils/data/dataloader.py:432: UserWarning: This DataLoader will create 4 worker processes in total. Our suggested max number of worker in current system is 2, which is smaller than what this DataLoader is going to create. Please be aware that excessive worker creation might get DataLoader running slow or even freeze, lower the worker number to avoid potential slowness/freeze if necessary.
  self.check_worker_number_rationality()
Loading and preparing results...
DONE (t=0.01s)
creating index...
index created!
Running per image evaluation...
Evaluate annotation type *bbox*
DONE (t=1.32s).
Accumulating evaluation results...
DONE (t=0.30s).
 Average Precision  (AP) @[ IoU=0.50:0.95 | area=   all | maxDets=100 ] = 0.296
 Average Precision  (AP) @[ IoU=0.50      | area=   all | maxDets=1000 ] = 0.495
 Average Precision  (AP) @[ IoU=0.75      | area=   all | maxDets=1000 ] = 0.311
 Average Precision  (AP) @[ IoU=0.50:0.95 | area= small | maxDets=1000 ] = 0.000
 Average Precision  (AP) @[ IoU=0.50:0.95 | area=medium | maxDets=1000 ] = 0.083
 Average Precision  (AP) @[ IoU=0.50:0.95 | area= large | maxDets=1000 ] = 0.360
 Average Recall     (AR) @[ IoU=0.50:0.95 | area=   all | maxDets=100 ] = 0.392
 Average Recall     (AR) @[ IoU=0.50:0.95 | area=   all | maxDets=300 ] = 0.392
 Average Recall     (AR) @[ IoU=0.50:0.95 | area=   all | maxDets=1000 ] = 0.392
 Average Recall     (AR) @[ IoU=0.50:0.95 | area= small | maxDets=1000 ] = 0.000
 Average Recall     (AR) @[ IoU=0.50:0.95 | area=medium | maxDets=1000 ] = 0.154
 Average Recall     (AR) @[ IoU=0.50:0.95 | area= large | maxDets=1000 ] = 0.459
Loading and preparing results...
DONE (t=0.16s)
creating index...
index created!
Running per image evaluation...
Evaluate annotation type *segm*
DONE (t=1.57s).
Accumulating evaluation results...
DONE (t=0.31s).
 Average Precision  (AP) @[ IoU=0.50:0.95 | area=   all | maxDets=100 ] = 0.244
 Average Precision  (AP) @[ IoU=0.50      | area=   all | maxDets=1000 ] = 0.441
 Average Precision  (AP) @[ IoU=0.75      | area=   all | maxDets=1000 ] = 0.231
 Average Precision  (AP) @[ IoU=0.50:0.95 | area= small | maxDets=1000 ] = 0.000
 Average Precision  (AP) @[ IoU=0.50:0.95 | area=medium | maxDets=1000 ] = 0.065
 Average Precision  (AP) @[ IoU=0.50:0.95 | area= large | maxDets=1000 ] = 0.307
 Average Recall     (AR) @[ IoU=0.50:0.95 | area=   all | maxDets=100 ] = 0.321
 Average Recall     (AR) @[ IoU=0.50:0.95 | area=   all | maxDets=300 ] = 0.321
 Average Recall     (AR) @[ IoU=0.50:0.95 | area=   all | maxDets=1000 ] = 0.321
 Average Recall     (AR) @[ IoU=0.50:0.95 | area= small | maxDets=1000 ] = 0.000
 Average Recall     (AR) @[ IoU=0.50:0.95 | area=medium | maxDets=1000 ] = 0.127
 Average Recall     (AR) @[ IoU=0.50:0.95 | area= large | maxDets=1000 ] = 0.381
OrderedDict({'bbox_mAP': 0.296, 'bbox_mAP_50': 0.495, 'bbox_mAP_75': 0.311, 'bbox_mAP_s': 0.0, 'bbox_mAP_m': 0.083, 'bbox_mAP_l': 0.36, 'bbox_mAP_copypaste': '0.296 0.495 0.311 0.000 0.083 0.360', 'segm_mAP': 0.244, 'segm_mAP_50': 0.441, 'segm_mAP_75': 0.231, 'segm_mAP_s': 0.0, 'segm_mAP_m': 0.065, 'segm_mAP_l': 0.307, 'segm_mAP_copypaste': '0.244 0.441 0.231 0.000 0.065 0.307'})
/usr/lib/python3.12/multiprocessing/popen_fork.py:66: DeprecationWarning: This process (pid=7466) is multi-threaded, use of fork() may lead to deadlocks in the child.
  self.pid = os.fork()
/content/EALLIS/mmdetection/mmdet/core/anchor/anchor_generator.py:323: UserWarning: ``grid_anchors`` would be deprecated soon. Please use ``grid_priors`` 
  warnings.warn('``grid_anchors`` would be deprecated soon. '
/content/EALLIS/mmdetection/mmdet/core/anchor/anchor_generator.py:359: UserWarning: ``single_level_grid_anchors`` would be deprecated soon. Please use ``single_level_grid_priors`` 
  warnings.warn(
2026-06-30 22:09:57,085 - mmdet - INFO - Epoch [4][50/1324]	lr: 1.000e-03, eta: 1:39:55, time: 2.630, data_time: 0.200, memory: 8889, noise_inv_loss: 0.0009, clean_loss_rpn_cls: 0.0193, clean_loss_rpn_bbox: 0.0169, clean_loss_cls: 0.1066, clean_acc: 96.1152, clean_loss_bbox: 0.1387, clean_loss_mask: 0.2804, loss_rpn_cls: 0.0330, loss_rpn_bbox: 0.0189, loss_cls: 0.1231, acc: 95.8564, loss_bbox: 0.1395, loss_mask: 0.3219, loss: 1.1991
2026-06-30 22:11:59,145 - mmdet - INFO - Epoch [4][100/1324]	lr: 1.000e-03, eta: 1:38:03, time: 2.441, data_time: 0.054, memory: 8889, noise_inv_loss: 0.0009, clean_loss_rpn_cls: 0.0183, clean_loss_rpn_bbox: 0.0171, clean_loss_cls: 0.1069, clean_acc: 95.9863, clean_loss_bbox: 0.1396, clean_loss_mask: 0.2714, loss_rpn_cls: 0.0321, loss_rpn_bbox: 0.0193, loss_cls: 0.1258, acc: 95.6113, loss_bbox: 0.1458, loss_mask: 0.3166, loss: 1.1939
2026-06-30 22:13:58,974 - mmdet - INFO - Epoch [4][150/1324]	lr: 1.000e-03, eta: 1:36:11, time: 2.396, data_time: 0.055, memory: 8889, noise_inv_loss: 0.0009, clean_loss_rpn_cls: 0.0178, clean_loss_rpn_bbox: 0.0172, clean_loss_cls: 0.1024, clean_acc: 96.2412, clean_loss_bbox: 0.1348, clean_loss_mask: 0.2653, loss_rpn_cls: 0.0293, loss_rpn_bbox: 0.0190, loss_cls: 0.1189, acc: 95.8809, loss_bbox: 0.1395, loss_mask: 0.3033, loss: 1.1484
2026-06-30 22:15:56,330 - mmdet - INFO - Epoch [4][200/1324]	lr: 1.000e-03, eta: 1:34:16, time: 2.347, data_time: 0.054, memory: 8889, noise_inv_loss: 0.0009, clean_loss_rpn_cls: 0.0165, clean_loss_rpn_bbox: 0.0164, clean_loss_cls: 0.0977, clean_acc: 96.4131, clean_loss_bbox: 0.1258, clean_loss_mask: 0.2672, loss_rpn_cls: 0.0285, loss_rpn_bbox: 0.0184, loss_cls: 0.1139, acc: 96.0830, loss_bbox: 0.1300, loss_mask: 0.3098, loss: 1.1252
2026-06-30 22:17:53,246 - mmdet - INFO - Epoch [4][250/1324]	lr: 1.000e-03, eta: 1:32:21, time: 2.338, data_time: 0.048, memory: 8889, noise_inv_loss: 0.0009, clean_loss_rpn_cls: 0.0154, clean_loss_rpn_bbox: 0.0138, clean_loss_cls: 0.0937, clean_acc: 96.6187, clean_loss_bbox: 0.1247, clean_loss_mask: 0.2657, loss_rpn_cls: 0.0274, loss_rpn_bbox: 0.0159, loss_cls: 0.1116, acc: 96.2837, loss_bbox: 0.1278, loss_mask: 0.3138, loss: 1.1108
2026-06-30 22:19:53,707 - mmdet - INFO - Epoch [4][300/1324]	lr: 1.000e-03, eta: 1:30:28, time: 2.409, data_time: 0.054, memory: 8889, noise_inv_loss: 0.0009, clean_loss_rpn_cls: 0.0172, clean_loss_rpn_bbox: 0.0170, clean_loss_cls: 0.1047, clean_acc: 96.0776, clean_loss_bbox: 0.1453, clean_loss_mask: 0.2754, loss_rpn_cls: 0.0298, loss_rpn_bbox: 0.0186, loss_cls: 0.1214, acc: 95.7749, loss_bbox: 0.1465, loss_mask: 0.3131, loss: 1.1898
2026-06-30 22:21:51,484 - mmdet - INFO - Epoch [4][350/1324]	lr: 1.000e-03, eta: 1:28:34, time: 2.355, data_time: 0.053, memory: 8889, noise_inv_loss: 0.0009, clean_loss_rpn_cls: 0.0151, clean_loss_rpn_bbox: 0.0150, clean_loss_cls: 0.0956, clean_acc: 96.4609, clean_loss_bbox: 0.1299, clean_loss_mask: 0.2656, loss_rpn_cls: 0.0246, loss_rpn_bbox: 0.0159, loss_cls: 0.1120, acc: 96.0439, loss_bbox: 0.1342, loss_mask: 0.3047, loss: 1.1135
2026-06-30 22:23:48,542 - mmdet - INFO - Epoch [4][400/1324]	lr: 1.000e-03, eta: 1:26:39, time: 2.341, data_time: 0.049, memory: 8889, noise_inv_loss: 0.0009, clean_loss_rpn_cls: 0.0168, clean_loss_rpn_bbox: 0.0160, clean_loss_cls: 0.1013, clean_acc: 96.2266, clean_loss_bbox: 0.1328, clean_loss_mask: 0.2728, loss_rpn_cls: 0.0302, loss_rpn_bbox: 0.0183, loss_cls: 0.1173, acc: 95.9561, loss_bbox: 0.1356, loss_mask: 0.3163, loss: 1.1583
2026-06-30 22:25:45,699 - mmdet - INFO - Epoch [4][450/1324]	lr: 1.000e-03, eta: 1:24:44, time: 2.343, data_time: 0.049, memory: 8889, noise_inv_loss: 0.0009, clean_loss_rpn_cls: 0.0161, clean_loss_rpn_bbox: 0.0164, clean_loss_cls: 0.1021, clean_acc: 96.1821, clean_loss_bbox: 0.1351, clean_loss_mask: 0.2733, loss_rpn_cls: 0.0282, loss_rpn_bbox: 0.0183, loss_cls: 0.1234, acc: 95.7168, loss_bbox: 0.1427, loss_mask: 0.3196, loss: 1.1761
2026-06-30 22:27:42,443 - mmdet - INFO - Epoch [4][500/1324]	lr: 1.000e-03, eta: 1:22:49, time: 2.335, data_time: 0.053, memory: 8889, noise_inv_loss: 0.0009, clean_loss_rpn_cls: 0.0154, clean_loss_rpn_bbox: 0.0159, clean_loss_cls: 0.0956, clean_acc: 96.4712, clean_loss_bbox: 0.1304, clean_loss_mask: 0.2706, loss_rpn_cls: 0.0258, loss_rpn_bbox: 0.0175, loss_cls: 0.1158, acc: 95.9980, loss_bbox: 0.1368, loss_mask: 0.3135, loss: 1.1384
2026-06-30 22:29:39,461 - mmdet - INFO - Epoch [4][550/1324]	lr: 1.000e-03, eta: 1:20:54, time: 2.340, data_time: 0.047, memory: 8889, noise_inv_loss: 0.0009, clean_loss_rpn_cls: 0.0158, clean_loss_rpn_bbox: 0.0154, clean_loss_cls: 0.0929, clean_acc: 96.5698, clean_loss_bbox: 0.1272, clean_loss_mask: 0.2526, loss_rpn_cls: 0.0275, loss_rpn_bbox: 0.0174, loss_cls: 0.1090, acc: 96.3037, loss_bbox: 0.1305, loss_mask: 0.2856, loss: 1.0748
2026-06-30 22:31:34,390 - mmdet - INFO - Epoch [4][600/1324]	lr: 1.000e-03, eta: 1:18:58, time: 2.299, data_time: 0.048, memory: 8889, noise_inv_loss: 0.0009, clean_loss_rpn_cls: 0.0170, clean_loss_rpn_bbox: 0.0156, clean_loss_cls: 0.0947, clean_acc: 96.4609, clean_loss_bbox: 0.1252, clean_loss_mask: 0.2629, loss_rpn_cls: 0.0279, loss_rpn_bbox: 0.0174, loss_cls: 0.1090, acc: 96.1875, loss_bbox: 0.1288, loss_mask: 0.2987, loss: 1.0981
2026-06-30 22:33:30,368 - mmdet - INFO - Epoch [4][650/1324]	lr: 1.000e-03, eta: 1:17:02, time: 2.320, data_time: 0.050, memory: 8889, noise_inv_loss: 0.0009, clean_loss_rpn_cls: 0.0161, clean_loss_rpn_bbox: 0.0177, clean_loss_cls: 0.1006, clean_acc: 96.2456, clean_loss_bbox: 0.1400, clean_loss_mask: 0.2778, loss_rpn_cls: 0.0298, loss_rpn_bbox: 0.0196, loss_cls: 0.1224, acc: 95.7681, loss_bbox: 0.1463, loss_mask: 0.3235, loss: 1.1948
2026-06-30 22:35:26,449 - mmdet - INFO - Epoch [4][700/1324]	lr: 1.000e-03, eta: 1:15:07, time: 2.322, data_time: 0.048, memory: 8889, noise_inv_loss: 0.0009, clean_loss_rpn_cls: 0.0170, clean_loss_rpn_bbox: 0.0149, clean_loss_cls: 0.0955, clean_acc: 96.4722, clean_loss_bbox: 0.1302, clean_loss_mask: 0.2856, loss_rpn_cls: 0.0308, loss_rpn_bbox: 0.0171, loss_cls: 0.1103, acc: 96.2529, loss_bbox: 0.1327, loss_mask: 0.3295, loss: 1.1643
2026-06-30 22:37:24,735 - mmdet - INFO - Epoch [4][750/1324]	lr: 1.000e-03, eta: 1:13:12, time: 2.366, data_time: 0.054, memory: 8889, noise_inv_loss: 0.0009, clean_loss_rpn_cls: 0.0174, clean_loss_rpn_bbox: 0.0158, clean_loss_cls: 0.1045, clean_acc: 96.1172, clean_loss_bbox: 0.1407, clean_loss_mask: 0.2757, loss_rpn_cls: 0.0282, loss_rpn_bbox: 0.0176, loss_cls: 0.1201, acc: 95.8228, loss_bbox: 0.1442, loss_mask: 0.3176, loss: 1.1827
2026-06-30 22:39:21,354 - mmdet - INFO - Epoch [4][800/1324]	lr: 1.000e-03, eta: 1:11:17, time: 2.332, data_time: 0.045, memory: 8889, noise_inv_loss: 0.0009, clean_loss_rpn_cls: 0.0140, clean_loss_rpn_bbox: 0.0139, clean_loss_cls: 0.0937, clean_acc: 96.5464, clean_loss_bbox: 0.1274, clean_loss_mask: 0.2603, loss_rpn_cls: 0.0240, loss_rpn_bbox: 0.0156, loss_cls: 0.1095, acc: 96.1855, loss_bbox: 0.1330, loss_mask: 0.2968, loss: 1.0890
2026-06-30 22:41:18,670 - mmdet - INFO - Epoch [4][850/1324]	lr: 1.000e-03, eta: 1:09:22, time: 2.346, data_time: 0.051, memory: 8889, noise_inv_loss: 0.0009, clean_loss_rpn_cls: 0.0142, clean_loss_rpn_bbox: 0.0131, clean_loss_cls: 0.0915, clean_acc: 96.6187, clean_loss_bbox: 0.1181, clean_loss_mask: 0.2675, loss_rpn_cls: 0.0251, loss_rpn_bbox: 0.0151, loss_cls: 0.1086, acc: 96.2681, loss_bbox: 0.1228, loss_mask: 0.3103, loss: 1.0873
2026-06-30 22:43:15,325 - mmdet - INFO - Epoch [4][900/1324]	lr: 1.000e-03, eta: 1:07:26, time: 2.333, data_time: 0.047, memory: 8889, noise_inv_loss: 0.0009, clean_loss_rpn_cls: 0.0157, clean_loss_rpn_bbox: 0.0148, clean_loss_cls: 0.0980, clean_acc: 96.4180, clean_loss_bbox: 0.1297, clean_loss_mask: 0.2697, loss_rpn_cls: 0.0256, loss_rpn_bbox: 0.0169, loss_cls: 0.1195, acc: 95.9199, loss_bbox: 0.1375, loss_mask: 0.3119, loss: 1.1401
2026-06-30 22:45:09,744 - mmdet - INFO - Epoch [4][950/1324]	lr: 1.000e-03, eta: 1:05:30, time: 2.288, data_time: 0.051, memory: 8889, noise_inv_loss: 0.0009, clean_loss_rpn_cls: 0.0176, clean_loss_rpn_bbox: 0.0142, clean_loss_cls: 0.0918, clean_acc: 96.6895, clean_loss_bbox: 0.1210, clean_loss_mask: 0.2735, loss_rpn_cls: 0.0291, loss_rpn_bbox: 0.0160, loss_cls: 0.1079, acc: 96.3730, loss_bbox: 0.1262, loss_mask: 0.3146, loss: 1.1128
2026-06-30 22:47:06,647 - mmdet - INFO - Epoch [4][1000/1324]	lr: 1.000e-03, eta: 1:03:35, time: 2.338, data_time: 0.054, memory: 8889, noise_inv_loss: 0.0009, clean_loss_rpn_cls: 0.0179, clean_loss_rpn_bbox: 0.0159, clean_loss_cls: 0.1034, clean_acc: 96.1406, clean_loss_bbox: 0.1366, clean_loss_mask: 0.2757, loss_rpn_cls: 0.0327, loss_rpn_bbox: 0.0185, loss_cls: 0.1231, acc: 95.7397, loss_bbox: 0.1421, loss_mask: 0.3245, loss: 1.1913
2026-06-30 22:49:03,921 - mmdet - INFO - Epoch [4][1050/1324]	lr: 1.000e-03, eta: 1:01:39, time: 2.345, data_time: 0.058, memory: 8889, noise_inv_loss: 0.0009, clean_loss_rpn_cls: 0.0155, clean_loss_rpn_bbox: 0.0149, clean_loss_cls: 0.0927, clean_acc: 96.5083, clean_loss_bbox: 0.1258, clean_loss_mask: 0.2647, loss_rpn_cls: 0.0263, loss_rpn_bbox: 0.0166, loss_cls: 0.1076, acc: 96.2266, loss_bbox: 0.1289, loss_mask: 0.3060, loss: 1.0999
2026-06-30 22:51:02,611 - mmdet - INFO - Epoch [4][1100/1324]	lr: 1.000e-03, eta: 0:59:45, time: 2.374, data_time: 0.055, memory: 8889, noise_inv_loss: 0.0009, clean_loss_rpn_cls: 0.0151, clean_loss_rpn_bbox: 0.0154, clean_loss_cls: 0.0982, clean_acc: 96.3398, clean_loss_bbox: 0.1326, clean_loss_mask: 0.2677, loss_rpn_cls: 0.0281, loss_rpn_bbox: 0.0173, loss_cls: 0.1201, acc: 95.9180, loss_bbox: 0.1423, loss_mask: 0.3185, loss: 1.1562
2026-06-30 22:53:01,120 - mmdet - INFO - Epoch [4][1150/1324]	lr: 1.000e-03, eta: 0:57:50, time: 2.370, data_time: 0.051, memory: 8889, noise_inv_loss: 0.0009, clean_loss_rpn_cls: 0.0152, clean_loss_rpn_bbox: 0.0150, clean_loss_cls: 0.0988, clean_acc: 96.2866, clean_loss_bbox: 0.1370, clean_loss_mask: 0.2786, loss_rpn_cls: 0.0270, loss_rpn_bbox: 0.0168, loss_cls: 0.1182, acc: 95.8755, loss_bbox: 0.1419, loss_mask: 0.3211, loss: 1.1706
2026-06-30 22:54:58,324 - mmdet - INFO - Epoch [4][1200/1324]	lr: 1.000e-03, eta: 0:55:54, time: 2.344, data_time: 0.052, memory: 8889, noise_inv_loss: 0.0009, clean_loss_rpn_cls: 0.0148, clean_loss_rpn_bbox: 0.0146, clean_loss_cls: 0.0917, clean_acc: 96.6396, clean_loss_bbox: 0.1260, clean_loss_mask: 0.2667, loss_rpn_cls: 0.0272, loss_rpn_bbox: 0.0166, loss_cls: 0.1130, acc: 96.1460, loss_bbox: 0.1319, loss_mask: 0.3159, loss: 1.1193
2026-06-30 22:56:55,426 - mmdet - INFO - Epoch [4][1250/1324]	lr: 1.000e-03, eta: 0:53:59, time: 2.342, data_time: 0.050, memory: 8889, noise_inv_loss: 0.0009, clean_loss_rpn_cls: 0.0144, clean_loss_rpn_bbox: 0.0153, clean_loss_cls: 0.0925, clean_acc: 96.5664, clean_loss_bbox: 0.1249, clean_loss_mask: 0.2634, loss_rpn_cls: 0.0275, loss_rpn_bbox: 0.0175, loss_cls: 0.1118, acc: 96.2153, loss_bbox: 0.1304, loss_mask: 0.3112, loss: 1.1098
2026-06-30 22:58:53,326 - mmdet - INFO - Epoch [4][1300/1324]	lr: 1.000e-03, eta: 0:52:03, time: 2.358, data_time: 0.053, memory: 8889, noise_inv_loss: 0.0009, clean_loss_rpn_cls: 0.0183, clean_loss_rpn_bbox: 0.0175, clean_loss_cls: 0.1025, clean_acc: 96.1787, clean_loss_bbox: 0.1414, clean_loss_mask: 0.2801, loss_rpn_cls: 0.0288, loss_rpn_bbox: 0.0196, loss_cls: 0.1175, acc: 95.8633, loss_bbox: 0.1457, loss_mask: 0.3205, loss: 1.1928
[                                                  ] 0/669, elapsed: 0s, ETA:
[                                 ] 1/669, 1.1 task/s, elapsed: 1s, ETA:   593s
[                                 ] 2/669, 2.0 task/s, elapsed: 1s, ETA:   326s
[                                 ] 3/669, 2.8 task/s, elapsed: 1s, ETA:   235s
[                                 ] 4/669, 3.4 task/s, elapsed: 1s, ETA:   193s
[                                 ] 5/669, 4.0 task/s, elapsed: 1s, ETA:   165s
[                                 ] 6/669, 4.5 task/s, elapsed: 1s, ETA:   147s
[                                 ] 7/669, 4.9 task/s, elapsed: 1s, ETA:   135s
[                                 ] 8/669, 5.0 task/s, elapsed: 2s, ETA:   133s
[                                 ] 9/669, 5.3 task/s, elapsed: 2s, ETA:   124s
[                                ] 10/669, 5.5 task/s, elapsed: 2s, ETA:   121s
[                                ] 11/669, 5.6 task/s, elapsed: 2s, ETA:   118s
[                                ] 12/669, 5.6 task/s, elapsed: 2s, ETA:   118s
[                                ] 13/669, 5.7 task/s, elapsed: 2s, ETA:   116s
[                                ] 14/669, 5.9 task/s, elapsed: 2s, ETA:   112s
[                                ] 15/669, 6.1 task/s, elapsed: 2s, ETA:   107s
[                                ] 16/669, 6.3 task/s, elapsed: 3s, ETA:   104s
[                                ] 17/669, 6.4 task/s, elapsed: 3s, ETA:   102s
[                                ] 18/669, 6.5 task/s, elapsed: 3s, ETA:    99s
[                                ] 19/669, 6.7 task/s, elapsed: 3s, ETA:    97s
[                                ] 20/669, 6.8 task/s, elapsed: 3s, ETA:    95s
[>                               ] 21/669, 7.0 task/s, elapsed: 3s, ETA:    93s
[>                               ] 22/669, 7.0 task/s, elapsed: 3s, ETA:    93s
[>                               ] 23/669, 7.1 task/s, elapsed: 3s, ETA:    91s
[>                               ] 24/669, 7.2 task/s, elapsed: 3s, ETA:    90s
[>                               ] 25/669, 7.3 task/s, elapsed: 3s, ETA:    89s
[>                               ] 26/669, 7.3 task/s, elapsed: 4s, ETA:    88s
[>                               ] 27/669, 7.4 task/s, elapsed: 4s, ETA:    86s
[>                               ] 28/669, 7.5 task/s, elapsed: 4s, ETA:    86s
[>                               ] 29/669, 7.6 task/s, elapsed: 4s, ETA:    85s
[>                               ] 30/669, 7.7 task/s, elapsed: 4s, ETA:    83s
[>                               ] 31/669, 7.8 task/s, elapsed: 4s, ETA:    82s
[>                               ] 32/669, 8.0 task/s, elapsed: 4s, ETA:    80s
[>                               ] 33/669, 8.1 task/s, elapsed: 4s, ETA:    79s
[>                               ] 34/669, 8.2 task/s, elapsed: 4s, ETA:    78s
[>                               ] 35/669, 8.3 task/s, elapsed: 4s, ETA:    76s
[>                               ] 36/669, 8.4 task/s, elapsed: 4s, ETA:    75s
[>                               ] 37/669, 8.5 task/s, elapsed: 4s, ETA:    74s
[>                               ] 38/669, 8.7 task/s, elapsed: 4s, ETA:    73s
[>                               ] 39/669, 8.8 task/s, elapsed: 4s, ETA:    72s
[>                               ] 40/669, 8.8 task/s, elapsed: 5s, ETA:    71s
[>                               ] 41/669, 9.0 task/s, elapsed: 5s, ETA:    70s
[>>                              ] 42/669, 9.0 task/s, elapsed: 5s, ETA:    69s
[>>                              ] 43/669, 9.0 task/s, elapsed: 5s, ETA:    69s
[>>                              ] 44/669, 9.1 task/s, elapsed: 5s, ETA:    69s
[>>                              ] 45/669, 9.2 task/s, elapsed: 5s, ETA:    68s
[>>                              ] 46/669, 9.2 task/s, elapsed: 5s, ETA:    67s
[>>                              ] 47/669, 9.3 task/s, elapsed: 5s, ETA:    67s
[>>                              ] 48/669, 9.4 task/s, elapsed: 5s, ETA:    66s
[>>                              ] 49/669, 9.4 task/s, elapsed: 5s, ETA:    66s
[>>                              ] 50/669, 9.5 task/s, elapsed: 5s, ETA:    65s
[>>                              ] 51/669, 9.5 task/s, elapsed: 5s, ETA:    65s
[>>                              ] 52/669, 9.5 task/s, elapsed: 5s, ETA:    65s
[>>                              ] 53/669, 9.5 task/s, elapsed: 6s, ETA:    65s
[>>                              ] 54/669, 9.6 task/s, elapsed: 6s, ETA:    64s
[>>                              ] 55/669, 9.7 task/s, elapsed: 6s, ETA:    63s
[>>                              ] 56/669, 9.7 task/s, elapsed: 6s, ETA:    63s
[>>                              ] 57/669, 9.8 task/s, elapsed: 6s, ETA:    63s
[>>                              ] 58/669, 9.8 task/s, elapsed: 6s, ETA:    62s
[>>                              ] 59/669, 9.8 task/s, elapsed: 6s, ETA:    62s
[>>                              ] 60/669, 9.9 task/s, elapsed: 6s, ETA:    62s
[>>                             ] 61/669, 10.0 task/s, elapsed: 6s, ETA:    61s
[>>                             ] 62/669, 10.0 task/s, elapsed: 6s, ETA:    61s
[>>                             ] 63/669, 10.1 task/s, elapsed: 6s, ETA:    60s
[>>                             ] 64/669, 10.2 task/s, elapsed: 6s, ETA:    60s
[>>>                            ] 65/669, 10.2 task/s, elapsed: 6s, ETA:    59s
[>>>                            ] 66/669, 10.2 task/s, elapsed: 6s, ETA:    59s
[>>>                            ] 67/669, 10.3 task/s, elapsed: 7s, ETA:    59s
[>>>                            ] 68/669, 10.3 task/s, elapsed: 7s, ETA:    58s
[>>>                            ] 69/669, 10.3 task/s, elapsed: 7s, ETA:    58s
[>>>                            ] 70/669, 10.4 task/s, elapsed: 7s, ETA:    58s
[>>>                            ] 71/669, 10.4 task/s, elapsed: 7s, ETA:    58s
[>>>                            ] 72/669, 10.4 task/s, elapsed: 7s, ETA:    57s
[>>>                            ] 73/669, 10.4 task/s, elapsed: 7s, ETA:    57s
[>>>                            ] 74/669, 10.4 task/s, elapsed: 7s, ETA:    57s
[>>>                            ] 75/669, 10.5 task/s, elapsed: 7s, ETA:    57s
[>>>                            ] 76/669, 10.5 task/s, elapsed: 7s, ETA:    56s
[>>>                            ] 77/669, 10.5 task/s, elapsed: 7s, ETA:    56s
[>>>                            ] 78/669, 10.6 task/s, elapsed: 7s, ETA:    56s
[>>>                            ] 79/669, 10.6 task/s, elapsed: 7s, ETA:    56s
[>>>                            ] 80/669, 10.6 task/s, elapsed: 8s, ETA:    55s
[>>>                            ] 81/669, 10.6 task/s, elapsed: 8s, ETA:    55s
[>>>                            ] 82/669, 10.7 task/s, elapsed: 8s, ETA:    55s
[>>>                            ] 83/669, 10.8 task/s, elapsed: 8s, ETA:    54s
[>>>                            ] 84/669, 10.8 task/s, elapsed: 8s, ETA:    54s
[>>>                            ] 85/669, 10.8 task/s, elapsed: 8s, ETA:    54s
[>>>                            ] 86/669, 10.8 task/s, elapsed: 8s, ETA:    54s
[>>>>                           ] 87/669, 10.8 task/s, elapsed: 8s, ETA:    54s
[>>>>                           ] 88/669, 10.7 task/s, elapsed: 8s, ETA:    54s
[>>>>                           ] 89/669, 10.8 task/s, elapsed: 8s, ETA:    54s
[>>>>                           ] 90/669, 10.8 task/s, elapsed: 8s, ETA:    54s
[>>>>                           ] 91/669, 10.8 task/s, elapsed: 8s, ETA:    53s
[>>>>                           ] 92/669, 10.9 task/s, elapsed: 8s, ETA:    53s
[>>>>                           ] 93/669, 10.9 task/s, elapsed: 9s, ETA:    53s
[>>>>                           ] 94/669, 10.9 task/s, elapsed: 9s, ETA:    53s
[>>>>                           ] 95/669, 11.0 task/s, elapsed: 9s, ETA:    52s
[>>>>                           ] 96/669, 11.0 task/s, elapsed: 9s, ETA:    52s
[>>>>                           ] 97/669, 11.0 task/s, elapsed: 9s, ETA:    52s
[>>>>                           ] 98/669, 11.0 task/s, elapsed: 9s, ETA:    52s
[>>>>                           ] 99/669, 11.0 task/s, elapsed: 9s, ETA:    52s
[>>>>                          ] 100/669, 11.1 task/s, elapsed: 9s, ETA:    51s
[>>>>                          ] 101/669, 11.1 task/s, elapsed: 9s, ETA:    51s
[>>>>                          ] 102/669, 11.1 task/s, elapsed: 9s, ETA:    51s
[>>>>                          ] 103/669, 11.2 task/s, elapsed: 9s, ETA:    51s
[>>>>                          ] 104/669, 11.2 task/s, elapsed: 9s, ETA:    50s
[>>>>                          ] 105/669, 11.2 task/s, elapsed: 9s, ETA:    50s
[>>>>                          ] 106/669, 11.3 task/s, elapsed: 9s, ETA:    50s
[>>>>                         ] 107/669, 11.2 task/s, elapsed: 10s, ETA:    50s
[>>>>                         ] 108/669, 11.2 task/s, elapsed: 10s, ETA:    50s
[>>>>                         ] 109/669, 11.2 task/s, elapsed: 10s, ETA:    50s
[>>>>                         ] 110/669, 11.2 task/s, elapsed: 10s, ETA:    50s
[>>>>                         ] 111/669, 11.3 task/s, elapsed: 10s, ETA:    50s
[>>>>                         ] 112/669, 11.3 task/s, elapsed: 10s, ETA:    49s
[>>>>                         ] 113/669, 11.2 task/s, elapsed: 10s, ETA:    50s
[>>>>                         ] 114/669, 11.2 task/s, elapsed: 10s, ETA:    49s
[>>>>                         ] 115/669, 11.2 task/s, elapsed: 10s, ETA:    49s
[>>>>>                        ] 116/669, 11.2 task/s, elapsed: 10s, ETA:    49s
[>>>>>                        ] 117/669, 11.2 task/s, elapsed: 10s, ETA:    49s
[>>>>>                        ] 118/669, 11.2 task/s, elapsed: 11s, ETA:    49s
[>>>>>                        ] 119/669, 11.2 task/s, elapsed: 11s, ETA:    49s
[>>>>>                        ] 120/669, 11.2 task/s, elapsed: 11s, ETA:    49s
[>>>>>                        ] 121/669, 11.2 task/s, elapsed: 11s, ETA:    49s
[>>>>>                        ] 122/669, 11.2 task/s, elapsed: 11s, ETA:    49s
[>>>>>                        ] 123/669, 11.1 task/s, elapsed: 11s, ETA:    49s
[>>>>>                        ] 124/669, 11.2 task/s, elapsed: 11s, ETA:    49s
[>>>>>                        ] 125/669, 11.2 task/s, elapsed: 11s, ETA:    49s
[>>>>>                        ] 126/669, 11.2 task/s, elapsed: 11s, ETA:    49s
[>>>>>                        ] 127/669, 11.2 task/s, elapsed: 11s, ETA:    48s
[>>>>>                        ] 128/669, 11.2 task/s, elapsed: 11s, ETA:    48s
[>>>>>                        ] 129/669, 11.3 task/s, elapsed: 11s, ETA:    48s
[>>>>>                        ] 130/669, 11.3 task/s, elapsed: 12s, ETA:    48s
[>>>>>                        ] 131/669, 11.3 task/s, elapsed: 12s, ETA:    48s
[>>>>>                        ] 132/669, 11.3 task/s, elapsed: 12s, ETA:    47s
[>>>>>                        ] 133/669, 11.3 task/s, elapsed: 12s, ETA:    47s
[>>>>>                        ] 134/669, 11.4 task/s, elapsed: 12s, ETA:    47s
[>>>>>                        ] 135/669, 11.4 task/s, elapsed: 12s, ETA:    47s
[>>>>>                        ] 136/669, 11.4 task/s, elapsed: 12s, ETA:    47s
[>>>>>                        ] 137/669, 11.4 task/s, elapsed: 12s, ETA:    47s
[>>>>>                        ] 138/669, 11.4 task/s, elapsed: 12s, ETA:    47s
[>>>>>>                       ] 139/669, 11.4 task/s, elapsed: 12s, ETA:    47s
[>>>>>>                       ] 140/669, 11.4 task/s, elapsed: 12s, ETA:    46s
[>>>>>>                       ] 141/669, 11.4 task/s, elapsed: 12s, ETA:    46s
[>>>>>>                       ] 142/669, 11.4 task/s, elapsed: 12s, ETA:    46s
[>>>>>>                       ] 143/669, 11.4 task/s, elapsed: 13s, ETA:    46s
[>>>>>>                       ] 144/669, 11.4 task/s, elapsed: 13s, ETA:    46s
[>>>>>>                       ] 145/669, 11.4 task/s, elapsed: 13s, ETA:    46s
[>>>>>>                       ] 146/669, 11.4 task/s, elapsed: 13s, ETA:    46s
[>>>>>>                       ] 147/669, 11.4 task/s, elapsed: 13s, ETA:    46s
[>>>>>>                       ] 148/669, 11.4 task/s, elapsed: 13s, ETA:    46s
[>>>>>>                       ] 149/669, 11.3 task/s, elapsed: 13s, ETA:    46s
[>>>>>>                       ] 150/669, 11.3 task/s, elapsed: 13s, ETA:    46s
[>>>>>>                       ] 151/669, 11.3 task/s, elapsed: 13s, ETA:    46s
[>>>>>>                       ] 152/669, 11.3 task/s, elapsed: 13s, ETA:    46s
[>>>>>>                       ] 153/669, 11.4 task/s, elapsed: 13s, ETA:    45s
[>>>>>>                       ] 154/669, 11.4 task/s, elapsed: 14s, ETA:    45s
[>>>>>>                       ] 155/669, 11.4 task/s, elapsed: 14s, ETA:    45s
[>>>>>>                       ] 156/669, 11.3 task/s, elapsed: 14s, ETA:    45s
[>>>>>>                       ] 157/669, 11.3 task/s, elapsed: 14s, ETA:    45s
[>>>>>>                       ] 158/669, 11.4 task/s, elapsed: 14s, ETA:    45s
[>>>>>>                       ] 159/669, 11.4 task/s, elapsed: 14s, ETA:    45s
[>>>>>>                       ] 160/669, 11.4 task/s, elapsed: 14s, ETA:    45s
[>>>>>>                       ] 161/669, 11.3 task/s, elapsed: 14s, ETA:    45s
[>>>>>>>                      ] 162/669, 11.3 task/s, elapsed: 14s, ETA:    45s
[>>>>>>>                      ] 163/669, 11.4 task/s, elapsed: 14s, ETA:    45s
[>>>>>>>                      ] 164/669, 11.4 task/s, elapsed: 14s, ETA:    44s
[>>>>>>>                      ] 165/669, 11.3 task/s, elapsed: 15s, ETA:    44s
[>>>>>>>                      ] 166/669, 11.3 task/s, elapsed: 15s, ETA:    44s
[>>>>>>>                      ] 167/669, 11.3 task/s, elapsed: 15s, ETA:    44s
[>>>>>>>                      ] 168/669, 11.3 task/s, elapsed: 15s, ETA:    44s
[>>>>>>>                      ] 169/669, 11.3 task/s, elapsed: 15s, ETA:    44s
[>>>>>>>                      ] 170/669, 11.3 task/s, elapsed: 15s, ETA:    44s
[>>>>>>>                      ] 171/669, 11.3 task/s, elapsed: 15s, ETA:    44s
[>>>>>>>                      ] 172/669, 11.3 task/s, elapsed: 15s, ETA:    44s
[>>>>>>>                      ] 173/669, 11.3 task/s, elapsed: 15s, ETA:    44s
[>>>>>>>                      ] 174/669, 11.3 task/s, elapsed: 15s, ETA:    44s
[>>>>>>>                      ] 175/669, 11.3 task/s, elapsed: 16s, ETA:    44s
[>>>>>>>                      ] 176/669, 11.2 task/s, elapsed: 16s, ETA:    44s
[>>>>>>>                      ] 177/669, 11.2 task/s, elapsed: 16s, ETA:    44s
[>>>>>>>                      ] 178/669, 11.2 task/s, elapsed: 16s, ETA:    44s
[>>>>>>>                      ] 179/669, 11.2 task/s, elapsed: 16s, ETA:    44s
[>>>>>>>                      ] 180/669, 11.2 task/s, elapsed: 16s, ETA:    44s
[>>>>>>>                      ] 181/669, 11.2 task/s, elapsed: 16s, ETA:    44s
[>>>>>>>                      ] 182/669, 11.2 task/s, elapsed: 16s, ETA:    44s
[>>>>>>>                      ] 183/669, 11.2 task/s, elapsed: 16s, ETA:    43s
[>>>>>>>                      ] 184/669, 11.2 task/s, elapsed: 16s, ETA:    43s
[>>>>>>>>                     ] 185/669, 11.2 task/s, elapsed: 17s, ETA:    43s
[>>>>>>>>                     ] 186/669, 11.2 task/s, elapsed: 17s, ETA:    43s
[>>>>>>>>                     ] 187/669, 11.1 task/s, elapsed: 17s, ETA:    43s
[>>>>>>>>                     ] 188/669, 11.1 task/s, elapsed: 17s, ETA:    44s
[>>>>>>>>                     ] 189/669, 11.1 task/s, elapsed: 17s, ETA:    43s
[>>>>>>>>                     ] 190/669, 10.9 task/s, elapsed: 17s, ETA:    44s
[>>>>>>>>                     ] 191/669, 10.8 task/s, elapsed: 18s, ETA:    44s
[>>>>>>>>                     ] 192/669, 10.8 task/s, elapsed: 18s, ETA:    44s
[>>>>>>>>                     ] 193/669, 10.8 task/s, elapsed: 18s, ETA:    44s
[>>>>>>>>                     ] 194/669, 10.8 task/s, elapsed: 18s, ETA:    44s
[>>>>>>>>                     ] 195/669, 10.8 task/s, elapsed: 18s, ETA:    44s
[>>>>>>>>                     ] 196/669, 10.8 task/s, elapsed: 18s, ETA:    44s
[>>>>>>>>                     ] 197/669, 10.6 task/s, elapsed: 19s, ETA:    45s
[>>>>>>>>                     ] 198/669, 10.6 task/s, elapsed: 19s, ETA:    44s
[>>>>>>>>                     ] 199/669, 10.6 task/s, elapsed: 19s, ETA:    44s
[>>>>>>>>                     ] 200/669, 10.6 task/s, elapsed: 19s, ETA:    44s
[>>>>>>>>                     ] 201/669, 10.5 task/s, elapsed: 19s, ETA:    45s
[>>>>>>>>                     ] 202/669, 10.5 task/s, elapsed: 19s, ETA:    44s
[>>>>>>>>                     ] 203/669, 10.5 task/s, elapsed: 19s, ETA:    44s
[>>>>>>>>                     ] 204/669, 10.5 task/s, elapsed: 19s, ETA:    44s
[>>>>>>>>                     ] 205/669, 10.5 task/s, elapsed: 19s, ETA:    44s
[>>>>>>>>                     ] 206/669, 10.5 task/s, elapsed: 20s, ETA:    44s
[>>>>>>>>                     ] 207/669, 10.5 task/s, elapsed: 20s, ETA:    44s
[>>>>>>>>>                    ] 208/669, 10.5 task/s, elapsed: 20s, ETA:    44s
[>>>>>>>>>                    ] 209/669, 10.6 task/s, elapsed: 20s, ETA:    44s
[>>>>>>>>>                    ] 210/669, 10.6 task/s, elapsed: 20s, ETA:    43s
[>>>>>>>>>                    ] 211/669, 10.6 task/s, elapsed: 20s, ETA:    43s
[>>>>>>>>>                    ] 212/669, 10.6 task/s, elapsed: 20s, ETA:    43s
[>>>>>>>>>                    ] 213/669, 10.6 task/s, elapsed: 20s, ETA:    43s
[>>>>>>>>>                    ] 214/669, 10.6 task/s, elapsed: 20s, ETA:    43s
[>>>>>>>>>                    ] 215/669, 10.6 task/s, elapsed: 20s, ETA:    43s
[>>>>>>>>>                    ] 216/669, 10.7 task/s, elapsed: 20s, ETA:    43s
[>>>>>>>>>                    ] 217/669, 10.7 task/s, elapsed: 20s, ETA:    42s
[>>>>>>>>>                    ] 218/669, 10.6 task/s, elapsed: 20s, ETA:    42s
[>>>>>>>>>                    ] 219/669, 10.6 task/s, elapsed: 21s, ETA:    42s
[>>>>>>>>>                    ] 220/669, 10.6 task/s, elapsed: 21s, ETA:    42s
[>>>>>>>>>                    ] 221/669, 10.7 task/s, elapsed: 21s, ETA:    42s
[>>>>>>>>>                    ] 222/669, 10.7 task/s, elapsed: 21s, ETA:    42s
[>>>>>>>>>                    ] 223/669, 10.7 task/s, elapsed: 21s, ETA:    42s
[>>>>>>>>>                    ] 224/669, 10.7 task/s, elapsed: 21s, ETA:    42s
[>>>>>>>>>                    ] 225/669, 10.7 task/s, elapsed: 21s, ETA:    41s
[>>>>>>>>>                    ] 226/669, 10.7 task/s, elapsed: 21s, ETA:    41s
[>>>>>>>>>                    ] 227/669, 10.7 task/s, elapsed: 21s, ETA:    41s
[>>>>>>>>>                    ] 228/669, 10.7 task/s, elapsed: 21s, ETA:    41s
[>>>>>>>>>                    ] 229/669, 10.7 task/s, elapsed: 21s, ETA:    41s
[>>>>>>>>>                    ] 230/669, 10.7 task/s, elapsed: 21s, ETA:    41s
[>>>>>>>>>>                   ] 231/669, 10.8 task/s, elapsed: 21s, ETA:    41s
[>>>>>>>>>>                   ] 232/669, 10.8 task/s, elapsed: 22s, ETA:    41s
[>>>>>>>>>>                   ] 233/669, 10.8 task/s, elapsed: 22s, ETA:    40s
[>>>>>>>>>>                   ] 234/669, 10.8 task/s, elapsed: 22s, ETA:    40s
[>>>>>>>>>>                   ] 235/669, 10.8 task/s, elapsed: 22s, ETA:    40s
[>>>>>>>>>>                   ] 236/669, 10.8 task/s, elapsed: 22s, ETA:    40s
[>>>>>>>>>>                   ] 237/669, 10.8 task/s, elapsed: 22s, ETA:    40s
[>>>>>>>>>>                   ] 238/669, 10.9 task/s, elapsed: 22s, ETA:    40s
[>>>>>>>>>>                   ] 239/669, 10.9 task/s, elapsed: 22s, ETA:    40s
[>>>>>>>>>>                   ] 240/669, 10.9 task/s, elapsed: 22s, ETA:    39s
[>>>>>>>>>>                   ] 241/669, 10.9 task/s, elapsed: 22s, ETA:    39s
[>>>>>>>>>>                   ] 242/669, 10.9 task/s, elapsed: 22s, ETA:    39s
[>>>>>>>>>>                   ] 243/669, 10.9 task/s, elapsed: 22s, ETA:    39s
[>>>>>>>>>>                   ] 244/669, 10.9 task/s, elapsed: 22s, ETA:    39s
[>>>>>>>>>>                   ] 245/669, 10.9 task/s, elapsed: 22s, ETA:    39s
[>>>>>>>>>>                   ] 246/669, 10.9 task/s, elapsed: 23s, ETA:    39s
[>>>>>>>>>>                   ] 247/669, 10.9 task/s, elapsed: 23s, ETA:    39s
[>>>>>>>>>>                   ] 248/669, 10.9 task/s, elapsed: 23s, ETA:    39s
[>>>>>>>>>>                   ] 249/669, 10.8 task/s, elapsed: 23s, ETA:    39s
[>>>>>>>>>>                   ] 250/669, 10.8 task/s, elapsed: 23s, ETA:    39s
[>>>>>>>>>>                   ] 251/669, 10.9 task/s, elapsed: 23s, ETA:    38s
[>>>>>>>>>>                   ] 252/669, 10.9 task/s, elapsed: 23s, ETA:    38s
[>>>>>>>>>>                   ] 253/669, 10.9 task/s, elapsed: 23s, ETA:    38s
[>>>>>>>>>>>                  ] 254/669, 10.9 task/s, elapsed: 23s, ETA:    38s
[>>>>>>>>>>>                  ] 255/669, 10.9 task/s, elapsed: 23s, ETA:    38s
[>>>>>>>>>>>                  ] 256/669, 10.9 task/s, elapsed: 24s, ETA:    38s
[>>>>>>>>>>>                  ] 257/669, 10.9 task/s, elapsed: 24s, ETA:    38s
[>>>>>>>>>>>                  ] 258/669, 10.9 task/s, elapsed: 24s, ETA:    38s
[>>>>>>>>>>>                  ] 259/669, 10.9 task/s, elapsed: 24s, ETA:    38s
[>>>>>>>>>>>                  ] 260/669, 10.9 task/s, elapsed: 24s, ETA:    38s
[>>>>>>>>>>>                  ] 261/669, 10.9 task/s, elapsed: 24s, ETA:    38s
[>>>>>>>>>>>                  ] 262/669, 10.9 task/s, elapsed: 24s, ETA:    37s
[>>>>>>>>>>>                  ] 263/669, 10.8 task/s, elapsed: 24s, ETA:    37s
[>>>>>>>>>>>                  ] 264/669, 10.8 task/s, elapsed: 24s, ETA:    37s
[>>>>>>>>>>>                  ] 265/669, 10.8 task/s, elapsed: 24s, ETA:    37s
[>>>>>>>>>>>                  ] 266/669, 10.8 task/s, elapsed: 25s, ETA:    37s
[>>>>>>>>>>>                  ] 267/669, 10.8 task/s, elapsed: 25s, ETA:    37s
[>>>>>>>>>>>                  ] 268/669, 10.8 task/s, elapsed: 25s, ETA:    37s
[>>>>>>>>>>>                  ] 269/669, 10.8 task/s, elapsed: 25s, ETA:    37s
[>>>>>>>>>>>                  ] 270/669, 10.8 task/s, elapsed: 25s, ETA:    37s
[>>>>>>>>>>>                  ] 271/669, 10.8 task/s, elapsed: 25s, ETA:    37s
[>>>>>>>>>>>                  ] 272/669, 10.8 task/s, elapsed: 25s, ETA:    37s
[>>>>>>>>>>>                  ] 273/669, 10.8 task/s, elapsed: 25s, ETA:    37s
[>>>>>>>>>>>                  ] 274/669, 10.8 task/s, elapsed: 25s, ETA:    37s
[>>>>>>>>>>>                  ] 275/669, 10.8 task/s, elapsed: 26s, ETA:    37s
[>>>>>>>>>>>                  ] 276/669, 10.8 task/s, elapsed: 26s, ETA:    37s
[>>>>>>>>>>>>                 ] 277/669, 10.8 task/s, elapsed: 26s, ETA:    36s
[>>>>>>>>>>>>                 ] 278/669, 10.8 task/s, elapsed: 26s, ETA:    36s
[>>>>>>>>>>>>                 ] 279/669, 10.8 task/s, elapsed: 26s, ETA:    36s
[>>>>>>>>>>>>                 ] 280/669, 10.8 task/s, elapsed: 26s, ETA:    36s
[>>>>>>>>>>>>                 ] 281/669, 10.8 task/s, elapsed: 26s, ETA:    36s
[>>>>>>>>>>>>                 ] 282/669, 10.8 task/s, elapsed: 26s, ETA:    36s
[>>>>>>>>>>>>                 ] 283/669, 10.7 task/s, elapsed: 26s, ETA:    36s
[>>>>>>>>>>>>                 ] 284/669, 10.7 task/s, elapsed: 26s, ETA:    36s
[>>>>>>>>>>>>                 ] 285/669, 10.7 task/s, elapsed: 27s, ETA:    36s
[>>>>>>>>>>>>                 ] 286/669, 10.7 task/s, elapsed: 27s, ETA:    36s
[>>>>>>>>>>>>                 ] 287/669, 10.7 task/s, elapsed: 27s, ETA:    36s
[>>>>>>>>>>>>                 ] 288/669, 10.7 task/s, elapsed: 27s, ETA:    35s
[>>>>>>>>>>>>                 ] 289/669, 10.8 task/s, elapsed: 27s, ETA:    35s
[>>>>>>>>>>>>                 ] 290/669, 10.8 task/s, elapsed: 27s, ETA:    35s
[>>>>>>>>>>>>                 ] 291/669, 10.8 task/s, elapsed: 27s, ETA:    35s
[>>>>>>>>>>>>                 ] 292/669, 10.8 task/s, elapsed: 27s, ETA:    35s
[>>>>>>>>>>>>                 ] 293/669, 10.8 task/s, elapsed: 27s, ETA:    35s
[>>>>>>>>>>>>                 ] 294/669, 10.8 task/s, elapsed: 27s, ETA:    35s
[>>>>>>>>>>>>                 ] 295/669, 10.8 task/s, elapsed: 27s, ETA:    35s
[>>>>>>>>>>>>                 ] 296/669, 10.8 task/s, elapsed: 27s, ETA:    35s
[>>>>>>>>>>>>                 ] 297/669, 10.8 task/s, elapsed: 28s, ETA:    34s
[>>>>>>>>>>>>                 ] 298/669, 10.8 task/s, elapsed: 28s, ETA:    34s
[>>>>>>>>>>>>                 ] 299/669, 10.8 task/s, elapsed: 28s, ETA:    34s
[>>>>>>>>>>>>>                ] 300/669, 10.8 task/s, elapsed: 28s, ETA:    34s
[>>>>>>>>>>>>>                ] 301/669, 10.8 task/s, elapsed: 28s, ETA:    34s
[>>>>>>>>>>>>>                ] 302/669, 10.8 task/s, elapsed: 28s, ETA:    34s
[>>>>>>>>>>>>>                ] 303/669, 10.8 task/s, elapsed: 28s, ETA:    34s
[>>>>>>>>>>>>>                ] 304/669, 10.8 task/s, elapsed: 28s, ETA:    34s
[>>>>>>>>>>>>>                ] 305/669, 10.8 task/s, elapsed: 28s, ETA:    34s
[>>>>>>>>>>>>>                ] 306/669, 10.9 task/s, elapsed: 28s, ETA:    33s
[>>>>>>>>>>>>>                ] 307/669, 10.9 task/s, elapsed: 28s, ETA:    33s
[>>>>>>>>>>>>>                ] 308/669, 10.9 task/s, elapsed: 28s, ETA:    33s
[>>>>>>>>>>>>>                ] 309/669, 10.9 task/s, elapsed: 28s, ETA:    33s
[>>>>>>>>>>>>>                ] 310/669, 10.9 task/s, elapsed: 28s, ETA:    33s
[>>>>>>>>>>>>>                ] 311/669, 10.9 task/s, elapsed: 29s, ETA:    33s
[>>>>>>>>>>>>>                ] 312/669, 10.9 task/s, elapsed: 29s, ETA:    33s
[>>>>>>>>>>>>>                ] 313/669, 10.9 task/s, elapsed: 29s, ETA:    33s
[>>>>>>>>>>>>>                ] 314/669, 10.9 task/s, elapsed: 29s, ETA:    33s
[>>>>>>>>>>>>>                ] 315/669, 10.9 task/s, elapsed: 29s, ETA:    33s
[>>>>>>>>>>>>>                ] 316/669, 10.9 task/s, elapsed: 29s, ETA:    33s
[>>>>>>>>>>>>>                ] 317/669, 10.9 task/s, elapsed: 29s, ETA:    32s
[>>>>>>>>>>>>>                ] 318/669, 10.9 task/s, elapsed: 29s, ETA:    32s
[>>>>>>>>>>>>>                ] 319/669, 10.8 task/s, elapsed: 29s, ETA:    32s
[>>>>>>>>>>>>>                ] 320/669, 10.8 task/s, elapsed: 30s, ETA:    32s
[>>>>>>>>>>>>>                ] 321/669, 10.9 task/s, elapsed: 30s, ETA:    32s
[>>>>>>>>>>>>>                ] 322/669, 10.9 task/s, elapsed: 30s, ETA:    32s
[>>>>>>>>>>>>>>               ] 323/669, 10.9 task/s, elapsed: 30s, ETA:    32s
[>>>>>>>>>>>>>>               ] 324/669, 10.9 task/s, elapsed: 30s, ETA:    32s
[>>>>>>>>>>>>>>               ] 325/669, 10.9 task/s, elapsed: 30s, ETA:    32s
[>>>>>>>>>>>>>>               ] 326/669, 10.9 task/s, elapsed: 30s, ETA:    32s
[>>>>>>>>>>>>>>               ] 327/669, 10.9 task/s, elapsed: 30s, ETA:    31s
[>>>>>>>>>>>>>>               ] 328/669, 10.8 task/s, elapsed: 30s, ETA:    31s
[>>>>>>>>>>>>>>               ] 329/669, 10.8 task/s, elapsed: 30s, ETA:    31s
[>>>>>>>>>>>>>>               ] 330/669, 10.8 task/s, elapsed: 30s, ETA:    31s
[>>>>>>>>>>>>>>               ] 331/669, 10.9 task/s, elapsed: 30s, ETA:    31s
[>>>>>>>>>>>>>>               ] 332/669, 10.9 task/s, elapsed: 31s, ETA:    31s
[>>>>>>>>>>>>>>               ] 333/669, 10.9 task/s, elapsed: 31s, ETA:    31s
[>>>>>>>>>>>>>>               ] 334/669, 10.9 task/s, elapsed: 31s, ETA:    31s
[>>>>>>>>>>>>>>               ] 335/669, 10.9 task/s, elapsed: 31s, ETA:    31s
[>>>>>>>>>>>>>>               ] 336/669, 10.9 task/s, elapsed: 31s, ETA:    31s
[>>>>>>>>>>>>>>               ] 337/669, 10.8 task/s, elapsed: 31s, ETA:    31s
[>>>>>>>>>>>>>>               ] 338/669, 10.8 task/s, elapsed: 31s, ETA:    31s
[>>>>>>>>>>>>>>               ] 339/669, 10.8 task/s, elapsed: 31s, ETA:    31s
[>>>>>>>>>>>>>>               ] 340/669, 10.8 task/s, elapsed: 31s, ETA:    30s
[>>>>>>>>>>>>>>               ] 341/669, 10.8 task/s, elapsed: 32s, ETA:    30s
[>>>>>>>>>>>>>>               ] 342/669, 10.8 task/s, elapsed: 32s, ETA:    30s
[>>>>>>>>>>>>>>               ] 343/669, 10.8 task/s, elapsed: 32s, ETA:    30s
[>>>>>>>>>>>>>>               ] 344/669, 10.8 task/s, elapsed: 32s, ETA:    30s
[>>>>>>>>>>>>>>               ] 345/669, 10.8 task/s, elapsed: 32s, ETA:    30s
[>>>>>>>>>>>>>>               ] 346/669, 10.8 task/s, elapsed: 32s, ETA:    30s
[>>>>>>>>>>>>>>>              ] 347/669, 10.8 task/s, elapsed: 32s, ETA:    30s
[>>>>>>>>>>>>>>>              ] 348/669, 10.8 task/s, elapsed: 32s, ETA:    30s
[>>>>>>>>>>>>>>>              ] 349/669, 10.8 task/s, elapsed: 32s, ETA:    30s
[>>>>>>>>>>>>>>>              ] 350/669, 10.8 task/s, elapsed: 32s, ETA:    30s
[>>>>>>>>>>>>>>>              ] 351/669, 10.8 task/s, elapsed: 32s, ETA:    29s
[>>>>>>>>>>>>>>>              ] 352/669, 10.8 task/s, elapsed: 33s, ETA:    29s
[>>>>>>>>>>>>>>>              ] 353/669, 10.8 task/s, elapsed: 33s, ETA:    29s
[>>>>>>>>>>>>>>>              ] 354/669, 10.8 task/s, elapsed: 33s, ETA:    29s
[>>>>>>>>>>>>>>>              ] 355/669, 10.8 task/s, elapsed: 33s, ETA:    29s
[>>>>>>>>>>>>>>>              ] 356/669, 10.8 task/s, elapsed: 33s, ETA:    29s
[>>>>>>>>>>>>>>>              ] 357/669, 10.8 task/s, elapsed: 33s, ETA:    29s
[>>>>>>>>>>>>>>>              ] 358/669, 10.8 task/s, elapsed: 33s, ETA:    29s
[>>>>>>>>>>>>>>>              ] 359/669, 10.8 task/s, elapsed: 33s, ETA:    29s
[>>>>>>>>>>>>>>>              ] 360/669, 10.8 task/s, elapsed: 33s, ETA:    29s
[>>>>>>>>>>>>>>>              ] 361/669, 10.8 task/s, elapsed: 33s, ETA:    28s
[>>>>>>>>>>>>>>>              ] 362/669, 10.8 task/s, elapsed: 33s, ETA:    28s
[>>>>>>>>>>>>>>>              ] 363/669, 10.8 task/s, elapsed: 33s, ETA:    28s
[>>>>>>>>>>>>>>>              ] 364/669, 10.8 task/s, elapsed: 34s, ETA:    28s
[>>>>>>>>>>>>>>>              ] 365/669, 10.9 task/s, elapsed: 34s, ETA:    28s
[>>>>>>>>>>>>>>>              ] 366/669, 10.9 task/s, elapsed: 34s, ETA:    28s
[>>>>>>>>>>>>>>>              ] 367/669, 10.9 task/s, elapsed: 34s, ETA:    28s
[>>>>>>>>>>>>>>>              ] 368/669, 10.9 task/s, elapsed: 34s, ETA:    28s
[>>>>>>>>>>>>>>>              ] 369/669, 10.9 task/s, elapsed: 34s, ETA:    28s
[>>>>>>>>>>>>>>>>             ] 370/669, 10.9 task/s, elapsed: 34s, ETA:    27s
[>>>>>>>>>>>>>>>>             ] 371/669, 10.9 task/s, elapsed: 34s, ETA:    27s
[>>>>>>>>>>>>>>>>             ] 372/669, 10.9 task/s, elapsed: 34s, ETA:    27s
[>>>>>>>>>>>>>>>>             ] 373/669, 10.9 task/s, elapsed: 34s, ETA:    27s
[>>>>>>>>>>>>>>>>             ] 374/669, 10.9 task/s, elapsed: 34s, ETA:    27s
[>>>>>>>>>>>>>>>>             ] 375/669, 10.9 task/s, elapsed: 34s, ETA:    27s
[>>>>>>>>>>>>>>>>             ] 376/669, 10.9 task/s, elapsed: 34s, ETA:    27s
[>>>>>>>>>>>>>>>>             ] 377/669, 10.9 task/s, elapsed: 34s, ETA:    27s
[>>>>>>>>>>>>>>>>             ] 378/669, 10.9 task/s, elapsed: 35s, ETA:    27s
[>>>>>>>>>>>>>>>>             ] 379/669, 10.9 task/s, elapsed: 35s, ETA:    26s
[>>>>>>>>>>>>>>>>             ] 380/669, 11.0 task/s, elapsed: 35s, ETA:    26s
[>>>>>>>>>>>>>>>>             ] 381/669, 11.0 task/s, elapsed: 35s, ETA:    26s
[>>>>>>>>>>>>>>>>             ] 382/669, 11.0 task/s, elapsed: 35s, ETA:    26s
[>>>>>>>>>>>>>>>>             ] 383/669, 11.0 task/s, elapsed: 35s, ETA:    26s
[>>>>>>>>>>>>>>>>             ] 384/669, 11.0 task/s, elapsed: 35s, ETA:    26s
[>>>>>>>>>>>>>>>>             ] 385/669, 11.0 task/s, elapsed: 35s, ETA:    26s
[>>>>>>>>>>>>>>>>             ] 386/669, 11.0 task/s, elapsed: 35s, ETA:    26s
[>>>>>>>>>>>>>>>>             ] 387/669, 11.0 task/s, elapsed: 35s, ETA:    26s
[>>>>>>>>>>>>>>>>             ] 388/669, 11.0 task/s, elapsed: 35s, ETA:    26s
[>>>>>>>>>>>>>>>>             ] 389/669, 11.0 task/s, elapsed: 35s, ETA:    25s
[>>>>>>>>>>>>>>>>             ] 390/669, 11.0 task/s, elapsed: 35s, ETA:    25s
[>>>>>>>>>>>>>>>>             ] 391/669, 11.0 task/s, elapsed: 36s, ETA:    25s
[>>>>>>>>>>>>>>>>             ] 392/669, 11.0 task/s, elapsed: 36s, ETA:    25s
[>>>>>>>>>>>>>>>>>            ] 393/669, 11.0 task/s, elapsed: 36s, ETA:    25s
[>>>>>>>>>>>>>>>>>            ] 394/669, 11.0 task/s, elapsed: 36s, ETA:    25s
[>>>>>>>>>>>>>>>>>            ] 395/669, 11.0 task/s, elapsed: 36s, ETA:    25s
[>>>>>>>>>>>>>>>>>            ] 396/669, 11.0 task/s, elapsed: 36s, ETA:    25s
[>>>>>>>>>>>>>>>>>            ] 397/669, 11.0 task/s, elapsed: 36s, ETA:    25s
[>>>>>>>>>>>>>>>>>            ] 398/669, 11.0 task/s, elapsed: 36s, ETA:    25s
[>>>>>>>>>>>>>>>>>            ] 399/669, 11.0 task/s, elapsed: 36s, ETA:    24s
[>>>>>>>>>>>>>>>>>            ] 400/669, 11.0 task/s, elapsed: 36s, ETA:    24s
[>>>>>>>>>>>>>>>>>            ] 401/669, 11.1 task/s, elapsed: 36s, ETA:    24s
[>>>>>>>>>>>>>>>>>            ] 402/669, 11.1 task/s, elapsed: 36s, ETA:    24s
[>>>>>>>>>>>>>>>>>            ] 403/669, 11.1 task/s, elapsed: 36s, ETA:    24s
[>>>>>>>>>>>>>>>>>            ] 404/669, 11.1 task/s, elapsed: 36s, ETA:    24s
[>>>>>>>>>>>>>>>>>            ] 405/669, 11.1 task/s, elapsed: 37s, ETA:    24s
[>>>>>>>>>>>>>>>>>            ] 406/669, 11.1 task/s, elapsed: 37s, ETA:    24s
[>>>>>>>>>>>>>>>>>            ] 407/669, 11.1 task/s, elapsed: 37s, ETA:    24s
[>>>>>>>>>>>>>>>>>            ] 408/669, 11.1 task/s, elapsed: 37s, ETA:    24s
[>>>>>>>>>>>>>>>>>            ] 409/669, 11.1 task/s, elapsed: 37s, ETA:    23s
[>>>>>>>>>>>>>>>>>            ] 410/669, 11.1 task/s, elapsed: 37s, ETA:    23s
[>>>>>>>>>>>>>>>>>            ] 411/669, 11.1 task/s, elapsed: 37s, ETA:    23s
[>>>>>>>>>>>>>>>>>            ] 412/669, 11.1 task/s, elapsed: 37s, ETA:    23s
[>>>>>>>>>>>>>>>>>            ] 413/669, 11.1 task/s, elapsed: 37s, ETA:    23s
[>>>>>>>>>>>>>>>>>            ] 414/669, 11.1 task/s, elapsed: 37s, ETA:    23s
[>>>>>>>>>>>>>>>>>            ] 415/669, 11.1 task/s, elapsed: 37s, ETA:    23s
[>>>>>>>>>>>>>>>>>>           ] 416/669, 11.1 task/s, elapsed: 37s, ETA:    23s
[>>>>>>>>>>>>>>>>>>           ] 417/669, 11.1 task/s, elapsed: 37s, ETA:    23s
[>>>>>>>>>>>>>>>>>>           ] 418/669, 11.1 task/s, elapsed: 38s, ETA:    23s
[>>>>>>>>>>>>>>>>>>           ] 419/669, 11.1 task/s, elapsed: 38s, ETA:    22s
[>>>>>>>>>>>>>>>>>>           ] 420/669, 11.1 task/s, elapsed: 38s, ETA:    22s
[>>>>>>>>>>>>>>>>>>           ] 421/669, 11.2 task/s, elapsed: 38s, ETA:    22s
[>>>>>>>>>>>>>>>>>>           ] 422/669, 11.2 task/s, elapsed: 38s, ETA:    22s
[>>>>>>>>>>>>>>>>>>           ] 423/669, 11.2 task/s, elapsed: 38s, ETA:    22s
[>>>>>>>>>>>>>>>>>>           ] 424/669, 11.2 task/s, elapsed: 38s, ETA:    22s
[>>>>>>>>>>>>>>>>>>           ] 425/669, 11.2 task/s, elapsed: 38s, ETA:    22s
[>>>>>>>>>>>>>>>>>>           ] 426/669, 11.2 task/s, elapsed: 38s, ETA:    22s
[>>>>>>>>>>>>>>>>>>           ] 427/669, 11.2 task/s, elapsed: 38s, ETA:    22s
[>>>>>>>>>>>>>>>>>>           ] 428/669, 11.2 task/s, elapsed: 38s, ETA:    21s
[>>>>>>>>>>>>>>>>>>           ] 429/669, 11.2 task/s, elapsed: 38s, ETA:    21s
[>>>>>>>>>>>>>>>>>>           ] 430/669, 11.2 task/s, elapsed: 38s, ETA:    21s
[>>>>>>>>>>>>>>>>>>           ] 431/669, 11.2 task/s, elapsed: 38s, ETA:    21s
[>>>>>>>>>>>>>>>>>>           ] 432/669, 11.2 task/s, elapsed: 38s, ETA:    21s
[>>>>>>>>>>>>>>>>>>           ] 433/669, 11.2 task/s, elapsed: 39s, ETA:    21s
[>>>>>>>>>>>>>>>>>>           ] 434/669, 11.2 task/s, elapsed: 39s, ETA:    21s
[>>>>>>>>>>>>>>>>>>           ] 435/669, 11.3 task/s, elapsed: 39s, ETA:    21s
[>>>>>>>>>>>>>>>>>>           ] 436/669, 11.3 task/s, elapsed: 39s, ETA:    21s
[>>>>>>>>>>>>>>>>>>           ] 437/669, 11.3 task/s, elapsed: 39s, ETA:    21s
[>>>>>>>>>>>>>>>>>>           ] 438/669, 11.3 task/s, elapsed: 39s, ETA:    20s
[>>>>>>>>>>>>>>>>>>>          ] 439/669, 11.3 task/s, elapsed: 39s, ETA:    20s
[>>>>>>>>>>>>>>>>>>>          ] 440/669, 11.3 task/s, elapsed: 39s, ETA:    20s
[>>>>>>>>>>>>>>>>>>>          ] 441/669, 11.3 task/s, elapsed: 39s, ETA:    20s
[>>>>>>>>>>>>>>>>>>>          ] 442/669, 11.3 task/s, elapsed: 39s, ETA:    20s
[>>>>>>>>>>>>>>>>>>>          ] 443/669, 11.3 task/s, elapsed: 39s, ETA:    20s
[>>>>>>>>>>>>>>>>>>>          ] 444/669, 11.3 task/s, elapsed: 39s, ETA:    20s
[>>>>>>>>>>>>>>>>>>>          ] 445/669, 11.3 task/s, elapsed: 39s, ETA:    20s
[>>>>>>>>>>>>>>>>>>>          ] 446/669, 11.3 task/s, elapsed: 39s, ETA:    20s
[>>>>>>>>>>>>>>>>>>>          ] 447/669, 11.3 task/s, elapsed: 40s, ETA:    20s
[>>>>>>>>>>>>>>>>>>>          ] 448/669, 11.3 task/s, elapsed: 40s, ETA:    20s
[>>>>>>>>>>>>>>>>>>>          ] 449/669, 11.3 task/s, elapsed: 40s, ETA:    19s
[>>>>>>>>>>>>>>>>>>>          ] 450/669, 11.3 task/s, elapsed: 40s, ETA:    19s
[>>>>>>>>>>>>>>>>>>>          ] 451/669, 11.3 task/s, elapsed: 40s, ETA:    19s
[>>>>>>>>>>>>>>>>>>>          ] 452/669, 11.3 task/s, elapsed: 40s, ETA:    19s
[>>>>>>>>>>>>>>>>>>>          ] 453/669, 11.3 task/s, elapsed: 40s, ETA:    19s
[>>>>>>>>>>>>>>>>>>>          ] 454/669, 11.3 task/s, elapsed: 40s, ETA:    19s
[>>>>>>>>>>>>>>>>>>>          ] 455/669, 11.3 task/s, elapsed: 40s, ETA:    19s
[>>>>>>>>>>>>>>>>>>>          ] 456/669, 11.3 task/s, elapsed: 40s, ETA:    19s
[>>>>>>>>>>>>>>>>>>>          ] 457/669, 11.4 task/s, elapsed: 40s, ETA:    19s
[>>>>>>>>>>>>>>>>>>>          ] 458/669, 11.4 task/s, elapsed: 40s, ETA:    19s
[>>>>>>>>>>>>>>>>>>>          ] 459/669, 11.3 task/s, elapsed: 40s, ETA:    19s
[>>>>>>>>>>>>>>>>>>>          ] 460/669, 11.3 task/s, elapsed: 41s, ETA:    18s
[>>>>>>>>>>>>>>>>>>>          ] 461/669, 11.3 task/s, elapsed: 41s, ETA:    18s
[>>>>>>>>>>>>>>>>>>>>         ] 462/669, 11.3 task/s, elapsed: 41s, ETA:    18s
[>>>>>>>>>>>>>>>>>>>>         ] 463/669, 11.3 task/s, elapsed: 41s, ETA:    18s
[>>>>>>>>>>>>>>>>>>>>         ] 464/669, 11.3 task/s, elapsed: 41s, ETA:    18s
[>>>>>>>>>>>>>>>>>>>>         ] 465/669, 11.3 task/s, elapsed: 41s, ETA:    18s
[>>>>>>>>>>>>>>>>>>>>         ] 466/669, 11.3 task/s, elapsed: 41s, ETA:    18s
[>>>>>>>>>>>>>>>>>>>>         ] 467/669, 11.4 task/s, elapsed: 41s, ETA:    18s
[>>>>>>>>>>>>>>>>>>>>         ] 468/669, 11.3 task/s, elapsed: 41s, ETA:    18s
[>>>>>>>>>>>>>>>>>>>>         ] 469/669, 11.3 task/s, elapsed: 41s, ETA:    18s
[>>>>>>>>>>>>>>>>>>>>         ] 470/669, 11.4 task/s, elapsed: 41s, ETA:    18s
[>>>>>>>>>>>>>>>>>>>>         ] 471/669, 11.4 task/s, elapsed: 41s, ETA:    17s
[>>>>>>>>>>>>>>>>>>>>         ] 472/669, 11.4 task/s, elapsed: 42s, ETA:    17s
[>>>>>>>>>>>>>>>>>>>>         ] 473/669, 11.4 task/s, elapsed: 42s, ETA:    17s
[>>>>>>>>>>>>>>>>>>>>         ] 474/669, 11.4 task/s, elapsed: 42s, ETA:    17s
[>>>>>>>>>>>>>>>>>>>>         ] 475/669, 11.4 task/s, elapsed: 42s, ETA:    17s
[>>>>>>>>>>>>>>>>>>>>         ] 476/669, 11.4 task/s, elapsed: 42s, ETA:    17s
[>>>>>>>>>>>>>>>>>>>>         ] 477/669, 11.4 task/s, elapsed: 42s, ETA:    17s
[>>>>>>>>>>>>>>>>>>>>         ] 478/669, 11.4 task/s, elapsed: 42s, ETA:    17s
[>>>>>>>>>>>>>>>>>>>>         ] 479/669, 11.4 task/s, elapsed: 42s, ETA:    17s
[>>>>>>>>>>>>>>>>>>>>         ] 480/669, 11.4 task/s, elapsed: 42s, ETA:    17s
[>>>>>>>>>>>>>>>>>>>>         ] 481/669, 11.4 task/s, elapsed: 42s, ETA:    17s
[>>>>>>>>>>>>>>>>>>>>         ] 482/669, 11.4 task/s, elapsed: 42s, ETA:    16s
[>>>>>>>>>>>>>>>>>>>>         ] 483/669, 11.4 task/s, elapsed: 42s, ETA:    16s
[>>>>>>>>>>>>>>>>>>>>         ] 484/669, 11.4 task/s, elapsed: 42s, ETA:    16s
[>>>>>>>>>>>>>>>>>>>>>        ] 485/669, 11.4 task/s, elapsed: 43s, ETA:    16s
[>>>>>>>>>>>>>>>>>>>>>        ] 486/669, 11.4 task/s, elapsed: 43s, ETA:    16s
[>>>>>>>>>>>>>>>>>>>>>        ] 487/669, 11.4 task/s, elapsed: 43s, ETA:    16s
[>>>>>>>>>>>>>>>>>>>>>        ] 488/669, 11.4 task/s, elapsed: 43s, ETA:    16s
[>>>>>>>>>>>>>>>>>>>>>        ] 489/669, 11.4 task/s, elapsed: 43s, ETA:    16s
[>>>>>>>>>>>>>>>>>>>>>        ] 490/669, 11.4 task/s, elapsed: 43s, ETA:    16s
[>>>>>>>>>>>>>>>>>>>>>        ] 491/669, 11.4 task/s, elapsed: 43s, ETA:    16s
[>>>>>>>>>>>>>>>>>>>>>        ] 492/669, 11.4 task/s, elapsed: 43s, ETA:    16s
[>>>>>>>>>>>>>>>>>>>>>        ] 493/669, 11.4 task/s, elapsed: 43s, ETA:    15s
[>>>>>>>>>>>>>>>>>>>>>        ] 494/669, 11.4 task/s, elapsed: 44s, ETA:    15s
[>>>>>>>>>>>>>>>>>>>>>        ] 495/669, 11.4 task/s, elapsed: 44s, ETA:    15s
[>>>>>>>>>>>>>>>>>>>>>        ] 496/669, 11.4 task/s, elapsed: 44s, ETA:    15s
[>>>>>>>>>>>>>>>>>>>>>        ] 497/669, 11.3 task/s, elapsed: 44s, ETA:    15s
[>>>>>>>>>>>>>>>>>>>>>        ] 498/669, 11.3 task/s, elapsed: 44s, ETA:    15s
[>>>>>>>>>>>>>>>>>>>>>        ] 499/669, 11.3 task/s, elapsed: 44s, ETA:    15s
[>>>>>>>>>>>>>>>>>>>>>        ] 500/669, 11.3 task/s, elapsed: 44s, ETA:    15s
[>>>>>>>>>>>>>>>>>>>>>        ] 501/669, 11.3 task/s, elapsed: 44s, ETA:    15s
[>>>>>>>>>>>>>>>>>>>>>        ] 502/669, 11.3 task/s, elapsed: 44s, ETA:    15s
[>>>>>>>>>>>>>>>>>>>>>        ] 503/669, 11.3 task/s, elapsed: 44s, ETA:    15s
[>>>>>>>>>>>>>>>>>>>>>        ] 504/669, 11.3 task/s, elapsed: 45s, ETA:    15s
[>>>>>>>>>>>>>>>>>>>>>        ] 505/669, 11.3 task/s, elapsed: 45s, ETA:    15s
[>>>>>>>>>>>>>>>>>>>>>        ] 506/669, 11.3 task/s, elapsed: 45s, ETA:    14s
[>>>>>>>>>>>>>>>>>>>>>        ] 507/669, 11.3 task/s, elapsed: 45s, ETA:    14s
[>>>>>>>>>>>>>>>>>>>>>>       ] 508/669, 11.3 task/s, elapsed: 45s, ETA:    14s
[>>>>>>>>>>>>>>>>>>>>>>       ] 509/669, 11.3 task/s, elapsed: 45s, ETA:    14s
[>>>>>>>>>>>>>>>>>>>>>>       ] 510/669, 11.3 task/s, elapsed: 45s, ETA:    14s
[>>>>>>>>>>>>>>>>>>>>>>       ] 511/669, 11.3 task/s, elapsed: 45s, ETA:    14s
[>>>>>>>>>>>>>>>>>>>>>>       ] 512/669, 11.3 task/s, elapsed: 45s, ETA:    14s
[>>>>>>>>>>>>>>>>>>>>>>       ] 513/669, 11.3 task/s, elapsed: 45s, ETA:    14s
[>>>>>>>>>>>>>>>>>>>>>>       ] 514/669, 11.3 task/s, elapsed: 46s, ETA:    14s
[>>>>>>>>>>>>>>>>>>>>>>       ] 515/669, 11.3 task/s, elapsed: 46s, ETA:    14s
[>>>>>>>>>>>>>>>>>>>>>>       ] 516/669, 11.3 task/s, elapsed: 46s, ETA:    14s
[>>>>>>>>>>>>>>>>>>>>>>       ] 517/669, 11.3 task/s, elapsed: 46s, ETA:    13s
[>>>>>>>>>>>>>>>>>>>>>>       ] 518/669, 11.3 task/s, elapsed: 46s, ETA:    13s
[>>>>>>>>>>>>>>>>>>>>>>       ] 519/669, 11.3 task/s, elapsed: 46s, ETA:    13s
[>>>>>>>>>>>>>>>>>>>>>>       ] 520/669, 11.2 task/s, elapsed: 46s, ETA:    13s
[>>>>>>>>>>>>>>>>>>>>>>       ] 521/669, 11.2 task/s, elapsed: 46s, ETA:    13s
[>>>>>>>>>>>>>>>>>>>>>>       ] 522/669, 11.2 task/s, elapsed: 46s, ETA:    13s
[>>>>>>>>>>>>>>>>>>>>>>       ] 523/669, 11.2 task/s, elapsed: 47s, ETA:    13s
[>>>>>>>>>>>>>>>>>>>>>>       ] 524/669, 11.2 task/s, elapsed: 47s, ETA:    13s
[>>>>>>>>>>>>>>>>>>>>>>       ] 525/669, 11.2 task/s, elapsed: 47s, ETA:    13s
[>>>>>>>>>>>>>>>>>>>>>>       ] 526/669, 11.2 task/s, elapsed: 47s, ETA:    13s
[>>>>>>>>>>>>>>>>>>>>>>       ] 527/669, 11.2 task/s, elapsed: 47s, ETA:    13s
[>>>>>>>>>>>>>>>>>>>>>>       ] 528/669, 11.1 task/s, elapsed: 47s, ETA:    13s
[>>>>>>>>>>>>>>>>>>>>>>       ] 529/669, 11.1 task/s, elapsed: 48s, ETA:    13s
[>>>>>>>>>>>>>>>>>>>>>>       ] 530/669, 11.1 task/s, elapsed: 48s, ETA:    13s
[>>>>>>>>>>>>>>>>>>>>>>>      ] 531/669, 11.1 task/s, elapsed: 48s, ETA:    12s
[>>>>>>>>>>>>>>>>>>>>>>>      ] 532/669, 11.1 task/s, elapsed: 48s, ETA:    12s
[>>>>>>>>>>>>>>>>>>>>>>>      ] 533/669, 11.1 task/s, elapsed: 48s, ETA:    12s
[>>>>>>>>>>>>>>>>>>>>>>>      ] 534/669, 11.1 task/s, elapsed: 48s, ETA:    12s
[>>>>>>>>>>>>>>>>>>>>>>>      ] 535/669, 11.1 task/s, elapsed: 48s, ETA:    12s
[>>>>>>>>>>>>>>>>>>>>>>>      ] 536/669, 11.1 task/s, elapsed: 48s, ETA:    12s
[>>>>>>>>>>>>>>>>>>>>>>>      ] 537/669, 11.1 task/s, elapsed: 48s, ETA:    12s
[>>>>>>>>>>>>>>>>>>>>>>>      ] 538/669, 11.1 task/s, elapsed: 48s, ETA:    12s
[>>>>>>>>>>>>>>>>>>>>>>>      ] 539/669, 11.1 task/s, elapsed: 48s, ETA:    12s
[>>>>>>>>>>>>>>>>>>>>>>>      ] 540/669, 11.1 task/s, elapsed: 48s, ETA:    12s
[>>>>>>>>>>>>>>>>>>>>>>>      ] 541/669, 11.1 task/s, elapsed: 49s, ETA:    11s
[>>>>>>>>>>>>>>>>>>>>>>>      ] 542/669, 11.2 task/s, elapsed: 49s, ETA:    11s
[>>>>>>>>>>>>>>>>>>>>>>>      ] 543/669, 11.2 task/s, elapsed: 49s, ETA:    11s
[>>>>>>>>>>>>>>>>>>>>>>>      ] 544/669, 11.2 task/s, elapsed: 49s, ETA:    11s
[>>>>>>>>>>>>>>>>>>>>>>>      ] 545/669, 11.2 task/s, elapsed: 49s, ETA:    11s
[>>>>>>>>>>>>>>>>>>>>>>>      ] 546/669, 11.2 task/s, elapsed: 49s, ETA:    11s
[>>>>>>>>>>>>>>>>>>>>>>>      ] 547/669, 11.2 task/s, elapsed: 49s, ETA:    11s
[>>>>>>>>>>>>>>>>>>>>>>>      ] 548/669, 11.2 task/s, elapsed: 49s, ETA:    11s
[>>>>>>>>>>>>>>>>>>>>>>>      ] 549/669, 11.2 task/s, elapsed: 49s, ETA:    11s
[>>>>>>>>>>>>>>>>>>>>>>>      ] 550/669, 11.2 task/s, elapsed: 49s, ETA:    11s
[>>>>>>>>>>>>>>>>>>>>>>>      ] 551/669, 11.2 task/s, elapsed: 49s, ETA:    11s
[>>>>>>>>>>>>>>>>>>>>>>>      ] 552/669, 11.2 task/s, elapsed: 49s, ETA:    10s
[>>>>>>>>>>>>>>>>>>>>>>>      ] 553/669, 11.2 task/s, elapsed: 49s, ETA:    10s
[>>>>>>>>>>>>>>>>>>>>>>>>     ] 554/669, 11.2 task/s, elapsed: 49s, ETA:    10s
[>>>>>>>>>>>>>>>>>>>>>>>>     ] 555/669, 11.2 task/s, elapsed: 50s, ETA:    10s
[>>>>>>>>>>>>>>>>>>>>>>>>     ] 556/669, 11.2 task/s, elapsed: 50s, ETA:    10s
[>>>>>>>>>>>>>>>>>>>>>>>>     ] 557/669, 11.2 task/s, elapsed: 50s, ETA:    10s
[>>>>>>>>>>>>>>>>>>>>>>>>     ] 558/669, 11.2 task/s, elapsed: 50s, ETA:    10s
[>>>>>>>>>>>>>>>>>>>>>>>>     ] 559/669, 11.2 task/s, elapsed: 50s, ETA:    10s
[>>>>>>>>>>>>>>>>>>>>>>>>     ] 560/669, 11.2 task/s, elapsed: 50s, ETA:    10s
[>>>>>>>>>>>>>>>>>>>>>>>>     ] 561/669, 11.2 task/s, elapsed: 50s, ETA:    10s
[>>>>>>>>>>>>>>>>>>>>>>>>     ] 562/669, 11.2 task/s, elapsed: 50s, ETA:    10s
[>>>>>>>>>>>>>>>>>>>>>>>>     ] 563/669, 11.2 task/s, elapsed: 50s, ETA:     9s
[>>>>>>>>>>>>>>>>>>>>>>>>     ] 564/669, 11.2 task/s, elapsed: 50s, ETA:     9s
[>>>>>>>>>>>>>>>>>>>>>>>>     ] 565/669, 11.2 task/s, elapsed: 50s, ETA:     9s
[>>>>>>>>>>>>>>>>>>>>>>>>     ] 566/669, 11.2 task/s, elapsed: 50s, ETA:     9s
[>>>>>>>>>>>>>>>>>>>>>>>>     ] 567/669, 11.2 task/s, elapsed: 50s, ETA:     9s
[>>>>>>>>>>>>>>>>>>>>>>>>     ] 568/669, 11.2 task/s, elapsed: 51s, ETA:     9s
[>>>>>>>>>>>>>>>>>>>>>>>>     ] 569/669, 11.2 task/s, elapsed: 51s, ETA:     9s
[>>>>>>>>>>>>>>>>>>>>>>>>     ] 570/669, 11.2 task/s, elapsed: 51s, ETA:     9s
[>>>>>>>>>>>>>>>>>>>>>>>>     ] 571/669, 11.3 task/s, elapsed: 51s, ETA:     9s
[>>>>>>>>>>>>>>>>>>>>>>>>     ] 572/669, 11.3 task/s, elapsed: 51s, ETA:     9s
[>>>>>>>>>>>>>>>>>>>>>>>>     ] 573/669, 11.3 task/s, elapsed: 51s, ETA:     9s
[>>>>>>>>>>>>>>>>>>>>>>>>     ] 574/669, 11.3 task/s, elapsed: 51s, ETA:     8s
[>>>>>>>>>>>>>>>>>>>>>>>>     ] 575/669, 11.2 task/s, elapsed: 51s, ETA:     8s
[>>>>>>>>>>>>>>>>>>>>>>>>     ] 576/669, 11.3 task/s, elapsed: 51s, ETA:     8s
[>>>>>>>>>>>>>>>>>>>>>>>>>    ] 577/669, 11.3 task/s, elapsed: 51s, ETA:     8s
[>>>>>>>>>>>>>>>>>>>>>>>>>    ] 578/669, 11.3 task/s, elapsed: 51s, ETA:     8s
[>>>>>>>>>>>>>>>>>>>>>>>>>    ] 579/669, 11.3 task/s, elapsed: 51s, ETA:     8s
[>>>>>>>>>>>>>>>>>>>>>>>>>    ] 580/669, 11.3 task/s, elapsed: 52s, ETA:     8s
[>>>>>>>>>>>>>>>>>>>>>>>>>    ] 581/669, 11.3 task/s, elapsed: 52s, ETA:     8s
[>>>>>>>>>>>>>>>>>>>>>>>>>    ] 582/669, 11.3 task/s, elapsed: 52s, ETA:     8s
[>>>>>>>>>>>>>>>>>>>>>>>>>    ] 583/669, 11.3 task/s, elapsed: 52s, ETA:     8s
[>>>>>>>>>>>>>>>>>>>>>>>>>    ] 584/669, 11.3 task/s, elapsed: 52s, ETA:     8s
[>>>>>>>>>>>>>>>>>>>>>>>>>    ] 585/669, 11.3 task/s, elapsed: 52s, ETA:     7s
[>>>>>>>>>>>>>>>>>>>>>>>>>    ] 586/669, 11.3 task/s, elapsed: 52s, ETA:     7s
[>>>>>>>>>>>>>>>>>>>>>>>>>    ] 587/669, 11.3 task/s, elapsed: 52s, ETA:     7s
[>>>>>>>>>>>>>>>>>>>>>>>>>    ] 588/669, 11.3 task/s, elapsed: 52s, ETA:     7s
[>>>>>>>>>>>>>>>>>>>>>>>>>    ] 589/669, 11.3 task/s, elapsed: 52s, ETA:     7s
[>>>>>>>>>>>>>>>>>>>>>>>>>    ] 590/669, 11.3 task/s, elapsed: 52s, ETA:     7s
[>>>>>>>>>>>>>>>>>>>>>>>>>    ] 591/669, 11.3 task/s, elapsed: 52s, ETA:     7s
[>>>>>>>>>>>>>>>>>>>>>>>>>    ] 592/669, 11.3 task/s, elapsed: 53s, ETA:     7s
[>>>>>>>>>>>>>>>>>>>>>>>>>    ] 593/669, 11.3 task/s, elapsed: 53s, ETA:     7s
[>>>>>>>>>>>>>>>>>>>>>>>>>    ] 594/669, 11.3 task/s, elapsed: 53s, ETA:     7s
[>>>>>>>>>>>>>>>>>>>>>>>>>    ] 595/669, 11.3 task/s, elapsed: 53s, ETA:     7s
[>>>>>>>>>>>>>>>>>>>>>>>>>    ] 596/669, 11.3 task/s, elapsed: 53s, ETA:     6s
[>>>>>>>>>>>>>>>>>>>>>>>>>    ] 597/669, 11.3 task/s, elapsed: 53s, ETA:     6s
[>>>>>>>>>>>>>>>>>>>>>>>>>    ] 598/669, 11.3 task/s, elapsed: 53s, ETA:     6s
[>>>>>>>>>>>>>>>>>>>>>>>>>    ] 599/669, 11.3 task/s, elapsed: 53s, ETA:     6s
[>>>>>>>>>>>>>>>>>>>>>>>>>>   ] 600/669, 11.3 task/s, elapsed: 53s, ETA:     6s
[>>>>>>>>>>>>>>>>>>>>>>>>>>   ] 601/669, 11.3 task/s, elapsed: 53s, ETA:     6s
[>>>>>>>>>>>>>>>>>>>>>>>>>>   ] 602/669, 11.3 task/s, elapsed: 53s, ETA:     6s
[>>>>>>>>>>>>>>>>>>>>>>>>>>   ] 603/669, 11.3 task/s, elapsed: 53s, ETA:     6s
[>>>>>>>>>>>>>>>>>>>>>>>>>>   ] 604/669, 11.3 task/s, elapsed: 53s, ETA:     6s
[>>>>>>>>>>>>>>>>>>>>>>>>>>   ] 605/669, 11.3 task/s, elapsed: 53s, ETA:     6s
[>>>>>>>>>>>>>>>>>>>>>>>>>>   ] 606/669, 11.3 task/s, elapsed: 54s, ETA:     6s
[>>>>>>>>>>>>>>>>>>>>>>>>>>   ] 607/669, 11.3 task/s, elapsed: 54s, ETA:     5s
[>>>>>>>>>>>>>>>>>>>>>>>>>>   ] 608/669, 11.3 task/s, elapsed: 54s, ETA:     5s
[>>>>>>>>>>>>>>>>>>>>>>>>>>   ] 609/669, 11.3 task/s, elapsed: 54s, ETA:     5s
[>>>>>>>>>>>>>>>>>>>>>>>>>>   ] 610/669, 11.3 task/s, elapsed: 54s, ETA:     5s
[>>>>>>>>>>>>>>>>>>>>>>>>>>   ] 611/669, 11.3 task/s, elapsed: 54s, ETA:     5s
[>>>>>>>>>>>>>>>>>>>>>>>>>>   ] 612/669, 11.3 task/s, elapsed: 54s, ETA:     5s
[>>>>>>>>>>>>>>>>>>>>>>>>>>   ] 613/669, 11.3 task/s, elapsed: 54s, ETA:     5s
[>>>>>>>>>>>>>>>>>>>>>>>>>>   ] 614/669, 11.3 task/s, elapsed: 54s, ETA:     5s
[>>>>>>>>>>>>>>>>>>>>>>>>>>   ] 615/669, 11.3 task/s, elapsed: 54s, ETA:     5s
[>>>>>>>>>>>>>>>>>>>>>>>>>>   ] 616/669, 11.3 task/s, elapsed: 54s, ETA:     5s
[>>>>>>>>>>>>>>>>>>>>>>>>>>   ] 617/669, 11.3 task/s, elapsed: 54s, ETA:     5s
[>>>>>>>>>>>>>>>>>>>>>>>>>>   ] 618/669, 11.3 task/s, elapsed: 55s, ETA:     5s
[>>>>>>>>>>>>>>>>>>>>>>>>>>   ] 619/669, 11.3 task/s, elapsed: 55s, ETA:     4s
[>>>>>>>>>>>>>>>>>>>>>>>>>>   ] 620/669, 11.3 task/s, elapsed: 55s, ETA:     4s
[>>>>>>>>>>>>>>>>>>>>>>>>>>   ] 621/669, 11.3 task/s, elapsed: 55s, ETA:     4s
[>>>>>>>>>>>>>>>>>>>>>>>>>>   ] 622/669, 11.3 task/s, elapsed: 55s, ETA:     4s
[>>>>>>>>>>>>>>>>>>>>>>>>>>>  ] 623/669, 11.3 task/s, elapsed: 55s, ETA:     4s
[>>>>>>>>>>>>>>>>>>>>>>>>>>>  ] 624/669, 11.3 task/s, elapsed: 55s, ETA:     4s
[>>>>>>>>>>>>>>>>>>>>>>>>>>>  ] 625/669, 11.3 task/s, elapsed: 55s, ETA:     4s
[>>>>>>>>>>>>>>>>>>>>>>>>>>>  ] 626/669, 11.3 task/s, elapsed: 55s, ETA:     4s
[>>>>>>>>>>>>>>>>>>>>>>>>>>>  ] 627/669, 11.3 task/s, elapsed: 55s, ETA:     4s
[>>>>>>>>>>>>>>>>>>>>>>>>>>>  ] 628/669, 11.3 task/s, elapsed: 55s, ETA:     4s
[>>>>>>>>>>>>>>>>>>>>>>>>>>>  ] 629/669, 11.3 task/s, elapsed: 56s, ETA:     4s
[>>>>>>>>>>>>>>>>>>>>>>>>>>>  ] 630/669, 11.3 task/s, elapsed: 56s, ETA:     3s
[>>>>>>>>>>>>>>>>>>>>>>>>>>>  ] 631/669, 11.3 task/s, elapsed: 56s, ETA:     3s
[>>>>>>>>>>>>>>>>>>>>>>>>>>>  ] 632/669, 11.3 task/s, elapsed: 56s, ETA:     3s
[>>>>>>>>>>>>>>>>>>>>>>>>>>>  ] 633/669, 11.3 task/s, elapsed: 56s, ETA:     3s
[>>>>>>>>>>>>>>>>>>>>>>>>>>>  ] 634/669, 11.3 task/s, elapsed: 56s, ETA:     3s
[>>>>>>>>>>>>>>>>>>>>>>>>>>>  ] 635/669, 11.3 task/s, elapsed: 56s, ETA:     3s
[>>>>>>>>>>>>>>>>>>>>>>>>>>>  ] 636/669, 11.3 task/s, elapsed: 56s, ETA:     3s
[>>>>>>>>>>>>>>>>>>>>>>>>>>>  ] 637/669, 11.3 task/s, elapsed: 56s, ETA:     3s
[>>>>>>>>>>>>>>>>>>>>>>>>>>>  ] 638/669, 11.3 task/s, elapsed: 57s, ETA:     3s
[>>>>>>>>>>>>>>>>>>>>>>>>>>>  ] 639/669, 11.3 task/s, elapsed: 57s, ETA:     3s
[>>>>>>>>>>>>>>>>>>>>>>>>>>>  ] 640/669, 11.3 task/s, elapsed: 57s, ETA:     3s
[>>>>>>>>>>>>>>>>>>>>>>>>>>>  ] 641/669, 11.3 task/s, elapsed: 57s, ETA:     2s
[>>>>>>>>>>>>>>>>>>>>>>>>>>>  ] 642/669, 11.3 task/s, elapsed: 57s, ETA:     2s
[>>>>>>>>>>>>>>>>>>>>>>>>>>>  ] 643/669, 11.3 task/s, elapsed: 57s, ETA:     2s
[>>>>>>>>>>>>>>>>>>>>>>>>>>>  ] 644/669, 11.3 task/s, elapsed: 57s, ETA:     2s
[>>>>>>>>>>>>>>>>>>>>>>>>>>>  ] 645/669, 11.3 task/s, elapsed: 57s, ETA:     2s
[>>>>>>>>>>>>>>>>>>>>>>>>>>>> ] 646/669, 11.3 task/s, elapsed: 57s, ETA:     2s
[>>>>>>>>>>>>>>>>>>>>>>>>>>>> ] 647/669, 11.3 task/s, elapsed: 57s, ETA:     2s
[>>>>>>>>>>>>>>>>>>>>>>>>>>>> ] 648/669, 11.3 task/s, elapsed: 57s, ETA:     2s
[>>>>>>>>>>>>>>>>>>>>>>>>>>>> ] 649/669, 11.3 task/s, elapsed: 58s, ETA:     2s
[>>>>>>>>>>>>>>>>>>>>>>>>>>>> ] 650/669, 11.3 task/s, elapsed: 58s, ETA:     2s
[>>>>>>>>>>>>>>>>>>>>>>>>>>>> ] 651/669, 11.3 task/s, elapsed: 58s, ETA:     2s
[>>>>>>>>>>>>>>>>>>>>>>>>>>>> ] 652/669, 11.3 task/s, elapsed: 58s, ETA:     2s
[>>>>>>>>>>>>>>>>>>>>>>>>>>>> ] 653/669, 11.3 task/s, elapsed: 58s, ETA:     1s
[>>>>>>>>>>>>>>>>>>>>>>>>>>>> ] 654/669, 11.3 task/s, elapsed: 58s, ETA:     1s
[>>>>>>>>>>>>>>>>>>>>>>>>>>>> ] 655/669, 11.2 task/s, elapsed: 58s, ETA:     1s
[>>>>>>>>>>>>>>>>>>>>>>>>>>>> ] 656/669, 11.2 task/s, elapsed: 58s, ETA:     1s
[>>>>>>>>>>>>>>>>>>>>>>>>>>>> ] 657/669, 11.2 task/s, elapsed: 58s, ETA:     1s
[>>>>>>>>>>>>>>>>>>>>>>>>>>>> ] 658/669, 11.2 task/s, elapsed: 59s, ETA:     1s
[>>>>>>>>>>>>>>>>>>>>>>>>>>>> ] 659/669, 11.2 task/s, elapsed: 59s, ETA:     1s
[>>>>>>>>>>>>>>>>>>>>>>>>>>>> ] 660/669, 11.2 task/s, elapsed: 59s, ETA:     1s
[>>>>>>>>>>>>>>>>>>>>>>>>>>>> ] 661/669, 11.2 task/s, elapsed: 59s, ETA:     1s
[>>>>>>>>>>>>>>>>>>>>>>>>>>>> ] 662/669, 11.2 task/s, elapsed: 59s, ETA:     1s
[>>>>>>>>>>>>>>>>>>>>>>>>>>>> ] 663/669, 11.2 task/s, elapsed: 59s, ETA:     1s
[>>>>>>>>>>>>>>>>>>>>>>>>>>>> ] 664/669, 11.2 task/s, elapsed: 59s, ETA:     0s
[>>>>>>>>>>>>>>>>>>>>>>>>>>>> ] 665/669, 11.2 task/s, elapsed: 59s, ETA:     0s
[>>>>>>>>>>>>>>>>>>>>>>>>>>>> ] 666/669, 11.2 task/s, elapsed: 59s, ETA:     0s
[>>>>>>>>>>>>>>>>>>>>>>>>>>>> ] 667/669, 11.2 task/s, elapsed: 59s, ETA:     0s
[>>>>>>>>>>>>>>>>>>>>>>>>>>>> ] 668/669, 11.2 task/s, elapsed: 60s, ETA:     0s
[>>>>>>>>>>>>>>>>>>>>>>>>>>>>>] 669/669, 11.2 task/s, elapsed: 60s, ETA:     0s2026-06-30 23:00:49,207 - mmdet - INFO - Evaluating bbox...
2026-06-30 23:00:51,155 - mmdet - INFO - 
+-----------+-------+-----------+-------+-------------+-------+
| category  | AP    | category  | AP    | category    | AP    |
+-----------+-------+-----------+-------+-------------+-------+
| bicycle   | 0.254 | chair     | 0.590 | diningtable | 0.223 |
| bottle    | 0.459 | motorbike | 0.325 | car         | 0.311 |
| tvmonitor | 0.118 | bus       | 0.303 | None        | None  |
+-----------+-------+-----------+-------+-------------+-------+
2026-06-30 23:00:51,156 - mmdet - INFO - Evaluating segm...
/content/EALLIS/mmdetection/mmdet/datasets/coco.py:453: UserWarning: The key "bbox" is deleted for more accurate mask AP of small/medium/large instances since v2.12.0. This does not change the overall mAP calculation.
  warnings.warn(
2026-06-30 23:00:53,867 - mmdet - INFO - 
+-----------+-------+-----------+-------+-------------+-------+
| category  | AP    | category  | AP    | category    | AP    |
+-----------+-------+-----------+-------+-------------+-------+
| bicycle   | 0.127 | chair     | 0.561 | diningtable | 0.159 |
| bottle    | 0.463 | motorbike | 0.318 | car         | 0.136 |
| tvmonitor | 0.038 | bus       | 0.320 | None        | None  |
+-----------+-------+-----------+-------+-------------+-------+
2026-06-30 23:00:53,895 - mmdet - INFO - The previous best checkpoint /content/drive/MyDrive/Ablation/baseline/best_bbox_mAP_epoch_1.pth was removed
2026-06-30 23:00:55,491 - mmdet - INFO - Now best checkpoint is saved as best_bbox_mAP_epoch_4.pth.
2026-06-30 23:00:55,492 - mmdet - INFO - Best bbox_mAP is 0.3230 at 4 epoch.
2026-06-30 23:00:55,500 - mmdet - INFO - Exp name: train_kaggle.py
2026-06-30 23:00:55,501 - mmdet - INFO - Epoch(val) [4][669]	bbox_mAP: 0.3230, bbox_mAP_50: 0.5250, bbox_mAP_75: 0.3480, bbox_mAP_s: 0.0060, bbox_mAP_m: 0.0870, bbox_mAP_l: 0.3930, bbox_mAP_copypaste: 0.323 0.525 0.348 0.006 0.087 0.393, segm_mAP: 0.2650, segm_mAP_50: 0.4640, segm_mAP_75: 0.2640, segm_mAP_s: 0.0010, segm_mAP_m: 0.0660, segm_mAP_l: 0.3330, segm_mAP_copypaste: 0.265 0.464 0.264 0.001 0.066 0.333
/usr/local/lib/python3.12/dist-packages/torch/utils/data/dataloader.py:432: UserWarning: This DataLoader will create 4 worker processes in total. Our suggested max number of worker in current system is 2, which is smaller than what this DataLoader is going to create. Please be aware that excessive worker creation might get DataLoader running slow or even freeze, lower the worker number to avoid potential slowness/freeze if necessary.
  self.check_worker_number_rationality()
Loading and preparing results...
DONE (t=0.01s)
creating index...
index created!
Running per image evaluation...
Evaluate annotation type *bbox*
DONE (t=1.66s).
Accumulating evaluation results...
DONE (t=0.22s).
 Average Precision  (AP) @[ IoU=0.50:0.95 | area=   all | maxDets=100 ] = 0.323
 Average Precision  (AP) @[ IoU=0.50      | area=   all | maxDets=1000 ] = 0.525
 Average Precision  (AP) @[ IoU=0.75      | area=   all | maxDets=1000 ] = 0.348
 Average Precision  (AP) @[ IoU=0.50:0.95 | area= small | maxDets=1000 ] = 0.006
 Average Precision  (AP) @[ IoU=0.50:0.95 | area=medium | maxDets=1000 ] = 0.087
 Average Precision  (AP) @[ IoU=0.50:0.95 | area= large | maxDets=1000 ] = 0.393
 Average Recall     (AR) @[ IoU=0.50:0.95 | area=   all | maxDets=100 ] = 0.414
 Average Recall     (AR) @[ IoU=0.50:0.95 | area=   all | maxDets=300 ] = 0.414
 Average Recall     (AR) @[ IoU=0.50:0.95 | area=   all | maxDets=1000 ] = 0.414
 Average Recall     (AR) @[ IoU=0.50:0.95 | area= small | maxDets=1000 ] = 0.006
 Average Recall     (AR) @[ IoU=0.50:0.95 | area=medium | maxDets=1000 ] = 0.154
 Average Recall     (AR) @[ IoU=0.50:0.95 | area= large | maxDets=1000 ] = 0.490
Loading and preparing results...
DONE (t=0.15s)
creating index...
index created!
Running per image evaluation...
Evaluate annotation type *segm*
DONE (t=2.22s).
Accumulating evaluation results...
DONE (t=0.24s).
 Average Precision  (AP) @[ IoU=0.50:0.95 | area=   all | maxDets=100 ] = 0.265
 Average Precision  (AP) @[ IoU=0.50      | area=   all | maxDets=1000 ] = 0.464
 Average Precision  (AP) @[ IoU=0.75      | area=   all | maxDets=1000 ] = 0.264
 Average Precision  (AP) @[ IoU=0.50:0.95 | area= small | maxDets=1000 ] = 0.001
 Average Precision  (AP) @[ IoU=0.50:0.95 | area=medium | maxDets=1000 ] = 0.066
 Average Precision  (AP) @[ IoU=0.50:0.95 | area= large | maxDets=1000 ] = 0.333
 Average Recall     (AR) @[ IoU=0.50:0.95 | area=   all | maxDets=100 ] = 0.343
 Average Recall     (AR) @[ IoU=0.50:0.95 | area=   all | maxDets=300 ] = 0.343
 Average Recall     (AR) @[ IoU=0.50:0.95 | area=   all | maxDets=1000 ] = 0.343
 Average Recall     (AR) @[ IoU=0.50:0.95 | area= small | maxDets=1000 ] = 0.006
 Average Recall     (AR) @[ IoU=0.50:0.95 | area=medium | maxDets=1000 ] = 0.131
 Average Recall     (AR) @[ IoU=0.50:0.95 | area= large | maxDets=1000 ] = 0.411
OrderedDict({'bbox_mAP': 0.323, 'bbox_mAP_50': 0.525, 'bbox_mAP_75': 0.348, 'bbox_mAP_s': 0.006, 'bbox_mAP_m': 0.087, 'bbox_mAP_l': 0.393, 'bbox_mAP_copypaste': '0.323 0.525 0.348 0.006 0.087 0.393', 'segm_mAP': 0.265, 'segm_mAP_50': 0.464, 'segm_mAP_75': 0.264, 'segm_mAP_s': 0.001, 'segm_mAP_m': 0.066, 'segm_mAP_l': 0.333, 'segm_mAP_copypaste': '0.265 0.464 0.264 0.001 0.066 0.333'})
/usr/lib/python3.12/multiprocessing/popen_fork.py:66: DeprecationWarning: This process (pid=7466) is multi-threaded, use of fork() may lead to deadlocks in the child.
  self.pid = os.fork()
/content/EALLIS/mmdetection/mmdet/core/anchor/anchor_generator.py:323: UserWarning: ``grid_anchors`` would be deprecated soon. Please use ``grid_priors`` 
  warnings.warn('``grid_anchors`` would be deprecated soon. '
/content/EALLIS/mmdetection/mmdet/core/anchor/anchor_generator.py:359: UserWarning: ``single_level_grid_anchors`` would be deprecated soon. Please use ``single_level_grid_priors`` 
  warnings.warn(
2026-06-30 23:03:08,173 - mmdet - INFO - Epoch [12][50/1324]	lr: 1.000e-03, eta: 0:49:03, time: 2.650, data_time: 0.213, memory: 8889, noise_inv_loss: 0.0009, clean_loss_rpn_cls: 0.0156, clean_loss_rpn_bbox: 0.0164, clean_loss_cls: 0.0961, clean_acc: 96.3716, clean_loss_bbox: 0.1325, clean_loss_mask: 0.2568, loss_rpn_cls: 0.0289, loss_rpn_bbox: 0.0185, loss_cls: 0.1188, acc: 95.9287, loss_bbox: 0.1422, loss_mask: 0.3071, loss: 1.1337
2026-06-30 23:05:04,508 - mmdet - INFO - Epoch [12][100/1324]	lr: 1.000e-03, eta: 0:47:07, time: 2.327, data_time: 0.042, memory: 8889, noise_inv_loss: 0.0009, clean_loss_rpn_cls: 0.0151, clean_loss_rpn_bbox: 0.0141, clean_loss_cls: 0.0880, clean_acc: 96.6553, clean_loss_bbox: 0.1246, clean_loss_mask: 0.2536, loss_rpn_cls: 0.0301, loss_rpn_bbox: 0.0164, loss_cls: 0.1094, acc: 96.2456, loss_bbox: 0.1329, loss_mask: 0.3038, loss: 1.0889
2026-06-30 23:07:02,237 - mmdet - INFO - Epoch [12][150/1324]	lr: 1.000e-03, eta: 0:45:12, time: 2.355, data_time: 0.049, memory: 8889, noise_inv_loss: 0.0009, clean_loss_rpn_cls: 0.0139, clean_loss_rpn_bbox: 0.0141, clean_loss_cls: 0.0881, clean_acc: 96.6499, clean_loss_bbox: 0.1235, clean_loss_mask: 0.2646, loss_rpn_cls: 0.0240, loss_rpn_bbox: 0.0160, loss_cls: 0.1072, acc: 96.1719, loss_bbox: 0.1328, loss_mask: 0.3112, loss: 1.0963
2026-06-30 23:09:01,796 - mmdet - INFO - Epoch [12][200/1324]	lr: 1.000e-03, eta: 0:43:17, time: 2.391, data_time: 0.051, memory: 8889, noise_inv_loss: 0.0009, clean_loss_rpn_cls: 0.0140, clean_loss_rpn_bbox: 0.0146, clean_loss_cls: 0.0914, clean_acc: 96.6196, clean_loss_bbox: 0.1286, clean_loss_mask: 0.2566, loss_rpn_cls: 0.0254, loss_rpn_bbox: 0.0164, loss_cls: 0.1099, acc: 96.2148, loss_bbox: 0.1329, loss_mask: 0.2978, loss: 1.0884
2026-06-30 23:11:01,531 - mmdet - INFO - Epoch [12][250/1324]	lr: 1.000e-03, eta: 0:41:23, time: 2.395, data_time: 0.048, memory: 8889, noise_inv_loss: 0.0009, clean_loss_rpn_cls: 0.0146, clean_loss_rpn_bbox: 0.0155, clean_loss_cls: 0.0923, clean_acc: 96.5605, clean_loss_bbox: 0.1309, clean_loss_mask: 0.2596, loss_rpn_cls: 0.0254, loss_rpn_bbox: 0.0177, loss_cls: 0.1163, acc: 96.0659, loss_bbox: 0.1375, loss_mask: 0.3004, loss: 1.1111
2026-06-30 23:12:59,169 - mmdet - INFO - Epoch [12][300/1324]	lr: 1.000e-03, eta: 0:39:27, time: 2.353, data_time: 0.043, memory: 8889, noise_inv_loss: 0.0009, clean_loss_rpn_cls: 0.0145, clean_loss_rpn_bbox: 0.0143, clean_loss_cls: 0.0855, clean_acc: 96.8989, clean_loss_bbox: 0.1195, clean_loss_mask: 0.2546, loss_rpn_cls: 0.0252, loss_rpn_bbox: 0.0163, loss_cls: 0.1056, acc: 96.3809, loss_bbox: 0.1293, loss_mask: 0.3018, loss: 1.0676
2026-06-30 23:14:54,797 - mmdet - INFO - Epoch [12][350/1324]	lr: 1.000e-03, eta: 0:37:32, time: 2.312, data_time: 0.047, memory: 8889, noise_inv_loss: 0.0009, clean_loss_rpn_cls: 0.0139, clean_loss_rpn_bbox: 0.0127, clean_loss_cls: 0.0878, clean_acc: 96.7036, clean_loss_bbox: 0.1176, clean_loss_mask: 0.2566, loss_rpn_cls: 0.0237, loss_rpn_bbox: 0.0143, loss_cls: 0.1068, acc: 96.2788, loss_bbox: 0.1258, loss_mask: 0.2987, loss: 1.0588
2026-06-30 23:16:48,414 - mmdet - INFO - Epoch [12][400/1324]	lr: 1.000e-03, eta: 0:35:36, time: 2.272, data_time: 0.043, memory: 8889, noise_inv_loss: 0.0009, clean_loss_rpn_cls: 0.0126, clean_loss_rpn_bbox: 0.0130, clean_loss_cls: 0.0845, clean_acc: 96.7915, clean_loss_bbox: 0.1181, clean_loss_mask: 0.2593, loss_rpn_cls: 0.0239, loss_rpn_bbox: 0.0146, loss_cls: 0.1008, acc: 96.4863, loss_bbox: 0.1215, loss_mask: 0.2969, loss: 1.0460
2026-06-30 23:18:47,753 - mmdet - INFO - Epoch [12][450/1324]	lr: 1.000e-03, eta: 0:33:41, time: 2.387, data_time: 0.043, memory: 9447, noise_inv_loss: 0.0009, clean_loss_rpn_cls: 0.0165, clean_loss_rpn_bbox: 0.0166, clean_loss_cls: 0.0986, clean_acc: 96.3013, clean_loss_bbox: 0.1378, clean_loss_mask: 0.2569, loss_rpn_cls: 0.0295, loss_rpn_bbox: 0.0189, loss_cls: 0.1165, acc: 95.9536, loss_bbox: 0.1448, loss_mask: 0.2980, loss: 1.1350
2026-06-30 23:20:42,812 - mmdet - INFO - Epoch [12][500/1324]	lr: 1.000e-03, eta: 0:31:45, time: 2.301, data_time: 0.042, memory: 9447, noise_inv_loss: 0.0009, clean_loss_rpn_cls: 0.0143, clean_loss_rpn_bbox: 0.0154, clean_loss_cls: 0.0850, clean_acc: 96.7603, clean_loss_bbox: 0.1236, clean_loss_mask: 0.2620, loss_rpn_cls: 0.0279, loss_rpn_bbox: 0.0177, loss_cls: 0.1045, acc: 96.3794, loss_bbox: 0.1286, loss_mask: 0.3056, loss: 1.0856
2026-06-30 23:22:38,074 - mmdet - INFO - Epoch [12][550/1324]	lr: 1.000e-03, eta: 0:29:49, time: 2.305, data_time: 0.046, memory: 9447, noise_inv_loss: 0.0009, clean_loss_rpn_cls: 0.0155, clean_loss_rpn_bbox: 0.0151, clean_loss_cls: 0.0909, clean_acc: 96.6187, clean_loss_bbox: 0.1293, clean_loss_mask: 0.2597, loss_rpn_cls: 0.0265, loss_rpn_bbox: 0.0171, loss_cls: 0.1107, acc: 96.0688, loss_bbox: 0.1389, loss_mask: 0.3039, loss: 1.1085
2026-06-30 23:24:33,191 - mmdet - INFO - Epoch [12][600/1324]	lr: 1.000e-03, eta: 0:27:54, time: 2.302, data_time: 0.040, memory: 9447, noise_inv_loss: 0.0009, clean_loss_rpn_cls: 0.0146, clean_loss_rpn_bbox: 0.0140, clean_loss_cls: 0.0900, clean_acc: 96.7021, clean_loss_bbox: 0.1242, clean_loss_mask: 0.2520, loss_rpn_cls: 0.0256, loss_rpn_bbox: 0.0155, loss_cls: 0.1064, acc: 96.3560, loss_bbox: 0.1299, loss_mask: 0.2928, loss: 1.0659
2026-06-30 23:26:29,040 - mmdet - INFO - Epoch [12][650/1324]	lr: 1.000e-03, eta: 0:25:58, time: 2.317, data_time: 0.042, memory: 9447, noise_inv_loss: 0.0009, clean_loss_rpn_cls: 0.0157, clean_loss_rpn_bbox: 0.0163, clean_loss_cls: 0.0983, clean_acc: 96.3936, clean_loss_bbox: 0.1343, clean_loss_mask: 0.2687, loss_rpn_cls: 0.0260, loss_rpn_bbox: 0.0175, loss_cls: 0.1170, acc: 95.9917, loss_bbox: 0.1402, loss_mask: 0.3143, loss: 1.1491
2026-06-30 23:28:24,523 - mmdet - INFO - Epoch [12][700/1324]	lr: 1.000e-03, eta: 0:24:03, time: 2.310, data_time: 0.038, memory: 9447, noise_inv_loss: 0.0009, clean_loss_rpn_cls: 0.0136, clean_loss_rpn_bbox: 0.0138, clean_loss_cls: 0.0901, clean_acc: 96.6167, clean_loss_bbox: 0.1259, clean_loss_mask: 0.2693, loss_rpn_cls: 0.0259, loss_rpn_bbox: 0.0159, loss_cls: 0.1081, acc: 96.2900, loss_bbox: 0.1306, loss_mask: 0.3159, loss: 1.1102
2026-06-30 23:30:21,341 - mmdet - INFO - Epoch [12][750/1324]	lr: 1.000e-03, eta: 0:22:07, time: 2.336, data_time: 0.042, memory: 9447, noise_inv_loss: 0.0009, clean_loss_rpn_cls: 0.0122, clean_loss_rpn_bbox: 0.0131, clean_loss_cls: 0.0892, clean_acc: 96.5898, clean_loss_bbox: 0.1257, clean_loss_mask: 0.2578, loss_rpn_cls: 0.0234, loss_rpn_bbox: 0.0150, loss_cls: 0.1095, acc: 96.1211, loss_bbox: 0.1316, loss_mask: 0.3022, loss: 1.0807
2026-06-30 23:32:15,636 - mmdet - INFO - Epoch [12][800/1324]	lr: 1.000e-03, eta: 0:20:11, time: 2.286, data_time: 0.045, memory: 9447, noise_inv_loss: 0.0009, clean_loss_rpn_cls: 0.0126, clean_loss_rpn_bbox: 0.0131, clean_loss_cls: 0.0848, clean_acc: 96.8389, clean_loss_bbox: 0.1156, clean_loss_mask: 0.2631, loss_rpn_cls: 0.0251, loss_rpn_bbox: 0.0151, loss_cls: 0.1026, acc: 96.4468, loss_bbox: 0.1221, loss_mask: 0.3089, loss: 1.0641
2026-06-30 23:34:12,857 - mmdet - INFO - Epoch [12][850/1324]	lr: 1.000e-03, eta: 0:18:16, time: 2.344, data_time: 0.042, memory: 9447, noise_inv_loss: 0.0009, clean_loss_rpn_cls: 0.0154, clean_loss_rpn_bbox: 0.0151, clean_loss_cls: 0.0911, clean_acc: 96.6143, clean_loss_bbox: 0.1253, clean_loss_mask: 0.2541, loss_rpn_cls: 0.0251, loss_rpn_bbox: 0.0170, loss_cls: 0.1108, acc: 96.1406, loss_bbox: 0.1330, loss_mask: 0.2996, loss: 1.0873
2026-06-30 23:36:09,691 - mmdet - INFO - Epoch [12][900/1324]	lr: 1.000e-03, eta: 0:16:20, time: 2.337, data_time: 0.048, memory: 9447, noise_inv_loss: 0.0009, clean_loss_rpn_cls: 0.0160, clean_loss_rpn_bbox: 0.0176, clean_loss_cls: 0.1019, clean_acc: 96.2051, clean_loss_bbox: 0.1414, clean_loss_mask: 0.2664, loss_rpn_cls: 0.0316, loss_rpn_bbox: 0.0201, loss_cls: 0.1220, acc: 95.7427, loss_bbox: 0.1498, loss_mask: 0.3150, loss: 1.1826
2026-06-30 23:38:07,682 - mmdet - INFO - Epoch [12][950/1324]	lr: 1.000e-03, eta: 0:14:25, time: 2.360, data_time: 0.049, memory: 9447, noise_inv_loss: 0.0009, clean_loss_rpn_cls: 0.0150, clean_loss_rpn_bbox: 0.0182, clean_loss_cls: 0.0979, clean_acc: 96.3052, clean_loss_bbox: 0.1428, clean_loss_mask: 0.2677, loss_rpn_cls: 0.0270, loss_rpn_bbox: 0.0207, loss_cls: 0.1182, acc: 95.8301, loss_bbox: 0.1506, loss_mask: 0.3159, loss: 1.1751
2026-06-30 23:40:02,015 - mmdet - INFO - Epoch [12][1000/1324]	lr: 1.000e-03, eta: 0:12:29, time: 2.287, data_time: 0.038, memory: 9447, noise_inv_loss: 0.0010, clean_loss_rpn_cls: 0.0132, clean_loss_rpn_bbox: 0.0140, clean_loss_cls: 0.0888, clean_acc: 96.6597, clean_loss_bbox: 0.1196, clean_loss_mask: 0.2642, loss_rpn_cls: 0.0247, loss_rpn_bbox: 0.0164, loss_cls: 0.1084, acc: 96.2568, loss_bbox: 0.1278, loss_mask: 0.3141, loss: 1.0922
2026-06-30 23:41:58,606 - mmdet - INFO - Epoch [12][1050/1324]	lr: 1.000e-03, eta: 0:10:33, time: 2.332, data_time: 0.045, memory: 9447, noise_inv_loss: 0.0009, clean_loss_rpn_cls: 0.0143, clean_loss_rpn_bbox: 0.0152, clean_loss_cls: 0.0945, clean_acc: 96.5278, clean_loss_bbox: 0.1296, clean_loss_mask: 0.2708, loss_rpn_cls: 0.0300, loss_rpn_bbox: 0.0177, loss_cls: 0.1119, acc: 96.1704, loss_bbox: 0.1327, loss_mask: 0.3142, loss: 1.1318
2026-06-30 23:43:55,630 - mmdet - INFO - Epoch [12][1100/1324]	lr: 1.000e-03, eta: 0:08:38, time: 2.340, data_time: 0.045, memory: 9447, noise_inv_loss: 0.0009, clean_loss_rpn_cls: 0.0136, clean_loss_rpn_bbox: 0.0157, clean_loss_cls: 0.0918, clean_acc: 96.5273, clean_loss_bbox: 0.1303, clean_loss_mask: 0.2648, loss_rpn_cls: 0.0258, loss_rpn_bbox: 0.0181, loss_cls: 0.1100, acc: 96.1138, loss_bbox: 0.1368, loss_mask: 0.3090, loss: 1.1169
2026-06-30 23:45:50,808 - mmdet - INFO - Epoch [12][1150/1324]	lr: 1.000e-03, eta: 0:06:42, time: 2.303, data_time: 0.049, memory: 9447, noise_inv_loss: 0.0009, clean_loss_rpn_cls: 0.0138, clean_loss_rpn_bbox: 0.0145, clean_loss_cls: 0.0908, clean_acc: 96.6040, clean_loss_bbox: 0.1266, clean_loss_mask: 0.2692, loss_rpn_cls: 0.0251, loss_rpn_bbox: 0.0166, loss_cls: 0.1102, acc: 96.1465, loss_bbox: 0.1354, loss_mask: 0.3189, loss: 1.1220
2026-06-30 23:47:46,438 - mmdet - INFO - Epoch [12][1200/1324]	lr: 1.000e-03, eta: 0:04:46, time: 2.313, data_time: 0.041, memory: 9447, noise_inv_loss: 0.0009, clean_loss_rpn_cls: 0.0144, clean_loss_rpn_bbox: 0.0147, clean_loss_cls: 0.0921, clean_acc: 96.6094, clean_loss_bbox: 0.1268, clean_loss_mask: 0.2558, loss_rpn_cls: 0.0273, loss_rpn_bbox: 0.0167, loss_cls: 0.1109, acc: 96.2256, loss_bbox: 0.1309, loss_mask: 0.3006, loss: 1.0912
2026-06-30 23:49:43,606 - mmdet - INFO - Epoch [12][1250/1324]	lr: 1.000e-03, eta: 0:02:51, time: 2.343, data_time: 0.045, memory: 9447, noise_inv_loss: 0.0009, clean_loss_rpn_cls: 0.0153, clean_loss_rpn_bbox: 0.0143, clean_loss_cls: 0.0916, clean_acc: 96.6157, clean_loss_bbox: 0.1269, clean_loss_mask: 0.2706, loss_rpn_cls: 0.0259, loss_rpn_bbox: 0.0163, loss_cls: 0.1125, acc: 96.0811, loss_bbox: 0.1339, loss_mask: 0.3123, loss: 1.1206
2026-06-30 23:51:38,481 - mmdet - INFO - Epoch [12][1300/1324]	lr: 1.000e-03, eta: 0:00:55, time: 2.297, data_time: 0.044, memory: 9447, noise_inv_loss: 0.0009, clean_loss_rpn_cls: 0.0140, clean_loss_rpn_bbox: 0.0157, clean_loss_cls: 0.0898, clean_acc: 96.6641, clean_loss_bbox: 0.1248, clean_loss_mask: 0.2634, loss_rpn_cls: 0.0304, loss_rpn_bbox: 0.0185, loss_cls: 0.1068, acc: 96.3457, loss_bbox: 0.1287, loss_mask: 0.3088, loss: 1.1019
2026-06-30 23:52:31,741 - mmdet - INFO - Saving checkpoint at 5 epochs
[                                                  ] 0/669, elapsed: 0s, ETA:
[                                 ] 1/669, 1.8 task/s, elapsed: 1s, ETA:   380s
[                                 ] 2/669, 3.0 task/s, elapsed: 1s, ETA:   219s
[                                 ] 3/669, 4.1 task/s, elapsed: 1s, ETA:   164s
[                                 ] 4/669, 4.8 task/s, elapsed: 1s, ETA:   137s
[                                 ] 5/669, 5.6 task/s, elapsed: 1s, ETA:   118s
[                                 ] 6/669, 6.3 task/s, elapsed: 1s, ETA:   105s
[                                 ] 7/669, 6.9 task/s, elapsed: 1s, ETA:    97s
[                                 ] 8/669, 6.8 task/s, elapsed: 1s, ETA:    98s
[                                 ] 9/669, 7.2 task/s, elapsed: 1s, ETA:    91s
[                                ] 10/669, 7.3 task/s, elapsed: 1s, ETA:    90s
[                                ] 11/669, 7.4 task/s, elapsed: 1s, ETA:    88s
[                                ] 12/669, 7.5 task/s, elapsed: 2s, ETA:    88s
[                                ] 13/669, 7.7 task/s, elapsed: 2s, ETA:    86s
[                                ] 14/669, 7.9 task/s, elapsed: 2s, ETA:    83s
[                                ] 15/669, 8.2 task/s, elapsed: 2s, ETA:    79s
[                                ] 16/669, 8.5 task/s, elapsed: 2s, ETA:    77s
[                                ] 17/669, 8.7 task/s, elapsed: 2s, ETA:    75s
[                                ] 18/669, 8.9 task/s, elapsed: 2s, ETA:    73s
[                                ] 19/669, 9.1 task/s, elapsed: 2s, ETA:    71s
[                                ] 20/669, 9.3 task/s, elapsed: 2s, ETA:    70s
[>                               ] 21/669, 9.5 task/s, elapsed: 2s, ETA:    68s
[>                               ] 22/669, 9.5 task/s, elapsed: 2s, ETA:    68s
[>                               ] 23/669, 9.7 task/s, elapsed: 2s, ETA:    67s
[>                               ] 24/669, 9.7 task/s, elapsed: 2s, ETA:    66s
[>                               ] 25/669, 9.8 task/s, elapsed: 3s, ETA:    65s
[>                              ] 26/669, 10.0 task/s, elapsed: 3s, ETA:    65s
[>                              ] 27/669, 10.1 task/s, elapsed: 3s, ETA:    64s
[>                              ] 28/669, 10.0 task/s, elapsed: 3s, ETA:    64s
[>                              ] 29/669, 10.1 task/s, elapsed: 3s, ETA:    63s
[>                              ] 30/669, 10.2 task/s, elapsed: 3s, ETA:    63s
[>                              ] 31/669, 10.3 task/s, elapsed: 3s, ETA:    62s
[>                              ] 32/669, 10.5 task/s, elapsed: 3s, ETA:    61s
[>                              ] 33/669, 10.6 task/s, elapsed: 3s, ETA:    60s
[>                              ] 34/669, 10.7 task/s, elapsed: 3s, ETA:    59s
[>                              ] 35/669, 10.7 task/s, elapsed: 3s, ETA:    59s
[>                              ] 36/669, 10.9 task/s, elapsed: 3s, ETA:    58s
[>                              ] 37/669, 11.0 task/s, elapsed: 3s, ETA:    57s
[>                              ] 38/669, 11.1 task/s, elapsed: 3s, ETA:    57s
[>                              ] 39/669, 11.2 task/s, elapsed: 3s, ETA:    56s
[>                              ] 40/669, 11.3 task/s, elapsed: 4s, ETA:    56s
[>                              ] 41/669, 11.4 task/s, elapsed: 4s, ETA:    55s
[>                              ] 42/669, 11.5 task/s, elapsed: 4s, ETA:    55s
[>                              ] 43/669, 11.4 task/s, elapsed: 4s, ETA:    55s
[>>                             ] 44/669, 11.5 task/s, elapsed: 4s, ETA:    55s
[>>                             ] 45/669, 11.5 task/s, elapsed: 4s, ETA:    54s
[>>                             ] 46/669, 11.5 task/s, elapsed: 4s, ETA:    54s
[>>                             ] 47/669, 11.5 task/s, elapsed: 4s, ETA:    54s
[>>                             ] 48/669, 11.6 task/s, elapsed: 4s, ETA:    54s
[>>                             ] 49/669, 11.7 task/s, elapsed: 4s, ETA:    53s
[>>                             ] 50/669, 11.7 task/s, elapsed: 4s, ETA:    53s
[>>                             ] 51/669, 11.7 task/s, elapsed: 4s, ETA:    53s
[>>                             ] 52/669, 11.6 task/s, elapsed: 4s, ETA:    53s
[>>                             ] 53/669, 11.6 task/s, elapsed: 5s, ETA:    53s
[>>                             ] 54/669, 11.7 task/s, elapsed: 5s, ETA:    53s
[>>                             ] 55/669, 11.7 task/s, elapsed: 5s, ETA:    52s
[>>                             ] 56/669, 11.8 task/s, elapsed: 5s, ETA:    52s
[>>                             ] 57/669, 11.8 task/s, elapsed: 5s, ETA:    52s
[>>                             ] 58/669, 11.9 task/s, elapsed: 5s, ETA:    51s
[>>                             ] 59/669, 11.8 task/s, elapsed: 5s, ETA:    51s
[>>                             ] 60/669, 11.9 task/s, elapsed: 5s, ETA:    51s
[>>                             ] 61/669, 12.0 task/s, elapsed: 5s, ETA:    51s
[>>                             ] 62/669, 12.0 task/s, elapsed: 5s, ETA:    51s
[>>                             ] 63/669, 12.1 task/s, elapsed: 5s, ETA:    50s
[>>                             ] 64/669, 12.1 task/s, elapsed: 5s, ETA:    50s
[>>>                            ] 65/669, 12.1 task/s, elapsed: 5s, ETA:    50s
[>>>                            ] 66/669, 12.1 task/s, elapsed: 5s, ETA:    50s
[>>>                            ] 67/669, 12.1 task/s, elapsed: 6s, ETA:    50s
[>>>                            ] 68/669, 12.1 task/s, elapsed: 6s, ETA:    50s
[>>>                            ] 69/669, 12.2 task/s, elapsed: 6s, ETA:    49s
[>>>                            ] 70/669, 12.1 task/s, elapsed: 6s, ETA:    49s
[>>>                            ] 71/669, 12.1 task/s, elapsed: 6s, ETA:    49s
[>>>                            ] 72/669, 12.2 task/s, elapsed: 6s, ETA:    49s
[>>>                            ] 73/669, 12.1 task/s, elapsed: 6s, ETA:    49s
[>>>                            ] 74/669, 12.2 task/s, elapsed: 6s, ETA:    49s
[>>>                            ] 75/669, 12.2 task/s, elapsed: 6s, ETA:    49s
[>>>                            ] 76/669, 12.2 task/s, elapsed: 6s, ETA:    48s
[>>>                            ] 77/669, 12.3 task/s, elapsed: 6s, ETA:    48s
[>>>                            ] 78/669, 12.3 task/s, elapsed: 6s, ETA:    48s
[>>>                            ] 79/669, 12.4 task/s, elapsed: 6s, ETA:    48s
[>>>                            ] 80/669, 12.4 task/s, elapsed: 6s, ETA:    48s
[>>>                            ] 81/669, 12.4 task/s, elapsed: 7s, ETA:    48s
[>>>                            ] 82/669, 12.4 task/s, elapsed: 7s, ETA:    47s
[>>>                            ] 83/669, 12.5 task/s, elapsed: 7s, ETA:    47s
[>>>                            ] 84/669, 12.5 task/s, elapsed: 7s, ETA:    47s
[>>>                            ] 85/669, 12.5 task/s, elapsed: 7s, ETA:    47s
[>>>                            ] 86/669, 12.4 task/s, elapsed: 7s, ETA:    47s
[>>>>                           ] 87/669, 12.4 task/s, elapsed: 7s, ETA:    47s
[>>>>                           ] 88/669, 12.3 task/s, elapsed: 7s, ETA:    47s
[>>>>                           ] 89/669, 12.4 task/s, elapsed: 7s, ETA:    47s
[>>>>                           ] 90/669, 12.4 task/s, elapsed: 7s, ETA:    47s
[>>>>                           ] 91/669, 12.4 task/s, elapsed: 7s, ETA:    46s
[>>>>                           ] 92/669, 12.5 task/s, elapsed: 7s, ETA:    46s
[>>>>                           ] 93/669, 12.5 task/s, elapsed: 7s, ETA:    46s
[>>>>                           ] 94/669, 12.5 task/s, elapsed: 8s, ETA:    46s
[>>>>                           ] 95/669, 12.5 task/s, elapsed: 8s, ETA:    46s
[>>>>                           ] 96/669, 12.5 task/s, elapsed: 8s, ETA:    46s
[>>>>                           ] 97/669, 12.6 task/s, elapsed: 8s, ETA:    46s
[>>>>                           ] 98/669, 12.6 task/s, elapsed: 8s, ETA:    45s
[>>>>                           ] 99/669, 12.6 task/s, elapsed: 8s, ETA:    45s
[>>>>                          ] 100/669, 12.6 task/s, elapsed: 8s, ETA:    45s
[>>>>                          ] 101/669, 12.6 task/s, elapsed: 8s, ETA:    45s
[>>>>                          ] 102/669, 12.6 task/s, elapsed: 8s, ETA:    45s
[>>>>                          ] 103/669, 12.6 task/s, elapsed: 8s, ETA:    45s
[>>>>                          ] 104/669, 12.7 task/s, elapsed: 8s, ETA:    45s
[>>>>                          ] 105/669, 12.7 task/s, elapsed: 8s, ETA:    44s
[>>>>                          ] 106/669, 12.7 task/s, elapsed: 8s, ETA:    44s
[>>>>                          ] 107/669, 12.7 task/s, elapsed: 8s, ETA:    44s
[>>>>                          ] 108/669, 12.6 task/s, elapsed: 9s, ETA:    45s
[>>>>                          ] 109/669, 12.5 task/s, elapsed: 9s, ETA:    45s
[>>>>                          ] 110/669, 12.3 task/s, elapsed: 9s, ETA:    45s
[>>>>                          ] 111/669, 12.3 task/s, elapsed: 9s, ETA:    45s
[>>>>>                         ] 112/669, 12.1 task/s, elapsed: 9s, ETA:    46s
[>>>>                         ] 113/669, 11.8 task/s, elapsed: 10s, ETA:    47s
[>>>>                         ] 114/669, 11.7 task/s, elapsed: 10s, ETA:    47s
[>>>>                         ] 115/669, 11.7 task/s, elapsed: 10s, ETA:    48s
[>>>>>                        ] 116/669, 11.5 task/s, elapsed: 10s, ETA:    48s
[>>>>>                        ] 117/669, 11.4 task/s, elapsed: 10s, ETA:    48s
[>>>>>                        ] 118/669, 11.1 task/s, elapsed: 11s, ETA:    49s
[>>>>>                        ] 119/669, 11.1 task/s, elapsed: 11s, ETA:    50s
[>>>>>                        ] 120/669, 11.0 task/s, elapsed: 11s, ETA:    50s
[>>>>>                        ] 121/669, 10.7 task/s, elapsed: 11s, ETA:    51s
[>>>>>                        ] 122/669, 10.7 task/s, elapsed: 11s, ETA:    51s
[>>>>>                        ] 123/669, 10.5 task/s, elapsed: 12s, ETA:    52s
[>>>>>                        ] 124/669, 10.5 task/s, elapsed: 12s, ETA:    52s
[>>>>>                        ] 125/669, 10.4 task/s, elapsed: 12s, ETA:    52s
[>>>>>                        ] 126/669, 10.3 task/s, elapsed: 12s, ETA:    53s
[>>>>>                        ] 127/669, 10.2 task/s, elapsed: 12s, ETA:    53s
[>>>>>                        ] 128/669, 10.1 task/s, elapsed: 13s, ETA:    53s
[>>>>>                        ] 129/669, 10.1 task/s, elapsed: 13s, ETA:    53s
[>>>>>                        ] 130/669, 10.1 task/s, elapsed: 13s, ETA:    53s
[>>>>>                        ] 131/669, 10.1 task/s, elapsed: 13s, ETA:    53s
[>>>>>                        ] 132/669, 10.0 task/s, elapsed: 13s, ETA:    54s
[>>>>>                        ] 133/669, 10.0 task/s, elapsed: 13s, ETA:    53s
[>>>>>                        ] 134/669, 10.0 task/s, elapsed: 13s, ETA:    53s
[>>>>>                        ] 135/669, 10.0 task/s, elapsed: 13s, ETA:    53s
[>>>>>                        ] 136/669, 10.0 task/s, elapsed: 14s, ETA:    53s
[>>>>>                        ] 137/669, 10.0 task/s, elapsed: 14s, ETA:    53s
[>>>>>                        ] 138/669, 10.0 task/s, elapsed: 14s, ETA:    53s
[>>>>>>                       ] 139/669, 10.0 task/s, elapsed: 14s, ETA:    53s
[>>>>>>                       ] 140/669, 10.0 task/s, elapsed: 14s, ETA:    53s
[>>>>>>                       ] 141/669, 10.0 task/s, elapsed: 14s, ETA:    53s
[>>>>>>                       ] 142/669, 10.0 task/s, elapsed: 14s, ETA:    53s
[>>>>>>                       ] 143/669, 10.0 task/s, elapsed: 14s, ETA:    52s
[>>>>>>                       ] 144/669, 10.0 task/s, elapsed: 14s, ETA:    52s
[>>>>>>                       ] 145/669, 10.1 task/s, elapsed: 14s, ETA:    52s
[>>>>>>                       ] 146/669, 10.0 task/s, elapsed: 15s, ETA:    52s
[>>>>>>                       ] 147/669, 10.0 task/s, elapsed: 15s, ETA:    52s
[>>>>>>                       ] 148/669, 10.1 task/s, elapsed: 15s, ETA:    52s
[>>>>>>                       ] 149/669, 10.0 task/s, elapsed: 15s, ETA:    52s
[>>>>>>                       ] 150/669, 10.0 task/s, elapsed: 15s, ETA:    52s
[>>>>>>                       ] 151/669, 10.0 task/s, elapsed: 15s, ETA:    52s
[>>>>>>                       ] 152/669, 10.0 task/s, elapsed: 15s, ETA:    52s
[>>>>>>                       ] 153/669, 10.1 task/s, elapsed: 15s, ETA:    51s
[>>>>>>                       ] 154/669, 10.1 task/s, elapsed: 15s, ETA:    51s
[>>>>>>                       ] 155/669, 10.1 task/s, elapsed: 15s, ETA:    51s
[>>>>>>                       ] 156/669, 10.1 task/s, elapsed: 15s, ETA:    51s
[>>>>>>                       ] 157/669, 10.1 task/s, elapsed: 16s, ETA:    51s
[>>>>>>                       ] 158/669, 10.2 task/s, elapsed: 16s, ETA:    50s
[>>>>>>                       ] 159/669, 10.2 task/s, elapsed: 16s, ETA:    50s
[>>>>>>                       ] 160/669, 10.2 task/s, elapsed: 16s, ETA:    50s
[>>>>>>                       ] 161/669, 10.2 task/s, elapsed: 16s, ETA:    50s
[>>>>>>>                      ] 162/669, 10.2 task/s, elapsed: 16s, ETA:    50s
[>>>>>>>                      ] 163/669, 10.2 task/s, elapsed: 16s, ETA:    49s
[>>>>>>>                      ] 164/669, 10.3 task/s, elapsed: 16s, ETA:    49s
[>>>>>>>                      ] 165/669, 10.3 task/s, elapsed: 16s, ETA:    49s
[>>>>>>>                      ] 166/669, 10.3 task/s, elapsed: 16s, ETA:    49s
[>>>>>>>                      ] 167/669, 10.3 task/s, elapsed: 16s, ETA:    49s
[>>>>>>>                      ] 168/669, 10.3 task/s, elapsed: 16s, ETA:    49s
[>>>>>>>                      ] 169/669, 10.3 task/s, elapsed: 16s, ETA:    48s
[>>>>>>>                      ] 170/669, 10.3 task/s, elapsed: 16s, ETA:    48s
[>>>>>>>                      ] 171/669, 10.4 task/s, elapsed: 16s, ETA:    48s
[>>>>>>>                      ] 172/669, 10.4 task/s, elapsed: 17s, ETA:    48s
[>>>>>>>                      ] 173/669, 10.4 task/s, elapsed: 17s, ETA:    48s
[>>>>>>>                      ] 174/669, 10.4 task/s, elapsed: 17s, ETA:    47s
[>>>>>>>                      ] 175/669, 10.5 task/s, elapsed: 17s, ETA:    47s
[>>>>>>>                      ] 176/669, 10.5 task/s, elapsed: 17s, ETA:    47s
[>>>>>>>                      ] 177/669, 10.5 task/s, elapsed: 17s, ETA:    47s
[>>>>>>>                      ] 178/669, 10.5 task/s, elapsed: 17s, ETA:    47s
[>>>>>>>                      ] 179/669, 10.5 task/s, elapsed: 17s, ETA:    47s
[>>>>>>>                      ] 180/669, 10.5 task/s, elapsed: 17s, ETA:    46s
[>>>>>>>                      ] 181/669, 10.5 task/s, elapsed: 17s, ETA:    46s
[>>>>>>>                      ] 182/669, 10.6 task/s, elapsed: 17s, ETA:    46s
[>>>>>>>                      ] 183/669, 10.6 task/s, elapsed: 17s, ETA:    46s
[>>>>>>>                      ] 184/669, 10.6 task/s, elapsed: 17s, ETA:    46s
[>>>>>>>>                     ] 185/669, 10.6 task/s, elapsed: 17s, ETA:    46s
[>>>>>>>>                     ] 186/669, 10.6 task/s, elapsed: 17s, ETA:    45s
[>>>>>>>>                     ] 187/669, 10.6 task/s, elapsed: 18s, ETA:    46s
[>>>>>>>>                     ] 188/669, 10.6 task/s, elapsed: 18s, ETA:    46s
[>>>>>>>>                     ] 189/669, 10.6 task/s, elapsed: 18s, ETA:    45s
[>>>>>>>>                     ] 190/669, 10.5 task/s, elapsed: 18s, ETA:    45s
[>>>>>>>>                     ] 191/669, 10.5 task/s, elapsed: 18s, ETA:    45s
[>>>>>>>>                     ] 192/669, 10.5 task/s, elapsed: 18s, ETA:    45s
[>>>>>>>>                     ] 193/669, 10.5 task/s, elapsed: 18s, ETA:    45s
[>>>>>>>>                     ] 194/669, 10.5 task/s, elapsed: 18s, ETA:    45s
[>>>>>>>>                     ] 195/669, 10.5 task/s, elapsed: 19s, ETA:    45s
[>>>>>>>>                     ] 196/669, 10.5 task/s, elapsed: 19s, ETA:    45s
[>>>>>>>>                     ] 197/669, 10.4 task/s, elapsed: 19s, ETA:    45s
[>>>>>>>>                     ] 198/669, 10.4 task/s, elapsed: 19s, ETA:    45s
[>>>>>>>>                     ] 199/669, 10.4 task/s, elapsed: 19s, ETA:    45s
[>>>>>>>>                     ] 200/669, 10.4 task/s, elapsed: 19s, ETA:    45s
[>>>>>>>>                     ] 201/669, 10.4 task/s, elapsed: 19s, ETA:    45s
[>>>>>>>>                     ] 202/669, 10.4 task/s, elapsed: 19s, ETA:    45s
[>>>>>>>>                     ] 203/669, 10.4 task/s, elapsed: 20s, ETA:    45s
[>>>>>>>>                     ] 204/669, 10.4 task/s, elapsed: 20s, ETA:    45s
[>>>>>>>>                     ] 205/669, 10.4 task/s, elapsed: 20s, ETA:    45s
[>>>>>>>>                     ] 206/669, 10.4 task/s, elapsed: 20s, ETA:    44s
[>>>>>>>>                     ] 207/669, 10.4 task/s, elapsed: 20s, ETA:    44s
[>>>>>>>>>                    ] 208/669, 10.4 task/s, elapsed: 20s, ETA:    44s
[>>>>>>>>>                    ] 209/669, 10.5 task/s, elapsed: 20s, ETA:    44s
[>>>>>>>>>                    ] 210/669, 10.5 task/s, elapsed: 20s, ETA:    44s
[>>>>>>>>>                    ] 211/669, 10.5 task/s, elapsed: 20s, ETA:    44s
[>>>>>>>>>                    ] 212/669, 10.5 task/s, elapsed: 20s, ETA:    44s
[>>>>>>>>>                    ] 213/669, 10.5 task/s, elapsed: 20s, ETA:    43s
[>>>>>>>>>                    ] 214/669, 10.5 task/s, elapsed: 20s, ETA:    43s
[>>>>>>>>>                    ] 215/669, 10.5 task/s, elapsed: 20s, ETA:    43s
[>>>>>>>>>                    ] 216/669, 10.5 task/s, elapsed: 20s, ETA:    43s
[>>>>>>>>>                    ] 217/669, 10.5 task/s, elapsed: 21s, ETA:    43s
[>>>>>>>>>                    ] 218/669, 10.5 task/s, elapsed: 21s, ETA:    43s
[>>>>>>>>>                    ] 219/669, 10.5 task/s, elapsed: 21s, ETA:    43s
[>>>>>>>>>                    ] 220/669, 10.5 task/s, elapsed: 21s, ETA:    43s
[>>>>>>>>>                    ] 221/669, 10.5 task/s, elapsed: 21s, ETA:    43s
[>>>>>>>>>                    ] 222/669, 10.5 task/s, elapsed: 21s, ETA:    42s
[>>>>>>>>>                    ] 223/669, 10.5 task/s, elapsed: 21s, ETA:    42s
[>>>>>>>>>                    ] 224/669, 10.5 task/s, elapsed: 21s, ETA:    42s
[>>>>>>>>>                    ] 225/669, 10.6 task/s, elapsed: 21s, ETA:    42s
[>>>>>>>>>                    ] 226/669, 10.5 task/s, elapsed: 21s, ETA:    42s
[>>>>>>>>>                    ] 227/669, 10.6 task/s, elapsed: 21s, ETA:    42s
[>>>>>>>>>                    ] 228/669, 10.6 task/s, elapsed: 22s, ETA:    42s
[>>>>>>>>>                    ] 229/669, 10.6 task/s, elapsed: 22s, ETA:    42s
[>>>>>>>>>                    ] 230/669, 10.6 task/s, elapsed: 22s, ETA:    41s
[>>>>>>>>>>                   ] 231/669, 10.6 task/s, elapsed: 22s, ETA:    41s
[>>>>>>>>>>                   ] 232/669, 10.6 task/s, elapsed: 22s, ETA:    41s
[>>>>>>>>>>                   ] 233/669, 10.6 task/s, elapsed: 22s, ETA:    41s
[>>>>>>>>>>                   ] 234/669, 10.7 task/s, elapsed: 22s, ETA:    41s
[>>>>>>>>>>                   ] 235/669, 10.7 task/s, elapsed: 22s, ETA:    41s
[>>>>>>>>>>                   ] 236/669, 10.7 task/s, elapsed: 22s, ETA:    40s
[>>>>>>>>>>                   ] 237/669, 10.7 task/s, elapsed: 22s, ETA:    40s
[>>>>>>>>>>                   ] 238/669, 10.7 task/s, elapsed: 22s, ETA:    40s
[>>>>>>>>>>                   ] 239/669, 10.7 task/s, elapsed: 22s, ETA:    40s
[>>>>>>>>>>                   ] 240/669, 10.7 task/s, elapsed: 22s, ETA:    40s
[>>>>>>>>>>                   ] 241/669, 10.7 task/s, elapsed: 22s, ETA:    40s
[>>>>>>>>>>                   ] 242/669, 10.7 task/s, elapsed: 23s, ETA:    40s
[>>>>>>>>>>                   ] 243/669, 10.8 task/s, elapsed: 23s, ETA:    40s
[>>>>>>>>>>                   ] 244/669, 10.8 task/s, elapsed: 23s, ETA:    39s
[>>>>>>>>>>                   ] 245/669, 10.8 task/s, elapsed: 23s, ETA:    39s
[>>>>>>>>>>                   ] 246/669, 10.8 task/s, elapsed: 23s, ETA:    39s
[>>>>>>>>>>                   ] 247/669, 10.7 task/s, elapsed: 23s, ETA:    39s
[>>>>>>>>>>                   ] 248/669, 10.7 task/s, elapsed: 23s, ETA:    39s
[>>>>>>>>>>                   ] 249/669, 10.7 task/s, elapsed: 23s, ETA:    39s
[>>>>>>>>>>                   ] 250/669, 10.8 task/s, elapsed: 23s, ETA:    39s
[>>>>>>>>>>                   ] 251/669, 10.8 task/s, elapsed: 23s, ETA:    39s
[>>>>>>>>>>                   ] 252/669, 10.8 task/s, elapsed: 23s, ETA:    39s
[>>>>>>>>>>                   ] 253/669, 10.8 task/s, elapsed: 23s, ETA:    39s
[>>>>>>>>>>>                  ] 254/669, 10.8 task/s, elapsed: 24s, ETA:    38s
[>>>>>>>>>>>                  ] 255/669, 10.8 task/s, elapsed: 24s, ETA:    38s
[>>>>>>>>>>>                  ] 256/669, 10.8 task/s, elapsed: 24s, ETA:    38s
[>>>>>>>>>>>                  ] 257/669, 10.8 task/s, elapsed: 24s, ETA:    38s
[>>>>>>>>>>>                  ] 258/669, 10.7 task/s, elapsed: 24s, ETA:    38s
[>>>>>>>>>>>                  ] 259/669, 10.7 task/s, elapsed: 24s, ETA:    38s
[>>>>>>>>>>>                  ] 260/669, 10.7 task/s, elapsed: 24s, ETA:    38s
[>>>>>>>>>>>                  ] 261/669, 10.7 task/s, elapsed: 24s, ETA:    38s
[>>>>>>>>>>>                  ] 262/669, 10.7 task/s, elapsed: 25s, ETA:    38s
[>>>>>>>>>>>                  ] 263/669, 10.6 task/s, elapsed: 25s, ETA:    38s
[>>>>>>>>>>>                  ] 264/669, 10.6 task/s, elapsed: 25s, ETA:    38s
[>>>>>>>>>>>                  ] 265/669, 10.6 task/s, elapsed: 25s, ETA:    38s
[>>>>>>>>>>>                  ] 266/669, 10.6 task/s, elapsed: 25s, ETA:    38s
[>>>>>>>>>>>                  ] 267/669, 10.5 task/s, elapsed: 25s, ETA:    38s
[>>>>>>>>>>>                  ] 268/669, 10.5 task/s, elapsed: 26s, ETA:    38s
[>>>>>>>>>>>                  ] 269/669, 10.5 task/s, elapsed: 26s, ETA:    38s
[>>>>>>>>>>>                  ] 270/669, 10.5 task/s, elapsed: 26s, ETA:    38s
[>>>>>>>>>>>                  ] 271/669, 10.5 task/s, elapsed: 26s, ETA:    38s
[>>>>>>>>>>>                  ] 272/669, 10.5 task/s, elapsed: 26s, ETA:    38s
[>>>>>>>>>>>                  ] 273/669, 10.4 task/s, elapsed: 26s, ETA:    38s
[>>>>>>>>>>>                  ] 274/669, 10.4 task/s, elapsed: 26s, ETA:    38s
[>>>>>>>>>>>                  ] 275/669, 10.4 task/s, elapsed: 27s, ETA:    38s
[>>>>>>>>>>>                  ] 276/669, 10.4 task/s, elapsed: 27s, ETA:    38s
[>>>>>>>>>>>>                 ] 277/669, 10.4 task/s, elapsed: 27s, ETA:    38s
[>>>>>>>>>>>>                 ] 278/669, 10.3 task/s, elapsed: 27s, ETA:    38s
[>>>>>>>>>>>>                 ] 279/669, 10.3 task/s, elapsed: 27s, ETA:    38s
[>>>>>>>>>>>>                 ] 280/669, 10.3 task/s, elapsed: 27s, ETA:    38s
[>>>>>>>>>>>>                 ] 281/669, 10.3 task/s, elapsed: 27s, ETA:    38s
[>>>>>>>>>>>>                 ] 282/669, 10.3 task/s, elapsed: 27s, ETA:    38s
[>>>>>>>>>>>>                 ] 283/669, 10.3 task/s, elapsed: 28s, ETA:    38s
[>>>>>>>>>>>>                 ] 284/669, 10.3 task/s, elapsed: 28s, ETA:    37s
[>>>>>>>>>>>>                 ] 285/669, 10.2 task/s, elapsed: 28s, ETA:    37s
[>>>>>>>>>>>>                 ] 286/669, 10.2 task/s, elapsed: 28s, ETA:    37s
[>>>>>>>>>>>>                 ] 287/669, 10.2 task/s, elapsed: 28s, ETA:    37s
[>>>>>>>>>>>>                 ] 288/669, 10.2 task/s, elapsed: 28s, ETA:    37s
[>>>>>>>>>>>>                 ] 289/669, 10.2 task/s, elapsed: 28s, ETA:    37s
[>>>>>>>>>>>>                 ] 290/669, 10.2 task/s, elapsed: 28s, ETA:    37s
[>>>>>>>>>>>>                 ] 291/669, 10.2 task/s, elapsed: 28s, ETA:    37s
[>>>>>>>>>>>>                 ] 292/669, 10.2 task/s, elapsed: 28s, ETA:    37s
[>>>>>>>>>>>>                 ] 293/669, 10.2 task/s, elapsed: 29s, ETA:    37s
[>>>>>>>>>>>>                 ] 294/669, 10.2 task/s, elapsed: 29s, ETA:    37s
[>>>>>>>>>>>>                 ] 295/669, 10.3 task/s, elapsed: 29s, ETA:    36s
[>>>>>>>>>>>>                 ] 296/669, 10.3 task/s, elapsed: 29s, ETA:    36s
[>>>>>>>>>>>>                 ] 297/669, 10.3 task/s, elapsed: 29s, ETA:    36s
[>>>>>>>>>>>>                 ] 298/669, 10.3 task/s, elapsed: 29s, ETA:    36s
[>>>>>>>>>>>>                 ] 299/669, 10.3 task/s, elapsed: 29s, ETA:    36s
[>>>>>>>>>>>>>                ] 300/669, 10.3 task/s, elapsed: 29s, ETA:    36s
[>>>>>>>>>>>>>                ] 301/669, 10.3 task/s, elapsed: 29s, ETA:    36s
[>>>>>>>>>>>>>                ] 302/669, 10.3 task/s, elapsed: 29s, ETA:    36s
[>>>>>>>>>>>>>                ] 303/669, 10.3 task/s, elapsed: 29s, ETA:    35s
[>>>>>>>>>>>>>                ] 304/669, 10.3 task/s, elapsed: 29s, ETA:    35s
[>>>>>>>>>>>>>                ] 305/669, 10.3 task/s, elapsed: 29s, ETA:    35s
[>>>>>>>>>>>>>                ] 306/669, 10.4 task/s, elapsed: 30s, ETA:    35s
[>>>>>>>>>>>>>                ] 307/669, 10.4 task/s, elapsed: 30s, ETA:    35s
[>>>>>>>>>>>>>                ] 308/669, 10.4 task/s, elapsed: 30s, ETA:    35s
[>>>>>>>>>>>>>                ] 309/669, 10.4 task/s, elapsed: 30s, ETA:    35s
[>>>>>>>>>>>>>                ] 310/669, 10.4 task/s, elapsed: 30s, ETA:    35s
[>>>>>>>>>>>>>                ] 311/669, 10.4 task/s, elapsed: 30s, ETA:    34s
[>>>>>>>>>>>>>                ] 312/669, 10.4 task/s, elapsed: 30s, ETA:    34s
[>>>>>>>>>>>>>                ] 313/669, 10.4 task/s, elapsed: 30s, ETA:    34s
[>>>>>>>>>>>>>                ] 314/669, 10.4 task/s, elapsed: 30s, ETA:    34s
[>>>>>>>>>>>>>                ] 315/669, 10.4 task/s, elapsed: 30s, ETA:    34s
[>>>>>>>>>>>>>                ] 316/669, 10.4 task/s, elapsed: 30s, ETA:    34s
[>>>>>>>>>>>>>                ] 317/669, 10.5 task/s, elapsed: 30s, ETA:    34s
[>>>>>>>>>>>>>                ] 318/669, 10.5 task/s, elapsed: 30s, ETA:    34s
[>>>>>>>>>>>>>                ] 319/669, 10.5 task/s, elapsed: 30s, ETA:    33s
[>>>>>>>>>>>>>                ] 320/669, 10.5 task/s, elapsed: 31s, ETA:    33s
[>>>>>>>>>>>>>                ] 321/669, 10.5 task/s, elapsed: 31s, ETA:    33s
[>>>>>>>>>>>>>                ] 322/669, 10.5 task/s, elapsed: 31s, ETA:    33s
[>>>>>>>>>>>>>>               ] 323/669, 10.5 task/s, elapsed: 31s, ETA:    33s
[>>>>>>>>>>>>>>               ] 324/669, 10.5 task/s, elapsed: 31s, ETA:    33s
[>>>>>>>>>>>>>>               ] 325/669, 10.5 task/s, elapsed: 31s, ETA:    33s
[>>>>>>>>>>>>>>               ] 326/669, 10.5 task/s, elapsed: 31s, ETA:    33s
[>>>>>>>>>>>>>>               ] 327/669, 10.5 task/s, elapsed: 31s, ETA:    32s
[>>>>>>>>>>>>>>               ] 328/669, 10.5 task/s, elapsed: 31s, ETA:    32s
[>>>>>>>>>>>>>>               ] 329/669, 10.6 task/s, elapsed: 31s, ETA:    32s
[>>>>>>>>>>>>>>               ] 330/669, 10.6 task/s, elapsed: 31s, ETA:    32s
[>>>>>>>>>>>>>>               ] 331/669, 10.6 task/s, elapsed: 31s, ETA:    32s
[>>>>>>>>>>>>>>               ] 332/669, 10.6 task/s, elapsed: 31s, ETA:    32s
[>>>>>>>>>>>>>>               ] 333/669, 10.6 task/s, elapsed: 31s, ETA:    32s
[>>>>>>>>>>>>>>               ] 334/669, 10.6 task/s, elapsed: 31s, ETA:    32s
[>>>>>>>>>>>>>>               ] 335/669, 10.6 task/s, elapsed: 32s, ETA:    31s
[>>>>>>>>>>>>>>               ] 336/669, 10.6 task/s, elapsed: 32s, ETA:    31s
[>>>>>>>>>>>>>>               ] 337/669, 10.6 task/s, elapsed: 32s, ETA:    31s
[>>>>>>>>>>>>>>               ] 338/669, 10.6 task/s, elapsed: 32s, ETA:    31s
[>>>>>>>>>>>>>>               ] 339/669, 10.6 task/s, elapsed: 32s, ETA:    31s
[>>>>>>>>>>>>>>               ] 340/669, 10.6 task/s, elapsed: 32s, ETA:    31s
[>>>>>>>>>>>>>>               ] 341/669, 10.7 task/s, elapsed: 32s, ETA:    31s
[>>>>>>>>>>>>>>               ] 342/669, 10.7 task/s, elapsed: 32s, ETA:    31s
[>>>>>>>>>>>>>>               ] 343/669, 10.7 task/s, elapsed: 32s, ETA:    31s
[>>>>>>>>>>>>>>               ] 344/669, 10.7 task/s, elapsed: 32s, ETA:    30s
[>>>>>>>>>>>>>>               ] 345/669, 10.7 task/s, elapsed: 32s, ETA:    30s
[>>>>>>>>>>>>>>               ] 346/669, 10.7 task/s, elapsed: 32s, ETA:    30s
[>>>>>>>>>>>>>>>              ] 347/669, 10.7 task/s, elapsed: 32s, ETA:    30s
[>>>>>>>>>>>>>>>              ] 348/669, 10.7 task/s, elapsed: 32s, ETA:    30s
[>>>>>>>>>>>>>>>              ] 349/669, 10.7 task/s, elapsed: 33s, ETA:    30s
[>>>>>>>>>>>>>>>              ] 350/669, 10.7 task/s, elapsed: 33s, ETA:    30s
[>>>>>>>>>>>>>>>              ] 351/669, 10.7 task/s, elapsed: 33s, ETA:    30s
[>>>>>>>>>>>>>>>              ] 352/669, 10.7 task/s, elapsed: 33s, ETA:    29s
[>>>>>>>>>>>>>>>              ] 353/669, 10.8 task/s, elapsed: 33s, ETA:    29s
[>>>>>>>>>>>>>>>              ] 354/669, 10.8 task/s, elapsed: 33s, ETA:    29s
[>>>>>>>>>>>>>>>              ] 355/669, 10.8 task/s, elapsed: 33s, ETA:    29s
[>>>>>>>>>>>>>>>              ] 356/669, 10.8 task/s, elapsed: 33s, ETA:    29s
[>>>>>>>>>>>>>>>              ] 357/669, 10.8 task/s, elapsed: 33s, ETA:    29s
[>>>>>>>>>>>>>>>              ] 358/669, 10.8 task/s, elapsed: 33s, ETA:    29s
[>>>>>>>>>>>>>>>              ] 359/669, 10.8 task/s, elapsed: 33s, ETA:    29s
[>>>>>>>>>>>>>>>              ] 360/669, 10.8 task/s, elapsed: 33s, ETA:    29s
[>>>>>>>>>>>>>>>              ] 361/669, 10.8 task/s, elapsed: 33s, ETA:    28s
[>>>>>>>>>>>>>>>              ] 362/669, 10.8 task/s, elapsed: 33s, ETA:    28s
[>>>>>>>>>>>>>>>              ] 363/669, 10.8 task/s, elapsed: 34s, ETA:    28s
[>>>>>>>>>>>>>>>              ] 364/669, 10.8 task/s, elapsed: 34s, ETA:    28s
[>>>>>>>>>>>>>>>              ] 365/669, 10.8 task/s, elapsed: 34s, ETA:    28s
[>>>>>>>>>>>>>>>              ] 366/669, 10.9 task/s, elapsed: 34s, ETA:    28s
[>>>>>>>>>>>>>>>              ] 367/669, 10.9 task/s, elapsed: 34s, ETA:    28s
[>>>>>>>>>>>>>>>              ] 368/669, 10.9 task/s, elapsed: 34s, ETA:    28s
[>>>>>>>>>>>>>>>              ] 369/669, 10.9 task/s, elapsed: 34s, ETA:    28s
[>>>>>>>>>>>>>>>>             ] 370/669, 10.9 task/s, elapsed: 34s, ETA:    27s
[>>>>>>>>>>>>>>>>             ] 371/669, 10.9 task/s, elapsed: 34s, ETA:    27s
[>>>>>>>>>>>>>>>>             ] 372/669, 10.9 task/s, elapsed: 34s, ETA:    27s
[>>>>>>>>>>>>>>>>             ] 373/669, 10.9 task/s, elapsed: 34s, ETA:    27s
[>>>>>>>>>>>>>>>>             ] 374/669, 10.9 task/s, elapsed: 34s, ETA:    27s
[>>>>>>>>>>>>>>>>             ] 375/669, 10.9 task/s, elapsed: 34s, ETA:    27s
[>>>>>>>>>>>>>>>>             ] 376/669, 10.9 task/s, elapsed: 34s, ETA:    27s
[>>>>>>>>>>>>>>>>             ] 377/669, 10.9 task/s, elapsed: 34s, ETA:    27s
[>>>>>>>>>>>>>>>>             ] 378/669, 10.9 task/s, elapsed: 35s, ETA:    27s
[>>>>>>>>>>>>>>>>             ] 379/669, 11.0 task/s, elapsed: 35s, ETA:    26s
[>>>>>>>>>>>>>>>>             ] 380/669, 11.0 task/s, elapsed: 35s, ETA:    26s
[>>>>>>>>>>>>>>>>             ] 381/669, 11.0 task/s, elapsed: 35s, ETA:    26s
[>>>>>>>>>>>>>>>>             ] 382/669, 11.0 task/s, elapsed: 35s, ETA:    26s
[>>>>>>>>>>>>>>>>             ] 383/669, 11.0 task/s, elapsed: 35s, ETA:    26s
[>>>>>>>>>>>>>>>>             ] 384/669, 11.0 task/s, elapsed: 35s, ETA:    26s
[>>>>>>>>>>>>>>>>             ] 385/669, 11.0 task/s, elapsed: 35s, ETA:    26s
[>>>>>>>>>>>>>>>>             ] 386/669, 11.0 task/s, elapsed: 35s, ETA:    26s
[>>>>>>>>>>>>>>>>             ] 387/669, 11.0 task/s, elapsed: 35s, ETA:    26s
[>>>>>>>>>>>>>>>>             ] 388/669, 11.0 task/s, elapsed: 35s, ETA:    25s
[>>>>>>>>>>>>>>>>             ] 389/669, 11.0 task/s, elapsed: 35s, ETA:    25s
[>>>>>>>>>>>>>>>>             ] 390/669, 11.0 task/s, elapsed: 35s, ETA:    25s
[>>>>>>>>>>>>>>>>             ] 391/669, 11.0 task/s, elapsed: 35s, ETA:    25s
[>>>>>>>>>>>>>>>>             ] 392/669, 11.0 task/s, elapsed: 35s, ETA:    25s
[>>>>>>>>>>>>>>>>>            ] 393/669, 11.1 task/s, elapsed: 36s, ETA:    25s
[>>>>>>>>>>>>>>>>>            ] 394/669, 11.1 task/s, elapsed: 36s, ETA:    25s
[>>>>>>>>>>>>>>>>>            ] 395/669, 11.0 task/s, elapsed: 36s, ETA:    25s
[>>>>>>>>>>>>>>>>>            ] 396/669, 11.1 task/s, elapsed: 36s, ETA:    25s
[>>>>>>>>>>>>>>>>>            ] 397/669, 11.1 task/s, elapsed: 36s, ETA:    25s
[>>>>>>>>>>>>>>>>>            ] 398/669, 11.1 task/s, elapsed: 36s, ETA:    25s
[>>>>>>>>>>>>>>>>>            ] 399/669, 11.1 task/s, elapsed: 36s, ETA:    24s
[>>>>>>>>>>>>>>>>>            ] 400/669, 11.1 task/s, elapsed: 36s, ETA:    24s
[>>>>>>>>>>>>>>>>>            ] 401/669, 11.1 task/s, elapsed: 36s, ETA:    24s
[>>>>>>>>>>>>>>>>>            ] 402/669, 11.1 task/s, elapsed: 36s, ETA:    24s
[>>>>>>>>>>>>>>>>>            ] 403/669, 11.1 task/s, elapsed: 36s, ETA:    24s
[>>>>>>>>>>>>>>>>>            ] 404/669, 11.1 task/s, elapsed: 36s, ETA:    24s
[>>>>>>>>>>>>>>>>>            ] 405/669, 11.1 task/s, elapsed: 36s, ETA:    24s
[>>>>>>>>>>>>>>>>>            ] 406/669, 11.1 task/s, elapsed: 37s, ETA:    24s
[>>>>>>>>>>>>>>>>>            ] 407/669, 11.1 task/s, elapsed: 37s, ETA:    24s
[>>>>>>>>>>>>>>>>>            ] 408/669, 11.1 task/s, elapsed: 37s, ETA:    23s
[>>>>>>>>>>>>>>>>>            ] 409/669, 11.1 task/s, elapsed: 37s, ETA:    23s
[>>>>>>>>>>>>>>>>>            ] 410/669, 11.1 task/s, elapsed: 37s, ETA:    23s
[>>>>>>>>>>>>>>>>>            ] 411/669, 11.1 task/s, elapsed: 37s, ETA:    23s
[>>>>>>>>>>>>>>>>>            ] 412/669, 11.1 task/s, elapsed: 37s, ETA:    23s
[>>>>>>>>>>>>>>>>>            ] 413/669, 11.2 task/s, elapsed: 37s, ETA:    23s
[>>>>>>>>>>>>>>>>>            ] 414/669, 11.1 task/s, elapsed: 37s, ETA:    23s
[>>>>>>>>>>>>>>>>>            ] 415/669, 11.2 task/s, elapsed: 37s, ETA:    23s
[>>>>>>>>>>>>>>>>>>           ] 416/669, 11.2 task/s, elapsed: 37s, ETA:    23s
[>>>>>>>>>>>>>>>>>>           ] 417/669, 11.2 task/s, elapsed: 37s, ETA:    23s
[>>>>>>>>>>>>>>>>>>           ] 418/669, 11.2 task/s, elapsed: 37s, ETA:    22s
[>>>>>>>>>>>>>>>>>>           ] 419/669, 11.2 task/s, elapsed: 37s, ETA:    22s
[>>>>>>>>>>>>>>>>>>           ] 420/669, 11.2 task/s, elapsed: 38s, ETA:    22s
[>>>>>>>>>>>>>>>>>>           ] 421/669, 11.2 task/s, elapsed: 38s, ETA:    22s
[>>>>>>>>>>>>>>>>>>           ] 422/669, 11.2 task/s, elapsed: 38s, ETA:    22s
[>>>>>>>>>>>>>>>>>>           ] 423/669, 11.2 task/s, elapsed: 38s, ETA:    22s
[>>>>>>>>>>>>>>>>>>           ] 424/669, 11.2 task/s, elapsed: 38s, ETA:    22s
[>>>>>>>>>>>>>>>>>>           ] 425/669, 11.2 task/s, elapsed: 38s, ETA:    22s
[>>>>>>>>>>>>>>>>>>           ] 426/669, 11.2 task/s, elapsed: 38s, ETA:    22s
[>>>>>>>>>>>>>>>>>>           ] 427/669, 11.3 task/s, elapsed: 38s, ETA:    22s
[>>>>>>>>>>>>>>>>>>           ] 428/669, 11.3 task/s, elapsed: 38s, ETA:    21s
[>>>>>>>>>>>>>>>>>>           ] 429/669, 11.3 task/s, elapsed: 38s, ETA:    21s
[>>>>>>>>>>>>>>>>>>           ] 430/669, 11.3 task/s, elapsed: 38s, ETA:    21s
[>>>>>>>>>>>>>>>>>>           ] 431/669, 11.3 task/s, elapsed: 38s, ETA:    21s
[>>>>>>>>>>>>>>>>>>           ] 432/669, 11.3 task/s, elapsed: 38s, ETA:    21s
[>>>>>>>>>>>>>>>>>>           ] 433/669, 11.3 task/s, elapsed: 38s, ETA:    21s
[>>>>>>>>>>>>>>>>>>           ] 434/669, 11.3 task/s, elapsed: 38s, ETA:    21s
[>>>>>>>>>>>>>>>>>>           ] 435/669, 11.3 task/s, elapsed: 38s, ETA:    21s
[>>>>>>>>>>>>>>>>>>           ] 436/669, 11.3 task/s, elapsed: 39s, ETA:    21s
[>>>>>>>>>>>>>>>>>>           ] 437/669, 11.3 task/s, elapsed: 39s, ETA:    21s
[>>>>>>>>>>>>>>>>>>           ] 438/669, 11.3 task/s, elapsed: 39s, ETA:    20s
[>>>>>>>>>>>>>>>>>>>          ] 439/669, 11.3 task/s, elapsed: 39s, ETA:    20s
[>>>>>>>>>>>>>>>>>>>          ] 440/669, 11.3 task/s, elapsed: 39s, ETA:    20s
[>>>>>>>>>>>>>>>>>>>          ] 441/669, 11.3 task/s, elapsed: 39s, ETA:    20s
[>>>>>>>>>>>>>>>>>>>          ] 442/669, 11.3 task/s, elapsed: 39s, ETA:    20s
[>>>>>>>>>>>>>>>>>>>          ] 443/669, 11.3 task/s, elapsed: 39s, ETA:    20s
[>>>>>>>>>>>>>>>>>>>          ] 444/669, 11.3 task/s, elapsed: 39s, ETA:    20s
[>>>>>>>>>>>>>>>>>>>          ] 445/669, 11.3 task/s, elapsed: 39s, ETA:    20s
[>>>>>>>>>>>>>>>>>>>          ] 446/669, 11.3 task/s, elapsed: 40s, ETA:    20s
[>>>>>>>>>>>>>>>>>>>          ] 447/669, 11.3 task/s, elapsed: 40s, ETA:    20s
[>>>>>>>>>>>>>>>>>>>          ] 448/669, 11.3 task/s, elapsed: 40s, ETA:    20s
[>>>>>>>>>>>>>>>>>>>          ] 449/669, 11.3 task/s, elapsed: 40s, ETA:    20s
[>>>>>>>>>>>>>>>>>>>          ] 450/669, 11.3 task/s, elapsed: 40s, ETA:    19s
[>>>>>>>>>>>>>>>>>>>          ] 451/669, 11.3 task/s, elapsed: 40s, ETA:    19s
[>>>>>>>>>>>>>>>>>>>          ] 452/669, 11.3 task/s, elapsed: 40s, ETA:    19s
[>>>>>>>>>>>>>>>>>>>          ] 453/669, 11.3 task/s, elapsed: 40s, ETA:    19s
[>>>>>>>>>>>>>>>>>>>          ] 454/669, 11.2 task/s, elapsed: 40s, ETA:    19s
[>>>>>>>>>>>>>>>>>>>          ] 455/669, 11.3 task/s, elapsed: 40s, ETA:    19s
[>>>>>>>>>>>>>>>>>>>          ] 456/669, 11.3 task/s, elapsed: 41s, ETA:    19s
[>>>>>>>>>>>>>>>>>>>          ] 457/669, 11.3 task/s, elapsed: 41s, ETA:    19s
[>>>>>>>>>>>>>>>>>>>          ] 458/669, 11.3 task/s, elapsed: 41s, ETA:    19s
[>>>>>>>>>>>>>>>>>>>          ] 459/669, 11.2 task/s, elapsed: 41s, ETA:    19s
[>>>>>>>>>>>>>>>>>>>          ] 460/669, 11.2 task/s, elapsed: 41s, ETA:    19s
[>>>>>>>>>>>>>>>>>>>          ] 461/669, 11.2 task/s, elapsed: 41s, ETA:    19s
[>>>>>>>>>>>>>>>>>>>>         ] 462/669, 11.2 task/s, elapsed: 41s, ETA:    18s
[>>>>>>>>>>>>>>>>>>>>         ] 463/669, 11.2 task/s, elapsed: 41s, ETA:    18s
[>>>>>>>>>>>>>>>>>>>>         ] 464/669, 11.2 task/s, elapsed: 41s, ETA:    18s
[>>>>>>>>>>>>>>>>>>>>         ] 465/669, 11.2 task/s, elapsed: 41s, ETA:    18s
[>>>>>>>>>>>>>>>>>>>>         ] 466/669, 11.2 task/s, elapsed: 42s, ETA:    18s
[>>>>>>>>>>>>>>>>>>>>         ] 467/669, 11.2 task/s, elapsed: 42s, ETA:    18s
[>>>>>>>>>>>>>>>>>>>>         ] 468/669, 11.2 task/s, elapsed: 42s, ETA:    18s
[>>>>>>>>>>>>>>>>>>>>         ] 469/669, 11.2 task/s, elapsed: 42s, ETA:    18s
[>>>>>>>>>>>>>>>>>>>>         ] 470/669, 11.2 task/s, elapsed: 42s, ETA:    18s
[>>>>>>>>>>>>>>>>>>>>         ] 471/669, 11.2 task/s, elapsed: 42s, ETA:    18s
[>>>>>>>>>>>>>>>>>>>>         ] 472/669, 11.2 task/s, elapsed: 42s, ETA:    18s
[>>>>>>>>>>>>>>>>>>>>         ] 473/669, 11.2 task/s, elapsed: 42s, ETA:    17s
[>>>>>>>>>>>>>>>>>>>>         ] 474/669, 11.2 task/s, elapsed: 42s, ETA:    17s
[>>>>>>>>>>>>>>>>>>>>         ] 475/669, 11.2 task/s, elapsed: 42s, ETA:    17s
[>>>>>>>>>>>>>>>>>>>>         ] 476/669, 11.2 task/s, elapsed: 43s, ETA:    17s
[>>>>>>>>>>>>>>>>>>>>         ] 477/669, 11.2 task/s, elapsed: 43s, ETA:    17s
[>>>>>>>>>>>>>>>>>>>>         ] 478/669, 11.2 task/s, elapsed: 43s, ETA:    17s
[>>>>>>>>>>>>>>>>>>>>         ] 479/669, 11.2 task/s, elapsed: 43s, ETA:    17s
[>>>>>>>>>>>>>>>>>>>>         ] 480/669, 11.2 task/s, elapsed: 43s, ETA:    17s
[>>>>>>>>>>>>>>>>>>>>         ] 481/669, 11.2 task/s, elapsed: 43s, ETA:    17s
[>>>>>>>>>>>>>>>>>>>>         ] 482/669, 11.2 task/s, elapsed: 43s, ETA:    17s
[>>>>>>>>>>>>>>>>>>>>         ] 483/669, 11.2 task/s, elapsed: 43s, ETA:    17s
[>>>>>>>>>>>>>>>>>>>>         ] 484/669, 11.2 task/s, elapsed: 43s, ETA:    17s
[>>>>>>>>>>>>>>>>>>>>>        ] 485/669, 11.2 task/s, elapsed: 43s, ETA:    16s
[>>>>>>>>>>>>>>>>>>>>>        ] 486/669, 11.2 task/s, elapsed: 43s, ETA:    16s
[>>>>>>>>>>>>>>>>>>>>>        ] 487/669, 11.2 task/s, elapsed: 43s, ETA:    16s
[>>>>>>>>>>>>>>>>>>>>>        ] 488/669, 11.2 task/s, elapsed: 44s, ETA:    16s
[>>>>>>>>>>>>>>>>>>>>>        ] 489/669, 11.2 task/s, elapsed: 44s, ETA:    16s
[>>>>>>>>>>>>>>>>>>>>>        ] 490/669, 11.2 task/s, elapsed: 44s, ETA:    16s
[>>>>>>>>>>>>>>>>>>>>>        ] 491/669, 11.2 task/s, elapsed: 44s, ETA:    16s
[>>>>>>>>>>>>>>>>>>>>>        ] 492/669, 11.2 task/s, elapsed: 44s, ETA:    16s
[>>>>>>>>>>>>>>>>>>>>>        ] 493/669, 11.2 task/s, elapsed: 44s, ETA:    16s
[>>>>>>>>>>>>>>>>>>>>>        ] 494/669, 11.2 task/s, elapsed: 44s, ETA:    16s
[>>>>>>>>>>>>>>>>>>>>>        ] 495/669, 11.2 task/s, elapsed: 44s, ETA:    16s
[>>>>>>>>>>>>>>>>>>>>>        ] 496/669, 11.2 task/s, elapsed: 44s, ETA:    15s
[>>>>>>>>>>>>>>>>>>>>>        ] 497/669, 11.2 task/s, elapsed: 44s, ETA:    15s
[>>>>>>>>>>>>>>>>>>>>>        ] 498/669, 11.2 task/s, elapsed: 44s, ETA:    15s
[>>>>>>>>>>>>>>>>>>>>>        ] 499/669, 11.2 task/s, elapsed: 44s, ETA:    15s
[>>>>>>>>>>>>>>>>>>>>>        ] 500/669, 11.2 task/s, elapsed: 45s, ETA:    15s
[>>>>>>>>>>>>>>>>>>>>>        ] 501/669, 11.2 task/s, elapsed: 45s, ETA:    15s
[>>>>>>>>>>>>>>>>>>>>>        ] 502/669, 11.2 task/s, elapsed: 45s, ETA:    15s
[>>>>>>>>>>>>>>>>>>>>>        ] 503/669, 11.2 task/s, elapsed: 45s, ETA:    15s
[>>>>>>>>>>>>>>>>>>>>>        ] 504/669, 11.3 task/s, elapsed: 45s, ETA:    15s
[>>>>>>>>>>>>>>>>>>>>>        ] 505/669, 11.3 task/s, elapsed: 45s, ETA:    15s
[>>>>>>>>>>>>>>>>>>>>>        ] 506/669, 11.3 task/s, elapsed: 45s, ETA:    14s
[>>>>>>>>>>>>>>>>>>>>>        ] 507/669, 11.3 task/s, elapsed: 45s, ETA:    14s
[>>>>>>>>>>>>>>>>>>>>>>       ] 508/669, 11.3 task/s, elapsed: 45s, ETA:    14s
[>>>>>>>>>>>>>>>>>>>>>>       ] 509/669, 11.3 task/s, elapsed: 45s, ETA:    14s
[>>>>>>>>>>>>>>>>>>>>>>       ] 510/669, 11.3 task/s, elapsed: 45s, ETA:    14s
[>>>>>>>>>>>>>>>>>>>>>>       ] 511/669, 11.3 task/s, elapsed: 45s, ETA:    14s
[>>>>>>>>>>>>>>>>>>>>>>       ] 512/669, 11.3 task/s, elapsed: 45s, ETA:    14s
[>>>>>>>>>>>>>>>>>>>>>>       ] 513/669, 11.3 task/s, elapsed: 45s, ETA:    14s
[>>>>>>>>>>>>>>>>>>>>>>       ] 514/669, 11.3 task/s, elapsed: 45s, ETA:    14s
[>>>>>>>>>>>>>>>>>>>>>>       ] 515/669, 11.3 task/s, elapsed: 46s, ETA:    14s
[>>>>>>>>>>>>>>>>>>>>>>       ] 516/669, 11.3 task/s, elapsed: 46s, ETA:    14s
[>>>>>>>>>>>>>>>>>>>>>>       ] 517/669, 11.3 task/s, elapsed: 46s, ETA:    13s
[>>>>>>>>>>>>>>>>>>>>>>       ] 518/669, 11.3 task/s, elapsed: 46s, ETA:    13s
[>>>>>>>>>>>>>>>>>>>>>>       ] 519/669, 11.3 task/s, elapsed: 46s, ETA:    13s
[>>>>>>>>>>>>>>>>>>>>>>       ] 520/669, 11.3 task/s, elapsed: 46s, ETA:    13s
[>>>>>>>>>>>>>>>>>>>>>>       ] 521/669, 11.3 task/s, elapsed: 46s, ETA:    13s
[>>>>>>>>>>>>>>>>>>>>>>       ] 522/669, 11.3 task/s, elapsed: 46s, ETA:    13s
[>>>>>>>>>>>>>>>>>>>>>>       ] 523/669, 11.3 task/s, elapsed: 46s, ETA:    13s
[>>>>>>>>>>>>>>>>>>>>>>       ] 524/669, 11.3 task/s, elapsed: 46s, ETA:    13s
[>>>>>>>>>>>>>>>>>>>>>>       ] 525/669, 11.3 task/s, elapsed: 46s, ETA:    13s
[>>>>>>>>>>>>>>>>>>>>>>       ] 526/669, 11.3 task/s, elapsed: 46s, ETA:    13s
[>>>>>>>>>>>>>>>>>>>>>>       ] 527/669, 11.3 task/s, elapsed: 47s, ETA:    13s
[>>>>>>>>>>>>>>>>>>>>>>       ] 528/669, 11.3 task/s, elapsed: 47s, ETA:    12s
[>>>>>>>>>>>>>>>>>>>>>>       ] 529/669, 11.3 task/s, elapsed: 47s, ETA:    12s
[>>>>>>>>>>>>>>>>>>>>>>       ] 530/669, 11.3 task/s, elapsed: 47s, ETA:    12s
[>>>>>>>>>>>>>>>>>>>>>>>      ] 531/669, 11.3 task/s, elapsed: 47s, ETA:    12s
[>>>>>>>>>>>>>>>>>>>>>>>      ] 532/669, 11.3 task/s, elapsed: 47s, ETA:    12s
[>>>>>>>>>>>>>>>>>>>>>>>      ] 533/669, 11.3 task/s, elapsed: 47s, ETA:    12s
[>>>>>>>>>>>>>>>>>>>>>>>      ] 534/669, 11.3 task/s, elapsed: 47s, ETA:    12s
[>>>>>>>>>>>>>>>>>>>>>>>      ] 535/669, 11.3 task/s, elapsed: 47s, ETA:    12s
[>>>>>>>>>>>>>>>>>>>>>>>      ] 536/669, 11.3 task/s, elapsed: 47s, ETA:    12s
[>>>>>>>>>>>>>>>>>>>>>>>      ] 537/669, 11.3 task/s, elapsed: 47s, ETA:    12s
[>>>>>>>>>>>>>>>>>>>>>>>      ] 538/669, 11.3 task/s, elapsed: 47s, ETA:    12s
[>>>>>>>>>>>>>>>>>>>>>>>      ] 539/669, 11.3 task/s, elapsed: 47s, ETA:    11s
[>>>>>>>>>>>>>>>>>>>>>>>      ] 540/669, 11.4 task/s, elapsed: 48s, ETA:    11s
[>>>>>>>>>>>>>>>>>>>>>>>      ] 541/669, 11.4 task/s, elapsed: 48s, ETA:    11s
[>>>>>>>>>>>>>>>>>>>>>>>      ] 542/669, 11.4 task/s, elapsed: 48s, ETA:    11s
[>>>>>>>>>>>>>>>>>>>>>>>      ] 543/669, 11.4 task/s, elapsed: 48s, ETA:    11s
[>>>>>>>>>>>>>>>>>>>>>>>      ] 544/669, 11.4 task/s, elapsed: 48s, ETA:    11s
[>>>>>>>>>>>>>>>>>>>>>>>      ] 545/669, 11.4 task/s, elapsed: 48s, ETA:    11s
[>>>>>>>>>>>>>>>>>>>>>>>      ] 546/669, 11.4 task/s, elapsed: 48s, ETA:    11s
[>>>>>>>>>>>>>>>>>>>>>>>      ] 547/669, 11.4 task/s, elapsed: 48s, ETA:    11s
[>>>>>>>>>>>>>>>>>>>>>>>      ] 548/669, 11.4 task/s, elapsed: 48s, ETA:    11s
[>>>>>>>>>>>>>>>>>>>>>>>      ] 549/669, 11.4 task/s, elapsed: 48s, ETA:    11s
[>>>>>>>>>>>>>>>>>>>>>>>      ] 550/669, 11.4 task/s, elapsed: 48s, ETA:    10s
[>>>>>>>>>>>>>>>>>>>>>>>      ] 551/669, 11.4 task/s, elapsed: 48s, ETA:    10s
[>>>>>>>>>>>>>>>>>>>>>>>      ] 552/669, 11.4 task/s, elapsed: 48s, ETA:    10s
[>>>>>>>>>>>>>>>>>>>>>>>      ] 553/669, 11.4 task/s, elapsed: 48s, ETA:    10s
[>>>>>>>>>>>>>>>>>>>>>>>>     ] 554/669, 11.4 task/s, elapsed: 49s, ETA:    10s
[>>>>>>>>>>>>>>>>>>>>>>>>     ] 555/669, 11.4 task/s, elapsed: 49s, ETA:    10s
[>>>>>>>>>>>>>>>>>>>>>>>>     ] 556/669, 11.4 task/s, elapsed: 49s, ETA:    10s
[>>>>>>>>>>>>>>>>>>>>>>>>     ] 557/669, 11.4 task/s, elapsed: 49s, ETA:    10s
[>>>>>>>>>>>>>>>>>>>>>>>>     ] 558/669, 11.4 task/s, elapsed: 49s, ETA:    10s
[>>>>>>>>>>>>>>>>>>>>>>>>     ] 559/669, 11.4 task/s, elapsed: 49s, ETA:    10s
[>>>>>>>>>>>>>>>>>>>>>>>>     ] 560/669, 11.4 task/s, elapsed: 49s, ETA:    10s
[>>>>>>>>>>>>>>>>>>>>>>>>     ] 561/669, 11.4 task/s, elapsed: 49s, ETA:     9s
[>>>>>>>>>>>>>>>>>>>>>>>>     ] 562/669, 11.4 task/s, elapsed: 49s, ETA:     9s
[>>>>>>>>>>>>>>>>>>>>>>>>     ] 563/669, 11.4 task/s, elapsed: 49s, ETA:     9s
[>>>>>>>>>>>>>>>>>>>>>>>>     ] 564/669, 11.5 task/s, elapsed: 49s, ETA:     9s
[>>>>>>>>>>>>>>>>>>>>>>>>     ] 565/669, 11.5 task/s, elapsed: 49s, ETA:     9s
[>>>>>>>>>>>>>>>>>>>>>>>>     ] 566/669, 11.5 task/s, elapsed: 49s, ETA:     9s
[>>>>>>>>>>>>>>>>>>>>>>>>     ] 567/669, 11.5 task/s, elapsed: 49s, ETA:     9s
[>>>>>>>>>>>>>>>>>>>>>>>>     ] 568/669, 11.5 task/s, elapsed: 50s, ETA:     9s
[>>>>>>>>>>>>>>>>>>>>>>>>     ] 569/669, 11.5 task/s, elapsed: 50s, ETA:     9s
[>>>>>>>>>>>>>>>>>>>>>>>>     ] 570/669, 11.5 task/s, elapsed: 50s, ETA:     9s
[>>>>>>>>>>>>>>>>>>>>>>>>     ] 571/669, 11.5 task/s, elapsed: 50s, ETA:     9s
[>>>>>>>>>>>>>>>>>>>>>>>>     ] 572/669, 11.5 task/s, elapsed: 50s, ETA:     8s
[>>>>>>>>>>>>>>>>>>>>>>>>     ] 573/669, 11.5 task/s, elapsed: 50s, ETA:     8s
[>>>>>>>>>>>>>>>>>>>>>>>>     ] 574/669, 11.5 task/s, elapsed: 50s, ETA:     8s
[>>>>>>>>>>>>>>>>>>>>>>>>     ] 575/669, 11.5 task/s, elapsed: 50s, ETA:     8s
[>>>>>>>>>>>>>>>>>>>>>>>>     ] 576/669, 11.5 task/s, elapsed: 50s, ETA:     8s
[>>>>>>>>>>>>>>>>>>>>>>>>>    ] 577/669, 11.5 task/s, elapsed: 50s, ETA:     8s
[>>>>>>>>>>>>>>>>>>>>>>>>>    ] 578/669, 11.5 task/s, elapsed: 50s, ETA:     8s
[>>>>>>>>>>>>>>>>>>>>>>>>>    ] 579/669, 11.5 task/s, elapsed: 50s, ETA:     8s
[>>>>>>>>>>>>>>>>>>>>>>>>>    ] 580/669, 11.5 task/s, elapsed: 50s, ETA:     8s
[>>>>>>>>>>>>>>>>>>>>>>>>>    ] 581/669, 11.5 task/s, elapsed: 51s, ETA:     8s
[>>>>>>>>>>>>>>>>>>>>>>>>>    ] 582/669, 11.5 task/s, elapsed: 51s, ETA:     8s
[>>>>>>>>>>>>>>>>>>>>>>>>>    ] 583/669, 11.5 task/s, elapsed: 51s, ETA:     7s
[>>>>>>>>>>>>>>>>>>>>>>>>>    ] 584/669, 11.5 task/s, elapsed: 51s, ETA:     7s
[>>>>>>>>>>>>>>>>>>>>>>>>>    ] 585/669, 11.5 task/s, elapsed: 51s, ETA:     7s
[>>>>>>>>>>>>>>>>>>>>>>>>>    ] 586/669, 11.5 task/s, elapsed: 51s, ETA:     7s
[>>>>>>>>>>>>>>>>>>>>>>>>>    ] 587/669, 11.5 task/s, elapsed: 51s, ETA:     7s
[>>>>>>>>>>>>>>>>>>>>>>>>>    ] 588/669, 11.5 task/s, elapsed: 51s, ETA:     7s
[>>>>>>>>>>>>>>>>>>>>>>>>>    ] 589/669, 11.5 task/s, elapsed: 51s, ETA:     7s
[>>>>>>>>>>>>>>>>>>>>>>>>>    ] 590/669, 11.5 task/s, elapsed: 51s, ETA:     7s
[>>>>>>>>>>>>>>>>>>>>>>>>>    ] 591/669, 11.5 task/s, elapsed: 51s, ETA:     7s
[>>>>>>>>>>>>>>>>>>>>>>>>>    ] 592/669, 11.5 task/s, elapsed: 51s, ETA:     7s
[>>>>>>>>>>>>>>>>>>>>>>>>>    ] 593/669, 11.5 task/s, elapsed: 51s, ETA:     7s
[>>>>>>>>>>>>>>>>>>>>>>>>>    ] 594/669, 11.5 task/s, elapsed: 52s, ETA:     7s
[>>>>>>>>>>>>>>>>>>>>>>>>>    ] 595/669, 11.5 task/s, elapsed: 52s, ETA:     6s
[>>>>>>>>>>>>>>>>>>>>>>>>>    ] 596/669, 11.5 task/s, elapsed: 52s, ETA:     6s
[>>>>>>>>>>>>>>>>>>>>>>>>>    ] 597/669, 11.5 task/s, elapsed: 52s, ETA:     6s
[>>>>>>>>>>>>>>>>>>>>>>>>>    ] 598/669, 11.5 task/s, elapsed: 52s, ETA:     6s
[>>>>>>>>>>>>>>>>>>>>>>>>>    ] 599/669, 11.5 task/s, elapsed: 52s, ETA:     6s
[>>>>>>>>>>>>>>>>>>>>>>>>>>   ] 600/669, 11.6 task/s, elapsed: 52s, ETA:     6s
[>>>>>>>>>>>>>>>>>>>>>>>>>>   ] 601/669, 11.6 task/s, elapsed: 52s, ETA:     6s
[>>>>>>>>>>>>>>>>>>>>>>>>>>   ] 602/669, 11.6 task/s, elapsed: 52s, ETA:     6s
[>>>>>>>>>>>>>>>>>>>>>>>>>>   ] 603/669, 11.6 task/s, elapsed: 52s, ETA:     6s
[>>>>>>>>>>>>>>>>>>>>>>>>>>   ] 604/669, 11.6 task/s, elapsed: 52s, ETA:     6s
[>>>>>>>>>>>>>>>>>>>>>>>>>>   ] 605/669, 11.6 task/s, elapsed: 52s, ETA:     6s
[>>>>>>>>>>>>>>>>>>>>>>>>>>   ] 606/669, 11.6 task/s, elapsed: 52s, ETA:     5s
[>>>>>>>>>>>>>>>>>>>>>>>>>>   ] 607/669, 11.6 task/s, elapsed: 52s, ETA:     5s
[>>>>>>>>>>>>>>>>>>>>>>>>>>   ] 608/669, 11.6 task/s, elapsed: 53s, ETA:     5s
[>>>>>>>>>>>>>>>>>>>>>>>>>>   ] 609/669, 11.6 task/s, elapsed: 53s, ETA:     5s
[>>>>>>>>>>>>>>>>>>>>>>>>>>   ] 610/669, 11.6 task/s, elapsed: 53s, ETA:     5s
[>>>>>>>>>>>>>>>>>>>>>>>>>>   ] 611/669, 11.6 task/s, elapsed: 53s, ETA:     5s
[>>>>>>>>>>>>>>>>>>>>>>>>>>   ] 612/669, 11.6 task/s, elapsed: 53s, ETA:     5s
[>>>>>>>>>>>>>>>>>>>>>>>>>>   ] 613/669, 11.6 task/s, elapsed: 53s, ETA:     5s
[>>>>>>>>>>>>>>>>>>>>>>>>>>   ] 614/669, 11.6 task/s, elapsed: 53s, ETA:     5s
[>>>>>>>>>>>>>>>>>>>>>>>>>>   ] 615/669, 11.6 task/s, elapsed: 53s, ETA:     5s
[>>>>>>>>>>>>>>>>>>>>>>>>>>   ] 616/669, 11.6 task/s, elapsed: 53s, ETA:     5s
[>>>>>>>>>>>>>>>>>>>>>>>>>>   ] 617/669, 11.6 task/s, elapsed: 53s, ETA:     4s
[>>>>>>>>>>>>>>>>>>>>>>>>>>   ] 618/669, 11.6 task/s, elapsed: 53s, ETA:     4s
[>>>>>>>>>>>>>>>>>>>>>>>>>>   ] 619/669, 11.6 task/s, elapsed: 53s, ETA:     4s
[>>>>>>>>>>>>>>>>>>>>>>>>>>   ] 620/669, 11.6 task/s, elapsed: 54s, ETA:     4s
[>>>>>>>>>>>>>>>>>>>>>>>>>>   ] 621/669, 11.6 task/s, elapsed: 54s, ETA:     4s
[>>>>>>>>>>>>>>>>>>>>>>>>>>   ] 622/669, 11.6 task/s, elapsed: 54s, ETA:     4s
[>>>>>>>>>>>>>>>>>>>>>>>>>>>  ] 623/669, 11.6 task/s, elapsed: 54s, ETA:     4s
[>>>>>>>>>>>>>>>>>>>>>>>>>>>  ] 624/669, 11.6 task/s, elapsed: 54s, ETA:     4s
[>>>>>>>>>>>>>>>>>>>>>>>>>>>  ] 625/669, 11.5 task/s, elapsed: 54s, ETA:     4s
[>>>>>>>>>>>>>>>>>>>>>>>>>>>  ] 626/669, 11.5 task/s, elapsed: 54s, ETA:     4s
[>>>>>>>>>>>>>>>>>>>>>>>>>>>  ] 627/669, 11.5 task/s, elapsed: 54s, ETA:     4s
[>>>>>>>>>>>>>>>>>>>>>>>>>>>  ] 628/669, 11.5 task/s, elapsed: 55s, ETA:     4s
[>>>>>>>>>>>>>>>>>>>>>>>>>>>  ] 629/669, 11.5 task/s, elapsed: 55s, ETA:     3s
[>>>>>>>>>>>>>>>>>>>>>>>>>>>  ] 630/669, 11.5 task/s, elapsed: 55s, ETA:     3s
[>>>>>>>>>>>>>>>>>>>>>>>>>>>  ] 631/669, 11.5 task/s, elapsed: 55s, ETA:     3s
[>>>>>>>>>>>>>>>>>>>>>>>>>>>  ] 632/669, 11.4 task/s, elapsed: 55s, ETA:     3s
[>>>>>>>>>>>>>>>>>>>>>>>>>>>  ] 633/669, 11.4 task/s, elapsed: 55s, ETA:     3s
[>>>>>>>>>>>>>>>>>>>>>>>>>>>  ] 634/669, 11.4 task/s, elapsed: 55s, ETA:     3s
[>>>>>>>>>>>>>>>>>>>>>>>>>>>  ] 635/669, 11.4 task/s, elapsed: 55s, ETA:     3s
[>>>>>>>>>>>>>>>>>>>>>>>>>>>  ] 636/669, 11.4 task/s, elapsed: 56s, ETA:     3s
[>>>>>>>>>>>>>>>>>>>>>>>>>>>  ] 637/669, 11.4 task/s, elapsed: 56s, ETA:     3s
[>>>>>>>>>>>>>>>>>>>>>>>>>>>  ] 638/669, 11.4 task/s, elapsed: 56s, ETA:     3s
[>>>>>>>>>>>>>>>>>>>>>>>>>>>  ] 639/669, 11.4 task/s, elapsed: 56s, ETA:     3s
[>>>>>>>>>>>>>>>>>>>>>>>>>>>  ] 640/669, 11.4 task/s, elapsed: 56s, ETA:     3s
[>>>>>>>>>>>>>>>>>>>>>>>>>>>  ] 641/669, 11.4 task/s, elapsed: 56s, ETA:     2s
[>>>>>>>>>>>>>>>>>>>>>>>>>>>  ] 642/669, 11.4 task/s, elapsed: 56s, ETA:     2s
[>>>>>>>>>>>>>>>>>>>>>>>>>>>  ] 643/669, 11.4 task/s, elapsed: 56s, ETA:     2s
[>>>>>>>>>>>>>>>>>>>>>>>>>>>  ] 644/669, 11.4 task/s, elapsed: 57s, ETA:     2s
[>>>>>>>>>>>>>>>>>>>>>>>>>>>  ] 645/669, 11.4 task/s, elapsed: 57s, ETA:     2s
[>>>>>>>>>>>>>>>>>>>>>>>>>>>> ] 646/669, 11.4 task/s, elapsed: 57s, ETA:     2s
[>>>>>>>>>>>>>>>>>>>>>>>>>>>> ] 647/669, 11.3 task/s, elapsed: 57s, ETA:     2s
[>>>>>>>>>>>>>>>>>>>>>>>>>>>> ] 648/669, 11.3 task/s, elapsed: 57s, ETA:     2s
[>>>>>>>>>>>>>>>>>>>>>>>>>>>> ] 649/669, 11.3 task/s, elapsed: 57s, ETA:     2s
[>>>>>>>>>>>>>>>>>>>>>>>>>>>> ] 650/669, 11.3 task/s, elapsed: 57s, ETA:     2s
[>>>>>>>>>>>>>>>>>>>>>>>>>>>> ] 651/669, 11.3 task/s, elapsed: 57s, ETA:     2s
[>>>>>>>>>>>>>>>>>>>>>>>>>>>> ] 652/669, 11.3 task/s, elapsed: 58s, ETA:     2s
[>>>>>>>>>>>>>>>>>>>>>>>>>>>> ] 653/669, 11.3 task/s, elapsed: 58s, ETA:     1s
[>>>>>>>>>>>>>>>>>>>>>>>>>>>> ] 654/669, 11.3 task/s, elapsed: 58s, ETA:     1s
[>>>>>>>>>>>>>>>>>>>>>>>>>>>> ] 655/669, 11.3 task/s, elapsed: 58s, ETA:     1s
[>>>>>>>>>>>>>>>>>>>>>>>>>>>> ] 656/669, 11.3 task/s, elapsed: 58s, ETA:     1s
[>>>>>>>>>>>>>>>>>>>>>>>>>>>> ] 657/669, 11.3 task/s, elapsed: 58s, ETA:     1s
[>>>>>>>>>>>>>>>>>>>>>>>>>>>> ] 658/669, 11.3 task/s, elapsed: 58s, ETA:     1s
[>>>>>>>>>>>>>>>>>>>>>>>>>>>> ] 659/669, 11.3 task/s, elapsed: 58s, ETA:     1s
[>>>>>>>>>>>>>>>>>>>>>>>>>>>> ] 660/669, 11.3 task/s, elapsed: 58s, ETA:     1s
[>>>>>>>>>>>>>>>>>>>>>>>>>>>> ] 661/669, 11.3 task/s, elapsed: 58s, ETA:     1s
[>>>>>>>>>>>>>>>>>>>>>>>>>>>> ] 662/669, 11.3 task/s, elapsed: 58s, ETA:     1s
[>>>>>>>>>>>>>>>>>>>>>>>>>>>> ] 663/669, 11.3 task/s, elapsed: 58s, ETA:     1s
[>>>>>>>>>>>>>>>>>>>>>>>>>>>> ] 664/669, 11.4 task/s, elapsed: 58s, ETA:     0s
[>>>>>>>>>>>>>>>>>>>>>>>>>>>> ] 665/669, 11.4 task/s, elapsed: 59s, ETA:     0s
[>>>>>>>>>>>>>>>>>>>>>>>>>>>> ] 666/669, 11.4 task/s, elapsed: 59s, ETA:     0s
[>>>>>>>>>>>>>>>>>>>>>>>>>>>> ] 667/669, 11.4 task/s, elapsed: 59s, ETA:     0s
[>>>>>>>>>>>>>>>>>>>>>>>>>>>> ] 668/669, 11.3 task/s, elapsed: 59s, ETA:     0s
[>>>>>>>>>>>>>>>>>>>>>>>>>>>>>] 669/669, 11.4 task/s, elapsed: 59s, ETA:     0s2026-06-30 23:53:33,306 - mmdet - INFO - Evaluating bbox...
2026-06-30 23:53:35,575 - mmdet - INFO - 
+-----------+-------+-----------+-------+-------------+-------+
| category  | AP    | category  | AP    | category    | AP    |
+-----------+-------+-----------+-------+-------------+-------+
| bicycle   | 0.251 | chair     | 0.592 | diningtable | 0.213 |
| bottle    | 0.455 | motorbike | 0.328 | car         | 0.315 |
| tvmonitor | 0.116 | bus       | 0.296 | None        | None  |
+-----------+-------+-----------+-------+-------------+-------+
2026-06-30 23:53:35,575 - mmdet - INFO - Evaluating segm...
/content/EALLIS/mmdetection/mmdet/datasets/coco.py:453: UserWarning: The key "bbox" is deleted for more accurate mask AP of small/medium/large instances since v2.12.0. This does not change the overall mAP calculation.
  warnings.warn(
2026-06-30 23:53:37,252 - mmdet - INFO - 
+-----------+-------+-----------+-------+-------------+-------+
| category  | AP    | category  | AP    | category    | AP    |
+-----------+-------+-----------+-------+-------------+-------+
| bicycle   | 0.135 | chair     | 0.562 | diningtable | 0.152 |
| bottle    | 0.453 | motorbike | 0.321 | car         | 0.144 |
| tvmonitor | 0.036 | bus       | 0.307 | None        | None  |
+-----------+-------+-----------+-------+-------------+-------+
2026-06-30 23:53:37,279 - mmdet - INFO - Exp name: train_kaggle.py
2026-06-30 23:53:37,280 - mmdet - INFO - Epoch(val) [12][669]	bbox_mAP: 0.3900, bbox_mAP_50: 0.5180, bbox_mAP_75: 0.3380, bbox_mAP_s: 0.0030, bbox_mAP_m: 0.0820, bbox_mAP_l: 0.3930, bbox_mAP_copypaste: 0.390 0.518 0.338 0.003 0.082 0.393, segm_mAP: 0.3200, segm_mAP_50: 0.4600, segm_mAP_75: 0.3100, segm_mAP_s: 0.0010, segm_mAP_m: 0.0640, segm_mAP_l: 0.3320, segm_mAP_copypaste: 0.320 0.460 0.310 0.001 0.064 0.332
Loading and preparing results...
DONE (t=0.01s)
creating index...
index created!
Running per image evaluation...
Evaluate annotation type *bbox*
DONE (t=2.03s).
Accumulating evaluation results...
DONE (t=0.21s).
 Average Precision  (AP) @[ IoU=0.50:0.95 | area=   all | maxDets=100 ] = 0.390
 Average Precision  (AP) @[ IoU=0.50      | area=   all | maxDets=1000 ] = 0.518
 Average Precision  (AP) @[ IoU=0.75      | area=   all | maxDets=1000 ] = 0.338
 Average Precision  (AP) @[ IoU=0.50:0.95 | area= small | maxDets=1000 ] = 0.003
 Average Precision  (AP) @[ IoU=0.50:0.95 | area=medium | maxDets=1000 ] = 0.082
 Average Precision  (AP) @[ IoU=0.50:0.95 | area= large | maxDets=1000 ] = 0.393
 Average Recall     (AR) @[ IoU=0.50:0.95 | area=   all | maxDets=100 ] = 0.412
 Average Recall     (AR) @[ IoU=0.50:0.95 | area=   all | maxDets=300 ] = 0.412
 Average Recall     (AR) @[ IoU=0.50:0.95 | area=   all | maxDets=1000 ] = 0.412
 Average Recall     (AR) @[ IoU=0.50:0.95 | area= small | maxDets=1000 ] = 0.006
 Average Recall     (AR) @[ IoU=0.50:0.95 | area=medium | maxDets=1000 ] = 0.145
 Average Recall     (AR) @[ IoU=0.50:0.95 | area= large | maxDets=1000 ] = 0.489
Loading and preparing results...
DONE (t=0.15s)
creating index...
index created!
Running per image evaluation...
Evaluate annotation type *segm*
DONE (t=1.22s).
Accumulating evaluation results...
DONE (t=0.21s).
 Average Precision  (AP) @[ IoU=0.50:0.95 | area=   all | maxDets=100 ] = 0.320
 Average Precision  (AP) @[ IoU=0.50      | area=   all | maxDets=1000 ] = 0.460
 Average Precision  (AP) @[ IoU=0.75      | area=   all | maxDets=1000 ] = 0.310
 Average Precision  (AP) @[ IoU=0.50:0.95 | area= small | maxDets=1000 ] = 0.001
 Average Precision  (AP) @[ IoU=0.50:0.95 | area=medium | maxDets=1000 ] = 0.064
 Average Precision  (AP) @[ IoU=0.50:0.95 | area= large | maxDets=1000 ] = 0.332
 Average Recall     (AR) @[ IoU=0.50:0.95 | area=   all | maxDets=100 ] = 0.339
 Average Recall     (AR) @[ IoU=0.50:0.95 | area=   all | maxDets=300 ] = 0.339
 Average Recall     (AR) @[ IoU=0.50:0.95 | area=   all | maxDets=1000 ] = 0.339
 Average Recall     (AR) @[ IoU=0.50:0.95 | area= small | maxDets=1000 ] = 0.006
 Average Recall     (AR) @[ IoU=0.50:0.95 | area=medium | maxDets=1000 ] = 0.121
 Average Recall     (AR) @[ IoU=0.50:0.95 | area= large | maxDets=1000 ] = 0.408
OrderedDict({'bbox_mAP': 0.39, 'bbox_mAP_50': 0.518, 'bbox_mAP_75': 0.338, 'bbox_mAP_s': 0.003, 'bbox_mAP_m': 0.082, 'bbox_mAP_l': 0.393, 'bbox_mAP_copypaste': '0.390 0.518 0.338 0.003 0.082 0.393', 'segm_mAP': 0.32, 'segm_mAP_50': 0.46, 'segm_mAP_75': 0.31, 'segm_mAP_s': 0.001, 'segm_mAP_m': 0.064, 'segm_mAP_l': 0.332, 'segm_mAP_copypaste': '0.320 0.460 0.310 0.001 0.064 0.332'})
