/usr/local/lib/python3.12/dist-packages/mmcv/__init__.py:20: UserWarning: On January 1, 2023, MMCV will release v2.0.0, in which it will remove components related to the training process and add a data transformation module. In addition, it will rename the package names mmcv to mmcv-lite and mmcv-full to mmcv. See https://github.com/open-mmlab/mmcv/blob/master/docs/en/compatibility.md for more details.
  warnings.warn(
2026-06-30 23:34:15,872 - mmdet - INFO - Environment info:
------------------------------------------------------------
sys.platform: linux
Python: 3.12.13 (main, Mar  4 2026, 09:23:07) [GCC 11.4.0]
CUDA available: True
GPU 0: Tesla T4
CUDA_HOME: /usr/local/cuda
NVCC: Cuda compilation tools, release 12.8, V12.8.93
GCC: x86_64-linux-gnu-gcc (Ubuntu 11.4.0-1ubuntu1~22.04.3) 11.4.0
PyTorch: 2.11.0+cu128
PyTorch compiling details: PyTorch built with:
  - GCC 13.3
  - C++ Version: 201703
  - Intel(R) oneAPI Math Kernel Library Version 2024.2-Product Build 20240605 for Intel(R) 64 architecture applications
  - Intel(R) MKL-DNN v3.10.2 (Git Hash f1d471933dc852f956fd05389f9313c7148783d5)
  - OpenMP 201511 (a.k.a. OpenMP 4.5)
  - LAPACK is enabled (usually provided by MKL)
  - NNPACK is enabled
  - CPU capability usage: AVX512
  - CUDA Runtime 12.8
  - NVCC architecture flags: -gencode;arch=compute_75,code=sm_75;-gencode;arch=compute_80,code=sm_80;-gencode;arch=compute_86,code=sm_86;-gencode;arch=compute_90,code=sm_90;-gencode;arch=compute_100,code=sm_100;-gencode;arch=compute_120,code=sm_120
  - CuDNN 91.9  (built against CUDA 12.9)
  - Magma 2.6.1
  - Build settings: BLAS_INFO=mkl, BUILD_TYPE=Release, COMMIT_SHA=70d99e998b4955e0049d13a98d77ae1b14db1f45, CUDA_VERSION=12.8, CUDNN_VERSION=9.19.0, CXX_COMPILER=/opt/rh/gcc-toolset-13/root/usr/bin/c++, CXX_FLAGS= -fvisibility-inlines-hidden -DUSE_PTHREADPOOL -DNDEBUG -DUSE_KINETO -DLIBKINETO_NOROCTRACER -DLIBKINETO_NOXPUPTI=ON -DUSE_FBGEMM -DUSE_MSLK -DUSE_PYTORCH_QNNPACK -DUSE_XNNPACK -DSYMBOLICATE_MOBILE_DEBUG_HANDLE -O2 -fPIC -DC10_NODEPRECATED -Wall -Wextra -Werror=return-type -Werror=non-virtual-dtor -Werror=range-loop-construct -Werror=bool-operation -Wnarrowing -Wno-missing-field-initializers -Wno-unknown-pragmas -Wno-unused-parameter -Wno-strict-overflow -Wno-strict-aliasing -Wno-stringop-overflow -Wsuggest-override -Wno-psabi -Wno-error=old-style-cast -faligned-new -Wno-maybe-uninitialized -fno-math-errno -fno-trapping-math -Werror=format -Wno-dangling-reference -Wno-error=dangling-reference -Wno-stringop-overflow, LAPACK_INFO=mkl, PERF_WITH_AVX=1, PERF_WITH_AVX2=1, TORCH_VERSION=2.11.0, USE_CUDA=ON, USE_CUDNN=ON, USE_CUSPARSELT=1, USE_GFLAGS=OFF, USE_GLOG=OFF, USE_GLOO=ON, USE_MKL=ON, USE_MKLDNN=ON, USE_MPI=OFF, USE_NCCL=1, USE_NNPACK=ON, USE_OPENMP=ON, USE_ROCM=OFF, USE_ROCM_KERNEL_ASSERT=OFF, USE_XCCL=OFF, USE_XPU=OFF, 

TorchVision: 0.26.0+cu128
OpenCV: 4.13.0
MMCV: 1.7.2
MMCV Compiler: GCC 11.4
MMCV CUDA Compiler: 12.8
MMDetection: 2.15.1+df1d8a6
------------------------------------------------------------

2026-06-30 23:34:16,772 - mmdet - INFO - Distributed training: False
2026-06-30 23:34:17,239 - mmdet - INFO - Config:
dataset_type = 'CocoDataset'
data_root = 'data/coco/'
img_norm_cfg = dict(
    mean=[103.53, 116.28, 123.675], std=[1.0, 1.0, 1.0], to_rgb=False)
train_pipeline = [
    dict(type='LoadImageFromFile'),
    dict(
        type='LoadAnnotations',
        with_bbox=True,
        with_mask=True,
        poly2mask=False),
    dict(type='GenerateEdgeTargets'),
    dict(
        type='Resize',
        img_scale=(600, 400),
        keep_ratio=True,
        interpolate_mode='nearest'),
    dict(type='RandomFlip', flip_ratio=0.5),
    dict(
        type='AddNoisyImg',
        model='PGRU',
        camera='CanonEOS5D4',
        cfa='bayer',
        use_255=True,
        pre_adjust_brightness=False,
        mode='unprocess_addnoise',
        dark_ratio=(1.0, 1.0),
        noise_ratio=(10, 100)),
    dict(
        type='Normalize',
        mean=[103.53, 116.28, 123.675],
        std=[1.0, 1.0, 1.0],
        to_rgb=False),
    dict(type='Pad', size_divisor=32),
    dict(type='DefaultFormatBundle'),
    dict(
        type='Collect',
        keys=[
            'img', 'noisy_img', 'gt_bboxes', 'gt_labels', 'gt_masks',
            'gt_edges'
        ])
]
test_pipeline = [
    dict(type='LoadImageFromFile'),
    dict(
        type='MultiScaleFlipAug',
        img_scale=(600, 400),
        flip=False,
        transforms=[
            dict(type='Resize', keep_ratio=True, interpolate_mode='nearest'),
            dict(type='RandomFlip'),
            dict(
                type='Normalize',
                mean=[103.53, 116.28, 123.675],
                std=[1.0, 1.0, 1.0],
                to_rgb=False),
            dict(type='Pad', size_divisor=32),
            dict(type='ImageToTensor', keys=['img']),
            dict(type='Collect', keys=['img'])
        ])
]
test_lod_coco = dict(
    classes=('bicycle', 'car', 'motorbike', 'bus', 'bottle', 'chair',
             'diningtable', 'tvmonitor'),
    type='CocoDataset',
    ann_file='data/eallis/annotations/eallis_coco_JPG_test+1.json',
    img_prefix='data/eallis/',
    pipeline=[
        dict(type='LoadImageFromFile'),
        dict(
            type='MultiScaleFlipAug',
            img_scale=(600, 400),
            flip=False,
            transforms=[
                dict(
                    type='Resize', keep_ratio=True,
                    interpolate_mode='nearest'),
                dict(type='RandomFlip'),
                dict(
                    type='Normalize',
                    mean=[103.53, 116.28, 123.675],
                    std=[1.0, 1.0, 1.0],
                    to_rgb=False),
                dict(type='Pad', size_divisor=32),
                dict(type='ImageToTensor', keys=['img']),
                dict(type='Collect', keys=['img'])
            ])
    ])
train_eallis = dict(
    classes=('bicycle', 'car', 'motorbike', 'bus', 'bottle', 'chair',
             'diningtable', 'tvmonitor'),
    type='CocoDataset',
    ann_file='data/eallis/annotations/eallis_coco_JPG_train+1.json',
    img_prefix='data/eallis/',
    pipeline=[
        dict(type='LoadImageFromFile'),
        dict(
            type='LoadAnnotations',
            with_bbox=True,
            with_mask=True,
            poly2mask=False),
        dict(type='GenerateEdgeTargets'),
        dict(
            type='Resize',
            img_scale=(600, 400),
            keep_ratio=True,
            interpolate_mode='nearest'),
        dict(type='RandomFlip', flip_ratio=0.5),
        dict(
            type='AddNoisyImg',
            model='PGRU',
            camera='CanonEOS5D4',
            cfa='bayer',
            use_255=True,
            pre_adjust_brightness=False,
            mode='unprocess_addnoise',
            dark_ratio=(1.0, 1.0),
            noise_ratio=(10, 100)),
        dict(
            type='Normalize',
            mean=[103.53, 116.28, 123.675],
            std=[1.0, 1.0, 1.0],
            to_rgb=False),
        dict(type='Pad', size_divisor=32),
        dict(type='DefaultFormatBundle'),
        dict(
            type='Collect',
            keys=[
                'img', 'noisy_img', 'gt_bboxes', 'gt_labels', 'gt_masks',
                'gt_edges'
            ])
    ])
coco = dict(
    classes=('bicycle', 'chair', 'dining table', 'bottle', 'motorcycle', 'car',
             'tv', 'bus'),
    type='CocoDataset',
    ann_file='data/coco_subset/instances_train2017_subset.json',
    img_prefix='data/coco/train2017/',
    pipeline=[
        dict(type='LoadImageFromFile'),
        dict(
            type='LoadAnnotations',
            with_bbox=True,
            with_mask=True,
            poly2mask=False),
        dict(type='GenerateEdgeTargets'),
        dict(
            type='Resize',
            img_scale=(600, 400),
            keep_ratio=True,
            interpolate_mode='nearest'),
        dict(type='RandomFlip', flip_ratio=0.5),
        dict(
            type='AddNoisyImg',
            model='PGRU',
            camera='CanonEOS5D4',
            cfa='bayer',
            use_255=True,
            pre_adjust_brightness=False,
            mode='unprocess_addnoise',
            dark_ratio=(1.0, 1.0),
            noise_ratio=(10, 100)),
        dict(
            type='Normalize',
            mean=[103.53, 116.28, 123.675],
            std=[1.0, 1.0, 1.0],
            to_rgb=False),
        dict(type='Pad', size_divisor=32),
        dict(type='DefaultFormatBundle'),
        dict(
            type='Collect',
            keys=[
                'img', 'noisy_img', 'gt_bboxes', 'gt_labels', 'gt_masks',
                'gt_edges'
            ])
    ])
coco_val = dict(
    classes=('bicycle', 'chair', 'dining table', 'bottle', 'motorcycle', 'car',
             'tv', 'bus'),
    type='CocoDataset',
    ann_file='data/coco/annotations/instances_val2017.json',
    img_prefix='data/coco/val2017/',
    pipeline=[
        dict(type='LoadImageFromFile'),
        dict(
            type='MultiScaleFlipAug',
            img_scale=(600, 400),
            flip=False,
            transforms=[
                dict(
                    type='Resize', keep_ratio=True,
                    interpolate_mode='nearest'),
                dict(type='RandomFlip'),
                dict(
                    type='Normalize',
                    mean=[103.53, 116.28, 123.675],
                    std=[1.0, 1.0, 1.0],
                    to_rgb=False),
                dict(type='Pad', size_divisor=32),
                dict(type='ImageToTensor', keys=['img']),
                dict(type='Collect', keys=['img'])
            ])
    ])
BATCHSIZE = 8
GPU = 1
data = dict(
    samples_per_gpu=8,
    workers_per_gpu=4,
    train=[
        dict(
            classes=('bicycle', 'chair', 'dining table', 'bottle',
                     'motorcycle', 'car', 'tv', 'bus'),
            type='CocoDataset',
            ann_file='data/coco_subset/instances_train2017_subset.json',
            img_prefix='data/coco/train2017/',
            pipeline=[
                dict(type='LoadImageFromFile'),
                dict(
                    type='LoadAnnotations',
                    with_bbox=True,
                    with_mask=True,
                    poly2mask=False),
                dict(type='GenerateEdgeTargets'),
                dict(
                    type='Resize',
                    img_scale=(600, 400),
                    keep_ratio=True,
                    interpolate_mode='nearest'),
                dict(type='RandomFlip', flip_ratio=0.5),
                dict(
                    type='AddNoisyImg',
                    model='PGRU',
                    camera='CanonEOS5D4',
                    cfa='bayer',
                    use_255=True,
                    pre_adjust_brightness=False,
                    mode='unprocess_addnoise',
                    dark_ratio=(1.0, 1.0),
                    noise_ratio=(10, 100)),
                dict(
                    type='Normalize',
                    mean=[103.53, 116.28, 123.675],
                    std=[1.0, 1.0, 1.0],
                    to_rgb=False),
                dict(type='Pad', size_divisor=32),
                dict(type='DefaultFormatBundle'),
                dict(
                    type='Collect',
                    keys=[
                        'img', 'noisy_img', 'gt_bboxes', 'gt_labels',
                        'gt_masks', 'gt_edges'
                    ])
            ])
    ],
    val=dict(
        classes=('bicycle', 'car', 'motorbike', 'bus', 'bottle', 'chair',
                 'diningtable', 'tvmonitor'),
        type='CocoDataset',
        ann_file='data/eallis/annotations/eallis_coco_JPG_test+1.json',
        img_prefix='data/eallis/',
        pipeline=[
            dict(type='LoadImageFromFile'),
            dict(
                type='MultiScaleFlipAug',
                img_scale=(600, 400),
                flip=False,
                transforms=[
                    dict(
                        type='Resize',
                        keep_ratio=True,
                        interpolate_mode='nearest'),
                    dict(type='RandomFlip'),
                    dict(
                        type='Normalize',
                        mean=[103.53, 116.28, 123.675],
                        std=[1.0, 1.0, 1.0],
                        to_rgb=False),
                    dict(type='Pad', size_divisor=32),
                    dict(type='ImageToTensor', keys=['img']),
                    dict(type='Collect', keys=['img'])
                ])
        ]),
    test=dict(
        classes=('bicycle', 'car', 'motorbike', 'bus', 'bottle', 'chair',
                 'diningtable', 'tvmonitor'),
        type='CocoDataset',
        ann_file='data/eallis/annotations/eallis_coco_JPG_test+1.json',
        img_prefix='data/eallis/',
        pipeline=[
            dict(type='LoadImageFromFile'),
            dict(
                type='MultiScaleFlipAug',
                img_scale=(600, 400),
                flip=False,
                transforms=[
                    dict(
                        type='Resize',
                        keep_ratio=True,
                        interpolate_mode='nearest'),
                    dict(type='RandomFlip'),
                    dict(
                        type='Normalize',
                        mean=[103.53, 116.28, 123.675],
                        std=[1.0, 1.0, 1.0],
                        to_rgb=False),
                    dict(type='Pad', size_divisor=32),
                    dict(type='ImageToTensor', keys=['img']),
                    dict(type='Collect', keys=['img'])
                ])
        ]))
evaluation = dict(interval=1, metric=['bbox', 'segm'], save_best='bbox_mAP')
optimizer = dict(
    type='SGD',
    lr=0.01,
    momentum=0.9,
    weight_decay=0.0001,
    paramwise_cfg=dict(
        custom_keys=dict(
            llpf=dict(lr_mult=2.0),
            learnable_conv1=dict(lr_mult=2.0),
            AdaD=dict(lr_mult=2.0))))
optimizer_config = dict(grad_clip=None)
lr_config = dict(
    policy='step',
    warmup='linear',
    warmup_iters=500,
    warmup_ratio=0.001,
    step=[9, 11])
runner = dict(type='EpochBasedRunner', max_epochs=12)
checkpoint_config = dict(interval=1, max_keep_ckpts=2)
log_config = dict(interval=50, hooks=[dict(type='TextLoggerHook')])
custom_hooks = [dict(type='NumClassCheckHook')]
dist_params = dict(backend='nccl')
log_level = 'INFO'
work_dir = '/content/drive/MyDrive/Ablation/full'
load_from = '/content/drive/MyDrive/EALLIS_checkpoints/Checkpoint1.pth'
resume_from = None
gpu_ids = range(0, 1)
seed = 42
workflow = [('train', 1)]
find_unused_parameters = True
model = dict(
    type='MaskRCNNNoiseInv',
    backbone=dict(
        type='ResNet',
        depth=50,
        num_stages=4,
        out_indices=(0, 1, 2, 3),
        frozen_stages=1,
        norm_cfg=dict(type='BN', requires_grad=True),
        norm_eval=True,
        style='caffe',
        init_cfg=dict(
            type='Pretrained',
            checkpoint='open-mmlab://detectron2/resnet50_caffe'),
        use_eallis=True,
        use_edge=True),
    neck=dict(
        type='FPN',
        in_channels=[256, 512, 1024, 2048],
        out_channels=256,
        num_outs=5),
    rpn_head=dict(
        type='RPNHead',
        in_channels=256,
        feat_channels=256,
        anchor_generator=dict(
            type='AnchorGenerator',
            scales=[8],
            ratios=[0.5, 1.0, 2.0],
            strides=[4, 8, 16, 32, 64]),
        bbox_coder=dict(
            type='DeltaXYWHBBoxCoder',
            target_means=[0.0, 0.0, 0.0, 0.0],
            target_stds=[1.0, 1.0, 1.0, 1.0]),
        loss_cls=dict(
            type='CrossEntropyLoss', use_sigmoid=True, loss_weight=1.0),
        loss_bbox=dict(type='L1Loss', loss_weight=1.0)),
    roi_head=dict(
        type='StandardRoIHead',
        bbox_roi_extractor=dict(
            type='SingleRoIExtractor',
            roi_layer=dict(type='RoIAlign', output_size=7, sampling_ratio=0),
            out_channels=256,
            featmap_strides=[4, 8, 16, 32]),
        bbox_head=dict(
            type='Shared2FCBBoxHead',
            in_channels=256,
            fc_out_channels=1024,
            roi_feat_size=7,
            num_classes=8,
            bbox_coder=dict(
                type='DeltaXYWHBBoxCoder',
                target_means=[0.0, 0.0, 0.0, 0.0],
                target_stds=[0.1, 0.1, 0.2, 0.2]),
            reg_class_agnostic=False,
            loss_cls=dict(
                type='CrossEntropyLoss', use_sigmoid=False, loss_weight=1.0),
            loss_bbox=dict(type='L1Loss', loss_weight=1.0)),
        mask_roi_extractor=dict(
            type='SingleRoIExtractor',
            roi_layer=dict(type='RoIAlign', output_size=14, sampling_ratio=0),
            out_channels=256,
            featmap_strides=[4, 8, 16, 32]),
        mask_head=dict(
            type='FCNMaskHead',
            num_convs=4,
            in_channels=256,
            conv_out_channels=256,
            num_classes=8,
            loss_mask=dict(
                type='CrossEntropyLoss', use_mask=True, loss_weight=1.0))),
    train_cfg=dict(
        rpn=dict(
            assigner=dict(
                type='MaxIoUAssigner',
                pos_iou_thr=0.7,
                neg_iou_thr=0.3,
                min_pos_iou=0.3,
                match_low_quality=True,
                ignore_iof_thr=-1),
            sampler=dict(
                type='RandomSampler',
                num=256,
                pos_fraction=0.5,
                neg_pos_ub=-1,
                add_gt_as_proposals=False),
            allowed_border=-1,
            pos_weight=-1,
            debug=False),
        rpn_proposal=dict(
            nms_pre=2000,
            max_per_img=1000,
            nms=dict(type='nms', iou_threshold=0.7),
            min_bbox_size=0),
        rcnn=dict(
            assigner=dict(
                type='MaxIoUAssigner',
                pos_iou_thr=0.5,
                neg_iou_thr=0.5,
                min_pos_iou=0.5,
                match_low_quality=True,
                ignore_iof_thr=-1),
            sampler=dict(
                type='RandomSampler',
                num=512,
                pos_fraction=0.25,
                neg_pos_ub=-1,
                add_gt_as_proposals=True),
            mask_size=28,
            pos_weight=-1,
            debug=False)),
    test_cfg=dict(
        rpn=dict(
            nms_pre=1000,
            max_per_img=1000,
            nms=dict(type='nms', iou_threshold=0.7),
            min_bbox_size=0),
        rcnn=dict(
            score_thr=0.05,
            nms=dict(type='nms', iou_threshold=0.5),
            max_per_img=100,
            mask_thr_binary=0.5)))
edge_loss = dict(type='EdgeLoss', loss_weight=1.0)
custom_imports = dict(
    imports=[
        'mmdetection_custom_part.mmdet.datasets.pipelines.edge_target',
        'mmdetection_custom_part.mmdet.models.backbones.resnet'
    ],
    allow_failed_imports=False)

2026-06-30 23:34:17,240 - mmdet - INFO - Set random seed to 42, deterministic: False
/content/EALLIS/mmdetection/mmdet/core/anchor/builder.py:15: UserWarning: ``build_anchor_generator`` would be deprecated soon, please use ``build_prior_generator`` 
  warnings.warn(
2026-06-30 23:34:18,637 - mmcv - INFO - initialize ResNet with init_cfg {'type': 'Pretrained', 'checkpoint': 'open-mmlab://detectron2/resnet50_caffe'}
2026-06-30 23:34:18,637 - mmcv - INFO - load model from: open-mmlab://detectron2/resnet50_caffe
2026-06-30 23:34:18,638 - mmcv - INFO - load checkpoint from openmmlab path: open-mmlab://detectron2/resnet50_caffe
Downloading: "https://download.openmmlab.com/pretrain/third_party/resnet50_msra-5891d200.pth" to /root/.cache/torch/hub/checkpoints/resnet50_msra-5891d200.pth

  0%|          | 0.00/89.9M [00:00<?, ?B/s]
  0%|          | 256k/89.9M [00:00<00:36, 2.57MB/s]
  1%|          | 768k/89.9M [00:00<00:23, 4.05MB/s]
  2%|▏         | 1.38M/89.9M [00:00<00:18, 4.99MB/s]
  2%|▏         | 2.12M/89.9M [00:00<00:15, 6.08MB/s]
  3%|▎         | 3.12M/89.9M [00:00<00:12, 7.37MB/s]
  5%|▍         | 4.25M/89.9M [00:00<00:10, 8.70MB/s]
  6%|▋         | 5.62M/89.9M [00:00<00:08, 10.4MB/s]
  8%|▊         | 7.12M/89.9M [00:00<00:07, 11.9MB/s]
  9%|▉         | 8.50M/89.9M [00:00<00:06, 12.6MB/s]
 11%|█         | 10.0M/89.9M [00:01<00:06, 13.5MB/s]
 13%|█▎        | 11.5M/89.9M [00:01<00:05, 13.9MB/s]
 14%|█▍        | 13.0M/89.9M [00:01<00:05, 14.4MB/s]
 16%|█▌        | 14.5M/89.9M [00:01<00:05, 14.7MB/s]
 18%|█▊        | 16.0M/89.9M [00:01<00:05, 14.7MB/s]
 20%|█▉        | 17.6M/89.9M [00:01<00:05, 14.8MB/s]
 21%|██▏       | 19.2M/89.9M [00:01<00:04, 15.0MB/s]
 23%|██▎       | 20.9M/89.9M [00:01<00:04, 15.2MB/s]
 25%|██▌       | 22.5M/89.9M [00:01<00:04, 15.3MB/s]
 27%|██▋       | 24.0M/89.9M [00:01<00:04, 15.4MB/s]
 28%|██▊       | 25.6M/89.9M [00:02<00:04, 15.2MB/s]
 30%|███       | 27.2M/89.9M [00:02<00:04, 15.3MB/s]
 32%|███▏      | 28.8M/89.9M [00:02<00:04, 15.3MB/s]
 34%|███▍      | 30.4M/89.9M [00:02<00:04, 15.5MB/s]
 35%|███▌      | 31.9M/89.9M [00:02<00:03, 15.5MB/s]
 37%|███▋      | 33.4M/89.9M [00:02<00:03, 15.3MB/s]
 39%|███▉      | 35.0M/89.9M [00:02<00:03, 15.4MB/s]
 41%|████      | 36.5M/89.9M [00:02<00:03, 15.5MB/s]
 42%|████▏     | 38.0M/89.9M [00:02<00:03, 15.2MB/s]
 44%|████▍     | 39.6M/89.9M [00:03<00:03, 15.3MB/s]
 46%|████▌     | 41.2M/89.9M [00:03<00:03, 15.4MB/s]
 48%|████▊     | 42.9M/89.9M [00:03<00:03, 15.3MB/s]
 49%|████▉     | 44.4M/89.9M [00:03<00:03, 15.2MB/s]
 51%|█████     | 46.0M/89.9M [00:03<00:02, 15.4MB/s]
 53%|█████▎    | 47.6M/89.9M [00:03<00:02, 15.4MB/s]
 55%|█████▍    | 49.2M/89.9M [00:03<00:02, 15.7MB/s]
 57%|█████▋    | 50.9M/89.9M [00:03<00:02, 14.2MB/s]
 58%|█████▊    | 52.5M/89.9M [00:03<00:02, 14.7MB/s]
 60%|██████    | 54.1M/89.9M [00:04<00:02, 14.9MB/s]
 62%|██████▏   | 55.6M/89.9M [00:04<00:02, 15.0MB/s]
 64%|██████▎   | 57.1M/89.9M [00:04<00:02, 15.0MB/s]
 65%|██████▌   | 58.8M/89.9M [00:04<00:02, 15.0MB/s]
 67%|██████▋   | 60.4M/89.9M [00:04<00:02, 15.2MB/s]
 69%|██████▉   | 62.0M/89.9M [00:04<00:01, 15.3MB/s]
 71%|███████   | 63.6M/89.9M [00:04<00:01, 15.3MB/s]
 73%|███████▎  | 65.2M/89.9M [00:04<00:01, 15.4MB/s]
 74%|███████▍  | 66.9M/89.9M [00:04<00:01, 15.6MB/s]
 76%|███████▌  | 68.5M/89.9M [00:05<00:01, 15.4MB/s]
 78%|███████▊  | 70.1M/89.9M [00:05<00:01, 15.4MB/s]
 80%|███████▉  | 71.8M/89.9M [00:05<00:01, 15.4MB/s]
 82%|████████▏ | 73.5M/89.9M [00:05<00:01, 15.6MB/s]
 84%|████████▎ | 75.1M/89.9M [00:05<00:00, 15.6MB/s]
 85%|████████▌ | 76.6M/89.9M [00:05<00:00, 15.5MB/s]
 87%|████████▋ | 78.2M/89.9M [00:05<00:00, 15.5MB/s]
 89%|████████▉ | 80.0M/89.9M [00:05<00:00, 15.6MB/s]
 91%|█████████ | 81.6M/89.9M [00:05<00:00, 15.6MB/s]
 93%|█████████▎| 83.2M/89.9M [00:06<00:00, 15.6MB/s]
 94%|█████████▍| 84.9M/89.9M [00:06<00:00, 15.6MB/s]
 96%|█████████▌| 86.4M/89.9M [00:06<00:00, 15.6MB/s]
 98%|█████████▊| 87.9M/89.9M [00:06<00:00, 15.3MB/s]
 99%|█████████▉| 89.4M/89.9M [00:06<00:00, 15.4MB/s]
100%|██████████| 89.9M/89.9M [00:06<00:00, 14.5MB/s]
2026-06-30 23:34:25,646 - mmcv - WARNING - The model and loaded state dict do not match exactly

unexpected key in source state_dict: conv1.bias

missing keys in source state_dict: eallis_c3.illum.channel_mlp.0.weight, eallis_c3.illum.channel_mlp.0.bias, eallis_c3.illum.channel_mlp.2.weight, eallis_c3.illum.channel_mlp.2.bias, eallis_c3.illum.spatial_conv.0.weight, eallis_c3.illum.spatial_conv.0.bias, eallis_c3.illum.spatial_conv.1.weight, eallis_c3.illum.spatial_conv.1.bias, eallis_c3.rectifier.conv1.weight, eallis_c3.rectifier.conv1.bias, eallis_c3.rectifier.conv2.weight, eallis_c3.rectifier.conv2.bias, eallis_c3.rectifier.gate.0.weight, eallis_c3.rectifier.gate.0.bias, eallis_c3.edge.conv.0.weight, eallis_c3.edge.conv.0.bias, eallis_c3.edge.conv.2.weight, eallis_c3.edge.conv.2.bias, eallis_c4.illum.channel_mlp.0.weight, eallis_c4.illum.channel_mlp.0.bias, eallis_c4.illum.channel_mlp.2.weight, eallis_c4.illum.channel_mlp.2.bias, eallis_c4.illum.spatial_conv.0.weight, eallis_c4.illum.spatial_conv.0.bias, eallis_c4.illum.spatial_conv.1.weight, eallis_c4.illum.spatial_conv.1.bias, eallis_c4.rectifier.conv1.weight, eallis_c4.rectifier.conv1.bias, eallis_c4.rectifier.conv2.weight, eallis_c4.rectifier.conv2.bias, eallis_c4.rectifier.gate.0.weight, eallis_c4.rectifier.gate.0.bias, eallis_c4.edge.conv.0.weight, eallis_c4.edge.conv.0.bias, eallis_c4.edge.conv.2.weight, eallis_c4.edge.conv.2.bias

2026-06-30 23:34:25,707 - mmcv - INFO - initialize FPN with init_cfg {'type': 'Xavier', 'layer': 'Conv2d', 'distribution': 'uniform'}
2026-06-30 23:34:25,728 - mmcv - INFO - initialize RPNHead with init_cfg {'type': 'Normal', 'layer': 'Conv2d', 'std': 0.01}
2026-06-30 23:34:25,733 - mmcv - INFO - initialize Shared2FCBBoxHead with init_cfg [{'type': 'Normal', 'std': 0.01, 'override': {'name': 'fc_cls'}}, {'type': 'Normal', 'std': 0.001, 'override': {'name': 'fc_reg'}}, {'type': 'Xavier', 'layer': 'Linear', 'override': [{'name': 'shared_fcs'}, {'name': 'cls_fcs'}, {'name': 'reg_fcs'}]}]
2026-06-30 23:34:25,936 - mmcv - INFO - 
backbone.conv1.weight - torch.Size([64, 3, 7, 7]): 
PretrainedInit: load from open-mmlab://detectron2/resnet50_caffe 
 
2026-06-30 23:34:25,936 - mmcv - INFO - 
backbone.bn1.weight - torch.Size([64]): 
PretrainedInit: load from open-mmlab://detectron2/resnet50_caffe 
 
2026-06-30 23:34:25,936 - mmcv - INFO - 
backbone.bn1.bias - torch.Size([64]): 
PretrainedInit: load from open-mmlab://detectron2/resnet50_caffe 
 
2026-06-30 23:34:25,936 - mmcv - INFO - 
backbone.layer1.0.conv1.weight - torch.Size([64, 64, 1, 1]): 
PretrainedInit: load from open-mmlab://detectron2/resnet50_caffe 
 
2026-06-30 23:34:25,936 - mmcv - INFO - 
backbone.layer1.0.bn1.weight - torch.Size([64]): 
PretrainedInit: load from open-mmlab://detectron2/resnet50_caffe 
 
2026-06-30 23:34:25,937 - mmcv - INFO - 
backbone.layer1.0.bn1.bias - torch.Size([64]): 
PretrainedInit: load from open-mmlab://detectron2/resnet50_caffe 
 
2026-06-30 23:34:25,937 - mmcv - INFO - 
backbone.layer1.0.conv2.weight - torch.Size([64, 64, 3, 3]): 
PretrainedInit: load from open-mmlab://detectron2/resnet50_caffe 
 
2026-06-30 23:34:25,937 - mmcv - INFO - 
backbone.layer1.0.bn2.weight - torch.Size([64]): 
PretrainedInit: load from open-mmlab://detectron2/resnet50_caffe 
 
2026-06-30 23:34:25,937 - mmcv - INFO - 
backbone.layer1.0.bn2.bias - torch.Size([64]): 
PretrainedInit: load from open-mmlab://detectron2/resnet50_caffe 
 
2026-06-30 23:34:25,937 - mmcv - INFO - 
backbone.layer1.0.conv3.weight - torch.Size([256, 64, 1, 1]): 
PretrainedInit: load from open-mmlab://detectron2/resnet50_caffe 
 
2026-06-30 23:34:25,937 - mmcv - INFO - 
backbone.layer1.0.bn3.weight - torch.Size([256]): 
PretrainedInit: load from open-mmlab://detectron2/resnet50_caffe 
 
2026-06-30 23:34:25,937 - mmcv - INFO - 
backbone.layer1.0.bn3.bias - torch.Size([256]): 
PretrainedInit: load from open-mmlab://detectron2/resnet50_caffe 
 
2026-06-30 23:34:25,937 - mmcv - INFO - 
backbone.layer1.0.downsample.0.weight - torch.Size([256, 64, 1, 1]): 
PretrainedInit: load from open-mmlab://detectron2/resnet50_caffe 
 
2026-06-30 23:34:25,937 - mmcv - INFO - 
backbone.layer1.0.downsample.1.weight - torch.Size([256]): 
PretrainedInit: load from open-mmlab://detectron2/resnet50_caffe 
 
2026-06-30 23:34:25,937 - mmcv - INFO - 
backbone.layer1.0.downsample.1.bias - torch.Size([256]): 
PretrainedInit: load from open-mmlab://detectron2/resnet50_caffe 
 
2026-06-30 23:34:25,937 - mmcv - INFO - 
backbone.layer1.1.conv1.weight - torch.Size([64, 256, 1, 1]): 
PretrainedInit: load from open-mmlab://detectron2/resnet50_caffe 
 
2026-06-30 23:34:25,937 - mmcv - INFO - 
backbone.layer1.1.bn1.weight - torch.Size([64]): 
PretrainedInit: load from open-mmlab://detectron2/resnet50_caffe 
 
2026-06-30 23:34:25,937 - mmcv - INFO - 
backbone.layer1.1.bn1.bias - torch.Size([64]): 
PretrainedInit: load from open-mmlab://detectron2/resnet50_caffe 
 
2026-06-30 23:34:25,937 - mmcv - INFO - 
backbone.layer1.1.conv2.weight - torch.Size([64, 64, 3, 3]): 
PretrainedInit: load from open-mmlab://detectron2/resnet50_caffe 
 
2026-06-30 23:34:25,937 - mmcv - INFO - 
backbone.layer1.1.bn2.weight - torch.Size([64]): 
PretrainedInit: load from open-mmlab://detectron2/resnet50_caffe 
 
2026-06-30 23:34:25,937 - mmcv - INFO - 
backbone.layer1.1.bn2.bias - torch.Size([64]): 
PretrainedInit: load from open-mmlab://detectron2/resnet50_caffe 
 
2026-06-30 23:34:25,937 - mmcv - INFO - 
backbone.layer1.1.conv3.weight - torch.Size([256, 64, 1, 1]): 
PretrainedInit: load from open-mmlab://detectron2/resnet50_caffe 
 
2026-06-30 23:34:25,937 - mmcv - INFO - 
backbone.layer1.1.bn3.weight - torch.Size([256]): 
PretrainedInit: load from open-mmlab://detectron2/resnet50_caffe 
 
2026-06-30 23:34:25,937 - mmcv - INFO - 
backbone.layer1.1.bn3.bias - torch.Size([256]): 
PretrainedInit: load from open-mmlab://detectron2/resnet50_caffe 
 
2026-06-30 23:34:25,937 - mmcv - INFO - 
backbone.layer1.2.conv1.weight - torch.Size([64, 256, 1, 1]): 
PretrainedInit: load from open-mmlab://detectron2/resnet50_caffe 
 
2026-06-30 23:34:25,937 - mmcv - INFO - 
backbone.layer1.2.bn1.weight - torch.Size([64]): 
PretrainedInit: load from open-mmlab://detectron2/resnet50_caffe 
 
2026-06-30 23:34:25,937 - mmcv - INFO - 
backbone.layer1.2.bn1.bias - torch.Size([64]): 
PretrainedInit: load from open-mmlab://detectron2/resnet50_caffe 
 
2026-06-30 23:34:25,937 - mmcv - INFO - 
backbone.layer1.2.conv2.weight - torch.Size([64, 64, 3, 3]): 
PretrainedInit: load from open-mmlab://detectron2/resnet50_caffe 
 
2026-06-30 23:34:25,937 - mmcv - INFO - 
backbone.layer1.2.bn2.weight - torch.Size([64]): 
PretrainedInit: load from open-mmlab://detectron2/resnet50_caffe 
 
2026-06-30 23:34:25,937 - mmcv - INFO - 
backbone.layer1.2.bn2.bias - torch.Size([64]): 
PretrainedInit: load from open-mmlab://detectron2/resnet50_caffe 
 
2026-06-30 23:34:25,937 - mmcv - INFO - 
backbone.layer1.2.conv3.weight - torch.Size([256, 64, 1, 1]): 
PretrainedInit: load from open-mmlab://detectron2/resnet50_caffe 
 
2026-06-30 23:34:25,937 - mmcv - INFO - 
backbone.layer1.2.bn3.weight - torch.Size([256]): 
PretrainedInit: load from open-mmlab://detectron2/resnet50_caffe 
 
2026-06-30 23:34:25,937 - mmcv - INFO - 
backbone.layer1.2.bn3.bias - torch.Size([256]): 
PretrainedInit: load from open-mmlab://detectron2/resnet50_caffe 
 
2026-06-30 23:34:25,937 - mmcv - INFO - 
backbone.layer2.0.conv1.weight - torch.Size([128, 256, 1, 1]): 
PretrainedInit: load from open-mmlab://detectron2/resnet50_caffe 
 
2026-06-30 23:34:25,937 - mmcv - INFO - 
backbone.layer2.0.bn1.weight - torch.Size([128]): 
PretrainedInit: load from open-mmlab://detectron2/resnet50_caffe 
 
2026-06-30 23:34:25,937 - mmcv - INFO - 
backbone.layer2.0.bn1.bias - torch.Size([128]): 
PretrainedInit: load from open-mmlab://detectron2/resnet50_caffe 
 
2026-06-30 23:34:25,937 - mmcv - INFO - 
backbone.layer2.0.conv2.weight - torch.Size([128, 128, 3, 3]): 
PretrainedInit: load from open-mmlab://detectron2/resnet50_caffe 
 
2026-06-30 23:34:25,937 - mmcv - INFO - 
backbone.layer2.0.bn2.weight - torch.Size([128]): 
PretrainedInit: load from open-mmlab://detectron2/resnet50_caffe 
 
2026-06-30 23:34:25,937 - mmcv - INFO - 
backbone.layer2.0.bn2.bias - torch.Size([128]): 
PretrainedInit: load from open-mmlab://detectron2/resnet50_caffe 
 
2026-06-30 23:34:25,937 - mmcv - INFO - 
backbone.layer2.0.conv3.weight - torch.Size([512, 128, 1, 1]): 
PretrainedInit: load from open-mmlab://detectron2/resnet50_caffe 
 
2026-06-30 23:34:25,937 - mmcv - INFO - 
backbone.layer2.0.bn3.weight - torch.Size([512]): 
PretrainedInit: load from open-mmlab://detectron2/resnet50_caffe 
 
2026-06-30 23:34:25,937 - mmcv - INFO - 
backbone.layer2.0.bn3.bias - torch.Size([512]): 
PretrainedInit: load from open-mmlab://detectron2/resnet50_caffe 
 
2026-06-30 23:34:25,938 - mmcv - INFO - 
backbone.layer2.0.downsample.0.weight - torch.Size([512, 256, 1, 1]): 
PretrainedInit: load from open-mmlab://detectron2/resnet50_caffe 
 
2026-06-30 23:34:25,938 - mmcv - INFO - 
backbone.layer2.0.downsample.1.weight - torch.Size([512]): 
PretrainedInit: load from open-mmlab://detectron2/resnet50_caffe 
 
2026-06-30 23:34:25,938 - mmcv - INFO - 
backbone.layer2.0.downsample.1.bias - torch.Size([512]): 
PretrainedInit: load from open-mmlab://detectron2/resnet50_caffe 
 
2026-06-30 23:34:25,938 - mmcv - INFO - 
backbone.layer2.1.conv1.weight - torch.Size([128, 512, 1, 1]): 
PretrainedInit: load from open-mmlab://detectron2/resnet50_caffe 
 
2026-06-30 23:34:25,938 - mmcv - INFO - 
backbone.layer2.1.bn1.weight - torch.Size([128]): 
PretrainedInit: load from open-mmlab://detectron2/resnet50_caffe 
 
2026-06-30 23:34:25,938 - mmcv - INFO - 
backbone.layer2.1.bn1.bias - torch.Size([128]): 
PretrainedInit: load from open-mmlab://detectron2/resnet50_caffe 
 
2026-06-30 23:34:25,938 - mmcv - INFO - 
backbone.layer2.1.conv2.weight - torch.Size([128, 128, 3, 3]): 
PretrainedInit: load from open-mmlab://detectron2/resnet50_caffe 
 
2026-06-30 23:34:25,938 - mmcv - INFO - 
backbone.layer2.1.bn2.weight - torch.Size([128]): 
PretrainedInit: load from open-mmlab://detectron2/resnet50_caffe 
 
2026-06-30 23:34:25,938 - mmcv - INFO - 
backbone.layer2.1.bn2.bias - torch.Size([128]): 
PretrainedInit: load from open-mmlab://detectron2/resnet50_caffe 
 
2026-06-30 23:34:25,938 - mmcv - INFO - 
backbone.layer2.1.conv3.weight - torch.Size([512, 128, 1, 1]): 
PretrainedInit: load from open-mmlab://detectron2/resnet50_caffe 
 
2026-06-30 23:34:25,938 - mmcv - INFO - 
backbone.layer2.1.bn3.weight - torch.Size([512]): 
PretrainedInit: load from open-mmlab://detectron2/resnet50_caffe 
 
2026-06-30 23:34:25,938 - mmcv - INFO - 
backbone.layer2.1.bn3.bias - torch.Size([512]): 
PretrainedInit: load from open-mmlab://detectron2/resnet50_caffe 
 
2026-06-30 23:34:25,938 - mmcv - INFO - 
backbone.layer2.2.conv1.weight - torch.Size([128, 512, 1, 1]): 
PretrainedInit: load from open-mmlab://detectron2/resnet50_caffe 
 
2026-06-30 23:34:25,938 - mmcv - INFO - 
backbone.layer2.2.bn1.weight - torch.Size([128]): 
PretrainedInit: load from open-mmlab://detectron2/resnet50_caffe 
 
2026-06-30 23:34:25,938 - mmcv - INFO - 
backbone.layer2.2.bn1.bias - torch.Size([128]): 
PretrainedInit: load from open-mmlab://detectron2/resnet50_caffe 
 
2026-06-30 23:34:25,938 - mmcv - INFO - 
backbone.layer2.2.conv2.weight - torch.Size([128, 128, 3, 3]): 
PretrainedInit: load from open-mmlab://detectron2/resnet50_caffe 
 
2026-06-30 23:34:25,938 - mmcv - INFO - 
backbone.layer2.2.bn2.weight - torch.Size([128]): 
PretrainedInit: load from open-mmlab://detectron2/resnet50_caffe 
 
2026-06-30 23:34:25,938 - mmcv - INFO - 
backbone.layer2.2.bn2.bias - torch.Size([128]): 
PretrainedInit: load from open-mmlab://detectron2/resnet50_caffe 
 
2026-06-30 23:34:25,938 - mmcv - INFO - 
backbone.layer2.2.conv3.weight - torch.Size([512, 128, 1, 1]): 
PretrainedInit: load from open-mmlab://detectron2/resnet50_caffe 
 
2026-06-30 23:34:25,938 - mmcv - INFO - 
backbone.layer2.2.bn3.weight - torch.Size([512]): 
PretrainedInit: load from open-mmlab://detectron2/resnet50_caffe 
 
2026-06-30 23:34:25,938 - mmcv - INFO - 
backbone.layer2.2.bn3.bias - torch.Size([512]): 
PretrainedInit: load from open-mmlab://detectron2/resnet50_caffe 
 
2026-06-30 23:34:25,938 - mmcv - INFO - 
backbone.layer2.3.conv1.weight - torch.Size([128, 512, 1, 1]): 
PretrainedInit: load from open-mmlab://detectron2/resnet50_caffe 
 
2026-06-30 23:34:25,938 - mmcv - INFO - 
backbone.layer2.3.bn1.weight - torch.Size([128]): 
PretrainedInit: load from open-mmlab://detectron2/resnet50_caffe 
 
2026-06-30 23:34:25,938 - mmcv - INFO - 
backbone.layer2.3.bn1.bias - torch.Size([128]): 
PretrainedInit: load from open-mmlab://detectron2/resnet50_caffe 
 
2026-06-30 23:34:25,938 - mmcv - INFO - 
backbone.layer2.3.conv2.weight - torch.Size([128, 128, 3, 3]): 
PretrainedInit: load from open-mmlab://detectron2/resnet50_caffe 
 
2026-06-30 23:34:25,938 - mmcv - INFO - 
backbone.layer2.3.bn2.weight - torch.Size([128]): 
PretrainedInit: load from open-mmlab://detectron2/resnet50_caffe 
 
2026-06-30 23:34:25,938 - mmcv - INFO - 
backbone.layer2.3.bn2.bias - torch.Size([128]): 
PretrainedInit: load from open-mmlab://detectron2/resnet50_caffe 
 
2026-06-30 23:34:25,938 - mmcv - INFO - 
backbone.layer2.3.conv3.weight - torch.Size([512, 128, 1, 1]): 
PretrainedInit: load from open-mmlab://detectron2/resnet50_caffe 
 
2026-06-30 23:34:25,938 - mmcv - INFO - 
backbone.layer2.3.bn3.weight - torch.Size([512]): 
PretrainedInit: load from open-mmlab://detectron2/resnet50_caffe 
 
2026-06-30 23:34:25,938 - mmcv - INFO - 
backbone.layer2.3.bn3.bias - torch.Size([512]): 
PretrainedInit: load from open-mmlab://detectron2/resnet50_caffe 
 
2026-06-30 23:34:25,939 - mmcv - INFO - 
backbone.layer3.0.conv1.weight - torch.Size([256, 512, 1, 1]): 
PretrainedInit: load from open-mmlab://detectron2/resnet50_caffe 
 
2026-06-30 23:34:25,939 - mmcv - INFO - 
backbone.layer3.0.bn1.weight - torch.Size([256]): 
PretrainedInit: load from open-mmlab://detectron2/resnet50_caffe 
 
2026-06-30 23:34:25,939 - mmcv - INFO - 
backbone.layer3.0.bn1.bias - torch.Size([256]): 
PretrainedInit: load from open-mmlab://detectron2/resnet50_caffe 
 
2026-06-30 23:34:25,939 - mmcv - INFO - 
backbone.layer3.0.conv2.weight - torch.Size([256, 256, 3, 3]): 
PretrainedInit: load from open-mmlab://detectron2/resnet50_caffe 
 
2026-06-30 23:34:25,939 - mmcv - INFO - 
backbone.layer3.0.bn2.weight - torch.Size([256]): 
PretrainedInit: load from open-mmlab://detectron2/resnet50_caffe 
 
2026-06-30 23:34:25,939 - mmcv - INFO - 
backbone.layer3.0.bn2.bias - torch.Size([256]): 
PretrainedInit: load from open-mmlab://detectron2/resnet50_caffe 
 
2026-06-30 23:34:25,939 - mmcv - INFO - 
backbone.layer3.0.conv3.weight - torch.Size([1024, 256, 1, 1]): 
PretrainedInit: load from open-mmlab://detectron2/resnet50_caffe 
 
2026-06-30 23:34:25,939 - mmcv - INFO - 
backbone.layer3.0.bn3.weight - torch.Size([1024]): 
PretrainedInit: load from open-mmlab://detectron2/resnet50_caffe 
 
2026-06-30 23:34:25,939 - mmcv - INFO - 
backbone.layer3.0.bn3.bias - torch.Size([1024]): 
PretrainedInit: load from open-mmlab://detectron2/resnet50_caffe 
 
2026-06-30 23:34:25,939 - mmcv - INFO - 
backbone.layer3.0.downsample.0.weight - torch.Size([1024, 512, 1, 1]): 
PretrainedInit: load from open-mmlab://detectron2/resnet50_caffe 
 
2026-06-30 23:34:25,939 - mmcv - INFO - 
backbone.layer3.0.downsample.1.weight - torch.Size([1024]): 
PretrainedInit: load from open-mmlab://detectron2/resnet50_caffe 
 
2026-06-30 23:34:25,939 - mmcv - INFO - 
backbone.layer3.0.downsample.1.bias - torch.Size([1024]): 
PretrainedInit: load from open-mmlab://detectron2/resnet50_caffe 
 
2026-06-30 23:34:25,939 - mmcv - INFO - 
backbone.layer3.1.conv1.weight - torch.Size([256, 1024, 1, 1]): 
PretrainedInit: load from open-mmlab://detectron2/resnet50_caffe 
 
2026-06-30 23:34:25,939 - mmcv - INFO - 
backbone.layer3.1.bn1.weight - torch.Size([256]): 
PretrainedInit: load from open-mmlab://detectron2/resnet50_caffe 
 
2026-06-30 23:34:25,939 - mmcv - INFO - 
backbone.layer3.1.bn1.bias - torch.Size([256]): 
PretrainedInit: load from open-mmlab://detectron2/resnet50_caffe 
 
2026-06-30 23:34:25,939 - mmcv - INFO - 
backbone.layer3.1.conv2.weight - torch.Size([256, 256, 3, 3]): 
PretrainedInit: load from open-mmlab://detectron2/resnet50_caffe 
 
2026-06-30 23:34:25,939 - mmcv - INFO - 
backbone.layer3.1.bn2.weight - torch.Size([256]): 
PretrainedInit: load from open-mmlab://detectron2/resnet50_caffe 
 
2026-06-30 23:34:25,939 - mmcv - INFO - 
backbone.layer3.1.bn2.bias - torch.Size([256]): 
PretrainedInit: load from open-mmlab://detectron2/resnet50_caffe 
 
2026-06-30 23:34:25,939 - mmcv - INFO - 
backbone.layer3.1.conv3.weight - torch.Size([1024, 256, 1, 1]): 
PretrainedInit: load from open-mmlab://detectron2/resnet50_caffe 
 
2026-06-30 23:34:25,939 - mmcv - INFO - 
backbone.layer3.1.bn3.weight - torch.Size([1024]): 
PretrainedInit: load from open-mmlab://detectron2/resnet50_caffe 
 
2026-06-30 23:34:25,939 - mmcv - INFO - 
backbone.layer3.1.bn3.bias - torch.Size([1024]): 
PretrainedInit: load from open-mmlab://detectron2/resnet50_caffe 
 
2026-06-30 23:34:25,939 - mmcv - INFO - 
backbone.layer3.2.conv1.weight - torch.Size([256, 1024, 1, 1]): 
PretrainedInit: load from open-mmlab://detectron2/resnet50_caffe 
 
2026-06-30 23:34:25,939 - mmcv - INFO - 
backbone.layer3.2.bn1.weight - torch.Size([256]): 
PretrainedInit: load from open-mmlab://detectron2/resnet50_caffe 
 
2026-06-30 23:34:25,939 - mmcv - INFO - 
backbone.layer3.2.bn1.bias - torch.Size([256]): 
PretrainedInit: load from open-mmlab://detectron2/resnet50_caffe 
 
2026-06-30 23:34:25,939 - mmcv - INFO - 
backbone.layer3.2.conv2.weight - torch.Size([256, 256, 3, 3]): 
PretrainedInit: load from open-mmlab://detectron2/resnet50_caffe 
 
2026-06-30 23:34:25,939 - mmcv - INFO - 
backbone.layer3.2.bn2.weight - torch.Size([256]): 
PretrainedInit: load from open-mmlab://detectron2/resnet50_caffe 
 
2026-06-30 23:34:25,939 - mmcv - INFO - 
backbone.layer3.2.bn2.bias - torch.Size([256]): 
PretrainedInit: load from open-mmlab://detectron2/resnet50_caffe 
 
2026-06-30 23:34:25,939 - mmcv - INFO - 
backbone.layer3.2.conv3.weight - torch.Size([1024, 256, 1, 1]): 
PretrainedInit: load from open-mmlab://detectron2/resnet50_caffe 
 
2026-06-30 23:34:25,939 - mmcv - INFO - 
backbone.layer3.2.bn3.weight - torch.Size([1024]): 
PretrainedInit: load from open-mmlab://detectron2/resnet50_caffe 
 
2026-06-30 23:34:25,939 - mmcv - INFO - 
backbone.layer3.2.bn3.bias - torch.Size([1024]): 
PretrainedInit: load from open-mmlab://detectron2/resnet50_caffe 
 
2026-06-30 23:34:25,939 - mmcv - INFO - 
backbone.layer3.3.conv1.weight - torch.Size([256, 1024, 1, 1]): 
PretrainedInit: load from open-mmlab://detectron2/resnet50_caffe 
 
2026-06-30 23:34:25,939 - mmcv - INFO - 
backbone.layer3.3.bn1.weight - torch.Size([256]): 
PretrainedInit: load from open-mmlab://detectron2/resnet50_caffe 
 
2026-06-30 23:34:25,939 - mmcv - INFO - 
backbone.layer3.3.bn1.bias - torch.Size([256]): 
PretrainedInit: load from open-mmlab://detectron2/resnet50_caffe 
 
2026-06-30 23:34:25,939 - mmcv - INFO - 
backbone.layer3.3.conv2.weight - torch.Size([256, 256, 3, 3]): 
PretrainedInit: load from open-mmlab://detectron2/resnet50_caffe 
 
2026-06-30 23:34:25,939 - mmcv - INFO - 
backbone.layer3.3.bn2.weight - torch.Size([256]): 
PretrainedInit: load from open-mmlab://detectron2/resnet50_caffe 
 
2026-06-30 23:34:25,939 - mmcv - INFO - 
backbone.layer3.3.bn2.bias - torch.Size([256]): 
PretrainedInit: load from open-mmlab://detectron2/resnet50_caffe 
 
2026-06-30 23:34:25,939 - mmcv - INFO - 
backbone.layer3.3.conv3.weight - torch.Size([1024, 256, 1, 1]): 
PretrainedInit: load from open-mmlab://detectron2/resnet50_caffe 
 
2026-06-30 23:34:25,939 - mmcv - INFO - 
backbone.layer3.3.bn3.weight - torch.Size([1024]): 
PretrainedInit: load from open-mmlab://detectron2/resnet50_caffe 
 
2026-06-30 23:34:25,940 - mmcv - INFO - 
backbone.layer3.3.bn3.bias - torch.Size([1024]): 
PretrainedInit: load from open-mmlab://detectron2/resnet50_caffe 
 
2026-06-30 23:34:25,940 - mmcv - INFO - 
backbone.layer3.4.conv1.weight - torch.Size([256, 1024, 1, 1]): 
PretrainedInit: load from open-mmlab://detectron2/resnet50_caffe 
 
2026-06-30 23:34:25,940 - mmcv - INFO - 
backbone.layer3.4.bn1.weight - torch.Size([256]): 
PretrainedInit: load from open-mmlab://detectron2/resnet50_caffe 
 
2026-06-30 23:34:25,940 - mmcv - INFO - 
backbone.layer3.4.bn1.bias - torch.Size([256]): 
PretrainedInit: load from open-mmlab://detectron2/resnet50_caffe 
 
2026-06-30 23:34:25,940 - mmcv - INFO - 
backbone.layer3.4.conv2.weight - torch.Size([256, 256, 3, 3]): 
PretrainedInit: load from open-mmlab://detectron2/resnet50_caffe 
 
2026-06-30 23:34:25,940 - mmcv - INFO - 
backbone.layer3.4.bn2.weight - torch.Size([256]): 
PretrainedInit: load from open-mmlab://detectron2/resnet50_caffe 
 
2026-06-30 23:34:25,940 - mmcv - INFO - 
backbone.layer3.4.bn2.bias - torch.Size([256]): 
PretrainedInit: load from open-mmlab://detectron2/resnet50_caffe 
 
2026-06-30 23:34:25,940 - mmcv - INFO - 
backbone.layer3.4.conv3.weight - torch.Size([1024, 256, 1, 1]): 
PretrainedInit: load from open-mmlab://detectron2/resnet50_caffe 
 
2026-06-30 23:34:25,940 - mmcv - INFO - 
backbone.layer3.4.bn3.weight - torch.Size([1024]): 
PretrainedInit: load from open-mmlab://detectron2/resnet50_caffe 
 
2026-06-30 23:34:25,940 - mmcv - INFO - 
backbone.layer3.4.bn3.bias - torch.Size([1024]): 
PretrainedInit: load from open-mmlab://detectron2/resnet50_caffe 
 
2026-06-30 23:34:25,940 - mmcv - INFO - 
backbone.layer3.5.conv1.weight - torch.Size([256, 1024, 1, 1]): 
PretrainedInit: load from open-mmlab://detectron2/resnet50_caffe 
 
2026-06-30 23:34:25,940 - mmcv - INFO - 
backbone.layer3.5.bn1.weight - torch.Size([256]): 
PretrainedInit: load from open-mmlab://detectron2/resnet50_caffe 
 
2026-06-30 23:34:25,940 - mmcv - INFO - 
backbone.layer3.5.bn1.bias - torch.Size([256]): 
PretrainedInit: load from open-mmlab://detectron2/resnet50_caffe 
 
2026-06-30 23:34:25,940 - mmcv - INFO - 
backbone.layer3.5.conv2.weight - torch.Size([256, 256, 3, 3]): 
PretrainedInit: load from open-mmlab://detectron2/resnet50_caffe 
 
2026-06-30 23:34:25,940 - mmcv - INFO - 
backbone.layer3.5.bn2.weight - torch.Size([256]): 
PretrainedInit: load from open-mmlab://detectron2/resnet50_caffe 
 
2026-06-30 23:34:25,940 - mmcv - INFO - 
backbone.layer3.5.bn2.bias - torch.Size([256]): 
PretrainedInit: load from open-mmlab://detectron2/resnet50_caffe 
 
2026-06-30 23:34:25,940 - mmcv - INFO - 
backbone.layer3.5.conv3.weight - torch.Size([1024, 256, 1, 1]): 
PretrainedInit: load from open-mmlab://detectron2/resnet50_caffe 
 
2026-06-30 23:34:25,940 - mmcv - INFO - 
backbone.layer3.5.bn3.weight - torch.Size([1024]): 
PretrainedInit: load from open-mmlab://detectron2/resnet50_caffe 
 
2026-06-30 23:34:25,940 - mmcv - INFO - 
backbone.layer3.5.bn3.bias - torch.Size([1024]): 
PretrainedInit: load from open-mmlab://detectron2/resnet50_caffe 
 
2026-06-30 23:34:25,940 - mmcv - INFO - 
backbone.layer4.0.conv1.weight - torch.Size([512, 1024, 1, 1]): 
PretrainedInit: load from open-mmlab://detectron2/resnet50_caffe 
 
2026-06-30 23:34:25,940 - mmcv - INFO - 
backbone.layer4.0.bn1.weight - torch.Size([512]): 
PretrainedInit: load from open-mmlab://detectron2/resnet50_caffe 
 
2026-06-30 23:34:25,940 - mmcv - INFO - 
backbone.layer4.0.bn1.bias - torch.Size([512]): 
PretrainedInit: load from open-mmlab://detectron2/resnet50_caffe 
 
2026-06-30 23:34:25,940 - mmcv - INFO - 
backbone.layer4.0.conv2.weight - torch.Size([512, 512, 3, 3]): 
PretrainedInit: load from open-mmlab://detectron2/resnet50_caffe 
 
2026-06-30 23:34:25,940 - mmcv - INFO - 
backbone.layer4.0.bn2.weight - torch.Size([512]): 
PretrainedInit: load from open-mmlab://detectron2/resnet50_caffe 
 
2026-06-30 23:34:25,940 - mmcv - INFO - 
backbone.layer4.0.bn2.bias - torch.Size([512]): 
PretrainedInit: load from open-mmlab://detectron2/resnet50_caffe 
 
2026-06-30 23:34:25,940 - mmcv - INFO - 
backbone.layer4.0.conv3.weight - torch.Size([2048, 512, 1, 1]): 
PretrainedInit: load from open-mmlab://detectron2/resnet50_caffe 
 
2026-06-30 23:34:25,940 - mmcv - INFO - 
backbone.layer4.0.bn3.weight - torch.Size([2048]): 
PretrainedInit: load from open-mmlab://detectron2/resnet50_caffe 
 
2026-06-30 23:34:25,940 - mmcv - INFO - 
backbone.layer4.0.bn3.bias - torch.Size([2048]): 
PretrainedInit: load from open-mmlab://detectron2/resnet50_caffe 
 
2026-06-30 23:34:25,940 - mmcv - INFO - 
backbone.layer4.0.downsample.0.weight - torch.Size([2048, 1024, 1, 1]): 
PretrainedInit: load from open-mmlab://detectron2/resnet50_caffe 
 
2026-06-30 23:34:25,940 - mmcv - INFO - 
backbone.layer4.0.downsample.1.weight - torch.Size([2048]): 
PretrainedInit: load from open-mmlab://detectron2/resnet50_caffe 
 
2026-06-30 23:34:25,940 - mmcv - INFO - 
backbone.layer4.0.downsample.1.bias - torch.Size([2048]): 
PretrainedInit: load from open-mmlab://detectron2/resnet50_caffe 
 
2026-06-30 23:34:25,940 - mmcv - INFO - 
backbone.layer4.1.conv1.weight - torch.Size([512, 2048, 1, 1]): 
PretrainedInit: load from open-mmlab://detectron2/resnet50_caffe 
 
2026-06-30 23:34:25,940 - mmcv - INFO - 
backbone.layer4.1.bn1.weight - torch.Size([512]): 
PretrainedInit: load from open-mmlab://detectron2/resnet50_caffe 
 
2026-06-30 23:34:25,940 - mmcv - INFO - 
backbone.layer4.1.bn1.bias - torch.Size([512]): 
PretrainedInit: load from open-mmlab://detectron2/resnet50_caffe 
 
2026-06-30 23:34:25,940 - mmcv - INFO - 
backbone.layer4.1.conv2.weight - torch.Size([512, 512, 3, 3]): 
PretrainedInit: load from open-mmlab://detectron2/resnet50_caffe 
 
2026-06-30 23:34:25,940 - mmcv - INFO - 
backbone.layer4.1.bn2.weight - torch.Size([512]): 
PretrainedInit: load from open-mmlab://detectron2/resnet50_caffe 
 
2026-06-30 23:34:25,940 - mmcv - INFO - 
backbone.layer4.1.bn2.bias - torch.Size([512]): 
PretrainedInit: load from open-mmlab://detectron2/resnet50_caffe 
 
2026-06-30 23:34:25,940 - mmcv - INFO - 
backbone.layer4.1.conv3.weight - torch.Size([2048, 512, 1, 1]): 
PretrainedInit: load from open-mmlab://detectron2/resnet50_caffe 
 
2026-06-30 23:34:25,941 - mmcv - INFO - 
backbone.layer4.1.bn3.weight - torch.Size([2048]): 
PretrainedInit: load from open-mmlab://detectron2/resnet50_caffe 
 
2026-06-30 23:34:25,941 - mmcv - INFO - 
backbone.layer4.1.bn3.bias - torch.Size([2048]): 
PretrainedInit: load from open-mmlab://detectron2/resnet50_caffe 
 
2026-06-30 23:34:25,941 - mmcv - INFO - 
backbone.layer4.2.conv1.weight - torch.Size([512, 2048, 1, 1]): 
PretrainedInit: load from open-mmlab://detectron2/resnet50_caffe 
 
2026-06-30 23:34:25,941 - mmcv - INFO - 
backbone.layer4.2.bn1.weight - torch.Size([512]): 
PretrainedInit: load from open-mmlab://detectron2/resnet50_caffe 
 
2026-06-30 23:34:25,941 - mmcv - INFO - 
backbone.layer4.2.bn1.bias - torch.Size([512]): 
PretrainedInit: load from open-mmlab://detectron2/resnet50_caffe 
 
2026-06-30 23:34:25,941 - mmcv - INFO - 
backbone.layer4.2.conv2.weight - torch.Size([512, 512, 3, 3]): 
PretrainedInit: load from open-mmlab://detectron2/resnet50_caffe 
 
2026-06-30 23:34:25,941 - mmcv - INFO - 
backbone.layer4.2.bn2.weight - torch.Size([512]): 
PretrainedInit: load from open-mmlab://detectron2/resnet50_caffe 
 
2026-06-30 23:34:25,941 - mmcv - INFO - 
backbone.layer4.2.bn2.bias - torch.Size([512]): 
PretrainedInit: load from open-mmlab://detectron2/resnet50_caffe 
 
2026-06-30 23:34:25,941 - mmcv - INFO - 
backbone.layer4.2.conv3.weight - torch.Size([2048, 512, 1, 1]): 
PretrainedInit: load from open-mmlab://detectron2/resnet50_caffe 
 
2026-06-30 23:34:25,941 - mmcv - INFO - 
backbone.layer4.2.bn3.weight - torch.Size([2048]): 
PretrainedInit: load from open-mmlab://detectron2/resnet50_caffe 
 
2026-06-30 23:34:25,941 - mmcv - INFO - 
backbone.layer4.2.bn3.bias - torch.Size([2048]): 
PretrainedInit: load from open-mmlab://detectron2/resnet50_caffe 
 
2026-06-30 23:34:25,941 - mmcv - INFO - 
backbone.eallis_c3.illum.channel_mlp.0.weight - torch.Size([32, 512, 1, 1]): 
The value is the same before and after calling `init_weights` of MaskRCNNNoiseInv  
 
2026-06-30 23:34:25,941 - mmcv - INFO - 
backbone.eallis_c3.illum.channel_mlp.0.bias - torch.Size([32]): 
The value is the same before and after calling `init_weights` of MaskRCNNNoiseInv  
 
2026-06-30 23:34:25,941 - mmcv - INFO - 
backbone.eallis_c3.illum.channel_mlp.2.weight - torch.Size([512, 32, 1, 1]): 
The value is the same before and after calling `init_weights` of MaskRCNNNoiseInv  
 
2026-06-30 23:34:25,941 - mmcv - INFO - 
backbone.eallis_c3.illum.channel_mlp.2.bias - torch.Size([512]): 
The value is the same before and after calling `init_weights` of MaskRCNNNoiseInv  
 
2026-06-30 23:34:25,941 - mmcv - INFO - 
backbone.eallis_c3.illum.spatial_conv.0.weight - torch.Size([512, 1, 3, 3]): 
The value is the same before and after calling `init_weights` of MaskRCNNNoiseInv  
 
2026-06-30 23:34:25,941 - mmcv - INFO - 
backbone.eallis_c3.illum.spatial_conv.0.bias - torch.Size([512]): 
The value is the same before and after calling `init_weights` of MaskRCNNNoiseInv  
 
2026-06-30 23:34:25,941 - mmcv - INFO - 
backbone.eallis_c3.illum.spatial_conv.1.weight - torch.Size([1, 512, 1, 1]): 
The value is the same before and after calling `init_weights` of MaskRCNNNoiseInv  
 
2026-06-30 23:34:25,941 - mmcv - INFO - 
backbone.eallis_c3.illum.spatial_conv.1.bias - torch.Size([1]): 
The value is the same before and after calling `init_weights` of MaskRCNNNoiseInv  
 
2026-06-30 23:34:25,941 - mmcv - INFO - 
backbone.eallis_c3.rectifier.conv1.weight - torch.Size([512, 512, 3, 3]): 
The value is the same before and after calling `init_weights` of MaskRCNNNoiseInv  
 
2026-06-30 23:34:25,941 - mmcv - INFO - 
backbone.eallis_c3.rectifier.conv1.bias - torch.Size([512]): 
The value is the same before and after calling `init_weights` of MaskRCNNNoiseInv  
 
2026-06-30 23:34:25,941 - mmcv - INFO - 
backbone.eallis_c3.rectifier.conv2.weight - torch.Size([512, 512, 3, 3]): 
The value is the same before and after calling `init_weights` of MaskRCNNNoiseInv  
 
2026-06-30 23:34:25,941 - mmcv - INFO - 
backbone.eallis_c3.rectifier.conv2.bias - torch.Size([512]): 
The value is the same before and after calling `init_weights` of MaskRCNNNoiseInv  
 
2026-06-30 23:34:25,941 - mmcv - INFO - 
backbone.eallis_c3.rectifier.gate.0.weight - torch.Size([512, 512, 1, 1]): 
The value is the same before and after calling `init_weights` of MaskRCNNNoiseInv  
 
2026-06-30 23:34:25,941 - mmcv - INFO - 
backbone.eallis_c3.rectifier.gate.0.bias - torch.Size([512]): 
The value is the same before and after calling `init_weights` of MaskRCNNNoiseInv  
 
2026-06-30 23:34:25,941 - mmcv - INFO - 
backbone.eallis_c3.edge.conv.0.weight - torch.Size([512, 512, 3, 3]): 
The value is the same before and after calling `init_weights` of MaskRCNNNoiseInv  
 
2026-06-30 23:34:25,941 - mmcv - INFO - 
backbone.eallis_c3.edge.conv.0.bias - torch.Size([512]): 
The value is the same before and after calling `init_weights` of MaskRCNNNoiseInv  
 
2026-06-30 23:34:25,941 - mmcv - INFO - 
backbone.eallis_c3.edge.conv.2.weight - torch.Size([1, 512, 1, 1]): 
The value is the same before and after calling `init_weights` of MaskRCNNNoiseInv  
 
2026-06-30 23:34:25,941 - mmcv - INFO - 
backbone.eallis_c3.edge.conv.2.bias - torch.Size([1]): 
The value is the same before and after calling `init_weights` of MaskRCNNNoiseInv  
 
2026-06-30 23:34:25,941 - mmcv - INFO - 
backbone.eallis_c4.illum.channel_mlp.0.weight - torch.Size([64, 1024, 1, 1]): 
The value is the same before and after calling `init_weights` of MaskRCNNNoiseInv  
 
2026-06-30 23:34:25,941 - mmcv - INFO - 
backbone.eallis_c4.illum.channel_mlp.0.bias - torch.Size([64]): 
The value is the same before and after calling `init_weights` of MaskRCNNNoiseInv  
 
2026-06-30 23:34:25,941 - mmcv - INFO - 
backbone.eallis_c4.illum.channel_mlp.2.weight - torch.Size([1024, 64, 1, 1]): 
The value is the same before and after calling `init_weights` of MaskRCNNNoiseInv  
 
2026-06-30 23:34:25,941 - mmcv - INFO - 
backbone.eallis_c4.illum.channel_mlp.2.bias - torch.Size([1024]): 
The value is the same before and after calling `init_weights` of MaskRCNNNoiseInv  
 
2026-06-30 23:34:25,941 - mmcv - INFO - 
backbone.eallis_c4.illum.spatial_conv.0.weight - torch.Size([1024, 1, 3, 3]): 
The value is the same before and after calling `init_weights` of MaskRCNNNoiseInv  
 
2026-06-30 23:34:25,941 - mmcv - INFO - 
backbone.eallis_c4.illum.spatial_conv.0.bias - torch.Size([1024]): 
The value is the same before and after calling `init_weights` of MaskRCNNNoiseInv  
 
2026-06-30 23:34:25,941 - mmcv - INFO - 
backbone.eallis_c4.illum.spatial_conv.1.weight - torch.Size([1, 1024, 1, 1]): 
The value is the same before and after calling `init_weights` of MaskRCNNNoiseInv  
 
2026-06-30 23:34:25,941 - mmcv - INFO - 
backbone.eallis_c4.illum.spatial_conv.1.bias - torch.Size([1]): 
The value is the same before and after calling `init_weights` of MaskRCNNNoiseInv  
 
2026-06-30 23:34:25,941 - mmcv - INFO - 
backbone.eallis_c4.rectifier.conv1.weight - torch.Size([1024, 1024, 3, 3]): 
The value is the same before and after calling `init_weights` of MaskRCNNNoiseInv  
 
2026-06-30 23:34:25,941 - mmcv - INFO - 
backbone.eallis_c4.rectifier.conv1.bias - torch.Size([1024]): 
The value is the same before and after calling `init_weights` of MaskRCNNNoiseInv  
 
2026-06-30 23:34:25,941 - mmcv - INFO - 
backbone.eallis_c4.rectifier.conv2.weight - torch.Size([1024, 1024, 3, 3]): 
The value is the same before and after calling `init_weights` of MaskRCNNNoiseInv  
 
2026-06-30 23:34:25,942 - mmcv - INFO - 
backbone.eallis_c4.rectifier.conv2.bias - torch.Size([1024]): 
The value is the same before and after calling `init_weights` of MaskRCNNNoiseInv  
 
2026-06-30 23:34:25,942 - mmcv - INFO - 
backbone.eallis_c4.rectifier.gate.0.weight - torch.Size([1024, 1024, 1, 1]): 
The value is the same before and after calling `init_weights` of MaskRCNNNoiseInv  
 
2026-06-30 23:34:25,942 - mmcv - INFO - 
backbone.eallis_c4.rectifier.gate.0.bias - torch.Size([1024]): 
The value is the same before and after calling `init_weights` of MaskRCNNNoiseInv  
 
2026-06-30 23:34:25,942 - mmcv - INFO - 
backbone.eallis_c4.edge.conv.0.weight - torch.Size([1024, 1024, 3, 3]): 
The value is the same before and after calling `init_weights` of MaskRCNNNoiseInv  
 
2026-06-30 23:34:25,942 - mmcv - INFO - 
backbone.eallis_c4.edge.conv.0.bias - torch.Size([1024]): 
The value is the same before and after calling `init_weights` of MaskRCNNNoiseInv  
 
2026-06-30 23:34:25,942 - mmcv - INFO - 
backbone.eallis_c4.edge.conv.2.weight - torch.Size([1, 1024, 1, 1]): 
The value is the same before and after calling `init_weights` of MaskRCNNNoiseInv  
 
2026-06-30 23:34:25,942 - mmcv - INFO - 
backbone.eallis_c4.edge.conv.2.bias - torch.Size([1]): 
The value is the same before and after calling `init_weights` of MaskRCNNNoiseInv  
 
2026-06-30 23:34:25,942 - mmcv - INFO - 
neck.lateral_convs.0.conv.weight - torch.Size([256, 256, 1, 1]): 
XavierInit: gain=1, distribution=uniform, bias=0 
 
2026-06-30 23:34:25,942 - mmcv - INFO - 
neck.lateral_convs.0.conv.bias - torch.Size([256]): 
The value is the same before and after calling `init_weights` of MaskRCNNNoiseInv  
 
2026-06-30 23:34:25,942 - mmcv - INFO - 
neck.lateral_convs.1.conv.weight - torch.Size([256, 512, 1, 1]): 
XavierInit: gain=1, distribution=uniform, bias=0 
 
2026-06-30 23:34:25,942 - mmcv - INFO - 
neck.lateral_convs.1.conv.bias - torch.Size([256]): 
The value is the same before and after calling `init_weights` of MaskRCNNNoiseInv  
 
2026-06-30 23:34:25,942 - mmcv - INFO - 
neck.lateral_convs.2.conv.weight - torch.Size([256, 1024, 1, 1]): 
XavierInit: gain=1, distribution=uniform, bias=0 
 
2026-06-30 23:34:25,942 - mmcv - INFO - 
neck.lateral_convs.2.conv.bias - torch.Size([256]): 
The value is the same before and after calling `init_weights` of MaskRCNNNoiseInv  
 
2026-06-30 23:34:25,942 - mmcv - INFO - 
neck.lateral_convs.3.conv.weight - torch.Size([256, 2048, 1, 1]): 
XavierInit: gain=1, distribution=uniform, bias=0 
 
2026-06-30 23:34:25,942 - mmcv - INFO - 
neck.lateral_convs.3.conv.bias - torch.Size([256]): 
The value is the same before and after calling `init_weights` of MaskRCNNNoiseInv  
 
2026-06-30 23:34:25,942 - mmcv - INFO - 
neck.fpn_convs.0.conv.weight - torch.Size([256, 256, 3, 3]): 
XavierInit: gain=1, distribution=uniform, bias=0 
 
2026-06-30 23:34:25,942 - mmcv - INFO - 
neck.fpn_convs.0.conv.bias - torch.Size([256]): 
The value is the same before and after calling `init_weights` of MaskRCNNNoiseInv  
 
2026-06-30 23:34:25,942 - mmcv - INFO - 
neck.fpn_convs.1.conv.weight - torch.Size([256, 256, 3, 3]): 
XavierInit: gain=1, distribution=uniform, bias=0 
 
2026-06-30 23:34:25,942 - mmcv - INFO - 
neck.fpn_convs.1.conv.bias - torch.Size([256]): 
The value is the same before and after calling `init_weights` of MaskRCNNNoiseInv  
 
2026-06-30 23:34:25,942 - mmcv - INFO - 
neck.fpn_convs.2.conv.weight - torch.Size([256, 256, 3, 3]): 
XavierInit: gain=1, distribution=uniform, bias=0 
 
2026-06-30 23:34:25,942 - mmcv - INFO - 
neck.fpn_convs.2.conv.bias - torch.Size([256]): 
The value is the same before and after calling `init_weights` of MaskRCNNNoiseInv  
 
2026-06-30 23:34:25,942 - mmcv - INFO - 
neck.fpn_convs.3.conv.weight - torch.Size([256, 256, 3, 3]): 
XavierInit: gain=1, distribution=uniform, bias=0 
 
2026-06-30 23:34:25,942 - mmcv - INFO - 
neck.fpn_convs.3.conv.bias - torch.Size([256]): 
The value is the same before and after calling `init_weights` of MaskRCNNNoiseInv  
 
2026-06-30 23:34:25,942 - mmcv - INFO - 
rpn_head.rpn_conv.weight - torch.Size([256, 256, 3, 3]): 
NormalInit: mean=0, std=0.01, bias=0 
 
2026-06-30 23:34:25,942 - mmcv - INFO - 
rpn_head.rpn_conv.bias - torch.Size([256]): 
NormalInit: mean=0, std=0.01, bias=0 
 
2026-06-30 23:34:25,942 - mmcv - INFO - 
rpn_head.rpn_cls.weight - torch.Size([3, 256, 1, 1]): 
NormalInit: mean=0, std=0.01, bias=0 
 
2026-06-30 23:34:25,942 - mmcv - INFO - 
rpn_head.rpn_cls.bias - torch.Size([3]): 
NormalInit: mean=0, std=0.01, bias=0 
 
2026-06-30 23:34:25,942 - mmcv - INFO - 
rpn_head.rpn_reg.weight - torch.Size([12, 256, 1, 1]): 
NormalInit: mean=0, std=0.01, bias=0 
 
2026-06-30 23:34:25,942 - mmcv - INFO - 
rpn_head.rpn_reg.bias - torch.Size([12]): 
NormalInit: mean=0, std=0.01, bias=0 
 
2026-06-30 23:34:25,942 - mmcv - INFO - 
roi_head.bbox_head.fc_cls.weight - torch.Size([9, 1024]): 
XavierInit: gain=1, distribution=normal, bias=0 
 
2026-06-30 23:34:25,942 - mmcv - INFO - 
roi_head.bbox_head.fc_cls.bias - torch.Size([9]): 
NormalInit: mean=0, std=0.01, bias=0 
 
2026-06-30 23:34:25,942 - mmcv - INFO - 
roi_head.bbox_head.fc_reg.weight - torch.Size([32, 1024]): 
XavierInit: gain=1, distribution=normal, bias=0 
 
2026-06-30 23:34:25,943 - mmcv - INFO - 
roi_head.bbox_head.fc_reg.bias - torch.Size([32]): 
NormalInit: mean=0, std=0.001, bias=0 
 
2026-06-30 23:34:25,943 - mmcv - INFO - 
roi_head.bbox_head.shared_fcs.0.weight - torch.Size([1024, 12544]): 
XavierInit: gain=1, distribution=normal, bias=0 
 
2026-06-30 23:34:25,943 - mmcv - INFO - 
roi_head.bbox_head.shared_fcs.0.bias - torch.Size([1024]): 
XavierInit: gain=1, distribution=normal, bias=0 
 
2026-06-30 23:34:25,943 - mmcv - INFO - 
roi_head.bbox_head.shared_fcs.1.weight - torch.Size([1024, 1024]): 
XavierInit: gain=1, distribution=normal, bias=0 
 
2026-06-30 23:34:25,943 - mmcv - INFO - 
roi_head.bbox_head.shared_fcs.1.bias - torch.Size([1024]): 
XavierInit: gain=1, distribution=normal, bias=0 
 
2026-06-30 23:34:25,943 - mmcv - INFO - 
roi_head.mask_head.convs.0.conv.weight - torch.Size([256, 256, 3, 3]): 
Initialized by user-defined `init_weights` in ConvModule  
 
2026-06-30 23:34:25,943 - mmcv - INFO - 
roi_head.mask_head.convs.0.conv.bias - torch.Size([256]): 
The value is the same before and after calling `init_weights` of MaskRCNNNoiseInv  
 
2026-06-30 23:34:25,943 - mmcv - INFO - 
roi_head.mask_head.convs.1.conv.weight - torch.Size([256, 256, 3, 3]): 
Initialized by user-defined `init_weights` in ConvModule  
 
2026-06-30 23:34:25,943 - mmcv - INFO - 
roi_head.mask_head.convs.1.conv.bias - torch.Size([256]): 
The value is the same before and after calling `init_weights` of MaskRCNNNoiseInv  
 
2026-06-30 23:34:25,943 - mmcv - INFO - 
roi_head.mask_head.convs.2.conv.weight - torch.Size([256, 256, 3, 3]): 
Initialized by user-defined `init_weights` in ConvModule  
 
2026-06-30 23:34:25,943 - mmcv - INFO - 
roi_head.mask_head.convs.2.conv.bias - torch.Size([256]): 
The value is the same before and after calling `init_weights` of MaskRCNNNoiseInv  
 
2026-06-30 23:34:25,943 - mmcv - INFO - 
roi_head.mask_head.convs.3.conv.weight - torch.Size([256, 256, 3, 3]): 
Initialized by user-defined `init_weights` in ConvModule  
 
2026-06-30 23:34:25,943 - mmcv - INFO - 
roi_head.mask_head.convs.3.conv.bias - torch.Size([256]): 
The value is the same before and after calling `init_weights` of MaskRCNNNoiseInv  
 
2026-06-30 23:34:25,943 - mmcv - INFO - 
roi_head.mask_head.upsample.weight - torch.Size([256, 256, 2, 2]): 
Initialized by user-defined `init_weights` in FCNMaskHead  
 
2026-06-30 23:34:25,943 - mmcv - INFO - 
roi_head.mask_head.upsample.bias - torch.Size([256]): 
Initialized by user-defined `init_weights` in FCNMaskHead  
 
2026-06-30 23:34:25,943 - mmcv - INFO - 
roi_head.mask_head.conv_logits.weight - torch.Size([8, 256, 1, 1]): 
Initialized by user-defined `init_weights` in FCNMaskHead  
 
2026-06-30 23:34:25,943 - mmcv - INFO - 
roi_head.mask_head.conv_logits.bias - torch.Size([8]): 
Initialized by user-defined `init_weights` in FCNMaskHead  
 
/usr/local/lib/python3.12/dist-packages/torch/utils/data/dataloader.py:424: UserWarning: This DataLoader will create 4 worker processes in total. Our suggested max number of worker in current system is 2, which is smaller than what this DataLoader is going to create. Please be aware that excessive worker creation might get DataLoader running slow or even freeze, lower the worker number to avoid potential slowness/freeze if necessary.
  self.check_worker_number_rationality()
2026-06-30 23:34:31,893 - mmdet - INFO - load checkpoint from local path: /content/drive/MyDrive/EALLIS_checkpoints/Checkpoint1.pth
2026-06-30 23:34:37,783 - mmdet - WARNING - The model and loaded state dict do not match exactly

unexpected key in source state_dict: backbone.AdaD.1.weight_net.0.weight, backbone.AdaD.1.weight_net.1.weight, backbone.AdaD.1.weight_net.1.bias, backbone.AdaD.1.weight_net.1.running_mean, backbone.AdaD.1.weight_net.1.running_var, backbone.AdaD.1.weight_net.1.num_batches_tracked, backbone.AdaD.1.channel_net.1.weight, backbone.AdaD.1.channel_net.3.weight, backbone.AdaD.2.weight_net.0.weight, backbone.AdaD.2.weight_net.1.weight, backbone.AdaD.2.weight_net.1.bias, backbone.AdaD.2.weight_net.1.running_mean, backbone.AdaD.2.weight_net.1.running_var, backbone.AdaD.2.weight_net.1.num_batches_tracked, backbone.AdaD.2.channel_net.1.weight, backbone.AdaD.2.channel_net.3.weight, backbone.AdaD.3.weight_net.0.weight, backbone.AdaD.3.weight_net.1.weight, backbone.AdaD.3.weight_net.1.bias, backbone.AdaD.3.weight_net.1.running_mean, backbone.AdaD.3.weight_net.1.running_var, backbone.AdaD.3.weight_net.1.num_batches_tracked, backbone.AdaD.3.channel_net.1.weight, backbone.AdaD.3.channel_net.3.weight, backbone.layer2.0.llpf.weight, backbone.layer2.0.learnable_conv1.weight, backbone.layer2.1.llpf.weight, backbone.layer2.1.learnable_conv1.weight, backbone.layer2.2.llpf.weight, backbone.layer2.2.learnable_conv1.weight, backbone.layer2.3.llpf.weight, backbone.layer2.3.learnable_conv1.weight, backbone.layer3.0.llpf.weight, backbone.layer3.0.learnable_conv1.weight, backbone.layer3.1.llpf.weight, backbone.layer3.1.learnable_conv1.weight, backbone.layer3.2.llpf.weight, backbone.layer3.2.learnable_conv1.weight, backbone.layer3.3.llpf.weight, backbone.layer3.3.learnable_conv1.weight, backbone.layer3.4.llpf.weight, backbone.layer3.4.learnable_conv1.weight, backbone.layer3.5.llpf.weight, backbone.layer3.5.learnable_conv1.weight, backbone.layer4.0.llpf.weight, backbone.layer4.0.learnable_conv1.weight, backbone.layer4.1.llpf.weight, backbone.layer4.1.learnable_conv1.weight, backbone.layer4.2.llpf.weight, backbone.layer4.2.learnable_conv1.weight

missing keys in source state_dict: backbone.eallis_c3.illum.channel_mlp.0.weight, backbone.eallis_c3.illum.channel_mlp.0.bias, backbone.eallis_c3.illum.channel_mlp.2.weight, backbone.eallis_c3.illum.channel_mlp.2.bias, backbone.eallis_c3.illum.spatial_conv.0.weight, backbone.eallis_c3.illum.spatial_conv.0.bias, backbone.eallis_c3.illum.spatial_conv.1.weight, backbone.eallis_c3.illum.spatial_conv.1.bias, backbone.eallis_c3.rectifier.conv1.weight, backbone.eallis_c3.rectifier.conv1.bias, backbone.eallis_c3.rectifier.conv2.weight, backbone.eallis_c3.rectifier.conv2.bias, backbone.eallis_c3.rectifier.gate.0.weight, backbone.eallis_c3.rectifier.gate.0.bias, backbone.eallis_c3.edge.conv.0.weight, backbone.eallis_c3.edge.conv.0.bias, backbone.eallis_c3.edge.conv.2.weight, backbone.eallis_c3.edge.conv.2.bias, backbone.eallis_c4.illum.channel_mlp.0.weight, backbone.eallis_c4.illum.channel_mlp.0.bias, backbone.eallis_c4.illum.channel_mlp.2.weight, backbone.eallis_c4.illum.channel_mlp.2.bias, backbone.eallis_c4.illum.spatial_conv.0.weight, backbone.eallis_c4.illum.spatial_conv.0.bias, backbone.eallis_c4.illum.spatial_conv.1.weight, backbone.eallis_c4.illum.spatial_conv.1.bias, backbone.eallis_c4.rectifier.conv1.weight, backbone.eallis_c4.rectifier.conv1.bias, backbone.eallis_c4.rectifier.conv2.weight, backbone.eallis_c4.rectifier.conv2.bias, backbone.eallis_c4.rectifier.gate.0.weight, backbone.eallis_c4.rectifier.gate.0.bias, backbone.eallis_c4.edge.conv.0.weight, backbone.eallis_c4.edge.conv.0.bias, backbone.eallis_c4.edge.conv.2.weight, backbone.eallis_c4.edge.conv.2.bias

2026-06-30 23:34:37,799 - mmdet - INFO - Start running, host: root@1d0755c48366, work_dir: /content/drive/MyDrive/Ablation/full
2026-06-30 23:34:37,800 - mmdet - INFO - Hooks will be executed in the following order:
before_run:
(VERY_HIGH   ) StepLrUpdaterHook                  
(NORMAL      ) CheckpointHook                     
(NORMAL      ) EvalHook                           
(VERY_LOW    ) TextLoggerHook                     
 -------------------- 
before_train_epoch:
(VERY_HIGH   ) StepLrUpdaterHook                  
(NORMAL      ) EvalHook                           
(NORMAL      ) NumClassCheckHook                  
(LOW         ) IterTimerHook                      
(VERY_LOW    ) TextLoggerHook                     
 -------------------- 
before_train_iter:
(VERY_HIGH   ) StepLrUpdaterHook                  
(NORMAL      ) EvalHook                           
(LOW         ) IterTimerHook                      
 -------------------- 
after_train_iter:
(ABOVE_NORMAL) OptimizerHook                      
(NORMAL      ) CheckpointHook                     
(NORMAL      ) EvalHook                           
(LOW         ) IterTimerHook                      
(VERY_LOW    ) TextLoggerHook                     
 -------------------- 
after_train_epoch:
(NORMAL      ) CheckpointHook                     
(NORMAL      ) EvalHook                           
(VERY_LOW    ) TextLoggerHook                     
 -------------------- 
before_val_epoch:
(NORMAL      ) NumClassCheckHook                  
(LOW         ) IterTimerHook                      
(VERY_LOW    ) TextLoggerHook                     
 -------------------- 
before_val_iter:
(LOW         ) IterTimerHook                      
 -------------------- 
after_val_iter:
(LOW         ) IterTimerHook                      
 -------------------- 
after_val_epoch:
(VERY_LOW    ) TextLoggerHook                     
 -------------------- 
after_run:
(VERY_LOW    ) TextLoggerHook                     
 -------------------- 
2026-06-30 23:34:37,800 - mmdet - INFO - workflow: [('train', 1)], max: 5 epochs
2026-06-30 23:34:37,801 - mmdet - INFO - Checkpoints will be saved to /content/drive/MyDrive/Ablation/full by HardDiskBackend.
/usr/local/lib/python3.12/dist-packages/torch/utils/data/dataloader.py:432: UserWarning: This DataLoader will create 4 worker processes in total. Our suggested max number of worker in current system is 2, which is smaller than what this DataLoader is going to create. Please be aware that excessive worker creation might get DataLoader running slow or even freeze, lower the worker number to avoid potential slowness/freeze if necessary.
  self.check_worker_number_rationality()
loading annotations into memory...
Done (t=3.09s)
creating index...
index created!
[i] NoiseModel with /content/EALLIS/mmdetection/mmdet/datasets/pipelines/noisemodel/camera_params
[i] camera: CanonEOS5D4
[i] using noise model PGRU
[i] dark ratio (1.0, 1.0)
[i] noise ratio (10, 100)
loading annotations into memory...
Done (t=0.21s)
creating index...
index created!
/content/EALLIS/mmdetection/mmdet/core/anchor/anchor_generator.py:323: UserWarning: ``grid_anchors`` would be deprecated soon. Please use ``grid_priors`` 
  warnings.warn('``grid_anchors`` would be deprecated soon. '
/content/EALLIS/mmdetection/mmdet/core/anchor/anchor_generator.py:359: UserWarning: ``single_level_grid_anchors`` would be deprecated soon. Please use ``single_level_grid_priors`` 
  warnings.warn(
2026-06-30 23:37:14,983 - mmdet - INFO - Epoch [1][50/1324]	lr: 9.890e-04, eta: 5:43:56, time: 3.141, data_time: 0.204, memory: 9528, noise_inv_loss: 0.0008, clean_loss_rpn_cls: 0.0503, clean_loss_rpn_bbox: 0.0206, clean_loss_cls: 0.1374, clean_acc: 95.4497, clean_loss_bbox: 0.1449, clean_loss_mask: 0.3209, clean_edge_loss: 0.8930, loss_rpn_cls: 0.0638, loss_rpn_bbox: 0.0218, loss_cls: 0.1453, acc: 95.6206, loss_bbox: 0.1395, loss_mask: 0.3686, edge_loss: 0.8923, loss: 3.1992
2026-06-30 23:39:47,374 - mmdet - INFO - Epoch [1][100/1324]	lr: 1.988e-03, eta: 5:36:15, time: 3.048, data_time: 0.048, memory: 9920, noise_inv_loss: 0.0009, clean_loss_rpn_cls: 0.0314, clean_loss_rpn_bbox: 0.0174, clean_loss_cls: 0.1256, clean_acc: 95.5415, clean_loss_bbox: 0.1423, clean_loss_mask: 0.2909, clean_edge_loss: 0.7925, loss_rpn_cls: 0.0462, loss_rpn_bbox: 0.0194, loss_cls: 0.1382, acc: 95.5527, loss_bbox: 0.1440, loss_mask: 0.3278, edge_loss: 0.7950, loss: 2.8716
2026-06-30 23:42:20,785 - mmdet - INFO - Epoch [1][150/1324]	lr: 2.987e-03, eta: 5:32:44, time: 3.068, data_time: 0.043, memory: 9920, noise_inv_loss: 0.0009, clean_loss_rpn_cls: 0.0290, clean_loss_rpn_bbox: 0.0174, clean_loss_cls: 0.1197, clean_acc: 95.7246, clean_loss_bbox: 0.1359, clean_loss_mask: 0.2964, clean_edge_loss: 0.7477, loss_rpn_cls: 0.0426, loss_rpn_bbox: 0.0191, loss_cls: 0.1332, acc: 95.5737, loss_bbox: 0.1387, loss_mask: 0.3418, edge_loss: 0.7487, loss: 2.7712
2026-06-30 23:44:55,200 - mmdet - INFO - Epoch [1][200/1324]	lr: 3.986e-03, eta: 5:30:14, time: 3.088, data_time: 0.042, memory: 9920, noise_inv_loss: 0.0008, clean_loss_rpn_cls: 0.0254, clean_loss_rpn_bbox: 0.0157, clean_loss_cls: 0.1136, clean_acc: 95.9141, clean_loss_bbox: 0.1297, clean_loss_mask: 0.3040, clean_edge_loss: 0.7412, loss_rpn_cls: 0.0369, loss_rpn_bbox: 0.0175, loss_cls: 0.1281, acc: 95.7222, loss_bbox: 0.1326, loss_mask: 0.3434, edge_loss: 0.7424, loss: 2.7313
2026-06-30 23:47:30,092 - mmdet - INFO - Epoch [1][250/1324]	lr: 4.985e-03, eta: 5:27:54, time: 3.098, data_time: 0.048, memory: 10174, noise_inv_loss: 0.0009, clean_loss_rpn_cls: 0.0300, clean_loss_rpn_bbox: 0.0202, clean_loss_cls: 0.1251, clean_acc: 95.6187, clean_loss_bbox: 0.1490, clean_loss_mask: 0.3062, clean_edge_loss: 0.7581, loss_rpn_cls: 0.0436, loss_rpn_bbox: 0.0224, loss_cls: 0.1411, acc: 95.4795, loss_bbox: 0.1491, loss_mask: 0.3470, edge_loss: 0.7604, loss: 2.8532
2026-06-30 23:50:03,487 - mmdet - INFO - Epoch [1][300/1324]	lr: 5.984e-03, eta: 5:24:58, time: 3.068, data_time: 0.042, memory: 10174, noise_inv_loss: 0.0009, clean_loss_rpn_cls: 0.0300, clean_loss_rpn_bbox: 0.0188, clean_loss_cls: 0.1153, clean_acc: 95.9805, clean_loss_bbox: 0.1346, clean_loss_mask: 0.3112, clean_edge_loss: 0.7548, loss_rpn_cls: 0.0456, loss_rpn_bbox: 0.0211, loss_cls: 0.1313, acc: 95.8545, loss_bbox: 0.1344, loss_mask: 0.3574, edge_loss: 0.7572, loss: 2.8126
2026-06-30 23:52:36,835 - mmdet - INFO - Epoch [1][350/1324]	lr: 6.983e-03, eta: 5:22:07, time: 3.067, data_time: 0.045, memory: 10174, noise_inv_loss: 0.0009, clean_loss_rpn_cls: 0.0269, clean_loss_rpn_bbox: 0.0166, clean_loss_cls: 0.1174, clean_acc: 95.8945, clean_loss_bbox: 0.1344, clean_loss_mask: 0.2938, clean_edge_loss: 0.7353, loss_rpn_cls: 0.0396, loss_rpn_bbox: 0.0184, loss_cls: 0.1330, acc: 95.7153, loss_bbox: 0.1366, loss_mask: 0.3430, edge_loss: 0.7378, loss: 2.7336
2026-06-30 23:55:10,983 - mmdet - INFO - Epoch [1][400/1324]	lr: 7.982e-03, eta: 5:19:33, time: 3.083, data_time: 0.041, memory: 10174, noise_inv_loss: 0.0009, clean_loss_rpn_cls: 0.0297, clean_loss_rpn_bbox: 0.0169, clean_loss_cls: 0.1132, clean_acc: 96.1743, clean_loss_bbox: 0.1261, clean_loss_mask: 0.3059, clean_edge_loss: 0.7344, loss_rpn_cls: 0.0429, loss_rpn_bbox: 0.0188, loss_cls: 0.1305, acc: 95.8853, loss_bbox: 0.1289, loss_mask: 0.3522, edge_loss: 0.7382, loss: 2.7385
2026-06-30 23:57:44,963 - mmdet - INFO - Epoch [1][450/1324]	lr: 8.981e-03, eta: 5:16:57, time: 3.080, data_time: 0.043, memory: 10174, noise_inv_loss: 0.0008, clean_loss_rpn_cls: 0.0264, clean_loss_rpn_bbox: 0.0175, clean_loss_cls: 0.1276, clean_acc: 95.5488, clean_loss_bbox: 0.1402, clean_loss_mask: 0.3001, clean_edge_loss: 0.7408, loss_rpn_cls: 0.0398, loss_rpn_bbox: 0.0193, loss_cls: 0.1400, acc: 95.5352, loss_bbox: 0.1395, loss_mask: 0.3388, edge_loss: 0.7432, loss: 2.7740
2026-06-30 00:00:19,964 - mmdet - INFO - Epoch [1][500/1324]	lr: 9.980e-03, eta: 5:14:34, time: 3.100, data_time: 0.040, memory: 10174, noise_inv_loss: 0.0008, clean_loss_rpn_cls: 0.0317, clean_loss_rpn_bbox: 0.0193, clean_loss_cls: 0.1272, clean_acc: 95.6353, clean_loss_bbox: 0.1374, clean_loss_mask: 0.3082, clean_edge_loss: 0.7551, loss_rpn_cls: 0.0437, loss_rpn_bbox: 0.0211, loss_cls: 0.1435, acc: 95.5244, loss_bbox: 0.1393, loss_mask: 0.3509, edge_loss: 0.7573, loss: 2.8356
2026-06-30 00:02:54,004 - mmdet - INFO - Epoch [1][550/1324]	lr: 1.000e-02, eta: 5:11:58, time: 3.081, data_time: 0.045, memory: 10174, noise_inv_loss: 0.0008, clean_loss_rpn_cls: 0.0326, clean_loss_rpn_bbox: 0.0175, clean_loss_cls: 0.1246, clean_acc: 95.6074, clean_loss_bbox: 0.1375, clean_loss_mask: 0.3183, clean_edge_loss: 0.7389, loss_rpn_cls: 0.0474, loss_rpn_bbox: 0.0193, loss_cls: 0.1380, acc: 95.6597, loss_bbox: 0.1357, loss_mask: 0.3580, edge_loss: 0.7422, loss: 2.8109
2026-06-30 00:05:28,463 - mmdet - INFO - Epoch [1][600/1324]	lr: 1.000e-02, eta: 5:09:26, time: 3.089, data_time: 0.042, memory: 10174, noise_inv_loss: 0.0008, clean_loss_rpn_cls: 0.0346, clean_loss_rpn_bbox: 0.0216, clean_loss_cls: 0.1341, clean_acc: 95.3706, clean_loss_bbox: 0.1511, clean_loss_mask: 0.3226, clean_edge_loss: 0.7577, loss_rpn_cls: 0.0498, loss_rpn_bbox: 0.0230, loss_cls: 0.1495, acc: 95.2847, loss_bbox: 0.1480, loss_mask: 0.3620, edge_loss: 0.7610, loss: 2.9159
2026-06-30 00:08:01,533 - mmdet - INFO - Epoch [1][650/1324]	lr: 1.000e-02, eta: 5:06:42, time: 3.061, data_time: 0.043, memory: 10266, noise_inv_loss: 0.0008, clean_loss_rpn_cls: 0.0332, clean_loss_rpn_bbox: 0.0188, clean_loss_cls: 0.1284, clean_acc: 95.5605, clean_loss_bbox: 0.1394, clean_loss_mask: 0.3260, clean_edge_loss: 0.7464, loss_rpn_cls: 0.0452, loss_rpn_bbox: 0.0201, loss_cls: 0.1380, acc: 95.6089, loss_bbox: 0.1368, loss_mask: 0.3643, edge_loss: 0.7487, loss: 2.8461
2026-06-30 00:10:34,770 - mmdet - INFO - Epoch [1][700/1324]	lr: 1.000e-02, eta: 5:04:00, time: 3.065, data_time: 0.040, memory: 10266, noise_inv_loss: 0.0008, clean_loss_rpn_cls: 0.0307, clean_loss_rpn_bbox: 0.0187, clean_loss_cls: 0.1304, clean_acc: 95.6270, clean_loss_bbox: 0.1416, clean_loss_mask: 0.3143, clean_edge_loss: 0.7449, loss_rpn_cls: 0.0453, loss_rpn_bbox: 0.0206, loss_cls: 0.1423, acc: 95.6816, loss_bbox: 0.1360, loss_mask: 0.3594, edge_loss: 0.7481, loss: 2.8330
2026-06-30 00:13:11,029 - mmdet - INFO - Epoch [1][750/1324]	lr: 1.000e-02, eta: 5:01:43, time: 3.125, data_time: 0.045, memory: 10266, noise_inv_loss: 0.0008, clean_loss_rpn_cls: 0.0342, clean_loss_rpn_bbox: 0.0188, clean_loss_cls: 0.1359, clean_acc: 95.5479, clean_loss_bbox: 0.1393, clean_loss_mask: 0.3219, clean_edge_loss: 0.7312, loss_rpn_cls: 0.0487, loss_rpn_bbox: 0.0203, loss_cls: 0.1490, acc: 95.5444, loss_bbox: 0.1388, loss_mask: 0.3627, edge_loss: 0.7346, loss: 2.8361
2026-06-30 00:15:49,700 - mmdet - INFO - Epoch [1][800/1324]	lr: 1.000e-02, eta: 4:59:41, time: 3.173, data_time: 0.047, memory: 10266, noise_inv_loss: 0.0008, clean_loss_rpn_cls: 0.0336, clean_loss_rpn_bbox: 0.0212, clean_loss_cls: 0.1340, clean_acc: 95.4761, clean_loss_bbox: 0.1502, clean_loss_mask: 0.3063, clean_edge_loss: 0.7519, loss_rpn_cls: 0.0483, loss_rpn_bbox: 0.0230, loss_cls: 0.1480, acc: 95.3755, loss_bbox: 0.1504, loss_mask: 0.3429, edge_loss: 0.7565, loss: 2.8673
2026-06-30 00:18:26,450 - mmdet - INFO - Epoch [1][850/1324]	lr: 1.000e-02, eta: 4:57:22, time: 3.135, data_time: 0.045, memory: 10266, noise_inv_loss: 0.0008, clean_loss_rpn_cls: 0.0322, clean_loss_rpn_bbox: 0.0200, clean_loss_cls: 0.1333, clean_acc: 95.4468, clean_loss_bbox: 0.1507, clean_loss_mask: 0.3298, clean_edge_loss: 0.7353, loss_rpn_cls: 0.0451, loss_rpn_bbox: 0.0212, loss_cls: 0.1449, acc: 95.4663, loss_bbox: 0.1478, loss_mask: 0.3694, edge_loss: 0.7392, loss: 2.8697
2026-06-30 00:21:05,766 - mmdet - INFO - Epoch [1][900/1324]	lr: 1.000e-02, eta: 4:55:18, time: 3.186, data_time: 0.043, memory: 10266, noise_inv_loss: 0.0008, clean_loss_rpn_cls: 0.0329, clean_loss_rpn_bbox: 0.0203, clean_loss_cls: 0.1332, clean_acc: 95.5474, clean_loss_bbox: 0.1500, clean_loss_mask: 0.3145, clean_edge_loss: 0.7478, loss_rpn_cls: 0.0488, loss_rpn_bbox: 0.0223, loss_cls: 0.1491, acc: 95.3867, loss_bbox: 0.1477, loss_mask: 0.3484, edge_loss: 0.7520, loss: 2.8676
2026-06-30 00:23:41,300 - mmdet - INFO - Epoch [1][950/1324]	lr: 1.000e-02, eta: 4:52:47, time: 3.111, data_time: 0.042, memory: 10266, noise_inv_loss: 0.0008, clean_loss_rpn_cls: 0.0305, clean_loss_rpn_bbox: 0.0171, clean_loss_cls: 0.1270, clean_acc: 95.6812, clean_loss_bbox: 0.1348, clean_loss_mask: 0.3214, clean_edge_loss: 0.7387, loss_rpn_cls: 0.0476, loss_rpn_bbox: 0.0188, loss_cls: 0.1400, acc: 95.6499, loss_bbox: 0.1336, loss_mask: 0.3664, edge_loss: 0.7425, loss: 2.8192
2026-06-30 00:26:16,494 - mmdet - INFO - Exp name: train_kaggle.py
2026-06-30 00:26:16,494 - mmdet - INFO - Epoch [1][1000/1324]	lr: 1.000e-02, eta: 4:50:13, time: 3.104, data_time: 0.038, memory: 10266, noise_inv_loss: 0.0008, clean_loss_rpn_cls: 0.0289, clean_loss_rpn_bbox: 0.0159, clean_loss_cls: 0.1193, clean_acc: 95.8228, clean_loss_bbox: 0.1324, clean_loss_mask: 0.3212, clean_edge_loss: 0.7233, loss_rpn_cls: 0.0420, loss_rpn_bbox: 0.0171, loss_cls: 0.1327, acc: 95.7461, loss_bbox: 0.1302, loss_mask: 0.3614, edge_loss: 0.7263, loss: 2.7516
2026-06-30 00:28:53,156 - mmdet - INFO - Epoch [1][1050/1324]	lr: 1.000e-02, eta: 4:47:48, time: 3.133, data_time: 0.042, memory: 10266, noise_inv_loss: 0.0008, clean_loss_rpn_cls: 0.0330, clean_loss_rpn_bbox: 0.0204, clean_loss_cls: 0.1340, clean_acc: 95.3257, clean_loss_bbox: 0.1503, clean_loss_mask: 0.3254, clean_edge_loss: 0.7393, loss_rpn_cls: 0.0477, loss_rpn_bbox: 0.0218, loss_cls: 0.1456, acc: 95.3584, loss_bbox: 0.1470, loss_mask: 0.3722, edge_loss: 0.7426, loss: 2.8799
2026-06-30 00:31:31,991 - mmdet - INFO - Epoch [1][1100/1324]	lr: 1.000e-02, eta: 4:45:32, time: 3.177, data_time: 0.044, memory: 10426, noise_inv_loss: 0.0008, clean_loss_rpn_cls: 0.0351, clean_loss_rpn_bbox: 0.0210, clean_loss_cls: 0.1417, clean_acc: 95.0273, clean_loss_bbox: 0.1587, clean_loss_mask: 0.3277, clean_edge_loss: 0.7517, loss_rpn_cls: 0.0472, loss_rpn_bbox: 0.0225, loss_cls: 0.1571, acc: 94.8999, loss_bbox: 0.1611, loss_mask: 0.3706, edge_loss: 0.7552, loss: 2.9505
2026-06-30 00:34:08,228 - mmdet - INFO - Epoch [1][1150/1324]	lr: 1.000e-02, eta: 4:43:02, time: 3.125, data_time: 0.041, memory: 10426, noise_inv_loss: 0.0008, clean_loss_rpn_cls: 0.0339, clean_loss_rpn_bbox: 0.0182, clean_loss_cls: 0.1295, clean_acc: 95.7388, clean_loss_bbox: 0.1309, clean_loss_mask: 0.3161, clean_edge_loss: 0.7308, loss_rpn_cls: 0.0461, loss_rpn_bbox: 0.0197, loss_cls: 0.1402, acc: 95.6938, loss_bbox: 0.1329, loss_mask: 0.3581, edge_loss: 0.7342, loss: 2.7915
2026-06-30 00:36:46,082 - mmdet - INFO - Epoch [1][1200/1324]	lr: 1.000e-02, eta: 4:40:38, time: 3.157, data_time: 0.042, memory: 10426, noise_inv_loss: 0.0008, clean_loss_rpn_cls: 0.0337, clean_loss_rpn_bbox: 0.0220, clean_loss_cls: 0.1420, clean_acc: 95.0747, clean_loss_bbox: 0.1569, clean_loss_mask: 0.3174, clean_edge_loss: 0.7438, loss_rpn_cls: 0.0490, loss_rpn_bbox: 0.0242, loss_cls: 0.1566, acc: 95.0625, loss_bbox: 0.1561, loss_mask: 0.3600, edge_loss: 0.7479, loss: 2.9104
2026-06-30 00:39:26,644 - mmdet - INFO - Epoch [1][1250/1324]	lr: 1.000e-02, eta: 4:38:25, time: 3.211, data_time: 0.046, memory: 10426, noise_inv_loss: 0.0008, clean_loss_rpn_cls: 0.0334, clean_loss_rpn_bbox: 0.0197, clean_loss_cls: 0.1432, clean_acc: 95.1113, clean_loss_bbox: 0.1556, clean_loss_mask: 0.3203, clean_edge_loss: 0.7441, loss_rpn_cls: 0.0466, loss_rpn_bbox: 0.0212, loss_cls: 0.1557, acc: 95.0488, loss_bbox: 0.1551, loss_mask: 0.3562, edge_loss: 0.7472, loss: 2.8991
2026-06-30 00:42:03,210 - mmdet - INFO - Epoch [1][1300/1324]	lr: 1.000e-02, eta: 4:35:54, time: 3.131, data_time: 0.041, memory: 10426, noise_inv_loss: 0.0008, clean_loss_rpn_cls: 0.0304, clean_loss_rpn_bbox: 0.0184, clean_loss_cls: 0.1291, clean_acc: 95.6167, clean_loss_bbox: 0.1419, clean_loss_mask: 0.3152, clean_edge_loss: 0.7324, loss_rpn_cls: 0.0457, loss_rpn_bbox: 0.0197, loss_cls: 0.1421, acc: 95.4917, loss_bbox: 0.1409, loss_mask: 0.3536, edge_loss: 0.7370, loss: 2.8071
[                                                  ] 0/669, elapsed: 0s, ETA:
[                                 ] 1/669, 1.1 task/s, elapsed: 1s, ETA:   627s
[                                 ] 2/669, 1.9 task/s, elapsed: 1s, ETA:   351s
[                                 ] 3/669, 2.6 task/s, elapsed: 1s, ETA:   252s
[                                 ] 4/669, 3.1 task/s, elapsed: 1s, ETA:   212s
[                                 ] 5/669, 3.6 task/s, elapsed: 1s, ETA:   184s
[                                 ] 6/669, 3.9 task/s, elapsed: 2s, ETA:   171s
[                                 ] 7/669, 4.2 task/s, elapsed: 2s, ETA:   158s
[                                 ] 8/669, 4.1 task/s, elapsed: 2s, ETA:   161s
[                                 ] 9/669, 4.3 task/s, elapsed: 2s, ETA:   152s
[                                ] 10/669, 4.3 task/s, elapsed: 2s, ETA:   152s
[                                ] 11/669, 4.3 task/s, elapsed: 3s, ETA:   152s
[                                ] 12/669, 4.4 task/s, elapsed: 3s, ETA:   149s
[                                ] 13/669, 4.6 task/s, elapsed: 3s, ETA:   143s
[                                ] 14/669, 4.8 task/s, elapsed: 3s, ETA:   138s
[                                ] 15/669, 5.0 task/s, elapsed: 3s, ETA:   132s
[                                ] 16/669, 5.1 task/s, elapsed: 3s, ETA:   128s
[                                ] 17/669, 5.3 task/s, elapsed: 3s, ETA:   123s
[                                ] 18/669, 5.4 task/s, elapsed: 3s, ETA:   121s
[                                ] 19/669, 5.5 task/s, elapsed: 3s, ETA:   118s
[                                ] 20/669, 5.6 task/s, elapsed: 4s, ETA:   116s
[>                               ] 21/669, 5.7 task/s, elapsed: 4s, ETA:   113s
[>                               ] 22/669, 5.8 task/s, elapsed: 4s, ETA:   112s
[>                               ] 23/669, 5.9 task/s, elapsed: 4s, ETA:   109s
[>                               ] 24/669, 6.0 task/s, elapsed: 4s, ETA:   107s
[>                               ] 25/669, 6.1 task/s, elapsed: 4s, ETA:   105s
[>                               ] 26/669, 6.2 task/s, elapsed: 4s, ETA:   104s
[>                               ] 27/669, 6.3 task/s, elapsed: 4s, ETA:   102s
[>                               ] 28/669, 6.3 task/s, elapsed: 4s, ETA:   102s
[>                               ] 29/669, 6.4 task/s, elapsed: 5s, ETA:   101s
[>                               ] 30/669, 6.4 task/s, elapsed: 5s, ETA:   100s
[>                               ] 31/669, 6.5 task/s, elapsed: 5s, ETA:    98s
[>                               ] 32/669, 6.6 task/s, elapsed: 5s, ETA:    97s
[>                               ] 33/669, 6.7 task/s, elapsed: 5s, ETA:    96s
[>                               ] 34/669, 6.7 task/s, elapsed: 5s, ETA:    95s
[>                               ] 35/669, 6.8 task/s, elapsed: 5s, ETA:    94s
[>                               ] 36/669, 6.8 task/s, elapsed: 5s, ETA:    93s
[>                               ] 37/669, 6.9 task/s, elapsed: 5s, ETA:    91s
[>                               ] 38/669, 7.0 task/s, elapsed: 5s, ETA:    90s
[>                               ] 39/669, 7.1 task/s, elapsed: 6s, ETA:    89s
[>                               ] 40/669, 7.1 task/s, elapsed: 6s, ETA:    89s
[>                               ] 41/669, 7.2 task/s, elapsed: 6s, ETA:    88s
[>>                              ] 42/669, 7.2 task/s, elapsed: 6s, ETA:    87s
[>>                              ] 43/669, 7.2 task/s, elapsed: 6s, ETA:    87s
[>>                              ] 44/669, 7.3 task/s, elapsed: 6s, ETA:    86s
[>>                              ] 45/669, 7.3 task/s, elapsed: 6s, ETA:    85s
[>>                              ] 46/669, 7.3 task/s, elapsed: 6s, ETA:    85s
[>>                              ] 47/669, 7.3 task/s, elapsed: 6s, ETA:    85s
[>>                              ] 48/669, 7.4 task/s, elapsed: 7s, ETA:    84s
[>>                              ] 49/669, 7.4 task/s, elapsed: 7s, ETA:    83s
[>>                              ] 50/669, 7.5 task/s, elapsed: 7s, ETA:    83s
[>>                              ] 51/669, 7.5 task/s, elapsed: 7s, ETA:    83s
[>>                              ] 52/669, 7.5 task/s, elapsed: 7s, ETA:    82s
[>>                              ] 53/669, 7.5 task/s, elapsed: 7s, ETA:    82s
[>>                              ] 54/669, 7.5 task/s, elapsed: 7s, ETA:    82s
[>>                              ] 55/669, 7.6 task/s, elapsed: 7s, ETA:    81s
[>>                              ] 56/669, 7.6 task/s, elapsed: 7s, ETA:    81s
[>>                              ] 57/669, 7.6 task/s, elapsed: 8s, ETA:    81s
[>>                              ] 58/669, 7.6 task/s, elapsed: 8s, ETA:    80s
[>>                              ] 59/669, 7.6 task/s, elapsed: 8s, ETA:    80s
[>>                              ] 60/669, 7.6 task/s, elapsed: 8s, ETA:    80s
[>>                              ] 61/669, 7.7 task/s, elapsed: 8s, ETA:    79s
[>>                              ] 62/669, 7.7 task/s, elapsed: 8s, ETA:    79s
[>>>                             ] 63/669, 7.7 task/s, elapsed: 8s, ETA:    78s
[>>>                             ] 64/669, 7.8 task/s, elapsed: 8s, ETA:    78s
[>>>                             ] 65/669, 7.8 task/s, elapsed: 8s, ETA:    78s
[>>>                             ] 66/669, 7.8 task/s, elapsed: 8s, ETA:    77s
[>>>                             ] 67/669, 7.8 task/s, elapsed: 9s, ETA:    77s
[>>>                             ] 68/669, 7.8 task/s, elapsed: 9s, ETA:    77s
[>>>                             ] 69/669, 7.8 task/s, elapsed: 9s, ETA:    77s
[>>>                             ] 70/669, 7.8 task/s, elapsed: 9s, ETA:    76s
[>>>                             ] 71/669, 7.8 task/s, elapsed: 9s, ETA:    77s
[>>>                             ] 72/669, 7.8 task/s, elapsed: 9s, ETA:    76s
[>>>                             ] 73/669, 7.8 task/s, elapsed: 9s, ETA:    76s
[>>>                             ] 74/669, 7.8 task/s, elapsed: 9s, ETA:    76s
[>>>                            ] 75/669, 7.9 task/s, elapsed: 10s, ETA:    76s
[>>>                            ] 76/669, 7.9 task/s, elapsed: 10s, ETA:    75s
[>>>                            ] 77/669, 7.9 task/s, elapsed: 10s, ETA:    75s
[>>>                            ] 78/669, 7.9 task/s, elapsed: 10s, ETA:    75s
[>>>                            ] 79/669, 7.9 task/s, elapsed: 10s, ETA:    75s
[>>>                            ] 80/669, 7.9 task/s, elapsed: 10s, ETA:    75s
[>>>                            ] 81/669, 7.9 task/s, elapsed: 10s, ETA:    75s
[>>>                            ] 82/669, 7.9 task/s, elapsed: 10s, ETA:    74s
[>>>                            ] 83/669, 8.0 task/s, elapsed: 10s, ETA:    74s
[>>>                            ] 84/669, 8.0 task/s, elapsed: 11s, ETA:    74s
[>>>                            ] 85/669, 8.0 task/s, elapsed: 11s, ETA:    73s
[>>>                            ] 86/669, 8.0 task/s, elapsed: 11s, ETA:    73s
[>>>>                           ] 87/669, 7.9 task/s, elapsed: 11s, ETA:    74s
[>>>>                           ] 88/669, 7.9 task/s, elapsed: 11s, ETA:    74s
[>>>>                           ] 89/669, 7.9 task/s, elapsed: 11s, ETA:    73s
[>>>>                           ] 90/669, 7.9 task/s, elapsed: 11s, ETA:    73s
[>>>>                           ] 91/669, 7.9 task/s, elapsed: 11s, ETA:    73s
[>>>>                           ] 92/669, 8.0 task/s, elapsed: 12s, ETA:    72s
[>>>>                           ] 93/669, 8.0 task/s, elapsed: 12s, ETA:    72s
[>>>>                           ] 94/669, 8.0 task/s, elapsed: 12s, ETA:    72s
[>>>>                           ] 95/669, 8.0 task/s, elapsed: 12s, ETA:    72s
[>>>>                           ] 96/669, 8.0 task/s, elapsed: 12s, ETA:    72s
[>>>>                           ] 97/669, 8.0 task/s, elapsed: 12s, ETA:    71s
[>>>>                           ] 98/669, 8.0 task/s, elapsed: 12s, ETA:    71s
[>>>>                           ] 99/669, 8.0 task/s, elapsed: 12s, ETA:    71s
[>>>>                          ] 100/669, 8.0 task/s, elapsed: 12s, ETA:    71s
[>>>>                          ] 101/669, 8.0 task/s, elapsed: 13s, ETA:    71s
[>>>>                          ] 102/669, 8.0 task/s, elapsed: 13s, ETA:    71s
[>>>>                          ] 103/669, 8.1 task/s, elapsed: 13s, ETA:    70s
[>>>>                          ] 104/669, 8.1 task/s, elapsed: 13s, ETA:    70s
[>>>>                          ] 105/669, 8.0 task/s, elapsed: 13s, ETA:    70s
[>>>>                          ] 106/669, 8.1 task/s, elapsed: 13s, ETA:    70s
[>>>>                          ] 107/669, 8.0 task/s, elapsed: 13s, ETA:    70s
[>>>>                          ] 108/669, 8.0 task/s, elapsed: 14s, ETA:    70s
[>>>>                          ] 109/669, 8.0 task/s, elapsed: 14s, ETA:    70s
[>>>>                          ] 110/669, 8.0 task/s, elapsed: 14s, ETA:    70s
[>>>>                          ] 111/669, 7.9 task/s, elapsed: 14s, ETA:    70s
[>>>>>                         ] 112/669, 7.9 task/s, elapsed: 14s, ETA:    70s
[>>>>>                         ] 113/669, 7.9 task/s, elapsed: 14s, ETA:    71s
[>>>>>                         ] 114/669, 7.8 task/s, elapsed: 15s, ETA:    71s
[>>>>>                         ] 115/669, 7.8 task/s, elapsed: 15s, ETA:    71s
[>>>>>                         ] 116/669, 7.8 task/s, elapsed: 15s, ETA:    71s
[>>>>>                         ] 117/669, 7.8 task/s, elapsed: 15s, ETA:    71s
[>>>>>                         ] 118/669, 7.7 task/s, elapsed: 15s, ETA:    71s
[>>>>>                         ] 119/669, 7.7 task/s, elapsed: 15s, ETA:    71s
[>>>>>                         ] 120/669, 7.7 task/s, elapsed: 16s, ETA:    71s
[>>>>>                         ] 121/669, 7.6 task/s, elapsed: 16s, ETA:    72s
[>>>>>                         ] 122/669, 7.6 task/s, elapsed: 16s, ETA:    72s
[>>>>>                         ] 123/669, 7.5 task/s, elapsed: 16s, ETA:    73s
[>>>>>                         ] 124/669, 7.5 task/s, elapsed: 16s, ETA:    72s
[>>>>>                         ] 125/669, 7.5 task/s, elapsed: 17s, ETA:    72s
[>>>>>                         ] 126/669, 7.5 task/s, elapsed: 17s, ETA:    72s
[>>>>>                         ] 127/669, 7.5 task/s, elapsed: 17s, ETA:    72s
[>>>>>                         ] 128/669, 7.6 task/s, elapsed: 17s, ETA:    72s
[>>>>>                         ] 129/669, 7.6 task/s, elapsed: 17s, ETA:    71s
[>>>>>                         ] 130/669, 7.6 task/s, elapsed: 17s, ETA:    71s
[>>>>>                         ] 131/669, 7.6 task/s, elapsed: 17s, ETA:    71s
[>>>>>                         ] 132/669, 7.6 task/s, elapsed: 17s, ETA:    71s
[>>>>>                         ] 133/669, 7.6 task/s, elapsed: 17s, ETA:    70s
[>>>>>>                        ] 134/669, 7.6 task/s, elapsed: 18s, ETA:    70s
[>>>>>>                        ] 135/669, 7.6 task/s, elapsed: 18s, ETA:    70s
[>>>>>>                        ] 136/669, 7.7 task/s, elapsed: 18s, ETA:    70s
[>>>>>>                        ] 137/669, 7.7 task/s, elapsed: 18s, ETA:    69s
[>>>>>>                        ] 138/669, 7.6 task/s, elapsed: 18s, ETA:    69s
[>>>>>>                        ] 139/669, 7.6 task/s, elapsed: 18s, ETA:    69s
[>>>>>>                        ] 140/669, 7.7 task/s, elapsed: 18s, ETA:    69s
[>>>>>>                        ] 141/669, 7.7 task/s, elapsed: 18s, ETA:    69s
[>>>>>>                        ] 142/669, 7.7 task/s, elapsed: 19s, ETA:    69s
[>>>>>>                        ] 143/669, 7.7 task/s, elapsed: 19s, ETA:    69s
[>>>>>>                        ] 144/669, 7.7 task/s, elapsed: 19s, ETA:    69s
[>>>>>>                        ] 145/669, 7.7 task/s, elapsed: 19s, ETA:    68s
[>>>>>>                        ] 146/669, 7.6 task/s, elapsed: 19s, ETA:    68s
[>>>>>>                        ] 147/669, 7.7 task/s, elapsed: 19s, ETA:    68s
[>>>>>>                        ] 148/669, 7.7 task/s, elapsed: 19s, ETA:    68s
[>>>>>>                        ] 149/669, 7.6 task/s, elapsed: 20s, ETA:    68s
[>>>>>>                        ] 150/669, 7.6 task/s, elapsed: 20s, ETA:    68s
[>>>>>>                        ] 151/669, 7.6 task/s, elapsed: 20s, ETA:    68s
[>>>>>>                        ] 152/669, 7.6 task/s, elapsed: 20s, ETA:    68s
[>>>>>>                        ] 153/669, 7.6 task/s, elapsed: 20s, ETA:    68s
[>>>>>>                        ] 154/669, 7.6 task/s, elapsed: 20s, ETA:    67s
[>>>>>>                        ] 155/669, 7.6 task/s, elapsed: 20s, ETA:    67s
[>>>>>>                        ] 156/669, 7.6 task/s, elapsed: 20s, ETA:    67s
[>>>>>>>                       ] 157/669, 7.6 task/s, elapsed: 21s, ETA:    67s
[>>>>>>>                       ] 158/669, 7.7 task/s, elapsed: 21s, ETA:    67s
[>>>>>>>                       ] 159/669, 7.7 task/s, elapsed: 21s, ETA:    66s
[>>>>>>>                       ] 160/669, 7.7 task/s, elapsed: 21s, ETA:    66s
[>>>>>>>                       ] 161/669, 7.7 task/s, elapsed: 21s, ETA:    66s
[>>>>>>>                       ] 162/669, 7.7 task/s, elapsed: 21s, ETA:    66s
[>>>>>>>                       ] 163/669, 7.7 task/s, elapsed: 21s, ETA:    66s
[>>>>>>>                       ] 164/669, 7.7 task/s, elapsed: 21s, ETA:    65s
[>>>>>>>                       ] 165/669, 7.7 task/s, elapsed: 21s, ETA:    65s
[>>>>>>>                       ] 166/669, 7.7 task/s, elapsed: 21s, ETA:    65s
[>>>>>>>                       ] 167/669, 7.7 task/s, elapsed: 22s, ETA:    65s
[>>>>>>>                       ] 168/669, 7.8 task/s, elapsed: 22s, ETA:    65s
[>>>>>>>                       ] 169/669, 7.8 task/s, elapsed: 22s, ETA:    64s
[>>>>>>>                       ] 170/669, 7.8 task/s, elapsed: 22s, ETA:    64s
[>>>>>>>                       ] 171/669, 7.8 task/s, elapsed: 22s, ETA:    64s
[>>>>>>>                       ] 172/669, 7.8 task/s, elapsed: 22s, ETA:    64s
[>>>>>>>                       ] 173/669, 7.8 task/s, elapsed: 22s, ETA:    63s
[>>>>>>>                       ] 174/669, 7.8 task/s, elapsed: 22s, ETA:    63s
[>>>>>>>                       ] 175/669, 7.8 task/s, elapsed: 22s, ETA:    63s
[>>>>>>>                       ] 176/669, 7.8 task/s, elapsed: 22s, ETA:    63s
[>>>>>>>                       ] 177/669, 7.9 task/s, elapsed: 23s, ETA:    63s
[>>>>>>>                       ] 178/669, 7.9 task/s, elapsed: 23s, ETA:    62s
[>>>>>>>>                      ] 179/669, 7.9 task/s, elapsed: 23s, ETA:    62s
[>>>>>>>>                      ] 180/669, 7.9 task/s, elapsed: 23s, ETA:    62s
[>>>>>>>>                      ] 181/669, 7.9 task/s, elapsed: 23s, ETA:    62s
[>>>>>>>>                      ] 182/669, 7.9 task/s, elapsed: 23s, ETA:    62s
[>>>>>>>>                      ] 183/669, 7.9 task/s, elapsed: 23s, ETA:    61s
[>>>>>>>>                      ] 184/669, 7.9 task/s, elapsed: 23s, ETA:    61s
[>>>>>>>>                      ] 185/669, 7.9 task/s, elapsed: 23s, ETA:    61s
[>>>>>>>>                      ] 186/669, 7.9 task/s, elapsed: 23s, ETA:    61s
[>>>>>>>>                      ] 187/669, 7.9 task/s, elapsed: 24s, ETA:    61s
[>>>>>>>>                      ] 188/669, 7.9 task/s, elapsed: 24s, ETA:    61s
[>>>>>>>>                      ] 189/669, 7.9 task/s, elapsed: 24s, ETA:    61s
[>>>>>>>>                      ] 190/669, 7.8 task/s, elapsed: 24s, ETA:    61s
[>>>>>>>>                      ] 191/669, 7.8 task/s, elapsed: 25s, ETA:    61s
[>>>>>>>>                      ] 192/669, 7.8 task/s, elapsed: 25s, ETA:    61s
[>>>>>>>>                      ] 193/669, 7.8 task/s, elapsed: 25s, ETA:    61s
[>>>>>>>>                      ] 194/669, 7.8 task/s, elapsed: 25s, ETA:    61s
[>>>>>>>>                      ] 195/669, 7.8 task/s, elapsed: 25s, ETA:    61s
[>>>>>>>>                      ] 196/669, 7.8 task/s, elapsed: 25s, ETA:    61s
[>>>>>>>>                      ] 197/669, 7.7 task/s, elapsed: 26s, ETA:    61s
[>>>>>>>>                      ] 198/669, 7.7 task/s, elapsed: 26s, ETA:    61s
[>>>>>>>>                      ] 199/669, 7.7 task/s, elapsed: 26s, ETA:    61s
[>>>>>>>>                      ] 200/669, 7.7 task/s, elapsed: 26s, ETA:    61s
[>>>>>>>>>                     ] 201/669, 7.6 task/s, elapsed: 26s, ETA:    61s
[>>>>>>>>>                     ] 202/669, 7.6 task/s, elapsed: 26s, ETA:    61s
[>>>>>>>>>                     ] 203/669, 7.6 task/s, elapsed: 27s, ETA:    61s
[>>>>>>>>>                     ] 204/669, 7.6 task/s, elapsed: 27s, ETA:    61s
[>>>>>>>>>                     ] 205/669, 7.6 task/s, elapsed: 27s, ETA:    61s
[>>>>>>>>>                     ] 206/669, 7.6 task/s, elapsed: 27s, ETA:    61s
[>>>>>>>>>                     ] 207/669, 7.6 task/s, elapsed: 27s, ETA:    61s
[>>>>>>>>>                     ] 208/669, 7.6 task/s, elapsed: 27s, ETA:    61s
[>>>>>>>>>                     ] 209/669, 7.6 task/s, elapsed: 27s, ETA:    61s
[>>>>>>>>>                     ] 210/669, 7.6 task/s, elapsed: 28s, ETA:    60s
[>>>>>>>>>                     ] 211/669, 7.6 task/s, elapsed: 28s, ETA:    60s
[>>>>>>>>>                     ] 212/669, 7.6 task/s, elapsed: 28s, ETA:    60s
[>>>>>>>>>                     ] 213/669, 7.6 task/s, elapsed: 28s, ETA:    60s
[>>>>>>>>>                     ] 214/669, 7.6 task/s, elapsed: 28s, ETA:    60s
[>>>>>>>>>                     ] 215/669, 7.6 task/s, elapsed: 28s, ETA:    60s
[>>>>>>>>>                     ] 216/669, 7.6 task/s, elapsed: 28s, ETA:    60s
[>>>>>>>>>                     ] 217/669, 7.6 task/s, elapsed: 29s, ETA:    60s
[>>>>>>>>>                     ] 218/669, 7.6 task/s, elapsed: 29s, ETA:    60s
[>>>>>>>>>                     ] 219/669, 7.5 task/s, elapsed: 29s, ETA:    60s
[>>>>>>>>>                     ] 220/669, 7.5 task/s, elapsed: 29s, ETA:    60s
[>>>>>>>>>                     ] 221/669, 7.5 task/s, elapsed: 29s, ETA:    60s
[>>>>>>>>>                     ] 222/669, 7.5 task/s, elapsed: 29s, ETA:    59s
[>>>>>>>>>>                    ] 223/669, 7.5 task/s, elapsed: 30s, ETA:    59s
[>>>>>>>>>>                    ] 224/669, 7.5 task/s, elapsed: 30s, ETA:    59s
[>>>>>>>>>>                    ] 225/669, 7.5 task/s, elapsed: 30s, ETA:    59s
[>>>>>>>>>>                    ] 226/669, 7.5 task/s, elapsed: 30s, ETA:    59s
[>>>>>>>>>>                    ] 227/669, 7.5 task/s, elapsed: 30s, ETA:    59s
[>>>>>>>>>>                    ] 228/669, 7.5 task/s, elapsed: 30s, ETA:    59s
[>>>>>>>>>>                    ] 229/669, 7.5 task/s, elapsed: 31s, ETA:    59s
[>>>>>>>>>>                    ] 230/669, 7.5 task/s, elapsed: 31s, ETA:    59s
[>>>>>>>>>>                    ] 231/669, 7.5 task/s, elapsed: 31s, ETA:    58s
[>>>>>>>>>>                    ] 232/669, 7.5 task/s, elapsed: 31s, ETA:    58s
[>>>>>>>>>>                    ] 233/669, 7.5 task/s, elapsed: 31s, ETA:    58s
[>>>>>>>>>>                    ] 234/669, 7.5 task/s, elapsed: 31s, ETA:    58s
[>>>>>>>>>>                    ] 235/669, 7.5 task/s, elapsed: 31s, ETA:    58s
[>>>>>>>>>>                    ] 236/669, 7.5 task/s, elapsed: 31s, ETA:    57s
[>>>>>>>>>>                    ] 237/669, 7.5 task/s, elapsed: 31s, ETA:    57s
[>>>>>>>>>>                    ] 238/669, 7.6 task/s, elapsed: 32s, ETA:    57s
[>>>>>>>>>>                    ] 239/669, 7.6 task/s, elapsed: 32s, ETA:    57s
[>>>>>>>>>>                    ] 240/669, 7.6 task/s, elapsed: 32s, ETA:    57s
[>>>>>>>>>>                    ] 241/669, 7.5 task/s, elapsed: 32s, ETA:    57s
[>>>>>>>>>>                    ] 242/669, 7.6 task/s, elapsed: 32s, ETA:    57s
[>>>>>>>>>>                    ] 243/669, 7.6 task/s, elapsed: 32s, ETA:    56s
[>>>>>>>>>>                    ] 244/669, 7.6 task/s, elapsed: 32s, ETA:    56s
[>>>>>>>>>>                    ] 245/669, 7.6 task/s, elapsed: 32s, ETA:    56s
[>>>>>>>>>>>                   ] 246/669, 7.6 task/s, elapsed: 33s, ETA:    56s
[>>>>>>>>>>>                   ] 247/669, 7.5 task/s, elapsed: 33s, ETA:    56s
[>>>>>>>>>>>                   ] 248/669, 7.5 task/s, elapsed: 33s, ETA:    56s
[>>>>>>>>>>>                   ] 249/669, 7.5 task/s, elapsed: 33s, ETA:    56s
[>>>>>>>>>>>                   ] 250/669, 7.5 task/s, elapsed: 33s, ETA:    56s
[>>>>>>>>>>>                   ] 251/669, 7.6 task/s, elapsed: 33s, ETA:    55s
[>>>>>>>>>>>                   ] 252/669, 7.5 task/s, elapsed: 33s, ETA:    55s
[>>>>>>>>>>>                   ] 253/669, 7.5 task/s, elapsed: 34s, ETA:    55s
[>>>>>>>>>>>                   ] 254/669, 7.5 task/s, elapsed: 34s, ETA:    55s
[>>>>>>>>>>>                   ] 255/669, 7.5 task/s, elapsed: 34s, ETA:    55s
[>>>>>>>>>>>                   ] 256/669, 7.5 task/s, elapsed: 34s, ETA:    55s
[>>>>>>>>>>>                   ] 257/669, 7.5 task/s, elapsed: 34s, ETA:    55s
[>>>>>>>>>>>                   ] 258/669, 7.5 task/s, elapsed: 34s, ETA:    54s
[>>>>>>>>>>>                   ] 259/669, 7.5 task/s, elapsed: 34s, ETA:    54s
[>>>>>>>>>>>                   ] 260/669, 7.5 task/s, elapsed: 34s, ETA:    54s
[>>>>>>>>>>>                   ] 261/669, 7.5 task/s, elapsed: 35s, ETA:    54s
[>>>>>>>>>>>                   ] 262/669, 7.5 task/s, elapsed: 35s, ETA:    54s
[>>>>>>>>>>>                   ] 263/669, 7.5 task/s, elapsed: 35s, ETA:    54s
[>>>>>>>>>>>                   ] 264/669, 7.5 task/s, elapsed: 35s, ETA:    54s
[>>>>>>>>>>>                   ] 265/669, 7.5 task/s, elapsed: 35s, ETA:    54s
[>>>>>>>>>>>                   ] 266/669, 7.5 task/s, elapsed: 35s, ETA:    54s
[>>>>>>>>>>>                   ] 267/669, 7.5 task/s, elapsed: 36s, ETA:    54s
[>>>>>>>>>>>>                  ] 268/669, 7.5 task/s, elapsed: 36s, ETA:    54s
[>>>>>>>>>>>>                  ] 269/669, 7.5 task/s, elapsed: 36s, ETA:    54s
[>>>>>>>>>>>>                  ] 270/669, 7.5 task/s, elapsed: 36s, ETA:    53s
[>>>>>>>>>>>>                  ] 271/669, 7.5 task/s, elapsed: 36s, ETA:    53s
[>>>>>>>>>>>>                  ] 272/669, 7.5 task/s, elapsed: 36s, ETA:    53s
[>>>>>>>>>>>>                  ] 273/669, 7.5 task/s, elapsed: 37s, ETA:    53s
[>>>>>>>>>>>>                  ] 274/669, 7.5 task/s, elapsed: 37s, ETA:    53s
[>>>>>>>>>>>>                  ] 275/669, 7.4 task/s, elapsed: 37s, ETA:    53s
[>>>>>>>>>>>>                  ] 276/669, 7.4 task/s, elapsed: 37s, ETA:    53s
[>>>>>>>>>>>>                  ] 277/669, 7.4 task/s, elapsed: 37s, ETA:    53s
[>>>>>>>>>>>>                  ] 278/669, 7.4 task/s, elapsed: 37s, ETA:    53s
[>>>>>>>>>>>>                  ] 279/669, 7.4 task/s, elapsed: 37s, ETA:    52s
[>>>>>>>>>>>>                  ] 280/669, 7.4 task/s, elapsed: 38s, ETA:    52s
[>>>>>>>>>>>>                  ] 281/669, 7.4 task/s, elapsed: 38s, ETA:    52s
[>>>>>>>>>>>>                  ] 282/669, 7.4 task/s, elapsed: 38s, ETA:    52s
[>>>>>>>>>>>>                  ] 283/669, 7.4 task/s, elapsed: 38s, ETA:    52s
[>>>>>>>>>>>>                  ] 284/669, 7.4 task/s, elapsed: 38s, ETA:    52s
[>>>>>>>>>>>>                  ] 285/669, 7.4 task/s, elapsed: 38s, ETA:    52s
[>>>>>>>>>>>>                  ] 286/669, 7.4 task/s, elapsed: 39s, ETA:    52s
[>>>>>>>>>>>>                  ] 287/669, 7.4 task/s, elapsed: 39s, ETA:    51s
[>>>>>>>>>>>>                  ] 288/669, 7.4 task/s, elapsed: 39s, ETA:    51s
[>>>>>>>>>>>>                  ] 289/669, 7.4 task/s, elapsed: 39s, ETA:    51s
[>>>>>>>>>>>>>                 ] 290/669, 7.4 task/s, elapsed: 39s, ETA:    51s
[>>>>>>>>>>>>>                 ] 291/669, 7.4 task/s, elapsed: 39s, ETA:    51s
[>>>>>>>>>>>>>                 ] 292/669, 7.4 task/s, elapsed: 39s, ETA:    51s
[>>>>>>>>>>>>>                 ] 293/669, 7.4 task/s, elapsed: 39s, ETA:    51s
[>>>>>>>>>>>>>                 ] 294/669, 7.4 task/s, elapsed: 40s, ETA:    50s
[>>>>>>>>>>>>>                 ] 295/669, 7.4 task/s, elapsed: 40s, ETA:    50s
[>>>>>>>>>>>>>                 ] 296/669, 7.5 task/s, elapsed: 40s, ETA:    50s
[>>>>>>>>>>>>>                 ] 297/669, 7.5 task/s, elapsed: 40s, ETA:    50s
[>>>>>>>>>>>>>                 ] 298/669, 7.5 task/s, elapsed: 40s, ETA:    50s
[>>>>>>>>>>>>>                 ] 299/669, 7.5 task/s, elapsed: 40s, ETA:    49s
[>>>>>>>>>>>>>                 ] 300/669, 7.5 task/s, elapsed: 40s, ETA:    49s
[>>>>>>>>>>>>>                 ] 301/669, 7.5 task/s, elapsed: 40s, ETA:    49s
[>>>>>>>>>>>>>                 ] 302/669, 7.5 task/s, elapsed: 40s, ETA:    49s
[>>>>>>>>>>>>>                 ] 303/669, 7.5 task/s, elapsed: 40s, ETA:    49s
[>>>>>>>>>>>>>                 ] 304/669, 7.5 task/s, elapsed: 41s, ETA:    49s
[>>>>>>>>>>>>>                 ] 305/669, 7.5 task/s, elapsed: 41s, ETA:    49s
[>>>>>>>>>>>>>                 ] 306/669, 7.5 task/s, elapsed: 41s, ETA:    48s
[>>>>>>>>>>>>>                 ] 307/669, 7.5 task/s, elapsed: 41s, ETA:    48s
[>>>>>>>>>>>>>                 ] 308/669, 7.5 task/s, elapsed: 41s, ETA:    48s
[>>>>>>>>>>>>>                 ] 309/669, 7.5 task/s, elapsed: 41s, ETA:    48s
[>>>>>>>>>>>>>                 ] 310/669, 7.5 task/s, elapsed: 41s, ETA:    48s
[>>>>>>>>>>>>>                 ] 311/669, 7.5 task/s, elapsed: 41s, ETA:    48s
[>>>>>>>>>>>>>                 ] 312/669, 7.5 task/s, elapsed: 41s, ETA:    47s
[>>>>>>>>>>>>>>                ] 313/669, 7.5 task/s, elapsed: 42s, ETA:    47s
[>>>>>>>>>>>>>>                ] 314/669, 7.5 task/s, elapsed: 42s, ETA:    47s
[>>>>>>>>>>>>>>                ] 315/669, 7.5 task/s, elapsed: 42s, ETA:    47s
[>>>>>>>>>>>>>>                ] 316/669, 7.5 task/s, elapsed: 42s, ETA:    47s
[>>>>>>>>>>>>>>                ] 317/669, 7.5 task/s, elapsed: 42s, ETA:    47s
[>>>>>>>>>>>>>>                ] 318/669, 7.5 task/s, elapsed: 42s, ETA:    47s
[>>>>>>>>>>>>>>                ] 319/669, 7.5 task/s, elapsed: 42s, ETA:    46s
[>>>>>>>>>>>>>>                ] 320/669, 7.5 task/s, elapsed: 43s, ETA:    47s
[>>>>>>>>>>>>>>                ] 321/669, 7.5 task/s, elapsed: 43s, ETA:    47s
[>>>>>>>>>>>>>>                ] 322/669, 7.5 task/s, elapsed: 43s, ETA:    46s
[>>>>>>>>>>>>>>                ] 323/669, 7.5 task/s, elapsed: 43s, ETA:    46s
[>>>>>>>>>>>>>>                ] 324/669, 7.5 task/s, elapsed: 43s, ETA:    46s
[>>>>>>>>>>>>>>                ] 325/669, 7.5 task/s, elapsed: 43s, ETA:    46s
[>>>>>>>>>>>>>>                ] 326/669, 7.5 task/s, elapsed: 44s, ETA:    46s
[>>>>>>>>>>>>>>                ] 327/669, 7.5 task/s, elapsed: 44s, ETA:    46s
[>>>>>>>>>>>>>>                ] 328/669, 7.5 task/s, elapsed: 44s, ETA:    46s
[>>>>>>>>>>>>>>                ] 329/669, 7.5 task/s, elapsed: 44s, ETA:    45s
[>>>>>>>>>>>>>>                ] 330/669, 7.5 task/s, elapsed: 44s, ETA:    45s
[>>>>>>>>>>>>>>                ] 331/669, 7.5 task/s, elapsed: 44s, ETA:    45s
[>>>>>>>>>>>>>>                ] 332/669, 7.5 task/s, elapsed: 44s, ETA:    45s
[>>>>>>>>>>>>>>                ] 333/669, 7.5 task/s, elapsed: 44s, ETA:    45s
[>>>>>>>>>>>>>>                ] 334/669, 7.5 task/s, elapsed: 45s, ETA:    45s
[>>>>>>>>>>>>>>>               ] 335/669, 7.5 task/s, elapsed: 45s, ETA:    44s
[>>>>>>>>>>>>>>>               ] 336/669, 7.5 task/s, elapsed: 45s, ETA:    44s
[>>>>>>>>>>>>>>>               ] 337/669, 7.5 task/s, elapsed: 45s, ETA:    44s
[>>>>>>>>>>>>>>>               ] 338/669, 7.5 task/s, elapsed: 45s, ETA:    44s
[>>>>>>>>>>>>>>>               ] 339/669, 7.5 task/s, elapsed: 45s, ETA:    44s
[>>>>>>>>>>>>>>>               ] 340/669, 7.5 task/s, elapsed: 45s, ETA:    44s
[>>>>>>>>>>>>>>>               ] 341/669, 7.5 task/s, elapsed: 46s, ETA:    44s
[>>>>>>>>>>>>>>>               ] 342/669, 7.5 task/s, elapsed: 46s, ETA:    44s
[>>>>>>>>>>>>>>>               ] 343/669, 7.5 task/s, elapsed: 46s, ETA:    44s
[>>>>>>>>>>>>>>>               ] 344/669, 7.5 task/s, elapsed: 46s, ETA:    43s
[>>>>>>>>>>>>>>>               ] 345/669, 7.5 task/s, elapsed: 46s, ETA:    43s
[>>>>>>>>>>>>>>>               ] 346/669, 7.5 task/s, elapsed: 46s, ETA:    43s
[>>>>>>>>>>>>>>>               ] 347/669, 7.5 task/s, elapsed: 46s, ETA:    43s
[>>>>>>>>>>>>>>>               ] 348/669, 7.5 task/s, elapsed: 46s, ETA:    43s
[>>>>>>>>>>>>>>>               ] 349/669, 7.5 task/s, elapsed: 46s, ETA:    42s
[>>>>>>>>>>>>>>>               ] 350/669, 7.5 task/s, elapsed: 46s, ETA:    42s
[>>>>>>>>>>>>>>>               ] 351/669, 7.5 task/s, elapsed: 47s, ETA:    42s
[>>>>>>>>>>>>>>>               ] 352/669, 7.5 task/s, elapsed: 47s, ETA:    42s
[>>>>>>>>>>>>>>>               ] 353/669, 7.5 task/s, elapsed: 47s, ETA:    42s
[>>>>>>>>>>>>>>>               ] 354/669, 7.6 task/s, elapsed: 47s, ETA:    42s
[>>>>>>>>>>>>>>>               ] 355/669, 7.6 task/s, elapsed: 47s, ETA:    42s
[>>>>>>>>>>>>>>>               ] 356/669, 7.6 task/s, elapsed: 47s, ETA:    41s
[>>>>>>>>>>>>>>>>              ] 357/669, 7.6 task/s, elapsed: 47s, ETA:    41s
[>>>>>>>>>>>>>>>>              ] 358/669, 7.6 task/s, elapsed: 47s, ETA:    41s
[>>>>>>>>>>>>>>>>              ] 359/669, 7.6 task/s, elapsed: 47s, ETA:    41s
[>>>>>>>>>>>>>>>>              ] 360/669, 7.6 task/s, elapsed: 47s, ETA:    41s
[>>>>>>>>>>>>>>>>              ] 361/669, 7.6 task/s, elapsed: 48s, ETA:    41s
[>>>>>>>>>>>>>>>>              ] 362/669, 7.6 task/s, elapsed: 48s, ETA:    40s
[>>>>>>>>>>>>>>>>              ] 363/669, 7.6 task/s, elapsed: 48s, ETA:    40s
[>>>>>>>>>>>>>>>>              ] 364/669, 7.6 task/s, elapsed: 48s, ETA:    40s
[>>>>>>>>>>>>>>>>              ] 365/669, 7.6 task/s, elapsed: 48s, ETA:    40s
[>>>>>>>>>>>>>>>>              ] 366/669, 7.6 task/s, elapsed: 48s, ETA:    40s
[>>>>>>>>>>>>>>>>              ] 367/669, 7.6 task/s, elapsed: 48s, ETA:    40s
[>>>>>>>>>>>>>>>>              ] 368/669, 7.6 task/s, elapsed: 48s, ETA:    40s
[>>>>>>>>>>>>>>>>              ] 369/669, 7.6 task/s, elapsed: 48s, ETA:    39s
[>>>>>>>>>>>>>>>>              ] 370/669, 7.6 task/s, elapsed: 49s, ETA:    39s
[>>>>>>>>>>>>>>>>              ] 371/669, 7.6 task/s, elapsed: 49s, ETA:    39s
[>>>>>>>>>>>>>>>>              ] 372/669, 7.6 task/s, elapsed: 49s, ETA:    39s
[>>>>>>>>>>>>>>>>              ] 373/669, 7.6 task/s, elapsed: 49s, ETA:    39s
[>>>>>>>>>>>>>>>>              ] 374/669, 7.6 task/s, elapsed: 49s, ETA:    39s
[>>>>>>>>>>>>>>>>              ] 375/669, 7.6 task/s, elapsed: 49s, ETA:    39s
[>>>>>>>>>>>>>>>>              ] 376/669, 7.6 task/s, elapsed: 49s, ETA:    38s
[>>>>>>>>>>>>>>>>              ] 377/669, 7.6 task/s, elapsed: 49s, ETA:    38s
[>>>>>>>>>>>>>>>>              ] 378/669, 7.6 task/s, elapsed: 49s, ETA:    38s
[>>>>>>>>>>>>>>>>              ] 379/669, 7.6 task/s, elapsed: 50s, ETA:    38s
[>>>>>>>>>>>>>>>>>             ] 380/669, 7.6 task/s, elapsed: 50s, ETA:    38s
[>>>>>>>>>>>>>>>>>             ] 381/669, 7.7 task/s, elapsed: 50s, ETA:    38s
[>>>>>>>>>>>>>>>>>             ] 382/669, 7.7 task/s, elapsed: 50s, ETA:    37s
[>>>>>>>>>>>>>>>>>             ] 383/669, 7.7 task/s, elapsed: 50s, ETA:    37s
[>>>>>>>>>>>>>>>>>             ] 384/669, 7.7 task/s, elapsed: 50s, ETA:    37s
[>>>>>>>>>>>>>>>>>             ] 385/669, 7.7 task/s, elapsed: 50s, ETA:    37s
[>>>>>>>>>>>>>>>>>             ] 386/669, 7.7 task/s, elapsed: 50s, ETA:    37s
[>>>>>>>>>>>>>>>>>             ] 387/669, 7.7 task/s, elapsed: 50s, ETA:    37s
[>>>>>>>>>>>>>>>>>             ] 388/669, 7.7 task/s, elapsed: 50s, ETA:    37s
[>>>>>>>>>>>>>>>>>             ] 389/669, 7.7 task/s, elapsed: 51s, ETA:    36s
[>>>>>>>>>>>>>>>>>             ] 390/669, 7.7 task/s, elapsed: 51s, ETA:    36s
[>>>>>>>>>>>>>>>>>             ] 391/669, 7.7 task/s, elapsed: 51s, ETA:    36s
[>>>>>>>>>>>>>>>>>             ] 392/669, 7.7 task/s, elapsed: 51s, ETA:    36s
[>>>>>>>>>>>>>>>>>             ] 393/669, 7.7 task/s, elapsed: 51s, ETA:    36s
[>>>>>>>>>>>>>>>>>             ] 394/669, 7.7 task/s, elapsed: 51s, ETA:    36s
[>>>>>>>>>>>>>>>>>             ] 395/669, 7.7 task/s, elapsed: 51s, ETA:    36s
[>>>>>>>>>>>>>>>>>             ] 396/669, 7.7 task/s, elapsed: 51s, ETA:    35s
[>>>>>>>>>>>>>>>>>             ] 397/669, 7.7 task/s, elapsed: 51s, ETA:    35s
[>>>>>>>>>>>>>>>>>             ] 398/669, 7.7 task/s, elapsed: 52s, ETA:    35s
[>>>>>>>>>>>>>>>>>             ] 399/669, 7.7 task/s, elapsed: 52s, ETA:    35s
[>>>>>>>>>>>>>>>>>             ] 400/669, 7.7 task/s, elapsed: 52s, ETA:    35s
[>>>>>>>>>>>>>>>>>             ] 401/669, 7.7 task/s, elapsed: 52s, ETA:    35s
[>>>>>>>>>>>>>>>>>>            ] 402/669, 7.7 task/s, elapsed: 52s, ETA:    35s
[>>>>>>>>>>>>>>>>>>            ] 403/669, 7.7 task/s, elapsed: 52s, ETA:    34s
[>>>>>>>>>>>>>>>>>>            ] 404/669, 7.7 task/s, elapsed: 52s, ETA:    34s
[>>>>>>>>>>>>>>>>>>            ] 405/669, 7.8 task/s, elapsed: 52s, ETA:    34s
[>>>>>>>>>>>>>>>>>>            ] 406/669, 7.8 task/s, elapsed: 52s, ETA:    34s
[>>>>>>>>>>>>>>>>>>            ] 407/669, 7.8 task/s, elapsed: 52s, ETA:    34s
[>>>>>>>>>>>>>>>>>>            ] 408/669, 7.8 task/s, elapsed: 53s, ETA:    34s
[>>>>>>>>>>>>>>>>>>            ] 409/669, 7.8 task/s, elapsed: 53s, ETA:    33s
[>>>>>>>>>>>>>>>>>>            ] 410/669, 7.8 task/s, elapsed: 53s, ETA:    33s
[>>>>>>>>>>>>>>>>>>            ] 411/669, 7.8 task/s, elapsed: 53s, ETA:    33s
[>>>>>>>>>>>>>>>>>>            ] 412/669, 7.8 task/s, elapsed: 53s, ETA:    33s
[>>>>>>>>>>>>>>>>>>            ] 413/669, 7.8 task/s, elapsed: 53s, ETA:    33s
[>>>>>>>>>>>>>>>>>>            ] 414/669, 7.8 task/s, elapsed: 53s, ETA:    33s
[>>>>>>>>>>>>>>>>>>            ] 415/669, 7.8 task/s, elapsed: 53s, ETA:    33s
[>>>>>>>>>>>>>>>>>>            ] 416/669, 7.8 task/s, elapsed: 53s, ETA:    32s
[>>>>>>>>>>>>>>>>>>            ] 417/669, 7.8 task/s, elapsed: 54s, ETA:    32s
[>>>>>>>>>>>>>>>>>>            ] 418/669, 7.8 task/s, elapsed: 54s, ETA:    32s
[>>>>>>>>>>>>>>>>>>            ] 419/669, 7.8 task/s, elapsed: 54s, ETA:    32s
[>>>>>>>>>>>>>>>>>>            ] 420/669, 7.8 task/s, elapsed: 54s, ETA:    32s
[>>>>>>>>>>>>>>>>>>            ] 421/669, 7.8 task/s, elapsed: 54s, ETA:    32s
[>>>>>>>>>>>>>>>>>>            ] 422/669, 7.8 task/s, elapsed: 54s, ETA:    32s
[>>>>>>>>>>>>>>>>>>            ] 423/669, 7.8 task/s, elapsed: 54s, ETA:    31s
[>>>>>>>>>>>>>>>>>>>           ] 424/669, 7.8 task/s, elapsed: 54s, ETA:    31s
[>>>>>>>>>>>>>>>>>>>           ] 425/669, 7.8 task/s, elapsed: 54s, ETA:    31s
[>>>>>>>>>>>>>>>>>>>           ] 426/669, 7.8 task/s, elapsed: 54s, ETA:    31s
[>>>>>>>>>>>>>>>>>>>           ] 427/669, 7.8 task/s, elapsed: 55s, ETA:    31s
[>>>>>>>>>>>>>>>>>>>           ] 428/669, 7.8 task/s, elapsed: 55s, ETA:    31s
[>>>>>>>>>>>>>>>>>>>           ] 429/669, 7.8 task/s, elapsed: 55s, ETA:    31s
[>>>>>>>>>>>>>>>>>>>           ] 430/669, 7.8 task/s, elapsed: 55s, ETA:    30s
[>>>>>>>>>>>>>>>>>>>           ] 431/669, 7.9 task/s, elapsed: 55s, ETA:    30s
[>>>>>>>>>>>>>>>>>>>           ] 432/669, 7.9 task/s, elapsed: 55s, ETA:    30s
[>>>>>>>>>>>>>>>>>>>           ] 433/669, 7.9 task/s, elapsed: 55s, ETA:    30s
[>>>>>>>>>>>>>>>>>>>           ] 434/669, 7.9 task/s, elapsed: 55s, ETA:    30s
[>>>>>>>>>>>>>>>>>>>           ] 435/669, 7.9 task/s, elapsed: 55s, ETA:    30s
[>>>>>>>>>>>>>>>>>>>           ] 436/669, 7.9 task/s, elapsed: 55s, ETA:    30s
[>>>>>>>>>>>>>>>>>>>           ] 437/669, 7.9 task/s, elapsed: 55s, ETA:    29s
[>>>>>>>>>>>>>>>>>>>           ] 438/669, 7.9 task/s, elapsed: 56s, ETA:    29s
[>>>>>>>>>>>>>>>>>>>           ] 439/669, 7.9 task/s, elapsed: 56s, ETA:    29s
[>>>>>>>>>>>>>>>>>>>           ] 440/669, 7.9 task/s, elapsed: 56s, ETA:    29s
[>>>>>>>>>>>>>>>>>>>           ] 441/669, 7.9 task/s, elapsed: 56s, ETA:    29s
[>>>>>>>>>>>>>>>>>>>           ] 442/669, 7.9 task/s, elapsed: 56s, ETA:    29s
[>>>>>>>>>>>>>>>>>>>           ] 443/669, 7.9 task/s, elapsed: 56s, ETA:    29s
[>>>>>>>>>>>>>>>>>>>           ] 444/669, 7.9 task/s, elapsed: 56s, ETA:    29s
[>>>>>>>>>>>>>>>>>>>           ] 445/669, 7.9 task/s, elapsed: 57s, ETA:    28s
[>>>>>>>>>>>>>>>>>>>>          ] 446/669, 7.9 task/s, elapsed: 57s, ETA:    28s
[>>>>>>>>>>>>>>>>>>>>          ] 447/669, 7.9 task/s, elapsed: 57s, ETA:    28s
[>>>>>>>>>>>>>>>>>>>>          ] 448/669, 7.9 task/s, elapsed: 57s, ETA:    28s
[>>>>>>>>>>>>>>>>>>>>          ] 449/669, 7.9 task/s, elapsed: 57s, ETA:    28s
[>>>>>>>>>>>>>>>>>>>>          ] 450/669, 7.9 task/s, elapsed: 57s, ETA:    28s
[>>>>>>>>>>>>>>>>>>>>          ] 451/669, 7.9 task/s, elapsed: 57s, ETA:    28s
[>>>>>>>>>>>>>>>>>>>>          ] 452/669, 7.9 task/s, elapsed: 57s, ETA:    28s
[>>>>>>>>>>>>>>>>>>>>          ] 453/669, 7.9 task/s, elapsed: 58s, ETA:    27s
[>>>>>>>>>>>>>>>>>>>>          ] 454/669, 7.9 task/s, elapsed: 58s, ETA:    27s
[>>>>>>>>>>>>>>>>>>>>          ] 455/669, 7.9 task/s, elapsed: 58s, ETA:    27s
[>>>>>>>>>>>>>>>>>>>>          ] 456/669, 7.9 task/s, elapsed: 58s, ETA:    27s
[>>>>>>>>>>>>>>>>>>>>          ] 457/669, 7.9 task/s, elapsed: 58s, ETA:    27s
[>>>>>>>>>>>>>>>>>>>>          ] 458/669, 7.9 task/s, elapsed: 58s, ETA:    27s
[>>>>>>>>>>>>>>>>>>>>          ] 459/669, 7.8 task/s, elapsed: 58s, ETA:    27s
[>>>>>>>>>>>>>>>>>>>>          ] 460/669, 7.8 task/s, elapsed: 59s, ETA:    27s
[>>>>>>>>>>>>>>>>>>>>          ] 461/669, 7.8 task/s, elapsed: 59s, ETA:    27s
[>>>>>>>>>>>>>>>>>>>>          ] 462/669, 7.8 task/s, elapsed: 59s, ETA:    26s
[>>>>>>>>>>>>>>>>>>>>          ] 463/669, 7.8 task/s, elapsed: 59s, ETA:    26s
[>>>>>>>>>>>>>>>>>>>>          ] 464/669, 7.8 task/s, elapsed: 59s, ETA:    26s
[>>>>>>>>>>>>>>>>>>>>          ] 465/669, 7.8 task/s, elapsed: 59s, ETA:    26s
[>>>>>>>>>>>>>>>>>>>>          ] 466/669, 7.8 task/s, elapsed: 60s, ETA:    26s
[>>>>>>>>>>>>>>>>>>>>          ] 467/669, 7.8 task/s, elapsed: 60s, ETA:    26s
[>>>>>>>>>>>>>>>>>>>>          ] 468/669, 7.8 task/s, elapsed: 60s, ETA:    26s
[>>>>>>>>>>>>>>>>>>>>>         ] 469/669, 7.8 task/s, elapsed: 60s, ETA:    26s
[>>>>>>>>>>>>>>>>>>>>>         ] 470/669, 7.8 task/s, elapsed: 60s, ETA:    26s
[>>>>>>>>>>>>>>>>>>>>>         ] 471/669, 7.8 task/s, elapsed: 60s, ETA:    25s
[>>>>>>>>>>>>>>>>>>>>>         ] 472/669, 7.8 task/s, elapsed: 60s, ETA:    25s
[>>>>>>>>>>>>>>>>>>>>>         ] 473/669, 7.8 task/s, elapsed: 61s, ETA:    25s
[>>>>>>>>>>>>>>>>>>>>>         ] 474/669, 7.8 task/s, elapsed: 61s, ETA:    25s
[>>>>>>>>>>>>>>>>>>>>>         ] 475/669, 7.8 task/s, elapsed: 61s, ETA:    25s
[>>>>>>>>>>>>>>>>>>>>>         ] 476/669, 7.8 task/s, elapsed: 61s, ETA:    25s
[>>>>>>>>>>>>>>>>>>>>>         ] 477/669, 7.8 task/s, elapsed: 61s, ETA:    25s
[>>>>>>>>>>>>>>>>>>>>>         ] 478/669, 7.8 task/s, elapsed: 61s, ETA:    24s
[>>>>>>>>>>>>>>>>>>>>>         ] 479/669, 7.8 task/s, elapsed: 61s, ETA:    24s
[>>>>>>>>>>>>>>>>>>>>>         ] 480/669, 7.8 task/s, elapsed: 61s, ETA:    24s
[>>>>>>>>>>>>>>>>>>>>>         ] 481/669, 7.8 task/s, elapsed: 62s, ETA:    24s
[>>>>>>>>>>>>>>>>>>>>>         ] 482/669, 7.8 task/s, elapsed: 62s, ETA:    24s
[>>>>>>>>>>>>>>>>>>>>>         ] 483/669, 7.8 task/s, elapsed: 62s, ETA:    24s
[>>>>>>>>>>>>>>>>>>>>>         ] 484/669, 7.8 task/s, elapsed: 62s, ETA:    24s
[>>>>>>>>>>>>>>>>>>>>>         ] 485/669, 7.8 task/s, elapsed: 62s, ETA:    24s
[>>>>>>>>>>>>>>>>>>>>>         ] 486/669, 7.8 task/s, elapsed: 62s, ETA:    23s
[>>>>>>>>>>>>>>>>>>>>>         ] 487/669, 7.8 task/s, elapsed: 62s, ETA:    23s
[>>>>>>>>>>>>>>>>>>>>>         ] 488/669, 7.8 task/s, elapsed: 62s, ETA:    23s
[>>>>>>>>>>>>>>>>>>>>>         ] 489/669, 7.8 task/s, elapsed: 62s, ETA:    23s
[>>>>>>>>>>>>>>>>>>>>>         ] 490/669, 7.8 task/s, elapsed: 63s, ETA:    23s
[>>>>>>>>>>>>>>>>>>>>>>        ] 491/669, 7.8 task/s, elapsed: 63s, ETA:    23s
[>>>>>>>>>>>>>>>>>>>>>>        ] 492/669, 7.8 task/s, elapsed: 63s, ETA:    23s
[>>>>>>>>>>>>>>>>>>>>>>        ] 493/669, 7.8 task/s, elapsed: 63s, ETA:    22s
[>>>>>>>>>>>>>>>>>>>>>>        ] 494/669, 7.8 task/s, elapsed: 63s, ETA:    22s
[>>>>>>>>>>>>>>>>>>>>>>        ] 495/669, 7.8 task/s, elapsed: 63s, ETA:    22s
[>>>>>>>>>>>>>>>>>>>>>>        ] 496/669, 7.8 task/s, elapsed: 63s, ETA:    22s
[>>>>>>>>>>>>>>>>>>>>>>        ] 497/669, 7.8 task/s, elapsed: 64s, ETA:    22s
[>>>>>>>>>>>>>>>>>>>>>>        ] 498/669, 7.8 task/s, elapsed: 64s, ETA:    22s
[>>>>>>>>>>>>>>>>>>>>>>        ] 499/669, 7.8 task/s, elapsed: 64s, ETA:    22s
[>>>>>>>>>>>>>>>>>>>>>>        ] 500/669, 7.8 task/s, elapsed: 64s, ETA:    22s
[>>>>>>>>>>>>>>>>>>>>>>        ] 501/669, 7.8 task/s, elapsed: 64s, ETA:    21s
[>>>>>>>>>>>>>>>>>>>>>>        ] 502/669, 7.8 task/s, elapsed: 64s, ETA:    21s
[>>>>>>>>>>>>>>>>>>>>>>        ] 503/669, 7.8 task/s, elapsed: 64s, ETA:    21s
[>>>>>>>>>>>>>>>>>>>>>>        ] 504/669, 7.8 task/s, elapsed: 64s, ETA:    21s
[>>>>>>>>>>>>>>>>>>>>>>        ] 505/669, 7.8 task/s, elapsed: 64s, ETA:    21s
[>>>>>>>>>>>>>>>>>>>>>>        ] 506/669, 7.8 task/s, elapsed: 65s, ETA:    21s
[>>>>>>>>>>>>>>>>>>>>>>        ] 507/669, 7.8 task/s, elapsed: 65s, ETA:    21s
[>>>>>>>>>>>>>>>>>>>>>>        ] 508/669, 7.8 task/s, elapsed: 65s, ETA:    21s
[>>>>>>>>>>>>>>>>>>>>>>        ] 509/669, 7.8 task/s, elapsed: 65s, ETA:    20s
[>>>>>>>>>>>>>>>>>>>>>>        ] 510/669, 7.9 task/s, elapsed: 65s, ETA:    20s
[>>>>>>>>>>>>>>>>>>>>>>        ] 511/669, 7.9 task/s, elapsed: 65s, ETA:    20s
[>>>>>>>>>>>>>>>>>>>>>>        ] 512/669, 7.9 task/s, elapsed: 65s, ETA:    20s
[>>>>>>>>>>>>>>>>>>>>>>>       ] 513/669, 7.9 task/s, elapsed: 65s, ETA:    20s
[>>>>>>>>>>>>>>>>>>>>>>>       ] 514/669, 7.9 task/s, elapsed: 65s, ETA:    20s
[>>>>>>>>>>>>>>>>>>>>>>>       ] 515/669, 7.9 task/s, elapsed: 65s, ETA:    20s
[>>>>>>>>>>>>>>>>>>>>>>>       ] 516/669, 7.9 task/s, elapsed: 66s, ETA:    19s
[>>>>>>>>>>>>>>>>>>>>>>>       ] 517/669, 7.9 task/s, elapsed: 66s, ETA:    19s
[>>>>>>>>>>>>>>>>>>>>>>>       ] 518/669, 7.9 task/s, elapsed: 66s, ETA:    19s
[>>>>>>>>>>>>>>>>>>>>>>>       ] 519/669, 7.9 task/s, elapsed: 66s, ETA:    19s
[>>>>>>>>>>>>>>>>>>>>>>>       ] 520/669, 7.9 task/s, elapsed: 66s, ETA:    19s
[>>>>>>>>>>>>>>>>>>>>>>>       ] 521/669, 7.9 task/s, elapsed: 66s, ETA:    19s
[>>>>>>>>>>>>>>>>>>>>>>>       ] 522/669, 7.9 task/s, elapsed: 66s, ETA:    19s
[>>>>>>>>>>>>>>>>>>>>>>>       ] 523/669, 7.9 task/s, elapsed: 66s, ETA:    19s
[>>>>>>>>>>>>>>>>>>>>>>>       ] 524/669, 7.9 task/s, elapsed: 66s, ETA:    18s
[>>>>>>>>>>>>>>>>>>>>>>>       ] 525/669, 7.9 task/s, elapsed: 67s, ETA:    18s
[>>>>>>>>>>>>>>>>>>>>>>>       ] 526/669, 7.9 task/s, elapsed: 67s, ETA:    18s
[>>>>>>>>>>>>>>>>>>>>>>>       ] 527/669, 7.9 task/s, elapsed: 67s, ETA:    18s
[>>>>>>>>>>>>>>>>>>>>>>>       ] 528/669, 7.8 task/s, elapsed: 67s, ETA:    18s
[>>>>>>>>>>>>>>>>>>>>>>>       ] 529/669, 7.8 task/s, elapsed: 68s, ETA:    18s
[>>>>>>>>>>>>>>>>>>>>>>>       ] 530/669, 7.8 task/s, elapsed: 68s, ETA:    18s
[>>>>>>>>>>>>>>>>>>>>>>>       ] 531/669, 7.8 task/s, elapsed: 68s, ETA:    18s
[>>>>>>>>>>>>>>>>>>>>>>>       ] 532/669, 7.8 task/s, elapsed: 68s, ETA:    17s
[>>>>>>>>>>>>>>>>>>>>>>>       ] 533/669, 7.8 task/s, elapsed: 68s, ETA:    17s
[>>>>>>>>>>>>>>>>>>>>>>>       ] 534/669, 7.8 task/s, elapsed: 68s, ETA:    17s
[>>>>>>>>>>>>>>>>>>>>>>>       ] 535/669, 7.8 task/s, elapsed: 68s, ETA:    17s
[>>>>>>>>>>>>>>>>>>>>>>>>      ] 536/669, 7.8 task/s, elapsed: 68s, ETA:    17s
[>>>>>>>>>>>>>>>>>>>>>>>>      ] 537/669, 7.8 task/s, elapsed: 68s, ETA:    17s
[>>>>>>>>>>>>>>>>>>>>>>>>      ] 538/669, 7.8 task/s, elapsed: 69s, ETA:    17s
[>>>>>>>>>>>>>>>>>>>>>>>>      ] 539/669, 7.9 task/s, elapsed: 69s, ETA:    17s
[>>>>>>>>>>>>>>>>>>>>>>>>      ] 540/669, 7.9 task/s, elapsed: 69s, ETA:    16s
[>>>>>>>>>>>>>>>>>>>>>>>>      ] 541/669, 7.9 task/s, elapsed: 69s, ETA:    16s
[>>>>>>>>>>>>>>>>>>>>>>>>      ] 542/669, 7.9 task/s, elapsed: 69s, ETA:    16s
[>>>>>>>>>>>>>>>>>>>>>>>>      ] 543/669, 7.9 task/s, elapsed: 69s, ETA:    16s
[>>>>>>>>>>>>>>>>>>>>>>>>      ] 544/669, 7.9 task/s, elapsed: 69s, ETA:    16s
[>>>>>>>>>>>>>>>>>>>>>>>>      ] 545/669, 7.9 task/s, elapsed: 69s, ETA:    16s
[>>>>>>>>>>>>>>>>>>>>>>>>      ] 546/669, 7.9 task/s, elapsed: 70s, ETA:    16s
[>>>>>>>>>>>>>>>>>>>>>>>>      ] 547/669, 7.9 task/s, elapsed: 70s, ETA:    16s
[>>>>>>>>>>>>>>>>>>>>>>>>      ] 548/669, 7.9 task/s, elapsed: 70s, ETA:    15s
[>>>>>>>>>>>>>>>>>>>>>>>>      ] 549/669, 7.9 task/s, elapsed: 70s, ETA:    15s
[>>>>>>>>>>>>>>>>>>>>>>>>      ] 550/669, 7.9 task/s, elapsed: 70s, ETA:    15s
[>>>>>>>>>>>>>>>>>>>>>>>>      ] 551/669, 7.9 task/s, elapsed: 70s, ETA:    15s
[>>>>>>>>>>>>>>>>>>>>>>>>      ] 552/669, 7.9 task/s, elapsed: 70s, ETA:    15s
[>>>>>>>>>>>>>>>>>>>>>>>>      ] 553/669, 7.9 task/s, elapsed: 70s, ETA:    15s
[>>>>>>>>>>>>>>>>>>>>>>>>      ] 554/669, 7.9 task/s, elapsed: 70s, ETA:    15s
[>>>>>>>>>>>>>>>>>>>>>>>>      ] 555/669, 7.9 task/s, elapsed: 71s, ETA:    14s
[>>>>>>>>>>>>>>>>>>>>>>>>      ] 556/669, 7.9 task/s, elapsed: 71s, ETA:    14s
[>>>>>>>>>>>>>>>>>>>>>>>>      ] 557/669, 7.9 task/s, elapsed: 71s, ETA:    14s
[>>>>>>>>>>>>>>>>>>>>>>>>>     ] 558/669, 7.9 task/s, elapsed: 71s, ETA:    14s
[>>>>>>>>>>>>>>>>>>>>>>>>>     ] 559/669, 7.9 task/s, elapsed: 71s, ETA:    14s
[>>>>>>>>>>>>>>>>>>>>>>>>>     ] 560/669, 7.9 task/s, elapsed: 71s, ETA:    14s
[>>>>>>>>>>>>>>>>>>>>>>>>>     ] 561/669, 7.9 task/s, elapsed: 71s, ETA:    14s
[>>>>>>>>>>>>>>>>>>>>>>>>>     ] 562/669, 7.9 task/s, elapsed: 71s, ETA:    14s
[>>>>>>>>>>>>>>>>>>>>>>>>>     ] 563/669, 7.9 task/s, elapsed: 72s, ETA:    13s
[>>>>>>>>>>>>>>>>>>>>>>>>>     ] 564/669, 7.9 task/s, elapsed: 72s, ETA:    13s
[>>>>>>>>>>>>>>>>>>>>>>>>>     ] 565/669, 7.8 task/s, elapsed: 72s, ETA:    13s
[>>>>>>>>>>>>>>>>>>>>>>>>>     ] 566/669, 7.8 task/s, elapsed: 72s, ETA:    13s
[>>>>>>>>>>>>>>>>>>>>>>>>>     ] 567/669, 7.8 task/s, elapsed: 72s, ETA:    13s
[>>>>>>>>>>>>>>>>>>>>>>>>>     ] 568/669, 7.8 task/s, elapsed: 73s, ETA:    13s
[>>>>>>>>>>>>>>>>>>>>>>>>>     ] 569/669, 7.8 task/s, elapsed: 73s, ETA:    13s
[>>>>>>>>>>>>>>>>>>>>>>>>>     ] 570/669, 7.8 task/s, elapsed: 73s, ETA:    13s
[>>>>>>>>>>>>>>>>>>>>>>>>>     ] 571/669, 7.8 task/s, elapsed: 73s, ETA:    12s
[>>>>>>>>>>>>>>>>>>>>>>>>>     ] 572/669, 7.8 task/s, elapsed: 73s, ETA:    12s
[>>>>>>>>>>>>>>>>>>>>>>>>>     ] 573/669, 7.8 task/s, elapsed: 73s, ETA:    12s
[>>>>>>>>>>>>>>>>>>>>>>>>>     ] 574/669, 7.8 task/s, elapsed: 73s, ETA:    12s
[>>>>>>>>>>>>>>>>>>>>>>>>>     ] 575/669, 7.8 task/s, elapsed: 74s, ETA:    12s
[>>>>>>>>>>>>>>>>>>>>>>>>>     ] 576/669, 7.8 task/s, elapsed: 74s, ETA:    12s
[>>>>>>>>>>>>>>>>>>>>>>>>>     ] 577/669, 7.8 task/s, elapsed: 74s, ETA:    12s
[>>>>>>>>>>>>>>>>>>>>>>>>>     ] 578/669, 7.8 task/s, elapsed: 74s, ETA:    12s
[>>>>>>>>>>>>>>>>>>>>>>>>>     ] 579/669, 7.8 task/s, elapsed: 74s, ETA:    12s
[>>>>>>>>>>>>>>>>>>>>>>>>>>    ] 580/669, 7.8 task/s, elapsed: 74s, ETA:    11s
[>>>>>>>>>>>>>>>>>>>>>>>>>>    ] 581/669, 7.8 task/s, elapsed: 74s, ETA:    11s
[>>>>>>>>>>>>>>>>>>>>>>>>>>    ] 582/669, 7.8 task/s, elapsed: 75s, ETA:    11s
[>>>>>>>>>>>>>>>>>>>>>>>>>>    ] 583/669, 7.8 task/s, elapsed: 75s, ETA:    11s
[>>>>>>>>>>>>>>>>>>>>>>>>>>    ] 584/669, 7.8 task/s, elapsed: 75s, ETA:    11s
[>>>>>>>>>>>>>>>>>>>>>>>>>>    ] 585/669, 7.8 task/s, elapsed: 75s, ETA:    11s
[>>>>>>>>>>>>>>>>>>>>>>>>>>    ] 586/669, 7.8 task/s, elapsed: 75s, ETA:    11s
[>>>>>>>>>>>>>>>>>>>>>>>>>>    ] 587/669, 7.8 task/s, elapsed: 75s, ETA:    10s
[>>>>>>>>>>>>>>>>>>>>>>>>>>    ] 588/669, 7.8 task/s, elapsed: 75s, ETA:    10s
[>>>>>>>>>>>>>>>>>>>>>>>>>>    ] 589/669, 7.8 task/s, elapsed: 75s, ETA:    10s
[>>>>>>>>>>>>>>>>>>>>>>>>>>    ] 590/669, 7.8 task/s, elapsed: 76s, ETA:    10s
[>>>>>>>>>>>>>>>>>>>>>>>>>>    ] 591/669, 7.8 task/s, elapsed: 76s, ETA:    10s
[>>>>>>>>>>>>>>>>>>>>>>>>>>    ] 592/669, 7.8 task/s, elapsed: 76s, ETA:    10s
[>>>>>>>>>>>>>>>>>>>>>>>>>>    ] 593/669, 7.8 task/s, elapsed: 76s, ETA:    10s
[>>>>>>>>>>>>>>>>>>>>>>>>>>    ] 594/669, 7.8 task/s, elapsed: 76s, ETA:    10s
[>>>>>>>>>>>>>>>>>>>>>>>>>>    ] 595/669, 7.8 task/s, elapsed: 76s, ETA:     9s
[>>>>>>>>>>>>>>>>>>>>>>>>>>    ] 596/669, 7.8 task/s, elapsed: 76s, ETA:     9s
[>>>>>>>>>>>>>>>>>>>>>>>>>>    ] 597/669, 7.8 task/s, elapsed: 76s, ETA:     9s
[>>>>>>>>>>>>>>>>>>>>>>>>>>    ] 598/669, 7.8 task/s, elapsed: 76s, ETA:     9s
[>>>>>>>>>>>>>>>>>>>>>>>>>>    ] 599/669, 7.8 task/s, elapsed: 77s, ETA:     9s
[>>>>>>>>>>>>>>>>>>>>>>>>>>    ] 600/669, 7.8 task/s, elapsed: 77s, ETA:     9s
[>>>>>>>>>>>>>>>>>>>>>>>>>>    ] 601/669, 7.8 task/s, elapsed: 77s, ETA:     9s
[>>>>>>>>>>>>>>>>>>>>>>>>>>    ] 602/669, 7.8 task/s, elapsed: 77s, ETA:     9s
[>>>>>>>>>>>>>>>>>>>>>>>>>>>   ] 603/669, 7.8 task/s, elapsed: 77s, ETA:     8s
[>>>>>>>>>>>>>>>>>>>>>>>>>>>   ] 604/669, 7.8 task/s, elapsed: 77s, ETA:     8s
[>>>>>>>>>>>>>>>>>>>>>>>>>>>   ] 605/669, 7.8 task/s, elapsed: 77s, ETA:     8s
[>>>>>>>>>>>>>>>>>>>>>>>>>>>   ] 606/669, 7.8 task/s, elapsed: 77s, ETA:     8s
[>>>>>>>>>>>>>>>>>>>>>>>>>>>   ] 607/669, 7.8 task/s, elapsed: 77s, ETA:     8s
[>>>>>>>>>>>>>>>>>>>>>>>>>>>   ] 608/669, 7.8 task/s, elapsed: 77s, ETA:     8s
[>>>>>>>>>>>>>>>>>>>>>>>>>>>   ] 609/669, 7.9 task/s, elapsed: 78s, ETA:     8s
[>>>>>>>>>>>>>>>>>>>>>>>>>>>   ] 610/669, 7.9 task/s, elapsed: 78s, ETA:     8s
[>>>>>>>>>>>>>>>>>>>>>>>>>>>   ] 611/669, 7.9 task/s, elapsed: 78s, ETA:     7s
[>>>>>>>>>>>>>>>>>>>>>>>>>>>   ] 612/669, 7.9 task/s, elapsed: 78s, ETA:     7s
[>>>>>>>>>>>>>>>>>>>>>>>>>>>   ] 613/669, 7.9 task/s, elapsed: 78s, ETA:     7s
[>>>>>>>>>>>>>>>>>>>>>>>>>>>   ] 614/669, 7.9 task/s, elapsed: 78s, ETA:     7s
[>>>>>>>>>>>>>>>>>>>>>>>>>>>   ] 615/669, 7.9 task/s, elapsed: 78s, ETA:     7s
[>>>>>>>>>>>>>>>>>>>>>>>>>>>   ] 616/669, 7.9 task/s, elapsed: 78s, ETA:     7s
[>>>>>>>>>>>>>>>>>>>>>>>>>>>   ] 617/669, 7.9 task/s, elapsed: 78s, ETA:     7s
[>>>>>>>>>>>>>>>>>>>>>>>>>>>   ] 618/669, 7.9 task/s, elapsed: 79s, ETA:     6s
[>>>>>>>>>>>>>>>>>>>>>>>>>>>   ] 619/669, 7.9 task/s, elapsed: 79s, ETA:     6s
[>>>>>>>>>>>>>>>>>>>>>>>>>>>   ] 620/669, 7.9 task/s, elapsed: 79s, ETA:     6s
[>>>>>>>>>>>>>>>>>>>>>>>>>>>   ] 621/669, 7.9 task/s, elapsed: 79s, ETA:     6s
[>>>>>>>>>>>>>>>>>>>>>>>>>>>   ] 622/669, 7.9 task/s, elapsed: 79s, ETA:     6s
[>>>>>>>>>>>>>>>>>>>>>>>>>>>   ] 623/669, 7.9 task/s, elapsed: 79s, ETA:     6s
[>>>>>>>>>>>>>>>>>>>>>>>>>>>   ] 624/669, 7.9 task/s, elapsed: 79s, ETA:     6s
[>>>>>>>>>>>>>>>>>>>>>>>>>>>>  ] 625/669, 7.9 task/s, elapsed: 79s, ETA:     6s
[>>>>>>>>>>>>>>>>>>>>>>>>>>>>  ] 626/669, 7.9 task/s, elapsed: 80s, ETA:     5s
[>>>>>>>>>>>>>>>>>>>>>>>>>>>>  ] 627/669, 7.9 task/s, elapsed: 80s, ETA:     5s
[>>>>>>>>>>>>>>>>>>>>>>>>>>>>  ] 628/669, 7.9 task/s, elapsed: 80s, ETA:     5s
[>>>>>>>>>>>>>>>>>>>>>>>>>>>>  ] 629/669, 7.9 task/s, elapsed: 80s, ETA:     5s
[>>>>>>>>>>>>>>>>>>>>>>>>>>>>  ] 630/669, 7.9 task/s, elapsed: 80s, ETA:     5s
[>>>>>>>>>>>>>>>>>>>>>>>>>>>>  ] 631/669, 7.9 task/s, elapsed: 80s, ETA:     5s
[>>>>>>>>>>>>>>>>>>>>>>>>>>>>  ] 632/669, 7.8 task/s, elapsed: 81s, ETA:     5s
[>>>>>>>>>>>>>>>>>>>>>>>>>>>>  ] 633/669, 7.8 task/s, elapsed: 81s, ETA:     5s
[>>>>>>>>>>>>>>>>>>>>>>>>>>>>  ] 634/669, 7.9 task/s, elapsed: 81s, ETA:     4s
[>>>>>>>>>>>>>>>>>>>>>>>>>>>>  ] 635/669, 7.9 task/s, elapsed: 81s, ETA:     4s
[>>>>>>>>>>>>>>>>>>>>>>>>>>>>  ] 636/669, 7.9 task/s, elapsed: 81s, ETA:     4s
[>>>>>>>>>>>>>>>>>>>>>>>>>>>>  ] 637/669, 7.9 task/s, elapsed: 81s, ETA:     4s
[>>>>>>>>>>>>>>>>>>>>>>>>>>>>  ] 638/669, 7.8 task/s, elapsed: 81s, ETA:     4s
[>>>>>>>>>>>>>>>>>>>>>>>>>>>>  ] 639/669, 7.8 task/s, elapsed: 82s, ETA:     4s
[>>>>>>>>>>>>>>>>>>>>>>>>>>>>  ] 640/669, 7.8 task/s, elapsed: 82s, ETA:     4s
[>>>>>>>>>>>>>>>>>>>>>>>>>>>>  ] 641/669, 7.8 task/s, elapsed: 82s, ETA:     4s
[>>>>>>>>>>>>>>>>>>>>>>>>>>>>  ] 642/669, 7.8 task/s, elapsed: 82s, ETA:     3s
[>>>>>>>>>>>>>>>>>>>>>>>>>>>>  ] 643/669, 7.8 task/s, elapsed: 82s, ETA:     3s
[>>>>>>>>>>>>>>>>>>>>>>>>>>>>  ] 644/669, 7.8 task/s, elapsed: 82s, ETA:     3s
[>>>>>>>>>>>>>>>>>>>>>>>>>>>>  ] 645/669, 7.8 task/s, elapsed: 82s, ETA:     3s
[>>>>>>>>>>>>>>>>>>>>>>>>>>>>  ] 646/669, 7.8 task/s, elapsed: 82s, ETA:     3s
[>>>>>>>>>>>>>>>>>>>>>>>>>>>>> ] 647/669, 7.8 task/s, elapsed: 83s, ETA:     3s
[>>>>>>>>>>>>>>>>>>>>>>>>>>>>> ] 648/669, 7.8 task/s, elapsed: 83s, ETA:     3s
[>>>>>>>>>>>>>>>>>>>>>>>>>>>>> ] 649/669, 7.8 task/s, elapsed: 83s, ETA:     3s
[>>>>>>>>>>>>>>>>>>>>>>>>>>>>> ] 650/669, 7.8 task/s, elapsed: 83s, ETA:     2s
[>>>>>>>>>>>>>>>>>>>>>>>>>>>>> ] 651/669, 7.8 task/s, elapsed: 83s, ETA:     2s
[>>>>>>>>>>>>>>>>>>>>>>>>>>>>> ] 652/669, 7.8 task/s, elapsed: 83s, ETA:     2s
[>>>>>>>>>>>>>>>>>>>>>>>>>>>>> ] 653/669, 7.8 task/s, elapsed: 83s, ETA:     2s
[>>>>>>>>>>>>>>>>>>>>>>>>>>>>> ] 654/669, 7.8 task/s, elapsed: 84s, ETA:     2s
[>>>>>>>>>>>>>>>>>>>>>>>>>>>>> ] 655/669, 7.8 task/s, elapsed: 84s, ETA:     2s
[>>>>>>>>>>>>>>>>>>>>>>>>>>>>> ] 656/669, 7.8 task/s, elapsed: 84s, ETA:     2s
[>>>>>>>>>>>>>>>>>>>>>>>>>>>>> ] 657/669, 7.8 task/s, elapsed: 84s, ETA:     2s
[>>>>>>>>>>>>>>>>>>>>>>>>>>>>> ] 658/669, 7.8 task/s, elapsed: 84s, ETA:     1s
[>>>>>>>>>>>>>>>>>>>>>>>>>>>>> ] 659/669, 7.8 task/s, elapsed: 84s, ETA:     1s
[>>>>>>>>>>>>>>>>>>>>>>>>>>>>> ] 660/669, 7.8 task/s, elapsed: 84s, ETA:     1s
[>>>>>>>>>>>>>>>>>>>>>>>>>>>>> ] 661/669, 7.8 task/s, elapsed: 84s, ETA:     1s
[>>>>>>>>>>>>>>>>>>>>>>>>>>>>> ] 662/669, 7.8 task/s, elapsed: 84s, ETA:     1s
[>>>>>>>>>>>>>>>>>>>>>>>>>>>>> ] 663/669, 7.8 task/s, elapsed: 85s, ETA:     1s
[>>>>>>>>>>>>>>>>>>>>>>>>>>>>> ] 664/669, 7.8 task/s, elapsed: 85s, ETA:     1s
[>>>>>>>>>>>>>>>>>>>>>>>>>>>>> ] 665/669, 7.8 task/s, elapsed: 85s, ETA:     1s
[>>>>>>>>>>>>>>>>>>>>>>>>>>>>> ] 666/669, 7.8 task/s, elapsed: 85s, ETA:     0s
[>>>>>>>>>>>>>>>>>>>>>>>>>>>>> ] 667/669, 7.8 task/s, elapsed: 85s, ETA:     0s
[>>>>>>>>>>>>>>>>>>>>>>>>>>>>> ] 668/669, 7.8 task/s, elapsed: 86s, ETA:     0s
[>>>>>>>>>>>>>>>>>>>>>>>>>>>>>>] 669/669, 7.8 task/s, elapsed: 86s, ETA:     0s2026-06-30 00:44:43,409 - mmdet - INFO - Evaluating bbox...
2026-06-30 00:44:45,821 - mmdet - INFO - 
+-----------+-------+-----------+-------+-------------+-------+
| category  | AP    | category  | AP    | category    | AP    |
+-----------+-------+-----------+-------+-------------+-------+
| bicycle   | 0.277 | chair     | 0.558 | diningtable | 0.233 |
| bottle    | 0.400 | motorbike | 0.329 | car         | 0.294 |
| tvmonitor | 0.134 | bus       | 0.274 | None        | None  |
+-----------+-------+-----------+-------+-------------+-------+
2026-06-30 00:44:45,822 - mmdet - INFO - Evaluating segm...
/content/EALLIS/mmdetection/mmdet/datasets/coco.py:453: UserWarning: The key "bbox" is deleted for more accurate mask AP of small/medium/large instances since v2.12.0. This does not change the overall mAP calculation.
  warnings.warn(
2026-06-30 00:44:48,183 - mmdet - INFO - 
+-----------+-------+-----------+-------+-------------+-------+
| category  | AP    | category  | AP    | category    | AP    |
+-----------+-------+-----------+-------+-------------+-------+
| bicycle   | 0.141 | chair     | 0.535 | diningtable | 0.194 |
| bottle    | 0.424 | motorbike | 0.317 | car         | 0.130 |
| tvmonitor | 0.041 | bus       | 0.306 | None        | None  |
+-----------+-------+-----------+-------+-------------+-------+
2026-06-30 00:44:54,291 - mmdet - INFO - Now best checkpoint is saved as best_bbox_mAP_epoch_1.pth.
2026-06-30 00:44:54,292 - mmdet - INFO - Best bbox_mAP is 0.3120 at 1 epoch.
2026-06-30 00:44:54,302 - mmdet - INFO - Exp name: train_kaggle.py
2026-06-30 00:44:54,302 - mmdet - INFO - Epoch(val) [1][669]	bbox_mAP: 0.3120, bbox_mAP_50: 0.5250, bbox_mAP_75: 0.3320, bbox_mAP_s: 0.0000, bbox_mAP_m: 0.0780, bbox_mAP_l: 0.3890, bbox_mAP_copypaste: 0.312 0.525 0.332 0.000 0.078 0.389, segm_mAP: 0.2610, segm_mAP_50: 0.4640, segm_mAP_75: 0.2500, segm_mAP_s: 0.0000, segm_mAP_m: 0.0600, segm_mAP_l: 0.3330, segm_mAP_copypaste: 0.261 0.464 0.250 0.000 0.060 0.333
/usr/local/lib/python3.12/dist-packages/torch/utils/data/dataloader.py:432: UserWarning: This DataLoader will create 4 worker processes in total. Our suggested max number of worker in current system is 2, which is smaller than what this DataLoader is going to create. Please be aware that excessive worker creation might get DataLoader running slow or even freeze, lower the worker number to avoid potential slowness/freeze if necessary.
  self.check_worker_number_rationality()
Loading and preparing results...
DONE (t=0.02s)
creating index...
index created!
Running per image evaluation...
Evaluate annotation type *bbox*
DONE (t=2.04s).
Accumulating evaluation results...
DONE (t=0.28s).
 Average Precision  (AP) @[ IoU=0.50:0.95 | area=   all | maxDets=100 ] = 0.312
 Average Precision  (AP) @[ IoU=0.50      | area=   all | maxDets=1000 ] = 0.525
 Average Precision  (AP) @[ IoU=0.75      | area=   all | maxDets=1000 ] = 0.332
 Average Precision  (AP) @[ IoU=0.50:0.95 | area= small | maxDets=1000 ] = 0.000
 Average Precision  (AP) @[ IoU=0.50:0.95 | area=medium | maxDets=1000 ] = 0.078
 Average Precision  (AP) @[ IoU=0.50:0.95 | area= large | maxDets=1000 ] = 0.389
 Average Recall     (AR) @[ IoU=0.50:0.95 | area=   all | maxDets=100 ] = 0.419
 Average Recall     (AR) @[ IoU=0.50:0.95 | area=   all | maxDets=300 ] = 0.419
 Average Recall     (AR) @[ IoU=0.50:0.95 | area=   all | maxDets=1000 ] = 0.419
 Average Recall     (AR) @[ IoU=0.50:0.95 | area= small | maxDets=1000 ] = 0.000
 Average Recall     (AR) @[ IoU=0.50:0.95 | area=medium | maxDets=1000 ] = 0.161
 Average Recall     (AR) @[ IoU=0.50:0.95 | area= large | maxDets=1000 ] = 0.498
Loading and preparing results...
DONE (t=0.19s)
creating index...
index created!
Running per image evaluation...
Evaluate annotation type *segm*
DONE (t=1.77s).
Accumulating evaluation results...
DONE (t=0.27s).
 Average Precision  (AP) @[ IoU=0.50:0.95 | area=   all | maxDets=100 ] = 0.261
 Average Precision  (AP) @[ IoU=0.50      | area=   all | maxDets=1000 ] = 0.464
 Average Precision  (AP) @[ IoU=0.75      | area=   all | maxDets=1000 ] = 0.250
 Average Precision  (AP) @[ IoU=0.50:0.95 | area= small | maxDets=1000 ] = 0.000
 Average Precision  (AP) @[ IoU=0.50:0.95 | area=medium | maxDets=1000 ] = 0.060
 Average Precision  (AP) @[ IoU=0.50:0.95 | area= large | maxDets=1000 ] = 0.333
 Average Recall     (AR) @[ IoU=0.50:0.95 | area=   all | maxDets=100 ] = 0.347
 Average Recall     (AR) @[ IoU=0.50:0.95 | area=   all | maxDets=300 ] = 0.347
 Average Recall     (AR) @[ IoU=0.50:0.95 | area=   all | maxDets=1000 ] = 0.347
 Average Recall     (AR) @[ IoU=0.50:0.95 | area= small | maxDets=1000 ] = 0.000
 Average Recall     (AR) @[ IoU=0.50:0.95 | area=medium | maxDets=1000 ] = 0.139
 Average Recall     (AR) @[ IoU=0.50:0.95 | area= large | maxDets=1000 ] = 0.417
OrderedDict({'bbox_mAP': 0.312, 'bbox_mAP_50': 0.525, 'bbox_mAP_75': 0.332, 'bbox_mAP_s': 0.0, 'bbox_mAP_m': 0.078, 'bbox_mAP_l': 0.389, 'bbox_mAP_copypaste': '0.312 0.525 0.332 0.000 0.078 0.389', 'segm_mAP': 0.261, 'segm_mAP_50': 0.464, 'segm_mAP_75': 0.25, 'segm_mAP_s': 0.0, 'segm_mAP_m': 0.06, 'segm_mAP_l': 0.333, 'segm_mAP_copypaste': '0.261 0.464 0.250 0.000 0.060 0.333'})
/usr/lib/python3.12/multiprocessing/popen_fork.py:66: DeprecationWarning: This process (pid=21096) is multi-threaded, use of fork() may lead to deadlocks in the child.
  self.pid = os.fork()
/content/EALLIS/mmdetection/mmdet/core/anchor/anchor_generator.py:323: UserWarning: ``grid_anchors`` would be deprecated soon. Please use ``grid_priors`` 
  warnings.warn('``grid_anchors`` would be deprecated soon. '
/content/EALLIS/mmdetection/mmdet/core/anchor/anchor_generator.py:359: UserWarning: ``single_level_grid_anchors`` would be deprecated soon. Please use ``single_level_grid_priors`` 
  warnings.warn(
2026-06-30 00:47:42,421 - mmdet - INFO - Epoch [2][50/1324]	lr: 1.000e-02, eta: 4:28:06, time: 3.360, data_time: 0.187, memory: 10426, noise_inv_loss: 0.0008, clean_loss_rpn_cls: 0.0271, clean_loss_rpn_bbox: 0.0187, clean_loss_cls: 0.1185, clean_acc: 95.8433, clean_loss_bbox: 0.1361, clean_loss_mask: 0.3013, clean_edge_loss: 0.7350, loss_rpn_cls: 0.0399, loss_rpn_bbox: 0.0202, loss_cls: 0.1336, acc: 95.6802, loss_bbox: 0.1386, loss_mask: 0.3432, edge_loss: 0.7389, loss: 2.7518
2026-06-30 00:50:19,622 - mmdet - INFO - Epoch [2][100/1324]	lr: 1.000e-02, eta: 4:25:47, time: 3.144, data_time: 0.041, memory: 10426, noise_inv_loss: 0.0008, clean_loss_rpn_cls: 0.0292, clean_loss_rpn_bbox: 0.0199, clean_loss_cls: 0.1186, clean_acc: 95.7715, clean_loss_bbox: 0.1413, clean_loss_mask: 0.3092, clean_edge_loss: 0.7378, loss_rpn_cls: 0.0435, loss_rpn_bbox: 0.0217, loss_cls: 0.1323, acc: 95.6831, loss_bbox: 0.1413, loss_mask: 0.3512, edge_loss: 0.7426, loss: 2.7895
2026-06-30 00:52:55,157 - mmdet - INFO - Epoch [2][150/1324]	lr: 1.000e-02, eta: 4:23:20, time: 3.111, data_time: 0.043, memory: 10426, noise_inv_loss: 0.0008, clean_loss_rpn_cls: 0.0259, clean_loss_rpn_bbox: 0.0195, clean_loss_cls: 0.1240, clean_acc: 95.6948, clean_loss_bbox: 0.1427, clean_loss_mask: 0.3134, clean_edge_loss: 0.7283, loss_rpn_cls: 0.0412, loss_rpn_bbox: 0.0215, loss_cls: 0.1401, acc: 95.5522, loss_bbox: 0.1443, loss_mask: 0.3563, edge_loss: 0.7334, loss: 2.7915
2026-06-30 00:55:31,405 - mmdet - INFO - Epoch [2][200/1324]	lr: 1.000e-02, eta: 4:20:56, time: 3.125, data_time: 0.037, memory: 10426, noise_inv_loss: 0.0008, clean_loss_rpn_cls: 0.0278, clean_loss_rpn_bbox: 0.0178, clean_loss_cls: 0.1202, clean_acc: 95.8086, clean_loss_bbox: 0.1355, clean_loss_mask: 0.2949, clean_edge_loss: 0.7392, loss_rpn_cls: 0.0395, loss_rpn_bbox: 0.0194, loss_cls: 0.1324, acc: 95.7402, loss_bbox: 0.1359, loss_mask: 0.3333, edge_loss: 0.7432, loss: 2.7400
2026-06-30 00:58:08,355 - mmdet - INFO - Epoch [2][250/1324]	lr: 1.000e-02, eta: 4:18:33, time: 3.139, data_time: 0.041, memory: 10436, noise_inv_loss: 0.0008, clean_loss_rpn_cls: 0.0263, clean_loss_rpn_bbox: 0.0200, clean_loss_cls: 0.1251, clean_acc: 95.5815, clean_loss_bbox: 0.1397, clean_loss_mask: 0.2956, clean_edge_loss: 0.7393, loss_rpn_cls: 0.0402, loss_rpn_bbox: 0.0221, loss_cls: 0.1433, acc: 95.3789, loss_bbox: 0.1422, loss_mask: 0.3418, edge_loss: 0.7442, loss: 2.7806
2026-06-30 01:00:44,040 - mmdet - INFO - Epoch [2][300/1324]	lr: 1.000e-02, eta: 4:16:05, time: 3.114, data_time: 0.042, memory: 10436, noise_inv_loss: 0.0008, clean_loss_rpn_cls: 0.0291, clean_loss_rpn_bbox: 0.0191, clean_loss_cls: 0.1204, clean_acc: 95.7295, clean_loss_bbox: 0.1407, clean_loss_mask: 0.3021, clean_edge_loss: 0.7232, loss_rpn_cls: 0.0428, loss_rpn_bbox: 0.0205, loss_cls: 0.1303, acc: 95.6484, loss_bbox: 0.1378, loss_mask: 0.3332, edge_loss: 0.7272, loss: 2.7272
2026-06-30 01:03:24,073 - mmdet - INFO - Epoch [2][350/1324]	lr: 1.000e-02, eta: 4:13:50, time: 3.201, data_time: 0.043, memory: 10588, noise_inv_loss: 0.0008, clean_loss_rpn_cls: 0.0291, clean_loss_rpn_bbox: 0.0190, clean_loss_cls: 0.1393, clean_acc: 95.1460, clean_loss_bbox: 0.1532, clean_loss_mask: 0.3094, clean_edge_loss: 0.7384, loss_rpn_cls: 0.0453, loss_rpn_bbox: 0.0210, loss_cls: 0.1532, acc: 95.1069, loss_bbox: 0.1509, loss_mask: 0.3490, edge_loss: 0.7427, loss: 2.8512
2026-06-30 01:06:01,861 - mmdet - INFO - Epoch [2][400/1324]	lr: 1.000e-02, eta: 4:11:27, time: 3.156, data_time: 0.040, memory: 10588, noise_inv_loss: 0.0008, clean_loss_rpn_cls: 0.0255, clean_loss_rpn_bbox: 0.0176, clean_loss_cls: 0.1251, clean_acc: 95.5210, clean_loss_bbox: 0.1496, clean_loss_mask: 0.3118, clean_edge_loss: 0.7379, loss_rpn_cls: 0.0372, loss_rpn_bbox: 0.0186, loss_cls: 0.1365, acc: 95.4766, loss_bbox: 0.1466, loss_mask: 0.3469, edge_loss: 0.7435, loss: 2.7976
2026-06-30 01:08:40,100 - mmdet - INFO - Epoch [2][450/1324]	lr: 1.000e-02, eta: 4:09:04, time: 3.165, data_time: 0.041, memory: 10588, noise_inv_loss: 0.0008, clean_loss_rpn_cls: 0.0244, clean_loss_rpn_bbox: 0.0163, clean_loss_cls: 0.1221, clean_acc: 95.6895, clean_loss_bbox: 0.1385, clean_loss_mask: 0.2982, clean_edge_loss: 0.7297, loss_rpn_cls: 0.0389, loss_rpn_bbox: 0.0177, loss_cls: 0.1356, acc: 95.6040, loss_bbox: 0.1369, loss_mask: 0.3414, edge_loss: 0.7333, loss: 2.7339
2026-06-30 01:11:16,178 - mmdet - INFO - Epoch [2][500/1324]	lr: 1.000e-02, eta: 4:06:35, time: 3.122, data_time: 0.040, memory: 10588, noise_inv_loss: 0.0008, clean_loss_rpn_cls: 0.0249, clean_loss_rpn_bbox: 0.0173, clean_loss_cls: 0.1163, clean_acc: 95.8774, clean_loss_bbox: 0.1354, clean_loss_mask: 0.3069, clean_edge_loss: 0.7335, loss_rpn_cls: 0.0372, loss_rpn_bbox: 0.0188, loss_cls: 0.1269, acc: 95.7734, loss_bbox: 0.1353, loss_mask: 0.3468, edge_loss: 0.7371, loss: 2.7372
2026-06-30 01:13:53,103 - mmdet - INFO - Epoch [2][550/1324]	lr: 1.000e-02, eta: 4:04:08, time: 3.138, data_time: 0.041, memory: 10588, noise_inv_loss: 0.0008, clean_loss_rpn_cls: 0.0280, clean_loss_rpn_bbox: 0.0187, clean_loss_cls: 0.1286, clean_acc: 95.5596, clean_loss_bbox: 0.1430, clean_loss_mask: 0.3027, clean_edge_loss: 0.7281, loss_rpn_cls: 0.0441, loss_rpn_bbox: 0.0208, loss_cls: 0.1403, acc: 95.5508, loss_bbox: 0.1393, loss_mask: 0.3435, edge_loss: 0.7334, loss: 2.7714
2026-06-30 01:16:29,726 - mmdet - INFO - Epoch [2][600/1324]	lr: 1.000e-02, eta: 4:01:39, time: 3.132, data_time: 0.041, memory: 10588, noise_inv_loss: 0.0008, clean_loss_rpn_cls: 0.0311, clean_loss_rpn_bbox: 0.0206, clean_loss_cls: 0.1308, clean_acc: 95.4409, clean_loss_bbox: 0.1533, clean_loss_mask: 0.3071, clean_edge_loss: 0.7317, loss_rpn_cls: 0.0472, loss_rpn_bbox: 0.0220, loss_cls: 0.1443, acc: 95.4004, loss_bbox: 0.1484, loss_mask: 0.3492, edge_loss: 0.7359, loss: 2.8225
2026-06-30 01:19:10,600 - mmdet - INFO - Epoch [2][650/1324]	lr: 1.000e-02, eta: 3:59:20, time: 3.217, data_time: 0.042, memory: 10588, noise_inv_loss: 0.0008, clean_loss_rpn_cls: 0.0263, clean_loss_rpn_bbox: 0.0190, clean_loss_cls: 0.1191, clean_acc: 95.8394, clean_loss_bbox: 0.1398, clean_loss_mask: 0.3030, clean_edge_loss: 0.7372, loss_rpn_cls: 0.0390, loss_rpn_bbox: 0.0204, loss_cls: 0.1313, acc: 95.8008, loss_bbox: 0.1358, loss_mask: 0.3385, edge_loss: 0.7418, loss: 2.7520
2026-06-30 01:21:49,109 - mmdet - INFO - Epoch [2][700/1324]	lr: 1.000e-02, eta: 3:56:54, time: 3.170, data_time: 0.038, memory: 10588, noise_inv_loss: 0.0008, clean_loss_rpn_cls: 0.0278, clean_loss_rpn_bbox: 0.0187, clean_loss_cls: 0.1177, clean_acc: 95.8335, clean_loss_bbox: 0.1377, clean_loss_mask: 0.3117, clean_edge_loss: 0.7292, loss_rpn_cls: 0.0413, loss_rpn_bbox: 0.0203, loss_cls: 0.1327, acc: 95.7759, loss_bbox: 0.1351, loss_mask: 0.3486, edge_loss: 0.7337, loss: 2.7553
2026-06-30 01:24:30,639 - mmdet - INFO - Epoch [2][750/1324]	lr: 1.000e-02, eta: 3:54:35, time: 3.231, data_time: 0.043, memory: 10588, noise_inv_loss: 0.0008, clean_loss_rpn_cls: 0.0323, clean_loss_rpn_bbox: 0.0197, clean_loss_cls: 0.1299, clean_acc: 95.4985, clean_loss_bbox: 0.1465, clean_loss_mask: 0.3056, clean_edge_loss: 0.7336, loss_rpn_cls: 0.0456, loss_rpn_bbox: 0.0209, loss_cls: 0.1424, acc: 95.3789, loss_bbox: 0.1474, loss_mask: 0.3433, edge_loss: 0.7380, loss: 2.8062
2026-06-30 01:27:12,479 - mmdet - INFO - Epoch [2][800/1324]	lr: 1.000e-02, eta: 3:52:15, time: 3.237, data_time: 0.041, memory: 10588, noise_inv_loss: 0.0008, clean_loss_rpn_cls: 0.0286, clean_loss_rpn_bbox: 0.0199, clean_loss_cls: 0.1287, clean_acc: 95.4619, clean_loss_bbox: 0.1484, clean_loss_mask: 0.3089, clean_edge_loss: 0.7332, loss_rpn_cls: 0.0420, loss_rpn_bbox: 0.0215, loss_cls: 0.1412, acc: 95.3848, loss_bbox: 0.1473, loss_mask: 0.3499, edge_loss: 0.7373, loss: 2.8077
2026-06-30 01:29:55,373 - mmdet - INFO - Epoch [2][850/1324]	lr: 1.000e-02, eta: 3:49:56, time: 3.258, data_time: 0.042, memory: 10588, noise_inv_loss: 0.0008, clean_loss_rpn_cls: 0.0275, clean_loss_rpn_bbox: 0.0204, clean_loss_cls: 0.1288, clean_acc: 95.4854, clean_loss_bbox: 0.1512, clean_loss_mask: 0.3005, clean_edge_loss: 0.7481, loss_rpn_cls: 0.0418, loss_rpn_bbox: 0.0216, loss_cls: 0.1433, acc: 95.3809, loss_bbox: 0.1495, loss_mask: 0.3422, edge_loss: 0.7529, loss: 2.8286
2026-06-30 01:32:35,291 - mmdet - INFO - Epoch [2][900/1324]	lr: 1.000e-02, eta: 3:47:30, time: 3.198, data_time: 0.040, memory: 10588, noise_inv_loss: 0.0008, clean_loss_rpn_cls: 0.0262, clean_loss_rpn_bbox: 0.0174, clean_loss_cls: 0.1178, clean_acc: 95.8662, clean_loss_bbox: 0.1346, clean_loss_mask: 0.2966, clean_edge_loss: 0.7325, loss_rpn_cls: 0.0398, loss_rpn_bbox: 0.0190, loss_cls: 0.1299, acc: 95.8066, loss_bbox: 0.1325, loss_mask: 0.3420, edge_loss: 0.7369, loss: 2.7260
2026-06-30 01:35:14,137 - mmdet - INFO - Epoch [2][950/1324]	lr: 1.000e-02, eta: 3:45:02, time: 3.177, data_time: 0.042, memory: 10588, noise_inv_loss: 0.0008, clean_loss_rpn_cls: 0.0283, clean_loss_rpn_bbox: 0.0171, clean_loss_cls: 0.1199, clean_acc: 95.9478, clean_loss_bbox: 0.1328, clean_loss_mask: 0.3040, clean_edge_loss: 0.7299, loss_rpn_cls: 0.0429, loss_rpn_bbox: 0.0189, loss_cls: 0.1376, acc: 95.8286, loss_bbox: 0.1320, loss_mask: 0.3445, edge_loss: 0.7348, loss: 2.7435
2026-06-30 01:37:56,692 - mmdet - INFO - Epoch [2][1000/1324]	lr: 1.000e-02, eta: 3:42:40, time: 3.251, data_time: 0.043, memory: 10588, noise_inv_loss: 0.0008, clean_loss_rpn_cls: 0.0323, clean_loss_rpn_bbox: 0.0184, clean_loss_cls: 0.1305, clean_acc: 95.4048, clean_loss_bbox: 0.1491, clean_loss_mask: 0.3162, clean_edge_loss: 0.7434, loss_rpn_cls: 0.0437, loss_rpn_bbox: 0.0202, loss_cls: 0.1505, acc: 95.2031, loss_bbox: 0.1506, loss_mask: 0.3623, edge_loss: 0.7478, loss: 2.8658
2026-06-30 01:40:37,825 - mmdet - INFO - Epoch [2][1050/1324]	lr: 1.000e-02, eta: 3:40:14, time: 3.223, data_time: 0.042, memory: 10588, noise_inv_loss: 0.0008, clean_loss_rpn_cls: 0.0281, clean_loss_rpn_bbox: 0.0182, clean_loss_cls: 0.1247, clean_acc: 95.7231, clean_loss_bbox: 0.1460, clean_loss_mask: 0.3133, clean_edge_loss: 0.7388, loss_rpn_cls: 0.0443, loss_rpn_bbox: 0.0200, loss_cls: 0.1395, acc: 95.6558, loss_bbox: 0.1468, loss_mask: 0.3564, edge_loss: 0.7435, loss: 2.8204
2026-06-30 01:43:16,147 - mmdet - INFO - Epoch [2][1100/1324]	lr: 1.000e-02, eta: 3:37:43, time: 3.167, data_time: 0.042, memory: 10588, noise_inv_loss: 0.0008, clean_loss_rpn_cls: 0.0275, clean_loss_rpn_bbox: 0.0159, clean_loss_cls: 0.1206, clean_acc: 95.7715, clean_loss_bbox: 0.1333, clean_loss_mask: 0.3100, clean_edge_loss: 0.7216, loss_rpn_cls: 0.0400, loss_rpn_bbox: 0.0172, loss_cls: 0.1353, acc: 95.6758, loss_bbox: 0.1312, loss_mask: 0.3491, edge_loss: 0.7253, loss: 2.7279
2026-06-30 01:45:57,870 - mmdet - INFO - Epoch [2][1150/1324]	lr: 1.000e-02, eta: 3:35:18, time: 3.234, data_time: 0.044, memory: 10588, noise_inv_loss: 0.0008, clean_loss_rpn_cls: 0.0296, clean_loss_rpn_bbox: 0.0171, clean_loss_cls: 0.1339, clean_acc: 95.4424, clean_loss_bbox: 0.1484, clean_loss_mask: 0.3153, clean_edge_loss: 0.7375, loss_rpn_cls: 0.0431, loss_rpn_bbox: 0.0186, loss_cls: 0.1443, acc: 95.4395, loss_bbox: 0.1467, loss_mask: 0.3560, edge_loss: 0.7417, loss: 2.8331
2026-06-30 01:48:39,335 - mmdet - INFO - Epoch [2][1200/1324]	lr: 1.000e-02, eta: 3:32:51, time: 3.229, data_time: 0.042, memory: 10588, noise_inv_loss: 0.0008, clean_loss_rpn_cls: 0.0311, clean_loss_rpn_bbox: 0.0195, clean_loss_cls: 0.1254, clean_acc: 95.7251, clean_loss_bbox: 0.1440, clean_loss_mask: 0.3067, clean_edge_loss: 0.7343, loss_rpn_cls: 0.0427, loss_rpn_bbox: 0.0210, loss_cls: 0.1392, acc: 95.5820, loss_bbox: 0.1470, loss_mask: 0.3461, edge_loss: 0.7389, loss: 2.7967
2026-06-30 01:51:21,796 - mmdet - INFO - Epoch [2][1250/1324]	lr: 1.000e-02, eta: 3:30:26, time: 3.249, data_time: 0.048, memory: 10588, noise_inv_loss: 0.0008, clean_loss_rpn_cls: 0.0319, clean_loss_rpn_bbox: 0.0216, clean_loss_cls: 0.1387, clean_acc: 95.2681, clean_loss_bbox: 0.1568, clean_loss_mask: 0.3114, clean_edge_loss: 0.7253, loss_rpn_cls: 0.0463, loss_rpn_bbox: 0.0235, loss_cls: 0.1487, acc: 95.2891, loss_bbox: 0.1533, loss_mask: 0.3473, edge_loss: 0.7311, loss: 2.8368
2026-06-30 01:54:01,193 - mmdet - INFO - Epoch [2][1300/1324]	lr: 1.000e-02, eta: 3:27:55, time: 3.188, data_time: 0.041, memory: 10588, noise_inv_loss: 0.0008, clean_loss_rpn_cls: 0.0259, clean_loss_rpn_bbox: 0.0169, clean_loss_cls: 0.1221, clean_acc: 95.6665, clean_loss_bbox: 0.1330, clean_loss_mask: 0.3054, clean_edge_loss: 0.7292, loss_rpn_cls: 0.0372, loss_rpn_bbox: 0.0183, loss_cls: 0.1336, acc: 95.6528, loss_bbox: 0.1335, loss_mask: 0.3488, edge_loss: 0.7331, loss: 2.7378
[                                                  ] 0/669, elapsed: 0s, ETA:
[                                 ] 1/669, 1.4 task/s, elapsed: 1s, ETA:   464s
[                                 ] 2/669, 2.5 task/s, elapsed: 1s, ETA:   269s
[                                 ] 3/669, 3.3 task/s, elapsed: 1s, ETA:   201s
[                                 ] 4/669, 3.9 task/s, elapsed: 1s, ETA:   172s
[                                 ] 5/669, 4.4 task/s, elapsed: 1s, ETA:   149s
[                                 ] 6/669, 4.9 task/s, elapsed: 1s, ETA:   135s
[                                 ] 7/669, 5.3 task/s, elapsed: 1s, ETA:   126s
[                                 ] 8/669, 5.2 task/s, elapsed: 2s, ETA:   127s
[                                 ] 9/669, 5.5 task/s, elapsed: 2s, ETA:   120s
[                                ] 10/669, 5.6 task/s, elapsed: 2s, ETA:   118s
[                                ] 11/669, 5.7 task/s, elapsed: 2s, ETA:   115s
[                                ] 12/669, 5.8 task/s, elapsed: 2s, ETA:   113s
[                                ] 13/669, 6.0 task/s, elapsed: 2s, ETA:   110s
[                                ] 14/669, 6.1 task/s, elapsed: 2s, ETA:   107s
[                                ] 15/669, 6.3 task/s, elapsed: 2s, ETA:   103s
[                                ] 16/669, 6.5 task/s, elapsed: 2s, ETA:   101s
[                                ] 17/669, 6.6 task/s, elapsed: 3s, ETA:    98s
[                                ] 18/669, 6.7 task/s, elapsed: 3s, ETA:    98s
[                                ] 19/669, 6.7 task/s, elapsed: 3s, ETA:    97s
[                                ] 20/669, 6.8 task/s, elapsed: 3s, ETA:    95s
[>                               ] 21/669, 6.9 task/s, elapsed: 3s, ETA:    94s
[>                               ] 22/669, 6.8 task/s, elapsed: 3s, ETA:    95s
[>                               ] 23/669, 6.9 task/s, elapsed: 3s, ETA:    94s
[>                               ] 24/669, 6.8 task/s, elapsed: 4s, ETA:    94s
[>                               ] 25/669, 6.9 task/s, elapsed: 4s, ETA:    94s
[>                               ] 26/669, 6.9 task/s, elapsed: 4s, ETA:    93s
[>                               ] 27/669, 6.9 task/s, elapsed: 4s, ETA:    93s
[>                               ] 28/669, 6.8 task/s, elapsed: 4s, ETA:    94s
[>                               ] 29/669, 6.7 task/s, elapsed: 4s, ETA:    96s
[>                               ] 30/669, 6.7 task/s, elapsed: 4s, ETA:    95s
[>                               ] 31/669, 6.7 task/s, elapsed: 5s, ETA:    95s
[>                               ] 32/669, 6.8 task/s, elapsed: 5s, ETA:    94s
[>                               ] 33/669, 6.8 task/s, elapsed: 5s, ETA:    93s
[>                               ] 34/669, 6.9 task/s, elapsed: 5s, ETA:    92s
[>                               ] 35/669, 6.9 task/s, elapsed: 5s, ETA:    92s
[>                               ] 36/669, 6.9 task/s, elapsed: 5s, ETA:    91s
[>                               ] 37/669, 6.9 task/s, elapsed: 5s, ETA:    91s
[>                               ] 38/669, 7.0 task/s, elapsed: 5s, ETA:    90s
[>                               ] 39/669, 7.1 task/s, elapsed: 6s, ETA:    89s
[>                               ] 40/669, 7.1 task/s, elapsed: 6s, ETA:    89s
[>                               ] 41/669, 7.1 task/s, elapsed: 6s, ETA:    88s
[>>                              ] 42/669, 7.2 task/s, elapsed: 6s, ETA:    88s
[>>                              ] 43/669, 7.1 task/s, elapsed: 6s, ETA:    88s
[>>                              ] 44/669, 7.1 task/s, elapsed: 6s, ETA:    88s
[>>                              ] 45/669, 7.1 task/s, elapsed: 6s, ETA:    88s
[>>                              ] 46/669, 7.1 task/s, elapsed: 6s, ETA:    88s
[>>                              ] 47/669, 7.0 task/s, elapsed: 7s, ETA:    89s
[>>                              ] 48/669, 7.0 task/s, elapsed: 7s, ETA:    88s
[>>                              ] 49/669, 7.0 task/s, elapsed: 7s, ETA:    88s
[>>                              ] 50/669, 7.0 task/s, elapsed: 7s, ETA:    88s
[>>                              ] 51/669, 7.0 task/s, elapsed: 7s, ETA:    88s
[>>                              ] 52/669, 7.0 task/s, elapsed: 7s, ETA:    88s
[>>                              ] 53/669, 7.0 task/s, elapsed: 8s, ETA:    88s
[>>                              ] 54/669, 7.1 task/s, elapsed: 8s, ETA:    87s
[>>                              ] 55/669, 7.1 task/s, elapsed: 8s, ETA:    87s
[>>                              ] 56/669, 7.1 task/s, elapsed: 8s, ETA:    87s
[>>                              ] 57/669, 7.1 task/s, elapsed: 8s, ETA:    86s
[>>                              ] 58/669, 7.1 task/s, elapsed: 8s, ETA:    86s
[>>                              ] 59/669, 7.1 task/s, elapsed: 8s, ETA:    86s
[>>                              ] 60/669, 7.2 task/s, elapsed: 8s, ETA:    85s
[>>                              ] 61/669, 7.2 task/s, elapsed: 8s, ETA:    85s
[>>                              ] 62/669, 7.2 task/s, elapsed: 9s, ETA:    84s
[>>>                             ] 63/669, 7.2 task/s, elapsed: 9s, ETA:    84s
[>>>                             ] 64/669, 7.3 task/s, elapsed: 9s, ETA:    83s
[>>>                             ] 65/669, 7.3 task/s, elapsed: 9s, ETA:    83s
[>>>                             ] 66/669, 7.3 task/s, elapsed: 9s, ETA:    82s
[>>>                             ] 67/669, 7.3 task/s, elapsed: 9s, ETA:    82s
[>>>                             ] 68/669, 7.3 task/s, elapsed: 9s, ETA:    82s
[>>>                             ] 69/669, 7.3 task/s, elapsed: 9s, ETA:    82s
[>>>                            ] 70/669, 7.3 task/s, elapsed: 10s, ETA:    82s
[>>>                            ] 71/669, 7.3 task/s, elapsed: 10s, ETA:    82s
[>>>                            ] 72/669, 7.4 task/s, elapsed: 10s, ETA:    81s
[>>>                            ] 73/669, 7.3 task/s, elapsed: 10s, ETA:    81s
[>>>                            ] 74/669, 7.3 task/s, elapsed: 10s, ETA:    81s
[>>>                            ] 75/669, 7.4 task/s, elapsed: 10s, ETA:    81s
[>>>                            ] 76/669, 7.4 task/s, elapsed: 10s, ETA:    81s
[>>>                            ] 77/669, 7.4 task/s, elapsed: 10s, ETA:    80s
[>>>                            ] 78/669, 7.4 task/s, elapsed: 11s, ETA:    80s
[>>>                            ] 79/669, 7.4 task/s, elapsed: 11s, ETA:    80s
[>>>                            ] 80/669, 7.4 task/s, elapsed: 11s, ETA:    80s
[>>>                            ] 81/669, 7.4 task/s, elapsed: 11s, ETA:    80s
[>>>                            ] 82/669, 7.4 task/s, elapsed: 11s, ETA:    79s
[>>>                            ] 83/669, 7.5 task/s, elapsed: 11s, ETA:    79s
[>>>                            ] 84/669, 7.5 task/s, elapsed: 11s, ETA:    78s
[>>>                            ] 85/669, 7.5 task/s, elapsed: 11s, ETA:    78s
[>>>                            ] 86/669, 7.5 task/s, elapsed: 11s, ETA:    78s
[>>>>                           ] 87/669, 7.5 task/s, elapsed: 12s, ETA:    78s
[>>>>                           ] 88/669, 7.5 task/s, elapsed: 12s, ETA:    78s
[>>>>                           ] 89/669, 7.5 task/s, elapsed: 12s, ETA:    77s
[>>>>                           ] 90/669, 7.5 task/s, elapsed: 12s, ETA:    77s
[>>>>                           ] 91/669, 7.6 task/s, elapsed: 12s, ETA:    76s
[>>>>                           ] 92/669, 7.6 task/s, elapsed: 12s, ETA:    76s
[>>>>                           ] 93/669, 7.6 task/s, elapsed: 12s, ETA:    76s
[>>>>                           ] 94/669, 7.6 task/s, elapsed: 12s, ETA:    76s
[>>>>                           ] 95/669, 7.6 task/s, elapsed: 13s, ETA:    76s
[>>>>                           ] 96/669, 7.6 task/s, elapsed: 13s, ETA:    75s
[>>>>                           ] 97/669, 7.6 task/s, elapsed: 13s, ETA:    75s
[>>>>                           ] 98/669, 7.6 task/s, elapsed: 13s, ETA:    75s
[>>>>                           ] 99/669, 7.6 task/s, elapsed: 13s, ETA:    75s
[>>>>                          ] 100/669, 7.7 task/s, elapsed: 13s, ETA:    74s
[>>>>                          ] 101/669, 7.7 task/s, elapsed: 13s, ETA:    74s
[>>>>                          ] 102/669, 7.7 task/s, elapsed: 13s, ETA:    74s
[>>>>                          ] 103/669, 7.7 task/s, elapsed: 13s, ETA:    74s
[>>>>                          ] 104/669, 7.7 task/s, elapsed: 13s, ETA:    73s
[>>>>                          ] 105/669, 7.7 task/s, elapsed: 14s, ETA:    73s
[>>>>                          ] 106/669, 7.7 task/s, elapsed: 14s, ETA:    73s
[>>>>                          ] 107/669, 7.7 task/s, elapsed: 14s, ETA:    73s
[>>>>                          ] 108/669, 7.7 task/s, elapsed: 14s, ETA:    73s
[>>>>                          ] 109/669, 7.7 task/s, elapsed: 14s, ETA:    72s
[>>>>                          ] 110/669, 7.7 task/s, elapsed: 14s, ETA:    72s
[>>>>                          ] 111/669, 7.7 task/s, elapsed: 14s, ETA:    72s
[>>>>>                         ] 112/669, 7.7 task/s, elapsed: 14s, ETA:    72s
[>>>>>                         ] 113/669, 7.7 task/s, elapsed: 15s, ETA:    72s
[>>>>>                         ] 114/669, 7.7 task/s, elapsed: 15s, ETA:    72s
[>>>>>                         ] 115/669, 7.7 task/s, elapsed: 15s, ETA:    72s
[>>>>>                         ] 116/669, 7.8 task/s, elapsed: 15s, ETA:    71s
[>>>>>                         ] 117/669, 7.8 task/s, elapsed: 15s, ETA:    71s
[>>>>>                         ] 118/669, 7.7 task/s, elapsed: 15s, ETA:    71s
[>>>>>                         ] 119/669, 7.7 task/s, elapsed: 15s, ETA:    71s
[>>>>>                         ] 120/669, 7.7 task/s, elapsed: 16s, ETA:    71s
[>>>>>                         ] 121/669, 7.7 task/s, elapsed: 16s, ETA:    72s
[>>>>>                         ] 122/669, 7.7 task/s, elapsed: 16s, ETA:    71s
[>>>>>                         ] 123/669, 7.6 task/s, elapsed: 16s, ETA:    72s
[>>>>>                         ] 124/669, 7.6 task/s, elapsed: 16s, ETA:    71s
[>>>>>                         ] 125/669, 7.7 task/s, elapsed: 16s, ETA:    71s
[>>>>>                         ] 126/669, 7.7 task/s, elapsed: 16s, ETA:    71s
[>>>>>                         ] 127/669, 7.7 task/s, elapsed: 17s, ETA:    71s
[>>>>>                         ] 128/669, 7.7 task/s, elapsed: 17s, ETA:    70s
[>>>>>                         ] 129/669, 7.7 task/s, elapsed: 17s, ETA:    70s
[>>>>>                         ] 130/669, 7.7 task/s, elapsed: 17s, ETA:    70s
[>>>>>                         ] 131/669, 7.7 task/s, elapsed: 17s, ETA:    70s
[>>>>>                         ] 132/669, 7.7 task/s, elapsed: 17s, ETA:    69s
[>>>>>                         ] 133/669, 7.8 task/s, elapsed: 17s, ETA:    69s
[>>>>>>                        ] 134/669, 7.8 task/s, elapsed: 17s, ETA:    69s
[>>>>>>                        ] 135/669, 7.8 task/s, elapsed: 17s, ETA:    69s
[>>>>>>                        ] 136/669, 7.8 task/s, elapsed: 18s, ETA:    69s
[>>>>>>                        ] 137/669, 7.7 task/s, elapsed: 18s, ETA:    69s
[>>>>>>                        ] 138/669, 7.7 task/s, elapsed: 18s, ETA:    69s
[>>>>>>                        ] 139/669, 7.7 task/s, elapsed: 18s, ETA:    69s
[>>>>>>                        ] 140/669, 7.6 task/s, elapsed: 18s, ETA:    69s
[>>>>>>                        ] 141/669, 7.6 task/s, elapsed: 18s, ETA:    69s
[>>>>>>                        ] 142/669, 7.6 task/s, elapsed: 19s, ETA:    69s
[>>>>>>                        ] 143/669, 7.6 task/s, elapsed: 19s, ETA:    69s
[>>>>>>                        ] 144/669, 7.6 task/s, elapsed: 19s, ETA:    69s
[>>>>>>                        ] 145/669, 7.6 task/s, elapsed: 19s, ETA:    69s
[>>>>>>                        ] 146/669, 7.5 task/s, elapsed: 19s, ETA:    70s
[>>>>>>                        ] 147/669, 7.5 task/s, elapsed: 20s, ETA:    70s
[>>>>>>                        ] 148/669, 7.5 task/s, elapsed: 20s, ETA:    70s
[>>>>>>                        ] 149/669, 7.4 task/s, elapsed: 20s, ETA:    70s
[>>>>>>                        ] 150/669, 7.4 task/s, elapsed: 20s, ETA:    70s
[>>>>>>                        ] 151/669, 7.3 task/s, elapsed: 21s, ETA:    70s
[>>>>>>                        ] 152/669, 7.3 task/s, elapsed: 21s, ETA:    70s
[>>>>>>                        ] 153/669, 7.3 task/s, elapsed: 21s, ETA:    70s
[>>>>>>                        ] 154/669, 7.3 task/s, elapsed: 21s, ETA:    70s
[>>>>>>                        ] 155/669, 7.3 task/s, elapsed: 21s, ETA:    70s
[>>>>>>                        ] 156/669, 7.3 task/s, elapsed: 21s, ETA:    70s
[>>>>>>>                       ] 157/669, 7.3 task/s, elapsed: 21s, ETA:    70s
[>>>>>>>                       ] 158/669, 7.3 task/s, elapsed: 22s, ETA:    70s
[>>>>>>>                       ] 159/669, 7.3 task/s, elapsed: 22s, ETA:    70s
[>>>>>>>                       ] 160/669, 7.3 task/s, elapsed: 22s, ETA:    69s
[>>>>>>>                       ] 161/669, 7.3 task/s, elapsed: 22s, ETA:    69s
[>>>>>>>                       ] 162/669, 7.4 task/s, elapsed: 22s, ETA:    69s
[>>>>>>>                       ] 163/669, 7.4 task/s, elapsed: 22s, ETA:    69s
[>>>>>>>                       ] 164/669, 7.4 task/s, elapsed: 22s, ETA:    68s
[>>>>>>>                       ] 165/669, 7.4 task/s, elapsed: 22s, ETA:    68s
[>>>>>>>                       ] 166/669, 7.4 task/s, elapsed: 22s, ETA:    68s
[>>>>>>>                       ] 167/669, 7.4 task/s, elapsed: 23s, ETA:    68s
[>>>>>>>                       ] 168/669, 7.4 task/s, elapsed: 23s, ETA:    67s
[>>>>>>>                       ] 169/669, 7.4 task/s, elapsed: 23s, ETA:    67s
[>>>>>>>                       ] 170/669, 7.4 task/s, elapsed: 23s, ETA:    67s
[>>>>>>>                       ] 171/669, 7.5 task/s, elapsed: 23s, ETA:    67s
[>>>>>>>                       ] 172/669, 7.5 task/s, elapsed: 23s, ETA:    67s
[>>>>>>>                       ] 173/669, 7.5 task/s, elapsed: 23s, ETA:    66s
[>>>>>>>                       ] 174/669, 7.5 task/s, elapsed: 23s, ETA:    66s
[>>>>>>>                       ] 175/669, 7.5 task/s, elapsed: 23s, ETA:    66s
[>>>>>>>                       ] 176/669, 7.5 task/s, elapsed: 23s, ETA:    66s
[>>>>>>>                       ] 177/669, 7.5 task/s, elapsed: 24s, ETA:    66s
[>>>>>>>                       ] 178/669, 7.5 task/s, elapsed: 24s, ETA:    65s
[>>>>>>>>                      ] 179/669, 7.5 task/s, elapsed: 24s, ETA:    65s
[>>>>>>>>                      ] 180/669, 7.5 task/s, elapsed: 24s, ETA:    65s
[>>>>>>>>                      ] 181/669, 7.5 task/s, elapsed: 24s, ETA:    65s
[>>>>>>>>                      ] 182/669, 7.5 task/s, elapsed: 24s, ETA:    65s
[>>>>>>>>                      ] 183/669, 7.5 task/s, elapsed: 24s, ETA:    64s
[>>>>>>>>                      ] 184/669, 7.6 task/s, elapsed: 24s, ETA:    64s
[>>>>>>>>                      ] 185/669, 7.6 task/s, elapsed: 24s, ETA:    64s
[>>>>>>>>                      ] 186/669, 7.6 task/s, elapsed: 25s, ETA:    64s
[>>>>>>>>                      ] 187/669, 7.5 task/s, elapsed: 25s, ETA:    64s
[>>>>>>>>                      ] 188/669, 7.5 task/s, elapsed: 25s, ETA:    64s
[>>>>>>>>                      ] 189/669, 7.5 task/s, elapsed: 25s, ETA:    64s
[>>>>>>>>                      ] 190/669, 7.5 task/s, elapsed: 25s, ETA:    64s
[>>>>>>>>                      ] 191/669, 7.5 task/s, elapsed: 26s, ETA:    64s
[>>>>>>>>                      ] 192/669, 7.5 task/s, elapsed: 26s, ETA:    64s
[>>>>>>>>                      ] 193/669, 7.4 task/s, elapsed: 26s, ETA:    64s
[>>>>>>>>                      ] 194/669, 7.4 task/s, elapsed: 26s, ETA:    64s
[>>>>>>>>                      ] 195/669, 7.4 task/s, elapsed: 26s, ETA:    64s
[>>>>>>>>                      ] 196/669, 7.4 task/s, elapsed: 26s, ETA:    64s
[>>>>>>>>                      ] 197/669, 7.4 task/s, elapsed: 27s, ETA:    64s
[>>>>>>>>                      ] 198/669, 7.4 task/s, elapsed: 27s, ETA:    64s
[>>>>>>>>                      ] 199/669, 7.4 task/s, elapsed: 27s, ETA:    64s
[>>>>>>>>                      ] 200/669, 7.4 task/s, elapsed: 27s, ETA:    64s
[>>>>>>>>>                     ] 201/669, 7.3 task/s, elapsed: 27s, ETA:    64s
[>>>>>>>>>                     ] 202/669, 7.3 task/s, elapsed: 28s, ETA:    64s
[>>>>>>>>>                     ] 203/669, 7.3 task/s, elapsed: 28s, ETA:    64s
[>>>>>>>>>                     ] 204/669, 7.3 task/s, elapsed: 28s, ETA:    64s
[>>>>>>>>>                     ] 205/669, 7.3 task/s, elapsed: 28s, ETA:    63s
[>>>>>>>>>                     ] 206/669, 7.3 task/s, elapsed: 28s, ETA:    63s
[>>>>>>>>>                     ] 207/669, 7.3 task/s, elapsed: 28s, ETA:    63s
[>>>>>>>>>                     ] 208/669, 7.3 task/s, elapsed: 28s, ETA:    63s
[>>>>>>>>>                     ] 209/669, 7.3 task/s, elapsed: 28s, ETA:    63s
[>>>>>>>>>                     ] 210/669, 7.3 task/s, elapsed: 29s, ETA:    63s
[>>>>>>>>>                     ] 211/669, 7.4 task/s, elapsed: 29s, ETA:    62s
[>>>>>>>>>                     ] 212/669, 7.4 task/s, elapsed: 29s, ETA:    62s
[>>>>>>>>>                     ] 213/669, 7.4 task/s, elapsed: 29s, ETA:    62s
[>>>>>>>>>                     ] 214/669, 7.4 task/s, elapsed: 29s, ETA:    62s
[>>>>>>>>>                     ] 215/669, 7.4 task/s, elapsed: 29s, ETA:    62s
[>>>>>>>>>                     ] 216/669, 7.4 task/s, elapsed: 29s, ETA:    61s
[>>>>>>>>>                     ] 217/669, 7.4 task/s, elapsed: 29s, ETA:    61s
[>>>>>>>>>                     ] 218/669, 7.4 task/s, elapsed: 30s, ETA:    61s
[>>>>>>>>>                     ] 219/669, 7.4 task/s, elapsed: 30s, ETA:    61s
[>>>>>>>>>                     ] 220/669, 7.4 task/s, elapsed: 30s, ETA:    61s
[>>>>>>>>>                     ] 221/669, 7.4 task/s, elapsed: 30s, ETA:    61s
[>>>>>>>>>                     ] 222/669, 7.4 task/s, elapsed: 30s, ETA:    61s
[>>>>>>>>>>                    ] 223/669, 7.4 task/s, elapsed: 30s, ETA:    60s
[>>>>>>>>>>                    ] 224/669, 7.4 task/s, elapsed: 30s, ETA:    60s
[>>>>>>>>>>                    ] 225/669, 7.4 task/s, elapsed: 30s, ETA:    60s
[>>>>>>>>>>                    ] 226/669, 7.4 task/s, elapsed: 31s, ETA:    60s
[>>>>>>>>>>                    ] 227/669, 7.4 task/s, elapsed: 31s, ETA:    60s
[>>>>>>>>>>                    ] 228/669, 7.4 task/s, elapsed: 31s, ETA:    60s
[>>>>>>>>>>                    ] 229/669, 7.4 task/s, elapsed: 31s, ETA:    60s
[>>>>>>>>>>                    ] 230/669, 7.4 task/s, elapsed: 31s, ETA:    59s
[>>>>>>>>>>                    ] 231/669, 7.4 task/s, elapsed: 31s, ETA:    59s
[>>>>>>>>>>                    ] 232/669, 7.4 task/s, elapsed: 31s, ETA:    59s
[>>>>>>>>>>                    ] 233/669, 7.4 task/s, elapsed: 31s, ETA:    59s
[>>>>>>>>>>                    ] 234/669, 7.4 task/s, elapsed: 31s, ETA:    59s
[>>>>>>>>>>                    ] 235/669, 7.4 task/s, elapsed: 32s, ETA:    59s
[>>>>>>>>>>                    ] 236/669, 7.4 task/s, elapsed: 32s, ETA:    58s
[>>>>>>>>>>                    ] 237/669, 7.4 task/s, elapsed: 32s, ETA:    58s
[>>>>>>>>>>                    ] 238/669, 7.4 task/s, elapsed: 32s, ETA:    58s
[>>>>>>>>>>                    ] 239/669, 7.4 task/s, elapsed: 32s, ETA:    58s
[>>>>>>>>>>                    ] 240/669, 7.4 task/s, elapsed: 32s, ETA:    58s
[>>>>>>>>>>                    ] 241/669, 7.4 task/s, elapsed: 33s, ETA:    58s
[>>>>>>>>>>                    ] 242/669, 7.4 task/s, elapsed: 33s, ETA:    58s
[>>>>>>>>>>                    ] 243/669, 7.4 task/s, elapsed: 33s, ETA:    58s
[>>>>>>>>>>                    ] 244/669, 7.4 task/s, elapsed: 33s, ETA:    58s
[>>>>>>>>>>                    ] 245/669, 7.3 task/s, elapsed: 33s, ETA:    58s
[>>>>>>>>>>>                   ] 246/669, 7.3 task/s, elapsed: 34s, ETA:    58s
[>>>>>>>>>>>                   ] 247/669, 7.3 task/s, elapsed: 34s, ETA:    58s
[>>>>>>>>>>>                   ] 248/669, 7.3 task/s, elapsed: 34s, ETA:    58s
[>>>>>>>>>>>                   ] 249/669, 7.2 task/s, elapsed: 35s, ETA:    58s
[>>>>>>>>>>>                   ] 250/669, 7.2 task/s, elapsed: 35s, ETA:    58s
[>>>>>>>>>>>                   ] 251/669, 7.2 task/s, elapsed: 35s, ETA:    58s
[>>>>>>>>>>>                   ] 252/669, 7.2 task/s, elapsed: 35s, ETA:    58s
[>>>>>>>>>>>                   ] 253/669, 7.2 task/s, elapsed: 35s, ETA:    58s
[>>>>>>>>>>>                   ] 254/669, 7.2 task/s, elapsed: 35s, ETA:    58s
[>>>>>>>>>>>                   ] 255/669, 7.2 task/s, elapsed: 36s, ETA:    58s
[>>>>>>>>>>>                   ] 256/669, 7.2 task/s, elapsed: 36s, ETA:    58s
[>>>>>>>>>>>                   ] 257/669, 7.2 task/s, elapsed: 36s, ETA:    57s
[>>>>>>>>>>>                   ] 258/669, 7.2 task/s, elapsed: 36s, ETA:    57s
[>>>>>>>>>>>                   ] 259/669, 7.1 task/s, elapsed: 36s, ETA:    57s
[>>>>>>>>>>>                   ] 260/669, 7.1 task/s, elapsed: 36s, ETA:    57s
[>>>>>>>>>>>                   ] 261/669, 7.1 task/s, elapsed: 37s, ETA:    57s
[>>>>>>>>>>>                   ] 262/669, 7.1 task/s, elapsed: 37s, ETA:    57s
[>>>>>>>>>>>                   ] 263/669, 7.1 task/s, elapsed: 37s, ETA:    57s
[>>>>>>>>>>>                   ] 264/669, 7.1 task/s, elapsed: 37s, ETA:    57s
[>>>>>>>>>>>                   ] 265/669, 7.1 task/s, elapsed: 37s, ETA:    57s
[>>>>>>>>>>>                   ] 266/669, 7.1 task/s, elapsed: 38s, ETA:    57s
[>>>>>>>>>>>                   ] 267/669, 7.1 task/s, elapsed: 38s, ETA:    57s
[>>>>>>>>>>>>                  ] 268/669, 7.1 task/s, elapsed: 38s, ETA:    57s
[>>>>>>>>>>>>                  ] 269/669, 7.1 task/s, elapsed: 38s, ETA:    57s
[>>>>>>>>>>>>                  ] 270/669, 7.1 task/s, elapsed: 38s, ETA:    57s
[>>>>>>>>>>>>                  ] 271/669, 7.1 task/s, elapsed: 38s, ETA:    56s
[>>>>>>>>>>>>                  ] 272/669, 7.1 task/s, elapsed: 39s, ETA:    56s
[>>>>>>>>>>>>                  ] 273/669, 7.1 task/s, elapsed: 39s, ETA:    56s
[>>>>>>>>>>>>                  ] 274/669, 7.1 task/s, elapsed: 39s, ETA:    56s
[>>>>>>>>>>>>                  ] 275/669, 7.0 task/s, elapsed: 39s, ETA:    56s
[>>>>>>>>>>>>                  ] 276/669, 7.0 task/s, elapsed: 39s, ETA:    56s
[>>>>>>>>>>>>                  ] 277/669, 7.0 task/s, elapsed: 39s, ETA:    56s
[>>>>>>>>>>>>                  ] 278/669, 7.0 task/s, elapsed: 39s, ETA:    56s
[>>>>>>>>>>>>                  ] 279/669, 7.0 task/s, elapsed: 40s, ETA:    55s
[>>>>>>>>>>>>                  ] 280/669, 7.0 task/s, elapsed: 40s, ETA:    55s
[>>>>>>>>>>>>                  ] 281/669, 7.0 task/s, elapsed: 40s, ETA:    56s
[>>>>>>>>>>>>                  ] 282/669, 7.0 task/s, elapsed: 40s, ETA:    55s
[>>>>>>>>>>>>                  ] 283/669, 7.0 task/s, elapsed: 41s, ETA:    55s
[>>>>>>>>>>>>                  ] 284/669, 7.0 task/s, elapsed: 41s, ETA:    55s
[>>>>>>>>>>>>                  ] 285/669, 7.0 task/s, elapsed: 41s, ETA:    55s
[>>>>>>>>>>>>                  ] 286/669, 7.0 task/s, elapsed: 41s, ETA:    55s
[>>>>>>>>>>>>                  ] 287/669, 7.0 task/s, elapsed: 41s, ETA:    55s
[>>>>>>>>>>>>                  ] 288/669, 7.0 task/s, elapsed: 41s, ETA:    55s
[>>>>>>>>>>>>                  ] 289/669, 7.0 task/s, elapsed: 41s, ETA:    54s
[>>>>>>>>>>>>>                 ] 290/669, 7.0 task/s, elapsed: 41s, ETA:    54s
[>>>>>>>>>>>>>                 ] 291/669, 7.0 task/s, elapsed: 42s, ETA:    54s
[>>>>>>>>>>>>>                 ] 292/669, 7.0 task/s, elapsed: 42s, ETA:    54s
[>>>>>>>>>>>>>                 ] 293/669, 7.0 task/s, elapsed: 42s, ETA:    54s
[>>>>>>>>>>>>>                 ] 294/669, 7.0 task/s, elapsed: 42s, ETA:    54s
[>>>>>>>>>>>>>                 ] 295/669, 7.0 task/s, elapsed: 42s, ETA:    53s
[>>>>>>>>>>>>>                 ] 296/669, 7.0 task/s, elapsed: 42s, ETA:    53s
[>>>>>>>>>>>>>                 ] 297/669, 7.0 task/s, elapsed: 42s, ETA:    53s
[>>>>>>>>>>>>>                 ] 298/669, 7.0 task/s, elapsed: 42s, ETA:    53s
[>>>>>>>>>>>>>                 ] 299/669, 7.0 task/s, elapsed: 43s, ETA:    53s
[>>>>>>>>>>>>>                 ] 300/669, 7.0 task/s, elapsed: 43s, ETA:    52s
[>>>>>>>>>>>>>                 ] 301/669, 7.0 task/s, elapsed: 43s, ETA:    52s
[>>>>>>>>>>>>>                 ] 302/669, 7.0 task/s, elapsed: 43s, ETA:    52s
[>>>>>>>>>>>>>                 ] 303/669, 7.0 task/s, elapsed: 43s, ETA:    52s
[>>>>>>>>>>>>>                 ] 304/669, 7.0 task/s, elapsed: 43s, ETA:    52s
[>>>>>>>>>>>>>                 ] 305/669, 7.1 task/s, elapsed: 43s, ETA:    52s
[>>>>>>>>>>>>>                 ] 306/669, 7.1 task/s, elapsed: 43s, ETA:    51s
[>>>>>>>>>>>>>                 ] 307/669, 7.1 task/s, elapsed: 43s, ETA:    51s
[>>>>>>>>>>>>>                 ] 308/669, 7.1 task/s, elapsed: 44s, ETA:    51s
[>>>>>>>>>>>>>                 ] 309/669, 7.1 task/s, elapsed: 44s, ETA:    51s
[>>>>>>>>>>>>>                 ] 310/669, 7.1 task/s, elapsed: 44s, ETA:    51s
[>>>>>>>>>>>>>                 ] 311/669, 7.1 task/s, elapsed: 44s, ETA:    51s
[>>>>>>>>>>>>>                 ] 312/669, 7.1 task/s, elapsed: 44s, ETA:    50s
[>>>>>>>>>>>>>>                ] 313/669, 7.1 task/s, elapsed: 44s, ETA:    50s
[>>>>>>>>>>>>>>                ] 314/669, 7.1 task/s, elapsed: 44s, ETA:    50s
[>>>>>>>>>>>>>>                ] 315/669, 7.1 task/s, elapsed: 44s, ETA:    50s
[>>>>>>>>>>>>>>                ] 316/669, 7.1 task/s, elapsed: 44s, ETA:    50s
[>>>>>>>>>>>>>>                ] 317/669, 7.1 task/s, elapsed: 45s, ETA:    50s
[>>>>>>>>>>>>>>                ] 318/669, 7.1 task/s, elapsed: 45s, ETA:    49s
[>>>>>>>>>>>>>>                ] 319/669, 7.1 task/s, elapsed: 45s, ETA:    49s
[>>>>>>>>>>>>>>                ] 320/669, 7.1 task/s, elapsed: 45s, ETA:    49s
[>>>>>>>>>>>>>>                ] 321/669, 7.1 task/s, elapsed: 45s, ETA:    49s
[>>>>>>>>>>>>>>                ] 322/669, 7.1 task/s, elapsed: 45s, ETA:    49s
[>>>>>>>>>>>>>>                ] 323/669, 7.1 task/s, elapsed: 45s, ETA:    48s
[>>>>>>>>>>>>>>                ] 324/669, 7.1 task/s, elapsed: 45s, ETA:    48s
[>>>>>>>>>>>>>>                ] 325/669, 7.2 task/s, elapsed: 45s, ETA:    48s
[>>>>>>>>>>>>>>                ] 326/669, 7.2 task/s, elapsed: 46s, ETA:    48s
[>>>>>>>>>>>>>>                ] 327/669, 7.2 task/s, elapsed: 46s, ETA:    48s
[>>>>>>>>>>>>>>                ] 328/669, 7.2 task/s, elapsed: 46s, ETA:    48s
[>>>>>>>>>>>>>>                ] 329/669, 7.2 task/s, elapsed: 46s, ETA:    47s
[>>>>>>>>>>>>>>                ] 330/669, 7.2 task/s, elapsed: 46s, ETA:    47s
[>>>>>>>>>>>>>>                ] 331/669, 7.2 task/s, elapsed: 46s, ETA:    47s
[>>>>>>>>>>>>>>                ] 332/669, 7.2 task/s, elapsed: 46s, ETA:    47s
[>>>>>>>>>>>>>>                ] 333/669, 7.2 task/s, elapsed: 46s, ETA:    47s
[>>>>>>>>>>>>>>                ] 334/669, 7.2 task/s, elapsed: 46s, ETA:    47s
[>>>>>>>>>>>>>>>               ] 335/669, 7.2 task/s, elapsed: 46s, ETA:    46s
[>>>>>>>>>>>>>>>               ] 336/669, 7.2 task/s, elapsed: 47s, ETA:    46s
[>>>>>>>>>>>>>>>               ] 337/669, 7.2 task/s, elapsed: 47s, ETA:    46s
[>>>>>>>>>>>>>>>               ] 338/669, 7.2 task/s, elapsed: 47s, ETA:    46s
[>>>>>>>>>>>>>>>               ] 339/669, 7.2 task/s, elapsed: 47s, ETA:    46s
[>>>>>>>>>>>>>>>               ] 340/669, 7.2 task/s, elapsed: 47s, ETA:    46s
[>>>>>>>>>>>>>>>               ] 341/669, 7.2 task/s, elapsed: 47s, ETA:    46s
[>>>>>>>>>>>>>>>               ] 342/669, 7.2 task/s, elapsed: 48s, ETA:    46s
[>>>>>>>>>>>>>>>               ] 343/669, 7.2 task/s, elapsed: 48s, ETA:    45s
[>>>>>>>>>>>>>>>               ] 344/669, 7.2 task/s, elapsed: 48s, ETA:    45s
[>>>>>>>>>>>>>>>               ] 345/669, 7.2 task/s, elapsed: 48s, ETA:    45s
[>>>>>>>>>>>>>>>               ] 346/669, 7.2 task/s, elapsed: 48s, ETA:    45s
[>>>>>>>>>>>>>>>               ] 347/669, 7.2 task/s, elapsed: 48s, ETA:    45s
[>>>>>>>>>>>>>>>               ] 348/669, 7.2 task/s, elapsed: 48s, ETA:    45s
[>>>>>>>>>>>>>>>               ] 349/669, 7.2 task/s, elapsed: 48s, ETA:    44s
[>>>>>>>>>>>>>>>               ] 350/669, 7.2 task/s, elapsed: 49s, ETA:    44s
[>>>>>>>>>>>>>>>               ] 351/669, 7.2 task/s, elapsed: 49s, ETA:    44s
[>>>>>>>>>>>>>>>               ] 352/669, 7.2 task/s, elapsed: 49s, ETA:    44s
[>>>>>>>>>>>>>>>               ] 353/669, 7.2 task/s, elapsed: 49s, ETA:    44s
[>>>>>>>>>>>>>>>               ] 354/669, 7.2 task/s, elapsed: 49s, ETA:    44s
[>>>>>>>>>>>>>>>               ] 355/669, 7.2 task/s, elapsed: 49s, ETA:    44s
[>>>>>>>>>>>>>>>               ] 356/669, 7.2 task/s, elapsed: 49s, ETA:    43s
[>>>>>>>>>>>>>>>>              ] 357/669, 7.2 task/s, elapsed: 50s, ETA:    43s
[>>>>>>>>>>>>>>>>              ] 358/669, 7.2 task/s, elapsed: 50s, ETA:    43s
[>>>>>>>>>>>>>>>>              ] 359/669, 7.2 task/s, elapsed: 50s, ETA:    43s
[>>>>>>>>>>>>>>>>              ] 360/669, 7.2 task/s, elapsed: 50s, ETA:    43s
[>>>>>>>>>>>>>>>>              ] 361/669, 7.2 task/s, elapsed: 50s, ETA:    43s
[>>>>>>>>>>>>>>>>              ] 362/669, 7.2 task/s, elapsed: 50s, ETA:    43s
[>>>>>>>>>>>>>>>>              ] 363/669, 7.2 task/s, elapsed: 50s, ETA:    42s
[>>>>>>>>>>>>>>>>              ] 364/669, 7.2 task/s, elapsed: 50s, ETA:    42s
[>>>>>>>>>>>>>>>>              ] 365/669, 7.2 task/s, elapsed: 51s, ETA:    42s
[>>>>>>>>>>>>>>>>              ] 366/669, 7.2 task/s, elapsed: 51s, ETA:    42s
[>>>>>>>>>>>>>>>>              ] 367/669, 7.2 task/s, elapsed: 51s, ETA:    42s
[>>>>>>>>>>>>>>>>              ] 368/669, 7.2 task/s, elapsed: 51s, ETA:    42s
[>>>>>>>>>>>>>>>>              ] 369/669, 7.2 task/s, elapsed: 51s, ETA:    42s
[>>>>>>>>>>>>>>>>              ] 370/669, 7.2 task/s, elapsed: 51s, ETA:    41s
[>>>>>>>>>>>>>>>>              ] 371/669, 7.2 task/s, elapsed: 51s, ETA:    41s
[>>>>>>>>>>>>>>>>              ] 372/669, 7.2 task/s, elapsed: 51s, ETA:    41s
[>>>>>>>>>>>>>>>>              ] 373/669, 7.2 task/s, elapsed: 52s, ETA:    41s
[>>>>>>>>>>>>>>>>              ] 374/669, 7.2 task/s, elapsed: 52s, ETA:    41s
[>>>>>>>>>>>>>>>>              ] 375/669, 7.2 task/s, elapsed: 52s, ETA:    41s
[>>>>>>>>>>>>>>>>              ] 376/669, 7.2 task/s, elapsed: 52s, ETA:    41s
[>>>>>>>>>>>>>>>>              ] 377/669, 7.2 task/s, elapsed: 52s, ETA:    40s
[>>>>>>>>>>>>>>>>              ] 378/669, 7.2 task/s, elapsed: 52s, ETA:    40s
[>>>>>>>>>>>>>>>>              ] 379/669, 7.2 task/s, elapsed: 52s, ETA:    40s
[>>>>>>>>>>>>>>>>>             ] 380/669, 7.2 task/s, elapsed: 52s, ETA:    40s
[>>>>>>>>>>>>>>>>>             ] 381/669, 7.2 task/s, elapsed: 53s, ETA:    40s
[>>>>>>>>>>>>>>>>>             ] 382/669, 7.3 task/s, elapsed: 53s, ETA:    40s
[>>>>>>>>>>>>>>>>>             ] 383/669, 7.3 task/s, elapsed: 53s, ETA:    39s
[>>>>>>>>>>>>>>>>>             ] 384/669, 7.3 task/s, elapsed: 53s, ETA:    39s
[>>>>>>>>>>>>>>>>>             ] 385/669, 7.3 task/s, elapsed: 53s, ETA:    39s
[>>>>>>>>>>>>>>>>>             ] 386/669, 7.3 task/s, elapsed: 53s, ETA:    39s
[>>>>>>>>>>>>>>>>>             ] 387/669, 7.3 task/s, elapsed: 53s, ETA:    39s
[>>>>>>>>>>>>>>>>>             ] 388/669, 7.3 task/s, elapsed: 53s, ETA:    39s
[>>>>>>>>>>>>>>>>>             ] 389/669, 7.3 task/s, elapsed: 53s, ETA:    38s
[>>>>>>>>>>>>>>>>>             ] 390/669, 7.3 task/s, elapsed: 54s, ETA:    38s
[>>>>>>>>>>>>>>>>>             ] 391/669, 7.3 task/s, elapsed: 54s, ETA:    38s
[>>>>>>>>>>>>>>>>>             ] 392/669, 7.3 task/s, elapsed: 54s, ETA:    38s
[>>>>>>>>>>>>>>>>>             ] 393/669, 7.3 task/s, elapsed: 54s, ETA:    38s
[>>>>>>>>>>>>>>>>>             ] 394/669, 7.3 task/s, elapsed: 54s, ETA:    38s
[>>>>>>>>>>>>>>>>>             ] 395/669, 7.3 task/s, elapsed: 54s, ETA:    38s
[>>>>>>>>>>>>>>>>>             ] 396/669, 7.3 task/s, elapsed: 54s, ETA:    37s
[>>>>>>>>>>>>>>>>>             ] 397/669, 7.3 task/s, elapsed: 54s, ETA:    37s
[>>>>>>>>>>>>>>>>>             ] 398/669, 7.3 task/s, elapsed: 55s, ETA:    37s
[>>>>>>>>>>>>>>>>>             ] 399/669, 7.3 task/s, elapsed: 55s, ETA:    37s
[>>>>>>>>>>>>>>>>>             ] 400/669, 7.3 task/s, elapsed: 55s, ETA:    37s
[>>>>>>>>>>>>>>>>>             ] 401/669, 7.3 task/s, elapsed: 55s, ETA:    37s
[>>>>>>>>>>>>>>>>>>            ] 402/669, 7.3 task/s, elapsed: 55s, ETA:    36s
[>>>>>>>>>>>>>>>>>>            ] 403/669, 7.3 task/s, elapsed: 55s, ETA:    36s
[>>>>>>>>>>>>>>>>>>            ] 404/669, 7.3 task/s, elapsed: 55s, ETA:    36s
[>>>>>>>>>>>>>>>>>>            ] 405/669, 7.3 task/s, elapsed: 55s, ETA:    36s
[>>>>>>>>>>>>>>>>>>            ] 406/669, 7.3 task/s, elapsed: 55s, ETA:    36s
[>>>>>>>>>>>>>>>>>>            ] 407/669, 7.3 task/s, elapsed: 55s, ETA:    36s
[>>>>>>>>>>>>>>>>>>            ] 408/669, 7.4 task/s, elapsed: 55s, ETA:    36s
[>>>>>>>>>>>>>>>>>>            ] 409/669, 7.4 task/s, elapsed: 56s, ETA:    35s
[>>>>>>>>>>>>>>>>>>            ] 410/669, 7.4 task/s, elapsed: 56s, ETA:    35s
[>>>>>>>>>>>>>>>>>>            ] 411/669, 7.4 task/s, elapsed: 56s, ETA:    35s
[>>>>>>>>>>>>>>>>>>            ] 412/669, 7.4 task/s, elapsed: 56s, ETA:    35s
[>>>>>>>>>>>>>>>>>>            ] 413/669, 7.4 task/s, elapsed: 56s, ETA:    35s
[>>>>>>>>>>>>>>>>>>            ] 414/669, 7.4 task/s, elapsed: 56s, ETA:    35s
[>>>>>>>>>>>>>>>>>>            ] 415/669, 7.4 task/s, elapsed: 56s, ETA:    35s
[>>>>>>>>>>>>>>>>>>            ] 416/669, 7.4 task/s, elapsed: 56s, ETA:    34s
[>>>>>>>>>>>>>>>>>>            ] 417/669, 7.4 task/s, elapsed: 57s, ETA:    34s
[>>>>>>>>>>>>>>>>>>            ] 418/669, 7.4 task/s, elapsed: 57s, ETA:    34s
[>>>>>>>>>>>>>>>>>>            ] 419/669, 7.4 task/s, elapsed: 57s, ETA:    34s
[>>>>>>>>>>>>>>>>>>            ] 420/669, 7.4 task/s, elapsed: 57s, ETA:    34s
[>>>>>>>>>>>>>>>>>>            ] 421/669, 7.4 task/s, elapsed: 57s, ETA:    34s
[>>>>>>>>>>>>>>>>>>            ] 422/669, 7.4 task/s, elapsed: 57s, ETA:    33s
[>>>>>>>>>>>>>>>>>>            ] 423/669, 7.4 task/s, elapsed: 57s, ETA:    33s
[>>>>>>>>>>>>>>>>>>>           ] 424/669, 7.4 task/s, elapsed: 57s, ETA:    33s
[>>>>>>>>>>>>>>>>>>>           ] 425/669, 7.4 task/s, elapsed: 57s, ETA:    33s
[>>>>>>>>>>>>>>>>>>>           ] 426/669, 7.4 task/s, elapsed: 58s, ETA:    33s
[>>>>>>>>>>>>>>>>>>>           ] 427/669, 7.4 task/s, elapsed: 58s, ETA:    33s
[>>>>>>>>>>>>>>>>>>>           ] 428/669, 7.4 task/s, elapsed: 58s, ETA:    33s
[>>>>>>>>>>>>>>>>>>>           ] 429/669, 7.4 task/s, elapsed: 58s, ETA:    32s
[>>>>>>>>>>>>>>>>>>>           ] 430/669, 7.4 task/s, elapsed: 58s, ETA:    32s
[>>>>>>>>>>>>>>>>>>>           ] 431/669, 7.4 task/s, elapsed: 58s, ETA:    32s
[>>>>>>>>>>>>>>>>>>>           ] 432/669, 7.4 task/s, elapsed: 58s, ETA:    32s
[>>>>>>>>>>>>>>>>>>>           ] 433/669, 7.4 task/s, elapsed: 58s, ETA:    32s
[>>>>>>>>>>>>>>>>>>>           ] 434/669, 7.4 task/s, elapsed: 58s, ETA:    32s
[>>>>>>>>>>>>>>>>>>>           ] 435/669, 7.4 task/s, elapsed: 58s, ETA:    31s
[>>>>>>>>>>>>>>>>>>>           ] 436/669, 7.4 task/s, elapsed: 59s, ETA:    31s
[>>>>>>>>>>>>>>>>>>>           ] 437/669, 7.5 task/s, elapsed: 59s, ETA:    31s
[>>>>>>>>>>>>>>>>>>>           ] 438/669, 7.5 task/s, elapsed: 59s, ETA:    31s
[>>>>>>>>>>>>>>>>>>>           ] 439/669, 7.5 task/s, elapsed: 59s, ETA:    31s
[>>>>>>>>>>>>>>>>>>>           ] 440/669, 7.5 task/s, elapsed: 59s, ETA:    31s
[>>>>>>>>>>>>>>>>>>>           ] 441/669, 7.5 task/s, elapsed: 59s, ETA:    31s
[>>>>>>>>>>>>>>>>>>>           ] 442/669, 7.5 task/s, elapsed: 59s, ETA:    30s
[>>>>>>>>>>>>>>>>>>>           ] 443/669, 7.5 task/s, elapsed: 59s, ETA:    30s
[>>>>>>>>>>>>>>>>>>>           ] 444/669, 7.5 task/s, elapsed: 59s, ETA:    30s
[>>>>>>>>>>>>>>>>>>>           ] 445/669, 7.5 task/s, elapsed: 60s, ETA:    30s
[>>>>>>>>>>>>>>>>>>>>          ] 446/669, 7.5 task/s, elapsed: 60s, ETA:    30s
[>>>>>>>>>>>>>>>>>>>>          ] 447/669, 7.5 task/s, elapsed: 60s, ETA:    30s
[>>>>>>>>>>>>>>>>>>>>          ] 448/669, 7.5 task/s, elapsed: 60s, ETA:    30s
[>>>>>>>>>>>>>>>>>>>>          ] 449/669, 7.5 task/s, elapsed: 60s, ETA:    29s
[>>>>>>>>>>>>>>>>>>>>          ] 450/669, 7.5 task/s, elapsed: 60s, ETA:    29s
[>>>>>>>>>>>>>>>>>>>>          ] 451/669, 7.5 task/s, elapsed: 60s, ETA:    29s
[>>>>>>>>>>>>>>>>>>>>          ] 452/669, 7.5 task/s, elapsed: 60s, ETA:    29s
[>>>>>>>>>>>>>>>>>>>>          ] 453/669, 7.5 task/s, elapsed: 60s, ETA:    29s
[>>>>>>>>>>>>>>>>>>>>          ] 454/669, 7.5 task/s, elapsed: 61s, ETA:    29s
[>>>>>>>>>>>>>>>>>>>>          ] 455/669, 7.5 task/s, elapsed: 61s, ETA:    29s
[>>>>>>>>>>>>>>>>>>>>          ] 456/669, 7.5 task/s, elapsed: 61s, ETA:    28s
[>>>>>>>>>>>>>>>>>>>>          ] 457/669, 7.5 task/s, elapsed: 61s, ETA:    28s
[>>>>>>>>>>>>>>>>>>>>          ] 458/669, 7.5 task/s, elapsed: 61s, ETA:    28s
[>>>>>>>>>>>>>>>>>>>>          ] 459/669, 7.5 task/s, elapsed: 61s, ETA:    28s
[>>>>>>>>>>>>>>>>>>>>          ] 460/669, 7.5 task/s, elapsed: 61s, ETA:    28s
[>>>>>>>>>>>>>>>>>>>>          ] 461/669, 7.5 task/s, elapsed: 62s, ETA:    28s
[>>>>>>>>>>>>>>>>>>>>          ] 462/669, 7.5 task/s, elapsed: 62s, ETA:    28s
[>>>>>>>>>>>>>>>>>>>>          ] 463/669, 7.5 task/s, elapsed: 62s, ETA:    28s
[>>>>>>>>>>>>>>>>>>>>          ] 464/669, 7.5 task/s, elapsed: 62s, ETA:    27s
[>>>>>>>>>>>>>>>>>>>>          ] 465/669, 7.5 task/s, elapsed: 62s, ETA:    27s
[>>>>>>>>>>>>>>>>>>>>          ] 466/669, 7.5 task/s, elapsed: 62s, ETA:    27s
[>>>>>>>>>>>>>>>>>>>>          ] 467/669, 7.5 task/s, elapsed: 63s, ETA:    27s
[>>>>>>>>>>>>>>>>>>>>          ] 468/669, 7.5 task/s, elapsed: 63s, ETA:    27s
[>>>>>>>>>>>>>>>>>>>>>         ] 469/669, 7.4 task/s, elapsed: 63s, ETA:    27s
[>>>>>>>>>>>>>>>>>>>>>         ] 470/669, 7.4 task/s, elapsed: 63s, ETA:    27s
[>>>>>>>>>>>>>>>>>>>>>         ] 471/669, 7.4 task/s, elapsed: 63s, ETA:    27s
[>>>>>>>>>>>>>>>>>>>>>         ] 472/669, 7.4 task/s, elapsed: 64s, ETA:    27s
[>>>>>>>>>>>>>>>>>>>>>         ] 473/669, 7.4 task/s, elapsed: 64s, ETA:    26s
[>>>>>>>>>>>>>>>>>>>>>         ] 474/669, 7.4 task/s, elapsed: 64s, ETA:    26s
[>>>>>>>>>>>>>>>>>>>>>         ] 475/669, 7.4 task/s, elapsed: 64s, ETA:    26s
[>>>>>>>>>>>>>>>>>>>>>         ] 476/669, 7.4 task/s, elapsed: 64s, ETA:    26s
[>>>>>>>>>>>>>>>>>>>>>         ] 477/669, 7.4 task/s, elapsed: 64s, ETA:    26s
[>>>>>>>>>>>>>>>>>>>>>         ] 478/669, 7.4 task/s, elapsed: 65s, ETA:    26s
[>>>>>>>>>>>>>>>>>>>>>         ] 479/669, 7.4 task/s, elapsed: 65s, ETA:    26s
[>>>>>>>>>>>>>>>>>>>>>         ] 480/669, 7.4 task/s, elapsed: 65s, ETA:    26s
[>>>>>>>>>>>>>>>>>>>>>         ] 481/669, 7.4 task/s, elapsed: 65s, ETA:    25s
[>>>>>>>>>>>>>>>>>>>>>         ] 482/669, 7.4 task/s, elapsed: 65s, ETA:    25s
[>>>>>>>>>>>>>>>>>>>>>         ] 483/669, 7.4 task/s, elapsed: 65s, ETA:    25s
[>>>>>>>>>>>>>>>>>>>>>         ] 484/669, 7.4 task/s, elapsed: 65s, ETA:    25s
[>>>>>>>>>>>>>>>>>>>>>         ] 485/669, 7.4 task/s, elapsed: 66s, ETA:    25s
[>>>>>>>>>>>>>>>>>>>>>         ] 486/669, 7.4 task/s, elapsed: 66s, ETA:    25s
[>>>>>>>>>>>>>>>>>>>>>         ] 487/669, 7.4 task/s, elapsed: 66s, ETA:    25s
[>>>>>>>>>>>>>>>>>>>>>         ] 488/669, 7.4 task/s, elapsed: 66s, ETA:    24s
[>>>>>>>>>>>>>>>>>>>>>         ] 489/669, 7.4 task/s, elapsed: 66s, ETA:    24s
[>>>>>>>>>>>>>>>>>>>>>         ] 490/669, 7.4 task/s, elapsed: 66s, ETA:    24s
[>>>>>>>>>>>>>>>>>>>>>>        ] 491/669, 7.4 task/s, elapsed: 66s, ETA:    24s
[>>>>>>>>>>>>>>>>>>>>>>        ] 492/669, 7.4 task/s, elapsed: 66s, ETA:    24s
[>>>>>>>>>>>>>>>>>>>>>>        ] 493/669, 7.4 task/s, elapsed: 67s, ETA:    24s
[>>>>>>>>>>>>>>>>>>>>>>        ] 494/669, 7.4 task/s, elapsed: 67s, ETA:    24s
[>>>>>>>>>>>>>>>>>>>>>>        ] 495/669, 7.4 task/s, elapsed: 67s, ETA:    24s
[>>>>>>>>>>>>>>>>>>>>>>        ] 496/669, 7.4 task/s, elapsed: 67s, ETA:    23s
[>>>>>>>>>>>>>>>>>>>>>>        ] 497/669, 7.4 task/s, elapsed: 67s, ETA:    23s
[>>>>>>>>>>>>>>>>>>>>>>        ] 498/669, 7.4 task/s, elapsed: 67s, ETA:    23s
[>>>>>>>>>>>>>>>>>>>>>>        ] 499/669, 7.4 task/s, elapsed: 67s, ETA:    23s
[>>>>>>>>>>>>>>>>>>>>>>        ] 500/669, 7.4 task/s, elapsed: 68s, ETA:    23s
[>>>>>>>>>>>>>>>>>>>>>>        ] 501/669, 7.4 task/s, elapsed: 68s, ETA:    23s
[>>>>>>>>>>>>>>>>>>>>>>        ] 502/669, 7.4 task/s, elapsed: 68s, ETA:    23s
[>>>>>>>>>>>>>>>>>>>>>>        ] 503/669, 7.4 task/s, elapsed: 68s, ETA:    22s
[>>>>>>>>>>>>>>>>>>>>>>        ] 504/669, 7.4 task/s, elapsed: 68s, ETA:    22s
[>>>>>>>>>>>>>>>>>>>>>>        ] 505/669, 7.4 task/s, elapsed: 68s, ETA:    22s
[>>>>>>>>>>>>>>>>>>>>>>        ] 506/669, 7.4 task/s, elapsed: 68s, ETA:    22s
[>>>>>>>>>>>>>>>>>>>>>>        ] 507/669, 7.4 task/s, elapsed: 68s, ETA:    22s
[>>>>>>>>>>>>>>>>>>>>>>        ] 508/669, 7.4 task/s, elapsed: 68s, ETA:    22s
[>>>>>>>>>>>>>>>>>>>>>>        ] 509/669, 7.4 task/s, elapsed: 68s, ETA:    22s
[>>>>>>>>>>>>>>>>>>>>>>        ] 510/669, 7.4 task/s, elapsed: 69s, ETA:    21s
[>>>>>>>>>>>>>>>>>>>>>>        ] 511/669, 7.4 task/s, elapsed: 69s, ETA:    21s
[>>>>>>>>>>>>>>>>>>>>>>        ] 512/669, 7.4 task/s, elapsed: 69s, ETA:    21s
[>>>>>>>>>>>>>>>>>>>>>>>       ] 513/669, 7.4 task/s, elapsed: 69s, ETA:    21s
[>>>>>>>>>>>>>>>>>>>>>>>       ] 514/669, 7.4 task/s, elapsed: 69s, ETA:    21s
[>>>>>>>>>>>>>>>>>>>>>>>       ] 515/669, 7.4 task/s, elapsed: 69s, ETA:    21s
[>>>>>>>>>>>>>>>>>>>>>>>       ] 516/669, 7.5 task/s, elapsed: 69s, ETA:    21s
[>>>>>>>>>>>>>>>>>>>>>>>       ] 517/669, 7.5 task/s, elapsed: 69s, ETA:    20s
[>>>>>>>>>>>>>>>>>>>>>>>       ] 518/669, 7.5 task/s, elapsed: 69s, ETA:    20s
[>>>>>>>>>>>>>>>>>>>>>>>       ] 519/669, 7.5 task/s, elapsed: 70s, ETA:    20s
[>>>>>>>>>>>>>>>>>>>>>>>       ] 520/669, 7.5 task/s, elapsed: 70s, ETA:    20s
[>>>>>>>>>>>>>>>>>>>>>>>       ] 521/669, 7.5 task/s, elapsed: 70s, ETA:    20s
[>>>>>>>>>>>>>>>>>>>>>>>       ] 522/669, 7.5 task/s, elapsed: 70s, ETA:    20s
[>>>>>>>>>>>>>>>>>>>>>>>       ] 523/669, 7.5 task/s, elapsed: 70s, ETA:    20s
[>>>>>>>>>>>>>>>>>>>>>>>       ] 524/669, 7.5 task/s, elapsed: 70s, ETA:    19s
[>>>>>>>>>>>>>>>>>>>>>>>       ] 525/669, 7.5 task/s, elapsed: 70s, ETA:    19s
[>>>>>>>>>>>>>>>>>>>>>>>       ] 526/669, 7.5 task/s, elapsed: 70s, ETA:    19s
[>>>>>>>>>>>>>>>>>>>>>>>       ] 527/669, 7.5 task/s, elapsed: 71s, ETA:    19s
[>>>>>>>>>>>>>>>>>>>>>>>       ] 528/669, 7.5 task/s, elapsed: 71s, ETA:    19s
[>>>>>>>>>>>>>>>>>>>>>>>       ] 529/669, 7.5 task/s, elapsed: 71s, ETA:    19s
[>>>>>>>>>>>>>>>>>>>>>>>       ] 530/669, 7.5 task/s, elapsed: 71s, ETA:    19s
[>>>>>>>>>>>>>>>>>>>>>>>       ] 531/669, 7.5 task/s, elapsed: 71s, ETA:    18s
[>>>>>>>>>>>>>>>>>>>>>>>       ] 532/669, 7.5 task/s, elapsed: 71s, ETA:    18s
[>>>>>>>>>>>>>>>>>>>>>>>       ] 533/669, 7.5 task/s, elapsed: 71s, ETA:    18s
[>>>>>>>>>>>>>>>>>>>>>>>       ] 534/669, 7.5 task/s, elapsed: 71s, ETA:    18s
[>>>>>>>>>>>>>>>>>>>>>>>       ] 535/669, 7.5 task/s, elapsed: 72s, ETA:    18s
[>>>>>>>>>>>>>>>>>>>>>>>>      ] 536/669, 7.5 task/s, elapsed: 72s, ETA:    18s
[>>>>>>>>>>>>>>>>>>>>>>>>      ] 537/669, 7.5 task/s, elapsed: 72s, ETA:    18s
[>>>>>>>>>>>>>>>>>>>>>>>>      ] 538/669, 7.5 task/s, elapsed: 72s, ETA:    18s
[>>>>>>>>>>>>>>>>>>>>>>>>      ] 539/669, 7.5 task/s, elapsed: 72s, ETA:    17s
[>>>>>>>>>>>>>>>>>>>>>>>>      ] 540/669, 7.5 task/s, elapsed: 72s, ETA:    17s
[>>>>>>>>>>>>>>>>>>>>>>>>      ] 541/669, 7.5 task/s, elapsed: 72s, ETA:    17s
[>>>>>>>>>>>>>>>>>>>>>>>>      ] 542/669, 7.5 task/s, elapsed: 72s, ETA:    17s
[>>>>>>>>>>>>>>>>>>>>>>>>      ] 543/669, 7.5 task/s, elapsed: 72s, ETA:    17s
[>>>>>>>>>>>>>>>>>>>>>>>>      ] 544/669, 7.5 task/s, elapsed: 73s, ETA:    17s
[>>>>>>>>>>>>>>>>>>>>>>>>      ] 545/669, 7.5 task/s, elapsed: 73s, ETA:    17s
[>>>>>>>>>>>>>>>>>>>>>>>>      ] 546/669, 7.5 task/s, elapsed: 73s, ETA:    16s
[>>>>>>>>>>>>>>>>>>>>>>>>      ] 547/669, 7.5 task/s, elapsed: 73s, ETA:    16s
[>>>>>>>>>>>>>>>>>>>>>>>>      ] 548/669, 7.5 task/s, elapsed: 73s, ETA:    16s
[>>>>>>>>>>>>>>>>>>>>>>>>      ] 549/669, 7.5 task/s, elapsed: 73s, ETA:    16s
[>>>>>>>>>>>>>>>>>>>>>>>>      ] 550/669, 7.5 task/s, elapsed: 73s, ETA:    16s
[>>>>>>>>>>>>>>>>>>>>>>>>      ] 551/669, 7.5 task/s, elapsed: 73s, ETA:    16s
[>>>>>>>>>>>>>>>>>>>>>>>>      ] 552/669, 7.5 task/s, elapsed: 73s, ETA:    16s
[>>>>>>>>>>>>>>>>>>>>>>>>      ] 553/669, 7.5 task/s, elapsed: 74s, ETA:    15s
[>>>>>>>>>>>>>>>>>>>>>>>>      ] 554/669, 7.5 task/s, elapsed: 74s, ETA:    15s
[>>>>>>>>>>>>>>>>>>>>>>>>      ] 555/669, 7.5 task/s, elapsed: 74s, ETA:    15s
[>>>>>>>>>>>>>>>>>>>>>>>>      ] 556/669, 7.5 task/s, elapsed: 74s, ETA:    15s
[>>>>>>>>>>>>>>>>>>>>>>>>      ] 557/669, 7.5 task/s, elapsed: 74s, ETA:    15s
[>>>>>>>>>>>>>>>>>>>>>>>>>     ] 558/669, 7.5 task/s, elapsed: 74s, ETA:    15s
[>>>>>>>>>>>>>>>>>>>>>>>>>     ] 559/669, 7.5 task/s, elapsed: 74s, ETA:    15s
[>>>>>>>>>>>>>>>>>>>>>>>>>     ] 560/669, 7.5 task/s, elapsed: 74s, ETA:    14s
[>>>>>>>>>>>>>>>>>>>>>>>>>     ] 561/669, 7.5 task/s, elapsed: 74s, ETA:    14s
[>>>>>>>>>>>>>>>>>>>>>>>>>     ] 562/669, 7.5 task/s, elapsed: 74s, ETA:    14s
[>>>>>>>>>>>>>>>>>>>>>>>>>     ] 563/669, 7.5 task/s, elapsed: 75s, ETA:    14s
[>>>>>>>>>>>>>>>>>>>>>>>>>     ] 564/669, 7.5 task/s, elapsed: 75s, ETA:    14s
[>>>>>>>>>>>>>>>>>>>>>>>>>     ] 565/669, 7.5 task/s, elapsed: 75s, ETA:    14s
[>>>>>>>>>>>>>>>>>>>>>>>>>     ] 566/669, 7.5 task/s, elapsed: 75s, ETA:    14s
[>>>>>>>>>>>>>>>>>>>>>>>>>     ] 567/669, 7.5 task/s, elapsed: 75s, ETA:    14s
[>>>>>>>>>>>>>>>>>>>>>>>>>     ] 568/669, 7.5 task/s, elapsed: 75s, ETA:    13s
[>>>>>>>>>>>>>>>>>>>>>>>>>     ] 569/669, 7.5 task/s, elapsed: 75s, ETA:    13s
[>>>>>>>>>>>>>>>>>>>>>>>>>     ] 570/669, 7.5 task/s, elapsed: 76s, ETA:    13s
[>>>>>>>>>>>>>>>>>>>>>>>>>     ] 571/669, 7.6 task/s, elapsed: 76s, ETA:    13s
[>>>>>>>>>>>>>>>>>>>>>>>>>     ] 572/669, 7.6 task/s, elapsed: 76s, ETA:    13s
[>>>>>>>>>>>>>>>>>>>>>>>>>     ] 573/669, 7.5 task/s, elapsed: 76s, ETA:    13s
[>>>>>>>>>>>>>>>>>>>>>>>>>     ] 574/669, 7.5 task/s, elapsed: 76s, ETA:    13s
[>>>>>>>>>>>>>>>>>>>>>>>>>     ] 575/669, 7.5 task/s, elapsed: 76s, ETA:    12s
[>>>>>>>>>>>>>>>>>>>>>>>>>     ] 576/669, 7.5 task/s, elapsed: 77s, ETA:    12s
[>>>>>>>>>>>>>>>>>>>>>>>>>     ] 577/669, 7.5 task/s, elapsed: 77s, ETA:    12s
[>>>>>>>>>>>>>>>>>>>>>>>>>     ] 578/669, 7.5 task/s, elapsed: 77s, ETA:    12s
[>>>>>>>>>>>>>>>>>>>>>>>>>     ] 579/669, 7.5 task/s, elapsed: 77s, ETA:    12s
[>>>>>>>>>>>>>>>>>>>>>>>>>>    ] 580/669, 7.5 task/s, elapsed: 77s, ETA:    12s
[>>>>>>>>>>>>>>>>>>>>>>>>>>    ] 581/669, 7.5 task/s, elapsed: 77s, ETA:    12s
[>>>>>>>>>>>>>>>>>>>>>>>>>>    ] 582/669, 7.5 task/s, elapsed: 77s, ETA:    12s
[>>>>>>>>>>>>>>>>>>>>>>>>>>    ] 583/669, 7.5 task/s, elapsed: 78s, ETA:    11s
[>>>>>>>>>>>>>>>>>>>>>>>>>>    ] 584/669, 7.5 task/s, elapsed: 78s, ETA:    11s
[>>>>>>>>>>>>>>>>>>>>>>>>>>    ] 585/669, 7.5 task/s, elapsed: 78s, ETA:    11s
[>>>>>>>>>>>>>>>>>>>>>>>>>>    ] 586/669, 7.5 task/s, elapsed: 78s, ETA:    11s
[>>>>>>>>>>>>>>>>>>>>>>>>>>    ] 587/669, 7.5 task/s, elapsed: 78s, ETA:    11s
[>>>>>>>>>>>>>>>>>>>>>>>>>>    ] 588/669, 7.5 task/s, elapsed: 78s, ETA:    11s
[>>>>>>>>>>>>>>>>>>>>>>>>>>    ] 589/669, 7.5 task/s, elapsed: 79s, ETA:    11s
[>>>>>>>>>>>>>>>>>>>>>>>>>>    ] 590/669, 7.5 task/s, elapsed: 79s, ETA:    11s
[>>>>>>>>>>>>>>>>>>>>>>>>>>    ] 591/669, 7.5 task/s, elapsed: 79s, ETA:    10s
[>>>>>>>>>>>>>>>>>>>>>>>>>>    ] 592/669, 7.5 task/s, elapsed: 79s, ETA:    10s
[>>>>>>>>>>>>>>>>>>>>>>>>>>    ] 593/669, 7.5 task/s, elapsed: 79s, ETA:    10s
[>>>>>>>>>>>>>>>>>>>>>>>>>>    ] 594/669, 7.5 task/s, elapsed: 79s, ETA:    10s
[>>>>>>>>>>>>>>>>>>>>>>>>>>    ] 595/669, 7.5 task/s, elapsed: 79s, ETA:    10s
[>>>>>>>>>>>>>>>>>>>>>>>>>>    ] 596/669, 7.5 task/s, elapsed: 80s, ETA:    10s
[>>>>>>>>>>>>>>>>>>>>>>>>>>    ] 597/669, 7.5 task/s, elapsed: 80s, ETA:    10s
[>>>>>>>>>>>>>>>>>>>>>>>>>>    ] 598/669, 7.5 task/s, elapsed: 80s, ETA:     9s
[>>>>>>>>>>>>>>>>>>>>>>>>>>    ] 599/669, 7.5 task/s, elapsed: 80s, ETA:     9s
[>>>>>>>>>>>>>>>>>>>>>>>>>>    ] 600/669, 7.5 task/s, elapsed: 80s, ETA:     9s
[>>>>>>>>>>>>>>>>>>>>>>>>>>    ] 601/669, 7.5 task/s, elapsed: 80s, ETA:     9s
[>>>>>>>>>>>>>>>>>>>>>>>>>>    ] 602/669, 7.5 task/s, elapsed: 81s, ETA:     9s
[>>>>>>>>>>>>>>>>>>>>>>>>>>>   ] 603/669, 7.5 task/s, elapsed: 81s, ETA:     9s
[>>>>>>>>>>>>>>>>>>>>>>>>>>>   ] 604/669, 7.5 task/s, elapsed: 81s, ETA:     9s
[>>>>>>>>>>>>>>>>>>>>>>>>>>>   ] 605/669, 7.5 task/s, elapsed: 81s, ETA:     9s
[>>>>>>>>>>>>>>>>>>>>>>>>>>>   ] 606/669, 7.5 task/s, elapsed: 81s, ETA:     8s
[>>>>>>>>>>>>>>>>>>>>>>>>>>>   ] 607/669, 7.5 task/s, elapsed: 81s, ETA:     8s
[>>>>>>>>>>>>>>>>>>>>>>>>>>>   ] 608/669, 7.5 task/s, elapsed: 81s, ETA:     8s
[>>>>>>>>>>>>>>>>>>>>>>>>>>>   ] 609/669, 7.5 task/s, elapsed: 81s, ETA:     8s
[>>>>>>>>>>>>>>>>>>>>>>>>>>>   ] 610/669, 7.5 task/s, elapsed: 81s, ETA:     8s
[>>>>>>>>>>>>>>>>>>>>>>>>>>>   ] 611/669, 7.5 task/s, elapsed: 82s, ETA:     8s
[>>>>>>>>>>>>>>>>>>>>>>>>>>>   ] 612/669, 7.5 task/s, elapsed: 82s, ETA:     8s
[>>>>>>>>>>>>>>>>>>>>>>>>>>>   ] 613/669, 7.5 task/s, elapsed: 82s, ETA:     7s
[>>>>>>>>>>>>>>>>>>>>>>>>>>>   ] 614/669, 7.5 task/s, elapsed: 82s, ETA:     7s
[>>>>>>>>>>>>>>>>>>>>>>>>>>>   ] 615/669, 7.5 task/s, elapsed: 82s, ETA:     7s
[>>>>>>>>>>>>>>>>>>>>>>>>>>>   ] 616/669, 7.5 task/s, elapsed: 82s, ETA:     7s
[>>>>>>>>>>>>>>>>>>>>>>>>>>>   ] 617/669, 7.5 task/s, elapsed: 82s, ETA:     7s
[>>>>>>>>>>>>>>>>>>>>>>>>>>>   ] 618/669, 7.5 task/s, elapsed: 82s, ETA:     7s
[>>>>>>>>>>>>>>>>>>>>>>>>>>>   ] 619/669, 7.5 task/s, elapsed: 83s, ETA:     7s
[>>>>>>>>>>>>>>>>>>>>>>>>>>>   ] 620/669, 7.5 task/s, elapsed: 83s, ETA:     7s
[>>>>>>>>>>>>>>>>>>>>>>>>>>>   ] 621/669, 7.5 task/s, elapsed: 83s, ETA:     6s
[>>>>>>>>>>>>>>>>>>>>>>>>>>>   ] 622/669, 7.5 task/s, elapsed: 83s, ETA:     6s
[>>>>>>>>>>>>>>>>>>>>>>>>>>>   ] 623/669, 7.5 task/s, elapsed: 83s, ETA:     6s
[>>>>>>>>>>>>>>>>>>>>>>>>>>>   ] 624/669, 7.5 task/s, elapsed: 83s, ETA:     6s
[>>>>>>>>>>>>>>>>>>>>>>>>>>>>  ] 625/669, 7.5 task/s, elapsed: 83s, ETA:     6s
[>>>>>>>>>>>>>>>>>>>>>>>>>>>>  ] 626/669, 7.5 task/s, elapsed: 84s, ETA:     6s
[>>>>>>>>>>>>>>>>>>>>>>>>>>>>  ] 627/669, 7.5 task/s, elapsed: 84s, ETA:     6s
[>>>>>>>>>>>>>>>>>>>>>>>>>>>>  ] 628/669, 7.5 task/s, elapsed: 84s, ETA:     5s
[>>>>>>>>>>>>>>>>>>>>>>>>>>>>  ] 629/669, 7.5 task/s, elapsed: 84s, ETA:     5s
[>>>>>>>>>>>>>>>>>>>>>>>>>>>>  ] 630/669, 7.5 task/s, elapsed: 84s, ETA:     5s
[>>>>>>>>>>>>>>>>>>>>>>>>>>>>  ] 631/669, 7.5 task/s, elapsed: 84s, ETA:     5s
[>>>>>>>>>>>>>>>>>>>>>>>>>>>>  ] 632/669, 7.5 task/s, elapsed: 84s, ETA:     5s
[>>>>>>>>>>>>>>>>>>>>>>>>>>>>  ] 633/669, 7.5 task/s, elapsed: 85s, ETA:     5s
[>>>>>>>>>>>>>>>>>>>>>>>>>>>>  ] 634/669, 7.5 task/s, elapsed: 85s, ETA:     5s
[>>>>>>>>>>>>>>>>>>>>>>>>>>>>  ] 635/669, 7.5 task/s, elapsed: 85s, ETA:     5s
[>>>>>>>>>>>>>>>>>>>>>>>>>>>>  ] 636/669, 7.5 task/s, elapsed: 85s, ETA:     4s
[>>>>>>>>>>>>>>>>>>>>>>>>>>>>  ] 637/669, 7.5 task/s, elapsed: 85s, ETA:     4s
[>>>>>>>>>>>>>>>>>>>>>>>>>>>>  ] 638/669, 7.5 task/s, elapsed: 85s, ETA:     4s
[>>>>>>>>>>>>>>>>>>>>>>>>>>>>  ] 639/669, 7.5 task/s, elapsed: 85s, ETA:     4s
[>>>>>>>>>>>>>>>>>>>>>>>>>>>>  ] 640/669, 7.5 task/s, elapsed: 86s, ETA:     4s
[>>>>>>>>>>>>>>>>>>>>>>>>>>>>  ] 641/669, 7.5 task/s, elapsed: 86s, ETA:     4s
[>>>>>>>>>>>>>>>>>>>>>>>>>>>>  ] 642/669, 7.5 task/s, elapsed: 86s, ETA:     4s
[>>>>>>>>>>>>>>>>>>>>>>>>>>>>  ] 643/669, 7.5 task/s, elapsed: 86s, ETA:     3s
[>>>>>>>>>>>>>>>>>>>>>>>>>>>>  ] 644/669, 7.5 task/s, elapsed: 86s, ETA:     3s
[>>>>>>>>>>>>>>>>>>>>>>>>>>>>  ] 645/669, 7.5 task/s, elapsed: 86s, ETA:     3s
[>>>>>>>>>>>>>>>>>>>>>>>>>>>>  ] 646/669, 7.5 task/s, elapsed: 86s, ETA:     3s
[>>>>>>>>>>>>>>>>>>>>>>>>>>>>> ] 647/669, 7.5 task/s, elapsed: 87s, ETA:     3s
[>>>>>>>>>>>>>>>>>>>>>>>>>>>>> ] 648/669, 7.5 task/s, elapsed: 87s, ETA:     3s
[>>>>>>>>>>>>>>>>>>>>>>>>>>>>> ] 649/669, 7.5 task/s, elapsed: 87s, ETA:     3s
[>>>>>>>>>>>>>>>>>>>>>>>>>>>>> ] 650/669, 7.5 task/s, elapsed: 87s, ETA:     3s
[>>>>>>>>>>>>>>>>>>>>>>>>>>>>> ] 651/669, 7.5 task/s, elapsed: 87s, ETA:     2s
[>>>>>>>>>>>>>>>>>>>>>>>>>>>>> ] 652/669, 7.5 task/s, elapsed: 87s, ETA:     2s
[>>>>>>>>>>>>>>>>>>>>>>>>>>>>> ] 653/669, 7.5 task/s, elapsed: 87s, ETA:     2s
[>>>>>>>>>>>>>>>>>>>>>>>>>>>>> ] 654/669, 7.5 task/s, elapsed: 87s, ETA:     2s
[>>>>>>>>>>>>>>>>>>>>>>>>>>>>> ] 655/669, 7.5 task/s, elapsed: 88s, ETA:     2s
[>>>>>>>>>>>>>>>>>>>>>>>>>>>>> ] 656/669, 7.5 task/s, elapsed: 88s, ETA:     2s
[>>>>>>>>>>>>>>>>>>>>>>>>>>>>> ] 657/669, 7.5 task/s, elapsed: 88s, ETA:     2s
[>>>>>>>>>>>>>>>>>>>>>>>>>>>>> ] 658/669, 7.5 task/s, elapsed: 88s, ETA:     1s
[>>>>>>>>>>>>>>>>>>>>>>>>>>>>> ] 659/669, 7.5 task/s, elapsed: 88s, ETA:     1s
[>>>>>>>>>>>>>>>>>>>>>>>>>>>>> ] 660/669, 7.5 task/s, elapsed: 88s, ETA:     1s
[>>>>>>>>>>>>>>>>>>>>>>>>>>>>> ] 661/669, 7.5 task/s, elapsed: 88s, ETA:     1s
[>>>>>>>>>>>>>>>>>>>>>>>>>>>>> ] 662/669, 7.5 task/s, elapsed: 88s, ETA:     1s
[>>>>>>>>>>>>>>>>>>>>>>>>>>>>> ] 663/669, 7.5 task/s, elapsed: 88s, ETA:     1s
[>>>>>>>>>>>>>>>>>>>>>>>>>>>>> ] 664/669, 7.5 task/s, elapsed: 89s, ETA:     1s
[>>>>>>>>>>>>>>>>>>>>>>>>>>>>> ] 665/669, 7.5 task/s, elapsed: 89s, ETA:     1s
[>>>>>>>>>>>>>>>>>>>>>>>>>>>>> ] 666/669, 7.5 task/s, elapsed: 89s, ETA:     0s
[>>>>>>>>>>>>>>>>>>>>>>>>>>>>> ] 667/669, 7.5 task/s, elapsed: 89s, ETA:     0s
[>>>>>>>>>>>>>>>>>>>>>>>>>>>>> ] 668/669, 7.5 task/s, elapsed: 89s, ETA:     0s
[>>>>>>>>>>>>>>>>>>>>>>>>>>>>>>] 669/669, 7.5 task/s, elapsed: 89s, ETA:     0s2026-06-30 01:56:44,970 - mmdet - INFO - Evaluating bbox...
2026-06-30 01:56:47,495 - mmdet - INFO - 
+-----------+-------+-----------+-------+-------------+-------+
| category  | AP    | category  | AP    | category    | AP    |
+-----------+-------+-----------+-------+-------------+-------+
| bicycle   | 0.232 | chair     | 0.563 | diningtable | 0.207 |
| bottle    | 0.439 | motorbike | 0.276 | car         | 0.294 |
| tvmonitor | 0.096 | bus       | 0.291 | None        | None  |
+-----------+-------+-----------+-------+-------------+-------+
2026-06-30 01:56:47,495 - mmdet - INFO - Evaluating segm...
/content/EALLIS/mmdetection/mmdet/datasets/coco.py:453: UserWarning: The key "bbox" is deleted for more accurate mask AP of small/medium/large instances since v2.12.0. This does not change the overall mAP calculation.
  warnings.warn(
2026-06-30 01:56:52,143 - mmdet - INFO - 
+-----------+-------+-----------+-------+-------------+-------+
| category  | AP    | category  | AP    | category    | AP    |
+-----------+-------+-----------+-------+-------------+-------+
| bicycle   | 0.120 | chair     | 0.534 | diningtable | 0.124 |
| bottle    | 0.449 | motorbike | 0.263 | car         | 0.127 |
| tvmonitor | 0.027 | bus       | 0.320 | None        | None  |
+-----------+-------+-----------+-------+-------------+-------+
2026-06-30 01:56:52,189 - mmdet - INFO - Exp name: train_kaggle.py
2026-06-30 01:56:52,190 - mmdet - INFO - Epoch(val) [2][669]	bbox_mAP: 0.3000, bbox_mAP_50: 0.4990, bbox_mAP_75: 0.3170, bbox_mAP_s: 0.0040, bbox_mAP_m: 0.0690, bbox_mAP_l: 0.3680, bbox_mAP_copypaste: 0.300 0.499 0.317 0.004 0.069 0.368, segm_mAP: 0.2450, segm_mAP_50: 0.4380, segm_mAP_75: 0.2340, segm_mAP_s: 0.0010, segm_mAP_m: 0.0550, segm_mAP_l: 0.3110, segm_mAP_copypaste: 0.245 0.438 0.234 0.001 0.055 0.311
/usr/local/lib/python3.12/dist-packages/torch/utils/data/dataloader.py:432: UserWarning: This DataLoader will create 4 worker processes in total. Our suggested max number of worker in current system is 2, which is smaller than what this DataLoader is going to create. Please be aware that excessive worker creation might get DataLoader running slow or even freeze, lower the worker number to avoid potential slowness/freeze if necessary.
  self.check_worker_number_rationality()
Loading and preparing results...
DONE (t=0.01s)
creating index...
index created!
Running per image evaluation...
Evaluate annotation type *bbox*
DONE (t=1.87s).
Accumulating evaluation results...
DONE (t=0.60s).
 Average Precision  (AP) @[ IoU=0.50:0.95 | area=   all | maxDets=100 ] = 0.300
 Average Precision  (AP) @[ IoU=0.50      | area=   all | maxDets=1000 ] = 0.499
 Average Precision  (AP) @[ IoU=0.75      | area=   all | maxDets=1000 ] = 0.317
 Average Precision  (AP) @[ IoU=0.50:0.95 | area= small | maxDets=1000 ] = 0.004
 Average Precision  (AP) @[ IoU=0.50:0.95 | area=medium | maxDets=1000 ] = 0.069
 Average Precision  (AP) @[ IoU=0.50:0.95 | area= large | maxDets=1000 ] = 0.368
 Average Recall     (AR) @[ IoU=0.50:0.95 | area=   all | maxDets=100 ] = 0.408
 Average Recall     (AR) @[ IoU=0.50:0.95 | area=   all | maxDets=300 ] = 0.408
 Average Recall     (AR) @[ IoU=0.50:0.95 | area=   all | maxDets=1000 ] = 0.408
 Average Recall     (AR) @[ IoU=0.50:0.95 | area= small | maxDets=1000 ] = 0.004
 Average Recall     (AR) @[ IoU=0.50:0.95 | area=medium | maxDets=1000 ] = 0.146
 Average Recall     (AR) @[ IoU=0.50:0.95 | area= large | maxDets=1000 ] = 0.482
Loading and preparing results...
DONE (t=0.44s)
creating index...
index created!
Running per image evaluation...
Evaluate annotation type *segm*
DONE (t=3.57s).
Accumulating evaluation results...
DONE (t=0.34s).
 Average Precision  (AP) @[ IoU=0.50:0.95 | area=   all | maxDets=100 ] = 0.245
 Average Precision  (AP) @[ IoU=0.50      | area=   all | maxDets=1000 ] = 0.438
 Average Precision  (AP) @[ IoU=0.75      | area=   all | maxDets=1000 ] = 0.234
 Average Precision  (AP) @[ IoU=0.50:0.95 | area= small | maxDets=1000 ] = 0.001
 Average Precision  (AP) @[ IoU=0.50:0.95 | area=medium | maxDets=1000 ] = 0.055
 Average Precision  (AP) @[ IoU=0.50:0.95 | area= large | maxDets=1000 ] = 0.311
 Average Recall     (AR) @[ IoU=0.50:0.95 | area=   all | maxDets=100 ] = 0.333
 Average Recall     (AR) @[ IoU=0.50:0.95 | area=   all | maxDets=300 ] = 0.333
 Average Recall     (AR) @[ IoU=0.50:0.95 | area=   all | maxDets=1000 ] = 0.333
 Average Recall     (AR) @[ IoU=0.50:0.95 | area= small | maxDets=1000 ] = 0.006
 Average Recall     (AR) @[ IoU=0.50:0.95 | area=medium | maxDets=1000 ] = 0.126
 Average Recall     (AR) @[ IoU=0.50:0.95 | area= large | maxDets=1000 ] = 0.399
OrderedDict({'bbox_mAP': 0.3, 'bbox_mAP_50': 0.499, 'bbox_mAP_75': 0.317, 'bbox_mAP_s': 0.004, 'bbox_mAP_m': 0.069, 'bbox_mAP_l': 0.368, 'bbox_mAP_copypaste': '0.300 0.499 0.317 0.004 0.069 0.368', 'segm_mAP': 0.245, 'segm_mAP_50': 0.438, 'segm_mAP_75': 0.234, 'segm_mAP_s': 0.001, 'segm_mAP_m': 0.055, 'segm_mAP_l': 0.311, 'segm_mAP_copypaste': '0.245 0.438 0.234 0.001 0.055 0.311'})
/usr/lib/python3.12/multiprocessing/popen_fork.py:66: DeprecationWarning: This process (pid=21096) is multi-threaded, use of fork() may lead to deadlocks in the child.
  self.pid = os.fork()
/content/EALLIS/mmdetection/mmdet/core/anchor/anchor_generator.py:323: UserWarning: ``grid_anchors`` would be deprecated soon. Please use ``grid_priors`` 
  warnings.warn('``grid_anchors`` would be deprecated soon. '
/content/EALLIS/mmdetection/mmdet/core/anchor/anchor_generator.py:359: UserWarning: ``single_level_grid_anchors`` would be deprecated soon. Please use ``single_level_grid_priors`` 
  warnings.warn(
2026-06-30 01:59:42,212 - mmdet - INFO - Epoch [3][50/1324]	lr: 1.000e-02, eta: 3:22:35, time: 3.398, data_time: 0.164, memory: 10588, noise_inv_loss: 0.0008, clean_loss_rpn_cls: 0.0213, clean_loss_rpn_bbox: 0.0164, clean_loss_cls: 0.1163, clean_acc: 95.9619, clean_loss_bbox: 0.1321, clean_loss_mask: 0.2928, clean_edge_loss: 0.7311, loss_rpn_cls: 0.0349, loss_rpn_bbox: 0.0182, loss_cls: 0.1329, acc: 95.7246, loss_bbox: 0.1359, loss_mask: 0.3413, edge_loss: 0.7364, loss: 2.7103
2026-06-30 02:02:23,151 - mmdet - INFO - Epoch [3][100/1324]	lr: 1.000e-02, eta: 3:20:08, time: 3.219, data_time: 0.038, memory: 10588, noise_inv_loss: 0.0008, clean_loss_rpn_cls: 0.0240, clean_loss_rpn_bbox: 0.0173, clean_loss_cls: 0.1175, clean_acc: 95.8042, clean_loss_bbox: 0.1420, clean_loss_mask: 0.2926, clean_edge_loss: 0.7331, loss_rpn_cls: 0.0339, loss_rpn_bbox: 0.0187, loss_cls: 0.1309, acc: 95.5410, loss_bbox: 0.1430, loss_mask: 0.3281, edge_loss: 0.7383, loss: 2.7201
2026-06-30 02:05:04,776 - mmdet - INFO - Epoch [3][150/1324]	lr: 1.000e-02, eta: 3:17:42, time: 3.232, data_time: 0.042, memory: 10588, noise_inv_loss: 0.0008, clean_loss_rpn_cls: 0.0267, clean_loss_rpn_bbox: 0.0198, clean_loss_cls: 0.1228, clean_acc: 95.5610, clean_loss_bbox: 0.1495, clean_loss_mask: 0.2928, clean_edge_loss: 0.7347, loss_rpn_cls: 0.0399, loss_rpn_bbox: 0.0217, loss_cls: 0.1389, acc: 95.4204, loss_bbox: 0.1527, loss_mask: 0.3379, edge_loss: 0.7404, loss: 2.7786
2026-06-30 02:07:46,078 - mmdet - INFO - Epoch [3][200/1324]	lr: 1.000e-02, eta: 3:15:15, time: 3.226, data_time: 0.039, memory: 10622, noise_inv_loss: 0.0008, clean_loss_rpn_cls: 0.0199, clean_loss_rpn_bbox: 0.0176, clean_loss_cls: 0.1136, clean_acc: 95.8975, clean_loss_bbox: 0.1393, clean_loss_mask: 0.2878, clean_edge_loss: 0.7269, loss_rpn_cls: 0.0381, loss_rpn_bbox: 0.0198, loss_cls: 0.1305, acc: 95.8013, loss_bbox: 0.1391, loss_mask: 0.3305, edge_loss: 0.7305, loss: 2.6944
2026-06-30 02:10:24,953 - mmdet - INFO - Epoch [3][250/1324]	lr: 1.000e-02, eta: 3:12:44, time: 3.177, data_time: 0.041, memory: 10622, noise_inv_loss: 0.0008, clean_loss_rpn_cls: 0.0240, clean_loss_rpn_bbox: 0.0179, clean_loss_cls: 0.1136, clean_acc: 95.9858, clean_loss_bbox: 0.1351, clean_loss_mask: 0.2973, clean_edge_loss: 0.7286, loss_rpn_cls: 0.0373, loss_rpn_bbox: 0.0195, loss_cls: 0.1249, acc: 95.9321, loss_bbox: 0.1312, loss_mask: 0.3348, edge_loss: 0.7347, loss: 2.6998
2026-06-30 02:13:06,595 - mmdet - INFO - Epoch [3][300/1324]	lr: 1.000e-02, eta: 3:10:17, time: 3.233, data_time: 0.042, memory: 10622, noise_inv_loss: 0.0008, clean_loss_rpn_cls: 0.0222, clean_loss_rpn_bbox: 0.0187, clean_loss_cls: 0.1172, clean_acc: 95.7021, clean_loss_bbox: 0.1447, clean_loss_mask: 0.2871, clean_edge_loss: 0.7423, loss_rpn_cls: 0.0386, loss_rpn_bbox: 0.0206, loss_cls: 0.1352, acc: 95.3916, loss_bbox: 0.1483, loss_mask: 0.3303, edge_loss: 0.7473, loss: 2.7534
2026-06-30 02:15:47,881 - mmdet - INFO - Epoch [3][350/1324]	lr: 1.000e-02, eta: 3:07:48, time: 3.226, data_time: 0.040, memory: 10985, noise_inv_loss: 0.0008, clean_loss_rpn_cls: 0.0215, clean_loss_rpn_bbox: 0.0171, clean_loss_cls: 0.1204, clean_acc: 95.5962, clean_loss_bbox: 0.1466, clean_loss_mask: 0.2924, clean_edge_loss: 0.7327, loss_rpn_cls: 0.0350, loss_rpn_bbox: 0.0187, loss_cls: 0.1365, acc: 95.4551, loss_bbox: 0.1459, loss_mask: 0.3404, edge_loss: 0.7378, loss: 2.7458
2026-06-30 02:18:29,698 - mmdet - INFO - Epoch [3][400/1324]	lr: 1.000e-02, eta: 3:05:20, time: 3.236, data_time: 0.039, memory: 10985, noise_inv_loss: 0.0008, clean_loss_rpn_cls: 0.0228, clean_loss_rpn_bbox: 0.0169, clean_loss_cls: 0.1174, clean_acc: 95.7617, clean_loss_bbox: 0.1454, clean_loss_mask: 0.3001, clean_edge_loss: 0.7435, loss_rpn_cls: 0.0340, loss_rpn_bbox: 0.0182, loss_cls: 0.1353, acc: 95.5283, loss_bbox: 0.1485, loss_mask: 0.3428, edge_loss: 0.7478, loss: 2.7733
2026-06-30 02:21:08,280 - mmdet - INFO - Epoch [3][450/1324]	lr: 1.000e-02, eta: 3:02:48, time: 3.172, data_time: 0.036, memory: 10985, noise_inv_loss: 0.0008, clean_loss_rpn_cls: 0.0222, clean_loss_rpn_bbox: 0.0167, clean_loss_cls: 0.1127, clean_acc: 96.0767, clean_loss_bbox: 0.1314, clean_loss_mask: 0.3056, clean_edge_loss: 0.7246, loss_rpn_cls: 0.0359, loss_rpn_bbox: 0.0183, loss_cls: 0.1276, acc: 95.8857, loss_bbox: 0.1330, loss_mask: 0.3463, edge_loss: 0.7303, loss: 2.7055
2026-06-30 02:23:48,183 - mmdet - INFO - Epoch [3][500/1324]	lr: 1.000e-02, eta: 3:00:17, time: 3.198, data_time: 0.039, memory: 10985, noise_inv_loss: 0.0008, clean_loss_rpn_cls: 0.0254, clean_loss_rpn_bbox: 0.0180, clean_loss_cls: 0.1178, clean_acc: 95.8335, clean_loss_bbox: 0.1407, clean_loss_mask: 0.3034, clean_edge_loss: 0.7424, loss_rpn_cls: 0.0411, loss_rpn_bbox: 0.0198, loss_cls: 0.1310, acc: 95.7368, loss_bbox: 0.1405, loss_mask: 0.3506, edge_loss: 0.7481, loss: 2.7797
2026-06-30 02:26:28,538 - mmdet - INFO - Epoch [3][550/1324]	lr: 1.000e-02, eta: 2:57:46, time: 3.207, data_time: 0.040, memory: 10985, noise_inv_loss: 0.0008, clean_loss_rpn_cls: 0.0233, clean_loss_rpn_bbox: 0.0172, clean_loss_cls: 0.1153, clean_acc: 95.7910, clean_loss_bbox: 0.1378, clean_loss_mask: 0.2862, clean_edge_loss: 0.7224, loss_rpn_cls: 0.0357, loss_rpn_bbox: 0.0188, loss_cls: 0.1343, acc: 95.5474, loss_bbox: 0.1402, loss_mask: 0.3317, edge_loss: 0.7277, loss: 2.6916
2026-06-30 02:29:08,329 - mmdet - INFO - Epoch [3][600/1324]	lr: 1.000e-02, eta: 2:55:14, time: 3.196, data_time: 0.039, memory: 10985, noise_inv_loss: 0.0008, clean_loss_rpn_cls: 0.0237, clean_loss_rpn_bbox: 0.0200, clean_loss_cls: 0.1111, clean_acc: 96.0156, clean_loss_bbox: 0.1380, clean_loss_mask: 0.2922, clean_edge_loss: 0.7193, loss_rpn_cls: 0.0372, loss_rpn_bbox: 0.0212, loss_cls: 0.1219, acc: 95.8706, loss_bbox: 0.1363, loss_mask: 0.3274, edge_loss: 0.7235, loss: 2.6727
2026-06-30 02:31:48,463 - mmdet - INFO - Epoch [3][650/1324]	lr: 1.000e-02, eta: 2:52:42, time: 3.203, data_time: 0.040, memory: 10985, noise_inv_loss: 0.0008, clean_loss_rpn_cls: 0.0298, clean_loss_rpn_bbox: 0.0193, clean_loss_cls: 0.1194, clean_acc: 95.6606, clean_loss_bbox: 0.1439, clean_loss_mask: 0.2976, clean_edge_loss: 0.7305, loss_rpn_cls: 0.0431, loss_rpn_bbox: 0.0208, loss_cls: 0.1336, acc: 95.6475, loss_bbox: 0.1425, loss_mask: 0.3368, edge_loss: 0.7345, loss: 2.7527
2026-06-30 02:34:25,243 - mmdet - INFO - Epoch [3][700/1324]	lr: 1.000e-02, eta: 2:50:07, time: 3.136, data_time: 0.041, memory: 10985, noise_inv_loss: 0.0008, clean_loss_rpn_cls: 0.0243, clean_loss_rpn_bbox: 0.0167, clean_loss_cls: 0.1077, clean_acc: 96.3042, clean_loss_bbox: 0.1265, clean_loss_mask: 0.3025, clean_edge_loss: 0.7189, loss_rpn_cls: 0.0359, loss_rpn_bbox: 0.0182, loss_cls: 0.1247, acc: 96.0352, loss_bbox: 0.1295, loss_mask: 0.3446, edge_loss: 0.7240, loss: 2.6743
2026-06-30 02:37:04,685 - mmdet - INFO - Epoch [3][750/1324]	lr: 1.000e-02, eta: 2:47:35, time: 3.189, data_time: 0.040, memory: 10985, noise_inv_loss: 0.0008, clean_loss_rpn_cls: 0.0269, clean_loss_rpn_bbox: 0.0186, clean_loss_cls: 0.1187, clean_acc: 95.7974, clean_loss_bbox: 0.1438, clean_loss_mask: 0.3093, clean_edge_loss: 0.7266, loss_rpn_cls: 0.0395, loss_rpn_bbox: 0.0202, loss_cls: 0.1377, acc: 95.5156, loss_bbox: 0.1486, loss_mask: 0.3496, edge_loss: 0.7314, loss: 2.7719
2026-06-30 02:39:44,875 - mmdet - INFO - Epoch [3][800/1324]	lr: 1.000e-02, eta: 2:45:02, time: 3.204, data_time: 0.040, memory: 10985, noise_inv_loss: 0.0008, clean_loss_rpn_cls: 0.0215, clean_loss_rpn_bbox: 0.0180, clean_loss_cls: 0.1145, clean_acc: 95.8750, clean_loss_bbox: 0.1410, clean_loss_mask: 0.2974, clean_edge_loss: 0.7226, loss_rpn_cls: 0.0386, loss_rpn_bbox: 0.0204, loss_cls: 0.1345, acc: 95.6777, loss_bbox: 0.1416, loss_mask: 0.3401, edge_loss: 0.7289, loss: 2.7200
2026-06-30 02:42:24,338 - mmdet - INFO - Epoch [3][850/1324]	lr: 1.000e-02, eta: 2:42:29, time: 3.189, data_time: 0.039, memory: 10985, noise_inv_loss: 0.0008, clean_loss_rpn_cls: 0.0258, clean_loss_rpn_bbox: 0.0206, clean_loss_cls: 0.1215, clean_acc: 95.6675, clean_loss_bbox: 0.1429, clean_loss_mask: 0.2980, clean_edge_loss: 0.7282, loss_rpn_cls: 0.0386, loss_rpn_bbox: 0.0220, loss_cls: 0.1361, acc: 95.4473, loss_bbox: 0.1435, loss_mask: 0.3358, edge_loss: 0.7331, loss: 2.7468
2026-06-30 02:45:04,539 - mmdet - INFO - Epoch [3][900/1324]	lr: 1.000e-02, eta: 2:39:57, time: 3.204, data_time: 0.040, memory: 10985, noise_inv_loss: 0.0008, clean_loss_rpn_cls: 0.0229, clean_loss_rpn_bbox: 0.0171, clean_loss_cls: 0.1209, clean_acc: 95.6758, clean_loss_bbox: 0.1423, clean_loss_mask: 0.2992, clean_edge_loss: 0.7349, loss_rpn_cls: 0.0370, loss_rpn_bbox: 0.0184, loss_cls: 0.1342, acc: 95.6304, loss_bbox: 0.1428, loss_mask: 0.3397, edge_loss: 0.7391, loss: 2.7493
2026-06-30 02:47:43,665 - mmdet - INFO - Epoch [3][950/1324]	lr: 1.000e-02, eta: 2:37:23, time: 3.183, data_time: 0.043, memory: 10985, noise_inv_loss: 0.0008, clean_loss_rpn_cls: 0.0226, clean_loss_rpn_bbox: 0.0202, clean_loss_cls: 0.1146, clean_acc: 95.8989, clean_loss_bbox: 0.1456, clean_loss_mask: 0.3112, clean_edge_loss: 0.7373, loss_rpn_cls: 0.0377, loss_rpn_bbox: 0.0220, loss_cls: 0.1303, acc: 95.6929, loss_bbox: 0.1447, loss_mask: 0.3574, edge_loss: 0.7431, loss: 2.7877
2026-06-30 02:50:23,949 - mmdet - INFO - Epoch [3][1000/1324]	lr: 1.000e-02, eta: 2:34:50, time: 3.206, data_time: 0.040, memory: 10985, noise_inv_loss: 0.0008, clean_loss_rpn_cls: 0.0248, clean_loss_rpn_bbox: 0.0183, clean_loss_cls: 0.1208, clean_acc: 95.7295, clean_loss_bbox: 0.1444, clean_loss_mask: 0.3025, clean_edge_loss: 0.7351, loss_rpn_cls: 0.0402, loss_rpn_bbox: 0.0200, loss_cls: 0.1357, acc: 95.6011, loss_bbox: 0.1462, loss_mask: 0.3382, edge_loss: 0.7394, loss: 2.7664
2026-06-30 02:53:02,643 - mmdet - INFO - Epoch [3][1050/1324]	lr: 1.000e-02, eta: 2:32:16, time: 3.174, data_time: 0.042, memory: 10985, noise_inv_loss: 0.0008, clean_loss_rpn_cls: 0.0261, clean_loss_rpn_bbox: 0.0183, clean_loss_cls: 0.1192, clean_acc: 95.8013, clean_loss_bbox: 0.1392, clean_loss_mask: 0.2952, clean_edge_loss: 0.7326, loss_rpn_cls: 0.0388, loss_rpn_bbox: 0.0204, loss_cls: 0.1367, acc: 95.5830, loss_bbox: 0.1420, loss_mask: 0.3402, edge_loss: 0.7371, loss: 2.7466
2026-06-30 02:55:43,518 - mmdet - INFO - Epoch [3][1100/1324]	lr: 1.000e-02, eta: 2:29:43, time: 3.217, data_time: 0.039, memory: 10985, noise_inv_loss: 0.0008, clean_loss_rpn_cls: 0.0254, clean_loss_rpn_bbox: 0.0197, clean_loss_cls: 0.1211, clean_acc: 95.6489, clean_loss_bbox: 0.1458, clean_loss_mask: 0.2901, clean_edge_loss: 0.7312, loss_rpn_cls: 0.0398, loss_rpn_bbox: 0.0212, loss_cls: 0.1348, acc: 95.5537, loss_bbox: 0.1435, loss_mask: 0.3270, edge_loss: 0.7370, loss: 2.7376
2026-06-30 02:58:24,829 - mmdet - INFO - Epoch [3][1150/1324]	lr: 1.000e-02, eta: 2:27:10, time: 3.226, data_time: 0.042, memory: 10985, noise_inv_loss: 0.0008, clean_loss_rpn_cls: 0.0251, clean_loss_rpn_bbox: 0.0181, clean_loss_cls: 0.1145, clean_acc: 95.8589, clean_loss_bbox: 0.1438, clean_loss_mask: 0.2899, clean_edge_loss: 0.7344, loss_rpn_cls: 0.0361, loss_rpn_bbox: 0.0195, loss_cls: 0.1330, acc: 95.6050, loss_bbox: 0.1455, loss_mask: 0.3281, edge_loss: 0.7402, loss: 2.7289
2026-06-30 03:01:02,629 - mmdet - INFO - Epoch [3][1200/1324]	lr: 1.000e-02, eta: 2:24:34, time: 3.156, data_time: 0.040, memory: 10985, noise_inv_loss: 0.0008, clean_loss_rpn_cls: 0.0284, clean_loss_rpn_bbox: 0.0212, clean_loss_cls: 0.1221, clean_acc: 95.6738, clean_loss_bbox: 0.1417, clean_loss_mask: 0.3068, clean_edge_loss: 0.7201, loss_rpn_cls: 0.0442, loss_rpn_bbox: 0.0233, loss_cls: 0.1329, acc: 95.6748, loss_bbox: 0.1391, loss_mask: 0.3525, edge_loss: 0.7259, loss: 2.7588
2026-06-30 03:03:39,563 - mmdet - INFO - Epoch [3][1250/1324]	lr: 1.000e-02, eta: 2:21:58, time: 3.139, data_time: 0.039, memory: 10985, noise_inv_loss: 0.0008, clean_loss_rpn_cls: 0.0248, clean_loss_rpn_bbox: 0.0190, clean_loss_cls: 0.1207, clean_acc: 95.8379, clean_loss_bbox: 0.1352, clean_loss_mask: 0.2895, clean_edge_loss: 0.7197, loss_rpn_cls: 0.0382, loss_rpn_bbox: 0.0207, loss_cls: 0.1322, acc: 95.8047, loss_bbox: 0.1342, loss_mask: 0.3301, edge_loss: 0.7259, loss: 2.6911
2026-06-30 03:06:16,312 - mmdet - INFO - Epoch [3][1300/1324]	lr: 1.000e-02, eta: 2:19:22, time: 3.135, data_time: 0.038, memory: 10985, noise_inv_loss: 0.0008, clean_loss_rpn_cls: 0.0245, clean_loss_rpn_bbox: 0.0177, clean_loss_cls: 0.1110, clean_acc: 95.9551, clean_loss_bbox: 0.1307, clean_loss_mask: 0.2940, clean_edge_loss: 0.7073, loss_rpn_cls: 0.0378, loss_rpn_bbox: 0.0193, loss_cls: 0.1209, acc: 95.9492, loss_bbox: 0.1292, loss_mask: 0.3369, edge_loss: 0.7130, loss: 2.6432
[                                                  ] 0/669, elapsed: 0s, ETA:
[                                 ] 1/669, 1.7 task/s, elapsed: 1s, ETA:   393s
[                                 ] 2/669, 2.9 task/s, elapsed: 1s, ETA:   228s
[                                 ] 3/669, 3.9 task/s, elapsed: 1s, ETA:   173s
[                                 ] 4/669, 4.6 task/s, elapsed: 1s, ETA:   145s
[                                 ] 5/669, 5.2 task/s, elapsed: 1s, ETA:   128s
[                                 ] 6/669, 5.7 task/s, elapsed: 1s, ETA:   117s
[                                 ] 7/669, 6.0 task/s, elapsed: 1s, ETA:   110s
[                                 ] 8/669, 5.8 task/s, elapsed: 1s, ETA:   113s
[                                 ] 9/669, 6.2 task/s, elapsed: 1s, ETA:   107s
[                                ] 10/669, 6.2 task/s, elapsed: 2s, ETA:   106s
[                                ] 11/669, 6.0 task/s, elapsed: 2s, ETA:   109s
[                                ] 12/669, 6.0 task/s, elapsed: 2s, ETA:   109s
[                                ] 13/669, 6.2 task/s, elapsed: 2s, ETA:   106s
[                                ] 14/669, 6.4 task/s, elapsed: 2s, ETA:   103s
[                                ] 15/669, 6.6 task/s, elapsed: 2s, ETA:    99s
[                                ] 16/669, 6.7 task/s, elapsed: 2s, ETA:    97s
[                                ] 17/669, 6.9 task/s, elapsed: 2s, ETA:    95s
[                                ] 18/669, 6.9 task/s, elapsed: 3s, ETA:    95s
[                                ] 19/669, 6.9 task/s, elapsed: 3s, ETA:    94s
[                                ] 20/669, 7.0 task/s, elapsed: 3s, ETA:    92s
[>                               ] 21/669, 7.2 task/s, elapsed: 3s, ETA:    90s
[>                               ] 22/669, 7.1 task/s, elapsed: 3s, ETA:    91s
[>                               ] 23/669, 7.2 task/s, elapsed: 3s, ETA:    90s
[>                               ] 24/669, 7.3 task/s, elapsed: 3s, ETA:    89s
[>                               ] 25/669, 7.3 task/s, elapsed: 3s, ETA:    88s
[>                               ] 26/669, 7.4 task/s, elapsed: 4s, ETA:    87s
[>                               ] 27/669, 7.4 task/s, elapsed: 4s, ETA:    87s
[>                               ] 28/669, 7.3 task/s, elapsed: 4s, ETA:    88s
[>                               ] 29/669, 7.2 task/s, elapsed: 4s, ETA:    89s
[>                               ] 30/669, 7.2 task/s, elapsed: 4s, ETA:    89s
[>                               ] 31/669, 7.2 task/s, elapsed: 4s, ETA:    88s
[>                               ] 32/669, 7.3 task/s, elapsed: 4s, ETA:    87s
[>                               ] 33/669, 7.3 task/s, elapsed: 4s, ETA:    87s
[>                               ] 34/669, 7.4 task/s, elapsed: 5s, ETA:    86s
[>                               ] 35/669, 7.4 task/s, elapsed: 5s, ETA:    85s
[>                               ] 36/669, 7.5 task/s, elapsed: 5s, ETA:    84s
[>                               ] 37/669, 7.6 task/s, elapsed: 5s, ETA:    84s
[>                               ] 38/669, 7.6 task/s, elapsed: 5s, ETA:    83s
[>                               ] 39/669, 7.7 task/s, elapsed: 5s, ETA:    82s
[>                               ] 40/669, 7.7 task/s, elapsed: 5s, ETA:    82s
[>                               ] 41/669, 7.7 task/s, elapsed: 5s, ETA:    81s
[>>                              ] 42/669, 7.8 task/s, elapsed: 5s, ETA:    81s
[>>                              ] 43/669, 7.7 task/s, elapsed: 6s, ETA:    81s
[>>                              ] 44/669, 7.7 task/s, elapsed: 6s, ETA:    81s
[>>                              ] 45/669, 7.7 task/s, elapsed: 6s, ETA:    81s
[>>                              ] 46/669, 7.7 task/s, elapsed: 6s, ETA:    81s
[>>                              ] 47/669, 7.7 task/s, elapsed: 6s, ETA:    81s
[>>                              ] 48/669, 7.7 task/s, elapsed: 6s, ETA:    80s
[>>                              ] 49/669, 7.7 task/s, elapsed: 6s, ETA:    80s
[>>                              ] 50/669, 7.7 task/s, elapsed: 6s, ETA:    80s
[>>                              ] 51/669, 7.7 task/s, elapsed: 7s, ETA:    80s
[>>                              ] 52/669, 7.7 task/s, elapsed: 7s, ETA:    80s
[>>                              ] 53/669, 7.7 task/s, elapsed: 7s, ETA:    80s
[>>                              ] 54/669, 7.7 task/s, elapsed: 7s, ETA:    80s
[>>                              ] 55/669, 7.7 task/s, elapsed: 7s, ETA:    80s
[>>                              ] 56/669, 7.7 task/s, elapsed: 7s, ETA:    80s
[>>                              ] 57/669, 7.7 task/s, elapsed: 7s, ETA:    79s
[>>                              ] 58/669, 7.8 task/s, elapsed: 7s, ETA:    79s
[>>                              ] 59/669, 7.7 task/s, elapsed: 8s, ETA:    79s
[>>                              ] 60/669, 7.7 task/s, elapsed: 8s, ETA:    79s
[>>                              ] 61/669, 7.8 task/s, elapsed: 8s, ETA:    78s
[>>                              ] 62/669, 7.8 task/s, elapsed: 8s, ETA:    78s
[>>>                             ] 63/669, 7.8 task/s, elapsed: 8s, ETA:    77s
[>>>                             ] 64/669, 7.9 task/s, elapsed: 8s, ETA:    77s
[>>>                             ] 65/669, 7.9 task/s, elapsed: 8s, ETA:    77s
[>>>                             ] 66/669, 7.9 task/s, elapsed: 8s, ETA:    76s
[>>>                             ] 67/669, 7.9 task/s, elapsed: 8s, ETA:    76s
[>>>                             ] 68/669, 7.9 task/s, elapsed: 9s, ETA:    76s
[>>>                             ] 69/669, 7.9 task/s, elapsed: 9s, ETA:    76s
[>>>                             ] 70/669, 7.9 task/s, elapsed: 9s, ETA:    75s
[>>>                             ] 71/669, 7.9 task/s, elapsed: 9s, ETA:    75s
[>>>                             ] 72/669, 8.0 task/s, elapsed: 9s, ETA:    75s
[>>>                             ] 73/669, 7.9 task/s, elapsed: 9s, ETA:    75s
[>>>                             ] 74/669, 7.9 task/s, elapsed: 9s, ETA:    75s
[>>>                             ] 75/669, 7.9 task/s, elapsed: 9s, ETA:    75s
[>>>                            ] 76/669, 7.9 task/s, elapsed: 10s, ETA:    75s
[>>>                            ] 77/669, 8.0 task/s, elapsed: 10s, ETA:    74s
[>>>                            ] 78/669, 8.0 task/s, elapsed: 10s, ETA:    74s
[>>>                            ] 79/669, 8.0 task/s, elapsed: 10s, ETA:    74s
[>>>                            ] 80/669, 8.0 task/s, elapsed: 10s, ETA:    74s
[>>>                            ] 81/669, 8.0 task/s, elapsed: 10s, ETA:    74s
[>>>                            ] 82/669, 8.0 task/s, elapsed: 10s, ETA:    73s
[>>>                            ] 83/669, 8.0 task/s, elapsed: 10s, ETA:    73s
[>>>                            ] 84/669, 8.0 task/s, elapsed: 10s, ETA:    73s
[>>>                            ] 85/669, 8.1 task/s, elapsed: 11s, ETA:    73s
[>>>                            ] 86/669, 8.0 task/s, elapsed: 11s, ETA:    73s
[>>>>                           ] 87/669, 8.0 task/s, elapsed: 11s, ETA:    73s
[>>>>                           ] 88/669, 8.0 task/s, elapsed: 11s, ETA:    73s
[>>>>                           ] 89/669, 8.0 task/s, elapsed: 11s, ETA:    72s
[>>>>                           ] 90/669, 8.0 task/s, elapsed: 11s, ETA:    72s
[>>>>                           ] 91/669, 8.0 task/s, elapsed: 11s, ETA:    72s
[>>>>                           ] 92/669, 8.1 task/s, elapsed: 11s, ETA:    71s
[>>>>                           ] 93/669, 8.1 task/s, elapsed: 11s, ETA:    71s
[>>>>                           ] 94/669, 8.1 task/s, elapsed: 12s, ETA:    71s
[>>>>                           ] 95/669, 8.1 task/s, elapsed: 12s, ETA:    71s
[>>>>                           ] 96/669, 8.2 task/s, elapsed: 12s, ETA:    70s
[>>>>                           ] 97/669, 8.2 task/s, elapsed: 12s, ETA:    70s
[>>>>                           ] 98/669, 8.2 task/s, elapsed: 12s, ETA:    70s
[>>>>                           ] 99/669, 8.2 task/s, elapsed: 12s, ETA:    70s
[>>>>                          ] 100/669, 8.2 task/s, elapsed: 12s, ETA:    69s
[>>>>                          ] 101/669, 8.2 task/s, elapsed: 12s, ETA:    69s
[>>>>                          ] 102/669, 8.2 task/s, elapsed: 12s, ETA:    69s
[>>>>                          ] 103/669, 8.2 task/s, elapsed: 13s, ETA:    69s
[>>>>                          ] 104/669, 8.3 task/s, elapsed: 13s, ETA:    68s
[>>>>                          ] 105/669, 8.3 task/s, elapsed: 13s, ETA:    68s
[>>>>                          ] 106/669, 8.3 task/s, elapsed: 13s, ETA:    68s
[>>>>                          ] 107/669, 8.3 task/s, elapsed: 13s, ETA:    68s
[>>>>                          ] 108/669, 8.3 task/s, elapsed: 13s, ETA:    68s
[>>>>                          ] 109/669, 8.3 task/s, elapsed: 13s, ETA:    68s
[>>>>                          ] 110/669, 8.2 task/s, elapsed: 13s, ETA:    68s
[>>>>                          ] 111/669, 8.2 task/s, elapsed: 13s, ETA:    68s
[>>>>>                         ] 112/669, 8.2 task/s, elapsed: 14s, ETA:    68s
[>>>>>                         ] 113/669, 8.2 task/s, elapsed: 14s, ETA:    68s
[>>>>>                         ] 114/669, 8.2 task/s, elapsed: 14s, ETA:    68s
[>>>>>                         ] 115/669, 8.2 task/s, elapsed: 14s, ETA:    68s
[>>>>>                         ] 116/669, 8.2 task/s, elapsed: 14s, ETA:    68s
[>>>>>                         ] 117/669, 8.2 task/s, elapsed: 14s, ETA:    68s
[>>>>>                         ] 118/669, 8.1 task/s, elapsed: 14s, ETA:    68s
[>>>>>                         ] 119/669, 8.1 task/s, elapsed: 15s, ETA:    68s
[>>>>>                         ] 120/669, 8.1 task/s, elapsed: 15s, ETA:    68s
[>>>>>                         ] 121/669, 8.0 task/s, elapsed: 15s, ETA:    68s
[>>>>>                         ] 122/669, 8.0 task/s, elapsed: 15s, ETA:    68s
[>>>>>                         ] 123/669, 8.0 task/s, elapsed: 15s, ETA:    68s
[>>>>>                         ] 124/669, 8.0 task/s, elapsed: 16s, ETA:    68s
[>>>>>                         ] 125/669, 8.0 task/s, elapsed: 16s, ETA:    68s
[>>>>>                         ] 126/669, 8.0 task/s, elapsed: 16s, ETA:    68s
[>>>>>                         ] 127/669, 8.0 task/s, elapsed: 16s, ETA:    68s
[>>>>>                         ] 128/669, 8.0 task/s, elapsed: 16s, ETA:    67s
[>>>>>                         ] 129/669, 8.1 task/s, elapsed: 16s, ETA:    67s
[>>>>>                         ] 130/669, 8.1 task/s, elapsed: 16s, ETA:    67s
[>>>>>                         ] 131/669, 8.1 task/s, elapsed: 16s, ETA:    67s
[>>>>>                         ] 132/669, 8.1 task/s, elapsed: 16s, ETA:    66s
[>>>>>                         ] 133/669, 8.1 task/s, elapsed: 16s, ETA:    66s
[>>>>>>                        ] 134/669, 8.1 task/s, elapsed: 17s, ETA:    66s
[>>>>>>                        ] 135/669, 8.1 task/s, elapsed: 17s, ETA:    66s
[>>>>>>                        ] 136/669, 8.1 task/s, elapsed: 17s, ETA:    66s
[>>>>>>                        ] 137/669, 8.1 task/s, elapsed: 17s, ETA:    65s
[>>>>>>                        ] 138/669, 8.1 task/s, elapsed: 17s, ETA:    65s
[>>>>>>                        ] 139/669, 8.1 task/s, elapsed: 17s, ETA:    65s
[>>>>>>                        ] 140/669, 8.1 task/s, elapsed: 17s, ETA:    65s
[>>>>>>                        ] 141/669, 8.1 task/s, elapsed: 17s, ETA:    65s
[>>>>>>                        ] 142/669, 8.1 task/s, elapsed: 17s, ETA:    65s
[>>>>>>                        ] 143/669, 8.1 task/s, elapsed: 18s, ETA:    65s
[>>>>>>                        ] 144/669, 8.1 task/s, elapsed: 18s, ETA:    65s
[>>>>>>                        ] 145/669, 8.1 task/s, elapsed: 18s, ETA:    64s
[>>>>>>                        ] 146/669, 8.1 task/s, elapsed: 18s, ETA:    65s
[>>>>>>                        ] 147/669, 8.1 task/s, elapsed: 18s, ETA:    64s
[>>>>>>                        ] 148/669, 8.1 task/s, elapsed: 18s, ETA:    65s
[>>>>>>                        ] 149/669, 8.0 task/s, elapsed: 19s, ETA:    65s
[>>>>>>                        ] 150/669, 8.0 task/s, elapsed: 19s, ETA:    65s
[>>>>>>                        ] 151/669, 8.0 task/s, elapsed: 19s, ETA:    65s
[>>>>>>                        ] 152/669, 7.9 task/s, elapsed: 19s, ETA:    65s
[>>>>>>                        ] 153/669, 7.9 task/s, elapsed: 19s, ETA:    65s
[>>>>>>                        ] 154/669, 7.9 task/s, elapsed: 19s, ETA:    65s
[>>>>>>                        ] 155/669, 7.9 task/s, elapsed: 20s, ETA:    65s
[>>>>>>                        ] 156/669, 7.9 task/s, elapsed: 20s, ETA:    65s
[>>>>>>>                       ] 157/669, 7.9 task/s, elapsed: 20s, ETA:    65s
[>>>>>>>                       ] 158/669, 7.9 task/s, elapsed: 20s, ETA:    64s
[>>>>>>>                       ] 159/669, 7.9 task/s, elapsed: 20s, ETA:    64s
[>>>>>>>                       ] 160/669, 8.0 task/s, elapsed: 20s, ETA:    64s
[>>>>>>>                       ] 161/669, 7.9 task/s, elapsed: 20s, ETA:    64s
[>>>>>>>                       ] 162/669, 7.9 task/s, elapsed: 20s, ETA:    64s
[>>>>>>>                       ] 163/669, 8.0 task/s, elapsed: 20s, ETA:    64s
[>>>>>>>                       ] 164/669, 8.0 task/s, elapsed: 21s, ETA:    63s
[>>>>>>>                       ] 165/669, 8.0 task/s, elapsed: 21s, ETA:    63s
[>>>>>>>                       ] 166/669, 8.0 task/s, elapsed: 21s, ETA:    63s
[>>>>>>>                       ] 167/669, 8.0 task/s, elapsed: 21s, ETA:    63s
[>>>>>>>                       ] 168/669, 8.0 task/s, elapsed: 21s, ETA:    63s
[>>>>>>>                       ] 169/669, 8.0 task/s, elapsed: 21s, ETA:    63s
[>>>>>>>                       ] 170/669, 8.0 task/s, elapsed: 21s, ETA:    63s
[>>>>>>>                       ] 171/669, 8.0 task/s, elapsed: 21s, ETA:    62s
[>>>>>>>                       ] 172/669, 8.0 task/s, elapsed: 22s, ETA:    62s
[>>>>>>>                       ] 173/669, 8.0 task/s, elapsed: 22s, ETA:    62s
[>>>>>>>                       ] 174/669, 8.0 task/s, elapsed: 22s, ETA:    62s
[>>>>>>>                       ] 175/669, 8.0 task/s, elapsed: 22s, ETA:    62s
[>>>>>>>                       ] 176/669, 8.0 task/s, elapsed: 22s, ETA:    62s
[>>>>>>>                       ] 177/669, 8.0 task/s, elapsed: 22s, ETA:    62s
[>>>>>>>                       ] 178/669, 8.0 task/s, elapsed: 22s, ETA:    61s
[>>>>>>>>                      ] 179/669, 8.0 task/s, elapsed: 22s, ETA:    61s
[>>>>>>>>                      ] 180/669, 8.0 task/s, elapsed: 22s, ETA:    61s
[>>>>>>>>                      ] 181/669, 8.0 task/s, elapsed: 23s, ETA:    61s
[>>>>>>>>                      ] 182/669, 8.0 task/s, elapsed: 23s, ETA:    61s
[>>>>>>>>                      ] 183/669, 8.0 task/s, elapsed: 23s, ETA:    61s
[>>>>>>>>                      ] 184/669, 8.0 task/s, elapsed: 23s, ETA:    60s
[>>>>>>>>                      ] 185/669, 8.1 task/s, elapsed: 23s, ETA:    60s
[>>>>>>>>                      ] 186/669, 8.1 task/s, elapsed: 23s, ETA:    60s
[>>>>>>>>                      ] 187/669, 8.0 task/s, elapsed: 23s, ETA:    60s
[>>>>>>>>                      ] 188/669, 8.0 task/s, elapsed: 24s, ETA:    60s
[>>>>>>>>                      ] 189/669, 8.0 task/s, elapsed: 24s, ETA:    60s
[>>>>>>>>                      ] 190/669, 7.9 task/s, elapsed: 24s, ETA:    60s
[>>>>>>>>                      ] 191/669, 7.9 task/s, elapsed: 24s, ETA:    60s
[>>>>>>>>                      ] 192/669, 7.9 task/s, elapsed: 24s, ETA:    60s
[>>>>>>>>                      ] 193/669, 7.9 task/s, elapsed: 24s, ETA:    60s
[>>>>>>>>                      ] 194/669, 7.9 task/s, elapsed: 25s, ETA:    60s
[>>>>>>>>                      ] 195/669, 7.9 task/s, elapsed: 25s, ETA:    60s
[>>>>>>>>                      ] 196/669, 7.9 task/s, elapsed: 25s, ETA:    60s
[>>>>>>>>                      ] 197/669, 7.8 task/s, elapsed: 25s, ETA:    60s
[>>>>>>>>                      ] 198/669, 7.8 task/s, elapsed: 25s, ETA:    60s
[>>>>>>>>                      ] 199/669, 7.8 task/s, elapsed: 25s, ETA:    60s
[>>>>>>>>                      ] 200/669, 7.8 task/s, elapsed: 26s, ETA:    60s
[>>>>>>>>>                     ] 201/669, 7.8 task/s, elapsed: 26s, ETA:    60s
[>>>>>>>>>                     ] 202/669, 7.8 task/s, elapsed: 26s, ETA:    60s
[>>>>>>>>>                     ] 203/669, 7.8 task/s, elapsed: 26s, ETA:    60s
[>>>>>>>>>                     ] 204/669, 7.8 task/s, elapsed: 26s, ETA:    60s
[>>>>>>>>>                     ] 205/669, 7.8 task/s, elapsed: 26s, ETA:    59s
[>>>>>>>>>                     ] 206/669, 7.8 task/s, elapsed: 26s, ETA:    59s
[>>>>>>>>>                     ] 207/669, 7.8 task/s, elapsed: 26s, ETA:    59s
[>>>>>>>>>                     ] 208/669, 7.8 task/s, elapsed: 27s, ETA:    59s
[>>>>>>>>>                     ] 209/669, 7.8 task/s, elapsed: 27s, ETA:    59s
[>>>>>>>>>                     ] 210/669, 7.9 task/s, elapsed: 27s, ETA:    58s
[>>>>>>>>>                     ] 211/669, 7.9 task/s, elapsed: 27s, ETA:    58s
[>>>>>>>>>                     ] 212/669, 7.9 task/s, elapsed: 27s, ETA:    58s
[>>>>>>>>>                     ] 213/669, 7.9 task/s, elapsed: 27s, ETA:    58s
[>>>>>>>>>                     ] 214/669, 7.9 task/s, elapsed: 27s, ETA:    58s
[>>>>>>>>>                     ] 215/669, 7.9 task/s, elapsed: 27s, ETA:    58s
[>>>>>>>>>                     ] 216/669, 7.9 task/s, elapsed: 27s, ETA:    57s
[>>>>>>>>>                     ] 217/669, 7.9 task/s, elapsed: 27s, ETA:    57s
[>>>>>>>>>                     ] 218/669, 7.9 task/s, elapsed: 28s, ETA:    57s
[>>>>>>>>>                     ] 219/669, 7.9 task/s, elapsed: 28s, ETA:    57s
[>>>>>>>>>                     ] 220/669, 7.9 task/s, elapsed: 28s, ETA:    57s
[>>>>>>>>>                     ] 221/669, 7.9 task/s, elapsed: 28s, ETA:    57s
[>>>>>>>>>                     ] 222/669, 7.9 task/s, elapsed: 28s, ETA:    57s
[>>>>>>>>>>                    ] 223/669, 7.9 task/s, elapsed: 28s, ETA:    56s
[>>>>>>>>>>                    ] 224/669, 7.9 task/s, elapsed: 28s, ETA:    56s
[>>>>>>>>>>                    ] 225/669, 7.9 task/s, elapsed: 28s, ETA:    56s
[>>>>>>>>>>                    ] 226/669, 7.9 task/s, elapsed: 29s, ETA:    56s
[>>>>>>>>>>                    ] 227/669, 7.9 task/s, elapsed: 29s, ETA:    56s
[>>>>>>>>>>                    ] 228/669, 7.9 task/s, elapsed: 29s, ETA:    56s
[>>>>>>>>>>                    ] 229/669, 7.9 task/s, elapsed: 29s, ETA:    55s
[>>>>>>>>>>                    ] 230/669, 7.9 task/s, elapsed: 29s, ETA:    55s
[>>>>>>>>>>                    ] 231/669, 7.9 task/s, elapsed: 29s, ETA:    55s
[>>>>>>>>>>                    ] 232/669, 8.0 task/s, elapsed: 29s, ETA:    55s
[>>>>>>>>>>                    ] 233/669, 8.0 task/s, elapsed: 29s, ETA:    55s
[>>>>>>>>>>                    ] 234/669, 8.0 task/s, elapsed: 29s, ETA:    55s
[>>>>>>>>>>                    ] 235/669, 8.0 task/s, elapsed: 29s, ETA:    54s
[>>>>>>>>>>                    ] 236/669, 8.0 task/s, elapsed: 30s, ETA:    54s
[>>>>>>>>>>                    ] 237/669, 8.0 task/s, elapsed: 30s, ETA:    54s
[>>>>>>>>>>                    ] 238/669, 8.0 task/s, elapsed: 30s, ETA:    54s
[>>>>>>>>>>                    ] 239/669, 8.0 task/s, elapsed: 30s, ETA:    54s
[>>>>>>>>>>                    ] 240/669, 8.0 task/s, elapsed: 30s, ETA:    54s
[>>>>>>>>>>                    ] 241/669, 8.0 task/s, elapsed: 30s, ETA:    54s
[>>>>>>>>>>                    ] 242/669, 8.0 task/s, elapsed: 30s, ETA:    53s
[>>>>>>>>>>                    ] 243/669, 8.0 task/s, elapsed: 30s, ETA:    53s
[>>>>>>>>>>                    ] 244/669, 8.0 task/s, elapsed: 31s, ETA:    53s
[>>>>>>>>>>                    ] 245/669, 8.0 task/s, elapsed: 31s, ETA:    53s
[>>>>>>>>>>>                   ] 246/669, 8.0 task/s, elapsed: 31s, ETA:    53s
[>>>>>>>>>>>                   ] 247/669, 8.0 task/s, elapsed: 31s, ETA:    53s
[>>>>>>>>>>>                   ] 248/669, 8.0 task/s, elapsed: 31s, ETA:    53s
[>>>>>>>>>>>                   ] 249/669, 8.0 task/s, elapsed: 31s, ETA:    53s
[>>>>>>>>>>>                   ] 250/669, 8.0 task/s, elapsed: 31s, ETA:    53s
[>>>>>>>>>>>                   ] 251/669, 8.0 task/s, elapsed: 31s, ETA:    52s
[>>>>>>>>>>>                   ] 252/669, 8.0 task/s, elapsed: 32s, ETA:    52s
[>>>>>>>>>>>                   ] 253/669, 8.0 task/s, elapsed: 32s, ETA:    52s
[>>>>>>>>>>>                   ] 254/669, 8.0 task/s, elapsed: 32s, ETA:    52s
[>>>>>>>>>>>                   ] 255/669, 8.0 task/s, elapsed: 32s, ETA:    52s
[>>>>>>>>>>>                   ] 256/669, 8.0 task/s, elapsed: 32s, ETA:    52s
[>>>>>>>>>>>                   ] 257/669, 8.0 task/s, elapsed: 32s, ETA:    52s
[>>>>>>>>>>>                   ] 258/669, 7.9 task/s, elapsed: 32s, ETA:    52s
[>>>>>>>>>>>                   ] 259/669, 7.9 task/s, elapsed: 33s, ETA:    52s
[>>>>>>>>>>>                   ] 260/669, 7.9 task/s, elapsed: 33s, ETA:    52s
[>>>>>>>>>>>                   ] 261/669, 7.9 task/s, elapsed: 33s, ETA:    52s
[>>>>>>>>>>>                   ] 262/669, 7.8 task/s, elapsed: 34s, ETA:    52s
[>>>>>>>>>>>                   ] 263/669, 7.8 task/s, elapsed: 34s, ETA:    52s
[>>>>>>>>>>>                   ] 264/669, 7.8 task/s, elapsed: 34s, ETA:    52s
[>>>>>>>>>>>                   ] 265/669, 7.8 task/s, elapsed: 34s, ETA:    52s
[>>>>>>>>>>>                   ] 266/669, 7.7 task/s, elapsed: 34s, ETA:    52s
[>>>>>>>>>>>                   ] 267/669, 7.7 task/s, elapsed: 35s, ETA:    52s
[>>>>>>>>>>>>                  ] 268/669, 7.6 task/s, elapsed: 35s, ETA:    52s
[>>>>>>>>>>>>                  ] 269/669, 7.6 task/s, elapsed: 35s, ETA:    52s
[>>>>>>>>>>>>                  ] 270/669, 7.6 task/s, elapsed: 35s, ETA:    52s
[>>>>>>>>>>>>                  ] 271/669, 7.6 task/s, elapsed: 36s, ETA:    52s
[>>>>>>>>>>>>                  ] 272/669, 7.6 task/s, elapsed: 36s, ETA:    52s
[>>>>>>>>>>>>                  ] 273/669, 7.6 task/s, elapsed: 36s, ETA:    52s
[>>>>>>>>>>>>                  ] 274/669, 7.6 task/s, elapsed: 36s, ETA:    52s
[>>>>>>>>>>>>                  ] 275/669, 7.5 task/s, elapsed: 36s, ETA:    52s
[>>>>>>>>>>>>                  ] 276/669, 7.5 task/s, elapsed: 37s, ETA:    52s
[>>>>>>>>>>>>                  ] 277/669, 7.5 task/s, elapsed: 37s, ETA:    52s
[>>>>>>>>>>>>                  ] 278/669, 7.5 task/s, elapsed: 37s, ETA:    52s
[>>>>>>>>>>>>                  ] 279/669, 7.5 task/s, elapsed: 37s, ETA:    52s
[>>>>>>>>>>>>                  ] 280/669, 7.5 task/s, elapsed: 37s, ETA:    52s
[>>>>>>>>>>>>                  ] 281/669, 7.5 task/s, elapsed: 37s, ETA:    52s
[>>>>>>>>>>>>                  ] 282/669, 7.5 task/s, elapsed: 37s, ETA:    51s
[>>>>>>>>>>>>                  ] 283/669, 7.5 task/s, elapsed: 38s, ETA:    51s
[>>>>>>>>>>>>                  ] 284/669, 7.5 task/s, elapsed: 38s, ETA:    51s
[>>>>>>>>>>>>                  ] 285/669, 7.5 task/s, elapsed: 38s, ETA:    51s
[>>>>>>>>>>>>                  ] 286/669, 7.5 task/s, elapsed: 38s, ETA:    51s
[>>>>>>>>>>>>                  ] 287/669, 7.5 task/s, elapsed: 38s, ETA:    51s
[>>>>>>>>>>>>                  ] 288/669, 7.5 task/s, elapsed: 38s, ETA:    51s
[>>>>>>>>>>>>                  ] 289/669, 7.5 task/s, elapsed: 38s, ETA:    51s
[>>>>>>>>>>>>>                 ] 290/669, 7.5 task/s, elapsed: 39s, ETA:    50s
[>>>>>>>>>>>>>                 ] 291/669, 7.5 task/s, elapsed: 39s, ETA:    50s
[>>>>>>>>>>>>>                 ] 292/669, 7.5 task/s, elapsed: 39s, ETA:    50s
[>>>>>>>>>>>>>                 ] 293/669, 7.5 task/s, elapsed: 39s, ETA:    50s
[>>>>>>>>>>>>>                 ] 294/669, 7.5 task/s, elapsed: 39s, ETA:    50s
[>>>>>>>>>>>>>                 ] 295/669, 7.5 task/s, elapsed: 39s, ETA:    50s
[>>>>>>>>>>>>>                 ] 296/669, 7.5 task/s, elapsed: 39s, ETA:    49s
[>>>>>>>>>>>>>                 ] 297/669, 7.5 task/s, elapsed: 39s, ETA:    49s
[>>>>>>>>>>>>>                 ] 298/669, 7.6 task/s, elapsed: 39s, ETA:    49s
[>>>>>>>>>>>>>                 ] 299/669, 7.6 task/s, elapsed: 40s, ETA:    49s
[>>>>>>>>>>>>>                 ] 300/669, 7.6 task/s, elapsed: 40s, ETA:    49s
[>>>>>>>>>>>>>                 ] 301/669, 7.6 task/s, elapsed: 40s, ETA:    49s
[>>>>>>>>>>>>>                 ] 302/669, 7.6 task/s, elapsed: 40s, ETA:    49s
[>>>>>>>>>>>>>                 ] 303/669, 7.6 task/s, elapsed: 40s, ETA:    48s
[>>>>>>>>>>>>>                 ] 304/669, 7.6 task/s, elapsed: 40s, ETA:    48s
[>>>>>>>>>>>>>                 ] 305/669, 7.6 task/s, elapsed: 40s, ETA:    48s
[>>>>>>>>>>>>>                 ] 306/669, 7.6 task/s, elapsed: 40s, ETA:    48s
[>>>>>>>>>>>>>                 ] 307/669, 7.6 task/s, elapsed: 40s, ETA:    48s
[>>>>>>>>>>>>>                 ] 308/669, 7.6 task/s, elapsed: 41s, ETA:    48s
[>>>>>>>>>>>>>                 ] 309/669, 7.6 task/s, elapsed: 41s, ETA:    47s
[>>>>>>>>>>>>>                 ] 310/669, 7.6 task/s, elapsed: 41s, ETA:    47s
[>>>>>>>>>>>>>                 ] 311/669, 7.6 task/s, elapsed: 41s, ETA:    47s
[>>>>>>>>>>>>>                 ] 312/669, 7.6 task/s, elapsed: 41s, ETA:    47s
[>>>>>>>>>>>>>>                ] 313/669, 7.6 task/s, elapsed: 41s, ETA:    47s
[>>>>>>>>>>>>>>                ] 314/669, 7.6 task/s, elapsed: 41s, ETA:    47s
[>>>>>>>>>>>>>>                ] 315/669, 7.6 task/s, elapsed: 41s, ETA:    46s
[>>>>>>>>>>>>>>                ] 316/669, 7.6 task/s, elapsed: 41s, ETA:    46s
[>>>>>>>>>>>>>>                ] 317/669, 7.6 task/s, elapsed: 42s, ETA:    46s
[>>>>>>>>>>>>>>                ] 318/669, 7.6 task/s, elapsed: 42s, ETA:    46s
[>>>>>>>>>>>>>>                ] 319/669, 7.6 task/s, elapsed: 42s, ETA:    46s
[>>>>>>>>>>>>>>                ] 320/669, 7.6 task/s, elapsed: 42s, ETA:    46s
[>>>>>>>>>>>>>>                ] 321/669, 7.7 task/s, elapsed: 42s, ETA:    45s
[>>>>>>>>>>>>>>                ] 322/669, 7.7 task/s, elapsed: 42s, ETA:    45s
[>>>>>>>>>>>>>>                ] 323/669, 7.7 task/s, elapsed: 42s, ETA:    45s
[>>>>>>>>>>>>>>                ] 324/669, 7.7 task/s, elapsed: 42s, ETA:    45s
[>>>>>>>>>>>>>>                ] 325/669, 7.7 task/s, elapsed: 42s, ETA:    45s
[>>>>>>>>>>>>>>                ] 326/669, 7.7 task/s, elapsed: 42s, ETA:    45s
[>>>>>>>>>>>>>>                ] 327/669, 7.7 task/s, elapsed: 43s, ETA:    45s
[>>>>>>>>>>>>>>                ] 328/669, 7.7 task/s, elapsed: 43s, ETA:    44s
[>>>>>>>>>>>>>>                ] 329/669, 7.7 task/s, elapsed: 43s, ETA:    44s
[>>>>>>>>>>>>>>                ] 330/669, 7.7 task/s, elapsed: 43s, ETA:    44s
[>>>>>>>>>>>>>>                ] 331/669, 7.7 task/s, elapsed: 43s, ETA:    44s
[>>>>>>>>>>>>>>                ] 332/669, 7.7 task/s, elapsed: 43s, ETA:    44s
[>>>>>>>>>>>>>>                ] 333/669, 7.7 task/s, elapsed: 43s, ETA:    44s
[>>>>>>>>>>>>>>                ] 334/669, 7.7 task/s, elapsed: 43s, ETA:    43s
[>>>>>>>>>>>>>>>               ] 335/669, 7.7 task/s, elapsed: 43s, ETA:    43s
[>>>>>>>>>>>>>>>               ] 336/669, 7.7 task/s, elapsed: 43s, ETA:    43s
[>>>>>>>>>>>>>>>               ] 337/669, 7.7 task/s, elapsed: 44s, ETA:    43s
[>>>>>>>>>>>>>>>               ] 338/669, 7.7 task/s, elapsed: 44s, ETA:    43s
[>>>>>>>>>>>>>>>               ] 339/669, 7.7 task/s, elapsed: 44s, ETA:    43s
[>>>>>>>>>>>>>>>               ] 340/669, 7.7 task/s, elapsed: 44s, ETA:    43s
[>>>>>>>>>>>>>>>               ] 341/669, 7.7 task/s, elapsed: 44s, ETA:    42s
[>>>>>>>>>>>>>>>               ] 342/669, 7.7 task/s, elapsed: 44s, ETA:    42s
[>>>>>>>>>>>>>>>               ] 343/669, 7.7 task/s, elapsed: 44s, ETA:    42s
[>>>>>>>>>>>>>>>               ] 344/669, 7.7 task/s, elapsed: 44s, ETA:    42s
[>>>>>>>>>>>>>>>               ] 345/669, 7.7 task/s, elapsed: 45s, ETA:    42s
[>>>>>>>>>>>>>>>               ] 346/669, 7.7 task/s, elapsed: 45s, ETA:    42s
[>>>>>>>>>>>>>>>               ] 347/669, 7.7 task/s, elapsed: 45s, ETA:    42s
[>>>>>>>>>>>>>>>               ] 348/669, 7.8 task/s, elapsed: 45s, ETA:    41s
[>>>>>>>>>>>>>>>               ] 349/669, 7.8 task/s, elapsed: 45s, ETA:    41s
[>>>>>>>>>>>>>>>               ] 350/669, 7.8 task/s, elapsed: 45s, ETA:    41s
[>>>>>>>>>>>>>>>               ] 351/669, 7.8 task/s, elapsed: 45s, ETA:    41s
[>>>>>>>>>>>>>>>               ] 352/669, 7.8 task/s, elapsed: 45s, ETA:    41s
[>>>>>>>>>>>>>>>               ] 353/669, 7.8 task/s, elapsed: 45s, ETA:    41s
[>>>>>>>>>>>>>>>               ] 354/669, 7.8 task/s, elapsed: 46s, ETA:    40s
[>>>>>>>>>>>>>>>               ] 355/669, 7.8 task/s, elapsed: 46s, ETA:    40s
[>>>>>>>>>>>>>>>               ] 356/669, 7.8 task/s, elapsed: 46s, ETA:    40s
[>>>>>>>>>>>>>>>>              ] 357/669, 7.8 task/s, elapsed: 46s, ETA:    40s
[>>>>>>>>>>>>>>>>              ] 358/669, 7.8 task/s, elapsed: 46s, ETA:    40s
[>>>>>>>>>>>>>>>>              ] 359/669, 7.8 task/s, elapsed: 46s, ETA:    40s
[>>>>>>>>>>>>>>>>              ] 360/669, 7.8 task/s, elapsed: 46s, ETA:    40s
[>>>>>>>>>>>>>>>>              ] 361/669, 7.8 task/s, elapsed: 46s, ETA:    40s
[>>>>>>>>>>>>>>>>              ] 362/669, 7.8 task/s, elapsed: 46s, ETA:    39s
[>>>>>>>>>>>>>>>>              ] 363/669, 7.8 task/s, elapsed: 47s, ETA:    39s
[>>>>>>>>>>>>>>>>              ] 364/669, 7.8 task/s, elapsed: 47s, ETA:    39s
[>>>>>>>>>>>>>>>>              ] 365/669, 7.8 task/s, elapsed: 47s, ETA:    39s
[>>>>>>>>>>>>>>>>              ] 366/669, 7.8 task/s, elapsed: 47s, ETA:    39s
[>>>>>>>>>>>>>>>>              ] 367/669, 7.8 task/s, elapsed: 47s, ETA:    39s
[>>>>>>>>>>>>>>>>              ] 368/669, 7.8 task/s, elapsed: 47s, ETA:    39s
[>>>>>>>>>>>>>>>>              ] 369/669, 7.8 task/s, elapsed: 47s, ETA:    38s
[>>>>>>>>>>>>>>>>              ] 370/669, 7.8 task/s, elapsed: 47s, ETA:    38s
[>>>>>>>>>>>>>>>>              ] 371/669, 7.8 task/s, elapsed: 48s, ETA:    38s
[>>>>>>>>>>>>>>>>              ] 372/669, 7.8 task/s, elapsed: 48s, ETA:    38s
[>>>>>>>>>>>>>>>>              ] 373/669, 7.8 task/s, elapsed: 48s, ETA:    38s
[>>>>>>>>>>>>>>>>              ] 374/669, 7.8 task/s, elapsed: 48s, ETA:    38s
[>>>>>>>>>>>>>>>>              ] 375/669, 7.8 task/s, elapsed: 48s, ETA:    38s
[>>>>>>>>>>>>>>>>              ] 376/669, 7.8 task/s, elapsed: 48s, ETA:    38s
[>>>>>>>>>>>>>>>>              ] 377/669, 7.8 task/s, elapsed: 49s, ETA:    38s
[>>>>>>>>>>>>>>>>              ] 378/669, 7.8 task/s, elapsed: 49s, ETA:    38s
[>>>>>>>>>>>>>>>>              ] 379/669, 7.8 task/s, elapsed: 49s, ETA:    37s
[>>>>>>>>>>>>>>>>>             ] 380/669, 7.8 task/s, elapsed: 49s, ETA:    37s
[>>>>>>>>>>>>>>>>>             ] 381/669, 7.8 task/s, elapsed: 49s, ETA:    37s
[>>>>>>>>>>>>>>>>>             ] 382/669, 7.8 task/s, elapsed: 49s, ETA:    37s
[>>>>>>>>>>>>>>>>>             ] 383/669, 7.8 task/s, elapsed: 49s, ETA:    37s
[>>>>>>>>>>>>>>>>>             ] 384/669, 7.8 task/s, elapsed: 49s, ETA:    37s
[>>>>>>>>>>>>>>>>>             ] 385/669, 7.8 task/s, elapsed: 50s, ETA:    37s
[>>>>>>>>>>>>>>>>>             ] 386/669, 7.8 task/s, elapsed: 50s, ETA:    36s
[>>>>>>>>>>>>>>>>>             ] 387/669, 7.8 task/s, elapsed: 50s, ETA:    36s
[>>>>>>>>>>>>>>>>>             ] 388/669, 7.8 task/s, elapsed: 50s, ETA:    36s
[>>>>>>>>>>>>>>>>>             ] 389/669, 7.8 task/s, elapsed: 50s, ETA:    36s
[>>>>>>>>>>>>>>>>>             ] 390/669, 7.8 task/s, elapsed: 50s, ETA:    36s
[>>>>>>>>>>>>>>>>>             ] 391/669, 7.8 task/s, elapsed: 50s, ETA:    36s
[>>>>>>>>>>>>>>>>>             ] 392/669, 7.8 task/s, elapsed: 51s, ETA:    36s
[>>>>>>>>>>>>>>>>>             ] 393/669, 7.8 task/s, elapsed: 51s, ETA:    36s
[>>>>>>>>>>>>>>>>>             ] 394/669, 7.8 task/s, elapsed: 51s, ETA:    35s
[>>>>>>>>>>>>>>>>>             ] 395/669, 7.8 task/s, elapsed: 51s, ETA:    35s
[>>>>>>>>>>>>>>>>>             ] 396/669, 7.8 task/s, elapsed: 51s, ETA:    35s
[>>>>>>>>>>>>>>>>>             ] 397/669, 7.8 task/s, elapsed: 51s, ETA:    35s
[>>>>>>>>>>>>>>>>>             ] 398/669, 7.8 task/s, elapsed: 51s, ETA:    35s
[>>>>>>>>>>>>>>>>>             ] 399/669, 7.8 task/s, elapsed: 51s, ETA:    35s
[>>>>>>>>>>>>>>>>>             ] 400/669, 7.8 task/s, elapsed: 51s, ETA:    35s
[>>>>>>>>>>>>>>>>>             ] 401/669, 7.8 task/s, elapsed: 52s, ETA:    34s
[>>>>>>>>>>>>>>>>>>            ] 402/669, 7.8 task/s, elapsed: 52s, ETA:    34s
[>>>>>>>>>>>>>>>>>>            ] 403/669, 7.8 task/s, elapsed: 52s, ETA:    34s
[>>>>>>>>>>>>>>>>>>            ] 404/669, 7.8 task/s, elapsed: 52s, ETA:    34s
[>>>>>>>>>>>>>>>>>>            ] 405/669, 7.8 task/s, elapsed: 52s, ETA:    34s
[>>>>>>>>>>>>>>>>>>            ] 406/669, 7.8 task/s, elapsed: 52s, ETA:    34s
[>>>>>>>>>>>>>>>>>>            ] 407/669, 7.8 task/s, elapsed: 52s, ETA:    34s
[>>>>>>>>>>>>>>>>>>            ] 408/669, 7.8 task/s, elapsed: 52s, ETA:    33s
[>>>>>>>>>>>>>>>>>>            ] 409/669, 7.8 task/s, elapsed: 52s, ETA:    33s
[>>>>>>>>>>>>>>>>>>            ] 410/669, 7.8 task/s, elapsed: 52s, ETA:    33s
[>>>>>>>>>>>>>>>>>>            ] 411/669, 7.8 task/s, elapsed: 53s, ETA:    33s
[>>>>>>>>>>>>>>>>>>            ] 412/669, 7.8 task/s, elapsed: 53s, ETA:    33s
[>>>>>>>>>>>>>>>>>>            ] 413/669, 7.8 task/s, elapsed: 53s, ETA:    33s
[>>>>>>>>>>>>>>>>>>            ] 414/669, 7.8 task/s, elapsed: 53s, ETA:    33s
[>>>>>>>>>>>>>>>>>>            ] 415/669, 7.8 task/s, elapsed: 53s, ETA:    32s
[>>>>>>>>>>>>>>>>>>            ] 416/669, 7.8 task/s, elapsed: 53s, ETA:    32s
[>>>>>>>>>>>>>>>>>>            ] 417/669, 7.8 task/s, elapsed: 53s, ETA:    32s
[>>>>>>>>>>>>>>>>>>            ] 418/669, 7.9 task/s, elapsed: 53s, ETA:    32s
[>>>>>>>>>>>>>>>>>>            ] 419/669, 7.9 task/s, elapsed: 53s, ETA:    32s
[>>>>>>>>>>>>>>>>>>            ] 420/669, 7.9 task/s, elapsed: 53s, ETA:    32s
[>>>>>>>>>>>>>>>>>>            ] 421/669, 7.9 task/s, elapsed: 54s, ETA:    32s
[>>>>>>>>>>>>>>>>>>            ] 422/669, 7.9 task/s, elapsed: 54s, ETA:    31s
[>>>>>>>>>>>>>>>>>>            ] 423/669, 7.9 task/s, elapsed: 54s, ETA:    31s
[>>>>>>>>>>>>>>>>>>>           ] 424/669, 7.9 task/s, elapsed: 54s, ETA:    31s
[>>>>>>>>>>>>>>>>>>>           ] 425/669, 7.9 task/s, elapsed: 54s, ETA:    31s
[>>>>>>>>>>>>>>>>>>>           ] 426/669, 7.9 task/s, elapsed: 54s, ETA:    31s
[>>>>>>>>>>>>>>>>>>>           ] 427/669, 7.9 task/s, elapsed: 54s, ETA:    31s
[>>>>>>>>>>>>>>>>>>>           ] 428/669, 7.9 task/s, elapsed: 54s, ETA:    31s
[>>>>>>>>>>>>>>>>>>>           ] 429/669, 7.9 task/s, elapsed: 54s, ETA:    30s
[>>>>>>>>>>>>>>>>>>>           ] 430/669, 7.9 task/s, elapsed: 54s, ETA:    30s
[>>>>>>>>>>>>>>>>>>>           ] 431/669, 7.9 task/s, elapsed: 54s, ETA:    30s
[>>>>>>>>>>>>>>>>>>>           ] 432/669, 7.9 task/s, elapsed: 55s, ETA:    30s
[>>>>>>>>>>>>>>>>>>>           ] 433/669, 7.9 task/s, elapsed: 55s, ETA:    30s
[>>>>>>>>>>>>>>>>>>>           ] 434/669, 7.9 task/s, elapsed: 55s, ETA:    30s
[>>>>>>>>>>>>>>>>>>>           ] 435/669, 7.9 task/s, elapsed: 55s, ETA:    30s
[>>>>>>>>>>>>>>>>>>>           ] 436/669, 7.9 task/s, elapsed: 55s, ETA:    29s
[>>>>>>>>>>>>>>>>>>>           ] 437/669, 7.9 task/s, elapsed: 55s, ETA:    29s
[>>>>>>>>>>>>>>>>>>>           ] 438/669, 7.9 task/s, elapsed: 55s, ETA:    29s
[>>>>>>>>>>>>>>>>>>>           ] 439/669, 7.9 task/s, elapsed: 55s, ETA:    29s
[>>>>>>>>>>>>>>>>>>>           ] 440/669, 7.9 task/s, elapsed: 55s, ETA:    29s
[>>>>>>>>>>>>>>>>>>>           ] 441/669, 7.9 task/s, elapsed: 55s, ETA:    29s
[>>>>>>>>>>>>>>>>>>>           ] 442/669, 7.9 task/s, elapsed: 56s, ETA:    29s
[>>>>>>>>>>>>>>>>>>>           ] 443/669, 7.9 task/s, elapsed: 56s, ETA:    28s
[>>>>>>>>>>>>>>>>>>>           ] 444/669, 8.0 task/s, elapsed: 56s, ETA:    28s
[>>>>>>>>>>>>>>>>>>>           ] 445/669, 8.0 task/s, elapsed: 56s, ETA:    28s
[>>>>>>>>>>>>>>>>>>>>          ] 446/669, 8.0 task/s, elapsed: 56s, ETA:    28s
[>>>>>>>>>>>>>>>>>>>>          ] 447/669, 8.0 task/s, elapsed: 56s, ETA:    28s
[>>>>>>>>>>>>>>>>>>>>          ] 448/669, 8.0 task/s, elapsed: 56s, ETA:    28s
[>>>>>>>>>>>>>>>>>>>>          ] 449/669, 8.0 task/s, elapsed: 56s, ETA:    28s
[>>>>>>>>>>>>>>>>>>>>          ] 450/669, 8.0 task/s, elapsed: 57s, ETA:    28s
[>>>>>>>>>>>>>>>>>>>>          ] 451/669, 8.0 task/s, elapsed: 57s, ETA:    27s
[>>>>>>>>>>>>>>>>>>>>          ] 452/669, 8.0 task/s, elapsed: 57s, ETA:    27s
[>>>>>>>>>>>>>>>>>>>>          ] 453/669, 8.0 task/s, elapsed: 57s, ETA:    27s
[>>>>>>>>>>>>>>>>>>>>          ] 454/669, 8.0 task/s, elapsed: 57s, ETA:    27s
[>>>>>>>>>>>>>>>>>>>>          ] 455/669, 8.0 task/s, elapsed: 57s, ETA:    27s
[>>>>>>>>>>>>>>>>>>>>          ] 456/669, 8.0 task/s, elapsed: 57s, ETA:    27s
[>>>>>>>>>>>>>>>>>>>>          ] 457/669, 8.0 task/s, elapsed: 57s, ETA:    27s
[>>>>>>>>>>>>>>>>>>>>          ] 458/669, 8.0 task/s, elapsed: 57s, ETA:    26s
[>>>>>>>>>>>>>>>>>>>>          ] 459/669, 8.0 task/s, elapsed: 58s, ETA:    26s
[>>>>>>>>>>>>>>>>>>>>          ] 460/669, 8.0 task/s, elapsed: 58s, ETA:    26s
[>>>>>>>>>>>>>>>>>>>>          ] 461/669, 8.0 task/s, elapsed: 58s, ETA:    26s
[>>>>>>>>>>>>>>>>>>>>          ] 462/669, 8.0 task/s, elapsed: 58s, ETA:    26s
[>>>>>>>>>>>>>>>>>>>>          ] 463/669, 8.0 task/s, elapsed: 58s, ETA:    26s
[>>>>>>>>>>>>>>>>>>>>          ] 464/669, 8.0 task/s, elapsed: 58s, ETA:    26s
[>>>>>>>>>>>>>>>>>>>>          ] 465/669, 8.0 task/s, elapsed: 58s, ETA:    26s
[>>>>>>>>>>>>>>>>>>>>          ] 466/669, 7.9 task/s, elapsed: 59s, ETA:    26s
[>>>>>>>>>>>>>>>>>>>>          ] 467/669, 7.9 task/s, elapsed: 59s, ETA:    25s
[>>>>>>>>>>>>>>>>>>>>          ] 468/669, 7.9 task/s, elapsed: 59s, ETA:    25s
[>>>>>>>>>>>>>>>>>>>>>         ] 469/669, 7.9 task/s, elapsed: 59s, ETA:    25s
[>>>>>>>>>>>>>>>>>>>>>         ] 470/669, 7.9 task/s, elapsed: 59s, ETA:    25s
[>>>>>>>>>>>>>>>>>>>>>         ] 471/669, 7.9 task/s, elapsed: 59s, ETA:    25s
[>>>>>>>>>>>>>>>>>>>>>         ] 472/669, 8.0 task/s, elapsed: 59s, ETA:    25s
[>>>>>>>>>>>>>>>>>>>>>         ] 473/669, 8.0 task/s, elapsed: 59s, ETA:    25s
[>>>>>>>>>>>>>>>>>>>>>         ] 474/669, 8.0 task/s, elapsed: 60s, ETA:    25s
[>>>>>>>>>>>>>>>>>>>>>         ] 475/669, 8.0 task/s, elapsed: 60s, ETA:    24s
[>>>>>>>>>>>>>>>>>>>>>         ] 476/669, 7.9 task/s, elapsed: 60s, ETA:    24s
[>>>>>>>>>>>>>>>>>>>>>         ] 477/669, 7.9 task/s, elapsed: 60s, ETA:    24s
[>>>>>>>>>>>>>>>>>>>>>         ] 478/669, 7.9 task/s, elapsed: 60s, ETA:    24s
[>>>>>>>>>>>>>>>>>>>>>         ] 479/669, 8.0 task/s, elapsed: 60s, ETA:    24s
[>>>>>>>>>>>>>>>>>>>>>         ] 480/669, 8.0 task/s, elapsed: 60s, ETA:    24s
[>>>>>>>>>>>>>>>>>>>>>         ] 481/669, 7.9 task/s, elapsed: 61s, ETA:    24s
[>>>>>>>>>>>>>>>>>>>>>         ] 482/669, 7.9 task/s, elapsed: 61s, ETA:    24s
[>>>>>>>>>>>>>>>>>>>>>         ] 483/669, 7.9 task/s, elapsed: 61s, ETA:    23s
[>>>>>>>>>>>>>>>>>>>>>         ] 484/669, 7.9 task/s, elapsed: 61s, ETA:    23s
[>>>>>>>>>>>>>>>>>>>>>         ] 485/669, 8.0 task/s, elapsed: 61s, ETA:    23s
[>>>>>>>>>>>>>>>>>>>>>         ] 486/669, 8.0 task/s, elapsed: 61s, ETA:    23s
[>>>>>>>>>>>>>>>>>>>>>         ] 487/669, 7.9 task/s, elapsed: 61s, ETA:    23s
[>>>>>>>>>>>>>>>>>>>>>         ] 488/669, 7.9 task/s, elapsed: 62s, ETA:    23s
[>>>>>>>>>>>>>>>>>>>>>         ] 489/669, 7.9 task/s, elapsed: 62s, ETA:    23s
[>>>>>>>>>>>>>>>>>>>>>         ] 490/669, 7.9 task/s, elapsed: 62s, ETA:    23s
[>>>>>>>>>>>>>>>>>>>>>>        ] 491/669, 7.9 task/s, elapsed: 62s, ETA:    23s
[>>>>>>>>>>>>>>>>>>>>>>        ] 492/669, 7.9 task/s, elapsed: 62s, ETA:    22s
[>>>>>>>>>>>>>>>>>>>>>>        ] 493/669, 7.9 task/s, elapsed: 62s, ETA:    22s
[>>>>>>>>>>>>>>>>>>>>>>        ] 494/669, 7.9 task/s, elapsed: 63s, ETA:    22s
[>>>>>>>>>>>>>>>>>>>>>>        ] 495/669, 7.9 task/s, elapsed: 63s, ETA:    22s
[>>>>>>>>>>>>>>>>>>>>>>        ] 496/669, 7.9 task/s, elapsed: 63s, ETA:    22s
[>>>>>>>>>>>>>>>>>>>>>>        ] 497/669, 7.9 task/s, elapsed: 63s, ETA:    22s
[>>>>>>>>>>>>>>>>>>>>>>        ] 498/669, 7.9 task/s, elapsed: 63s, ETA:    22s
[>>>>>>>>>>>>>>>>>>>>>>        ] 499/669, 7.9 task/s, elapsed: 64s, ETA:    22s
[>>>>>>>>>>>>>>>>>>>>>>        ] 500/669, 7.8 task/s, elapsed: 64s, ETA:    22s
[>>>>>>>>>>>>>>>>>>>>>>        ] 501/669, 7.8 task/s, elapsed: 64s, ETA:    21s
[>>>>>>>>>>>>>>>>>>>>>>        ] 502/669, 7.8 task/s, elapsed: 64s, ETA:    21s
[>>>>>>>>>>>>>>>>>>>>>>        ] 503/669, 7.8 task/s, elapsed: 64s, ETA:    21s
[>>>>>>>>>>>>>>>>>>>>>>        ] 504/669, 7.8 task/s, elapsed: 64s, ETA:    21s
[>>>>>>>>>>>>>>>>>>>>>>        ] 505/669, 7.8 task/s, elapsed: 64s, ETA:    21s
[>>>>>>>>>>>>>>>>>>>>>>        ] 506/669, 7.9 task/s, elapsed: 64s, ETA:    21s
[>>>>>>>>>>>>>>>>>>>>>>        ] 507/669, 7.9 task/s, elapsed: 65s, ETA:    21s
[>>>>>>>>>>>>>>>>>>>>>>        ] 508/669, 7.8 task/s, elapsed: 65s, ETA:    21s
[>>>>>>>>>>>>>>>>>>>>>>        ] 509/669, 7.8 task/s, elapsed: 65s, ETA:    20s
[>>>>>>>>>>>>>>>>>>>>>>        ] 510/669, 7.9 task/s, elapsed: 65s, ETA:    20s
[>>>>>>>>>>>>>>>>>>>>>>        ] 511/669, 7.9 task/s, elapsed: 65s, ETA:    20s
[>>>>>>>>>>>>>>>>>>>>>>        ] 512/669, 7.9 task/s, elapsed: 65s, ETA:    20s
[>>>>>>>>>>>>>>>>>>>>>>>       ] 513/669, 7.9 task/s, elapsed: 65s, ETA:    20s
[>>>>>>>>>>>>>>>>>>>>>>>       ] 514/669, 7.9 task/s, elapsed: 65s, ETA:    20s
[>>>>>>>>>>>>>>>>>>>>>>>       ] 515/669, 7.9 task/s, elapsed: 66s, ETA:    20s
[>>>>>>>>>>>>>>>>>>>>>>>       ] 516/669, 7.9 task/s, elapsed: 66s, ETA:    19s
[>>>>>>>>>>>>>>>>>>>>>>>       ] 517/669, 7.9 task/s, elapsed: 66s, ETA:    19s
[>>>>>>>>>>>>>>>>>>>>>>>       ] 518/669, 7.9 task/s, elapsed: 66s, ETA:    19s
[>>>>>>>>>>>>>>>>>>>>>>>       ] 519/669, 7.9 task/s, elapsed: 66s, ETA:    19s
[>>>>>>>>>>>>>>>>>>>>>>>       ] 520/669, 7.9 task/s, elapsed: 66s, ETA:    19s
[>>>>>>>>>>>>>>>>>>>>>>>       ] 521/669, 7.9 task/s, elapsed: 66s, ETA:    19s
[>>>>>>>>>>>>>>>>>>>>>>>       ] 522/669, 7.9 task/s, elapsed: 66s, ETA:    19s
[>>>>>>>>>>>>>>>>>>>>>>>       ] 523/669, 7.9 task/s, elapsed: 66s, ETA:    19s
[>>>>>>>>>>>>>>>>>>>>>>>       ] 524/669, 7.9 task/s, elapsed: 67s, ETA:    18s
[>>>>>>>>>>>>>>>>>>>>>>>       ] 525/669, 7.9 task/s, elapsed: 67s, ETA:    18s
[>>>>>>>>>>>>>>>>>>>>>>>       ] 526/669, 7.9 task/s, elapsed: 67s, ETA:    18s
[>>>>>>>>>>>>>>>>>>>>>>>       ] 527/669, 7.9 task/s, elapsed: 67s, ETA:    18s
[>>>>>>>>>>>>>>>>>>>>>>>       ] 528/669, 7.8 task/s, elapsed: 67s, ETA:    18s
[>>>>>>>>>>>>>>>>>>>>>>>       ] 529/669, 7.8 task/s, elapsed: 67s, ETA:    18s
[>>>>>>>>>>>>>>>>>>>>>>>       ] 530/669, 7.9 task/s, elapsed: 68s, ETA:    18s
[>>>>>>>>>>>>>>>>>>>>>>>       ] 531/669, 7.9 task/s, elapsed: 68s, ETA:    18s
[>>>>>>>>>>>>>>>>>>>>>>>       ] 532/669, 7.9 task/s, elapsed: 68s, ETA:    17s
[>>>>>>>>>>>>>>>>>>>>>>>       ] 533/669, 7.9 task/s, elapsed: 68s, ETA:    17s
[>>>>>>>>>>>>>>>>>>>>>>>       ] 534/669, 7.9 task/s, elapsed: 68s, ETA:    17s
[>>>>>>>>>>>>>>>>>>>>>>>       ] 535/669, 7.9 task/s, elapsed: 68s, ETA:    17s
[>>>>>>>>>>>>>>>>>>>>>>>>      ] 536/669, 7.9 task/s, elapsed: 68s, ETA:    17s
[>>>>>>>>>>>>>>>>>>>>>>>>      ] 537/669, 7.9 task/s, elapsed: 68s, ETA:    17s
[>>>>>>>>>>>>>>>>>>>>>>>>      ] 538/669, 7.9 task/s, elapsed: 68s, ETA:    17s
[>>>>>>>>>>>>>>>>>>>>>>>>      ] 539/669, 7.9 task/s, elapsed: 68s, ETA:    17s
[>>>>>>>>>>>>>>>>>>>>>>>>      ] 540/669, 7.9 task/s, elapsed: 69s, ETA:    16s
[>>>>>>>>>>>>>>>>>>>>>>>>      ] 541/669, 7.9 task/s, elapsed: 69s, ETA:    16s
[>>>>>>>>>>>>>>>>>>>>>>>>      ] 542/669, 7.9 task/s, elapsed: 69s, ETA:    16s
[>>>>>>>>>>>>>>>>>>>>>>>>      ] 543/669, 7.9 task/s, elapsed: 69s, ETA:    16s
[>>>>>>>>>>>>>>>>>>>>>>>>      ] 544/669, 7.9 task/s, elapsed: 69s, ETA:    16s
[>>>>>>>>>>>>>>>>>>>>>>>>      ] 545/669, 7.9 task/s, elapsed: 69s, ETA:    16s
[>>>>>>>>>>>>>>>>>>>>>>>>      ] 546/669, 7.9 task/s, elapsed: 69s, ETA:    16s
[>>>>>>>>>>>>>>>>>>>>>>>>      ] 547/669, 7.9 task/s, elapsed: 69s, ETA:    15s
[>>>>>>>>>>>>>>>>>>>>>>>>      ] 548/669, 7.9 task/s, elapsed: 69s, ETA:    15s
[>>>>>>>>>>>>>>>>>>>>>>>>      ] 549/669, 7.9 task/s, elapsed: 70s, ETA:    15s
[>>>>>>>>>>>>>>>>>>>>>>>>      ] 550/669, 7.9 task/s, elapsed: 70s, ETA:    15s
[>>>>>>>>>>>>>>>>>>>>>>>>      ] 551/669, 7.9 task/s, elapsed: 70s, ETA:    15s
[>>>>>>>>>>>>>>>>>>>>>>>>      ] 552/669, 7.9 task/s, elapsed: 70s, ETA:    15s
[>>>>>>>>>>>>>>>>>>>>>>>>      ] 553/669, 7.9 task/s, elapsed: 70s, ETA:    15s
[>>>>>>>>>>>>>>>>>>>>>>>>      ] 554/669, 7.9 task/s, elapsed: 70s, ETA:    15s
[>>>>>>>>>>>>>>>>>>>>>>>>      ] 555/669, 7.9 task/s, elapsed: 70s, ETA:    14s
[>>>>>>>>>>>>>>>>>>>>>>>>      ] 556/669, 7.9 task/s, elapsed: 70s, ETA:    14s
[>>>>>>>>>>>>>>>>>>>>>>>>      ] 557/669, 7.9 task/s, elapsed: 70s, ETA:    14s
[>>>>>>>>>>>>>>>>>>>>>>>>>     ] 558/669, 7.9 task/s, elapsed: 71s, ETA:    14s
[>>>>>>>>>>>>>>>>>>>>>>>>>     ] 559/669, 7.9 task/s, elapsed: 71s, ETA:    14s
[>>>>>>>>>>>>>>>>>>>>>>>>>     ] 560/669, 7.9 task/s, elapsed: 71s, ETA:    14s
[>>>>>>>>>>>>>>>>>>>>>>>>>     ] 561/669, 7.9 task/s, elapsed: 71s, ETA:    14s
[>>>>>>>>>>>>>>>>>>>>>>>>>     ] 562/669, 7.9 task/s, elapsed: 71s, ETA:    13s
[>>>>>>>>>>>>>>>>>>>>>>>>>     ] 563/669, 7.9 task/s, elapsed: 71s, ETA:    13s
[>>>>>>>>>>>>>>>>>>>>>>>>>     ] 564/669, 7.9 task/s, elapsed: 71s, ETA:    13s
[>>>>>>>>>>>>>>>>>>>>>>>>>     ] 565/669, 7.9 task/s, elapsed: 71s, ETA:    13s
[>>>>>>>>>>>>>>>>>>>>>>>>>     ] 566/669, 7.9 task/s, elapsed: 71s, ETA:    13s
[>>>>>>>>>>>>>>>>>>>>>>>>>     ] 567/669, 7.9 task/s, elapsed: 72s, ETA:    13s
[>>>>>>>>>>>>>>>>>>>>>>>>>     ] 568/669, 7.9 task/s, elapsed: 72s, ETA:    13s
[>>>>>>>>>>>>>>>>>>>>>>>>>     ] 569/669, 7.9 task/s, elapsed: 72s, ETA:    13s
[>>>>>>>>>>>>>>>>>>>>>>>>>     ] 570/669, 7.9 task/s, elapsed: 72s, ETA:    12s
[>>>>>>>>>>>>>>>>>>>>>>>>>     ] 571/669, 7.9 task/s, elapsed: 72s, ETA:    12s
[>>>>>>>>>>>>>>>>>>>>>>>>>     ] 572/669, 7.9 task/s, elapsed: 72s, ETA:    12s
[>>>>>>>>>>>>>>>>>>>>>>>>>     ] 573/669, 7.9 task/s, elapsed: 72s, ETA:    12s
[>>>>>>>>>>>>>>>>>>>>>>>>>     ] 574/669, 7.9 task/s, elapsed: 72s, ETA:    12s
[>>>>>>>>>>>>>>>>>>>>>>>>>     ] 575/669, 7.9 task/s, elapsed: 72s, ETA:    12s
[>>>>>>>>>>>>>>>>>>>>>>>>>     ] 576/669, 7.9 task/s, elapsed: 73s, ETA:    12s
[>>>>>>>>>>>>>>>>>>>>>>>>>     ] 577/669, 7.9 task/s, elapsed: 73s, ETA:    12s
[>>>>>>>>>>>>>>>>>>>>>>>>>     ] 578/669, 7.9 task/s, elapsed: 73s, ETA:    11s
[>>>>>>>>>>>>>>>>>>>>>>>>>     ] 579/669, 7.9 task/s, elapsed: 73s, ETA:    11s
[>>>>>>>>>>>>>>>>>>>>>>>>>>    ] 580/669, 8.0 task/s, elapsed: 73s, ETA:    11s
[>>>>>>>>>>>>>>>>>>>>>>>>>>    ] 581/669, 7.9 task/s, elapsed: 73s, ETA:    11s
[>>>>>>>>>>>>>>>>>>>>>>>>>>    ] 582/669, 7.9 task/s, elapsed: 73s, ETA:    11s
[>>>>>>>>>>>>>>>>>>>>>>>>>>    ] 583/669, 7.9 task/s, elapsed: 73s, ETA:    11s
[>>>>>>>>>>>>>>>>>>>>>>>>>>    ] 584/669, 8.0 task/s, elapsed: 73s, ETA:    11s
[>>>>>>>>>>>>>>>>>>>>>>>>>>    ] 585/669, 8.0 task/s, elapsed: 74s, ETA:    11s
[>>>>>>>>>>>>>>>>>>>>>>>>>>    ] 586/669, 8.0 task/s, elapsed: 74s, ETA:    10s
[>>>>>>>>>>>>>>>>>>>>>>>>>>    ] 587/669, 8.0 task/s, elapsed: 74s, ETA:    10s
[>>>>>>>>>>>>>>>>>>>>>>>>>>    ] 588/669, 8.0 task/s, elapsed: 74s, ETA:    10s
[>>>>>>>>>>>>>>>>>>>>>>>>>>    ] 589/669, 8.0 task/s, elapsed: 74s, ETA:    10s
[>>>>>>>>>>>>>>>>>>>>>>>>>>    ] 590/669, 8.0 task/s, elapsed: 74s, ETA:    10s
[>>>>>>>>>>>>>>>>>>>>>>>>>>    ] 591/669, 8.0 task/s, elapsed: 74s, ETA:    10s
[>>>>>>>>>>>>>>>>>>>>>>>>>>    ] 592/669, 8.0 task/s, elapsed: 74s, ETA:    10s
[>>>>>>>>>>>>>>>>>>>>>>>>>>    ] 593/669, 8.0 task/s, elapsed: 74s, ETA:    10s
[>>>>>>>>>>>>>>>>>>>>>>>>>>    ] 594/669, 8.0 task/s, elapsed: 75s, ETA:     9s
[>>>>>>>>>>>>>>>>>>>>>>>>>>    ] 595/669, 8.0 task/s, elapsed: 75s, ETA:     9s
[>>>>>>>>>>>>>>>>>>>>>>>>>>    ] 596/669, 8.0 task/s, elapsed: 75s, ETA:     9s
[>>>>>>>>>>>>>>>>>>>>>>>>>>    ] 597/669, 8.0 task/s, elapsed: 75s, ETA:     9s
[>>>>>>>>>>>>>>>>>>>>>>>>>>    ] 598/669, 8.0 task/s, elapsed: 75s, ETA:     9s
[>>>>>>>>>>>>>>>>>>>>>>>>>>    ] 599/669, 8.0 task/s, elapsed: 75s, ETA:     9s
[>>>>>>>>>>>>>>>>>>>>>>>>>>    ] 600/669, 8.0 task/s, elapsed: 75s, ETA:     9s
[>>>>>>>>>>>>>>>>>>>>>>>>>>    ] 601/669, 8.0 task/s, elapsed: 75s, ETA:     9s
[>>>>>>>>>>>>>>>>>>>>>>>>>>    ] 602/669, 8.0 task/s, elapsed: 76s, ETA:     8s
[>>>>>>>>>>>>>>>>>>>>>>>>>>>   ] 603/669, 8.0 task/s, elapsed: 76s, ETA:     8s
[>>>>>>>>>>>>>>>>>>>>>>>>>>>   ] 604/669, 8.0 task/s, elapsed: 76s, ETA:     8s
[>>>>>>>>>>>>>>>>>>>>>>>>>>>   ] 605/669, 8.0 task/s, elapsed: 76s, ETA:     8s
[>>>>>>>>>>>>>>>>>>>>>>>>>>>   ] 606/669, 8.0 task/s, elapsed: 76s, ETA:     8s
[>>>>>>>>>>>>>>>>>>>>>>>>>>>   ] 607/669, 8.0 task/s, elapsed: 76s, ETA:     8s
[>>>>>>>>>>>>>>>>>>>>>>>>>>>   ] 608/669, 8.0 task/s, elapsed: 76s, ETA:     8s
[>>>>>>>>>>>>>>>>>>>>>>>>>>>   ] 609/669, 8.0 task/s, elapsed: 76s, ETA:     8s
[>>>>>>>>>>>>>>>>>>>>>>>>>>>   ] 610/669, 8.0 task/s, elapsed: 76s, ETA:     7s
[>>>>>>>>>>>>>>>>>>>>>>>>>>>   ] 611/669, 8.0 task/s, elapsed: 77s, ETA:     7s
[>>>>>>>>>>>>>>>>>>>>>>>>>>>   ] 612/669, 8.0 task/s, elapsed: 77s, ETA:     7s
[>>>>>>>>>>>>>>>>>>>>>>>>>>>   ] 613/669, 8.0 task/s, elapsed: 77s, ETA:     7s
[>>>>>>>>>>>>>>>>>>>>>>>>>>>   ] 614/669, 8.0 task/s, elapsed: 77s, ETA:     7s
[>>>>>>>>>>>>>>>>>>>>>>>>>>>   ] 615/669, 8.0 task/s, elapsed: 77s, ETA:     7s
[>>>>>>>>>>>>>>>>>>>>>>>>>>>   ] 616/669, 8.0 task/s, elapsed: 77s, ETA:     7s
[>>>>>>>>>>>>>>>>>>>>>>>>>>>   ] 617/669, 8.0 task/s, elapsed: 77s, ETA:     7s
[>>>>>>>>>>>>>>>>>>>>>>>>>>>   ] 618/669, 8.0 task/s, elapsed: 78s, ETA:     6s
[>>>>>>>>>>>>>>>>>>>>>>>>>>>   ] 619/669, 8.0 task/s, elapsed: 78s, ETA:     6s
[>>>>>>>>>>>>>>>>>>>>>>>>>>>   ] 620/669, 8.0 task/s, elapsed: 78s, ETA:     6s
[>>>>>>>>>>>>>>>>>>>>>>>>>>>   ] 621/669, 8.0 task/s, elapsed: 78s, ETA:     6s
[>>>>>>>>>>>>>>>>>>>>>>>>>>>   ] 622/669, 8.0 task/s, elapsed: 78s, ETA:     6s
[>>>>>>>>>>>>>>>>>>>>>>>>>>>   ] 623/669, 8.0 task/s, elapsed: 78s, ETA:     6s
[>>>>>>>>>>>>>>>>>>>>>>>>>>>   ] 624/669, 8.0 task/s, elapsed: 78s, ETA:     6s
[>>>>>>>>>>>>>>>>>>>>>>>>>>>>  ] 625/669, 7.9 task/s, elapsed: 79s, ETA:     6s
[>>>>>>>>>>>>>>>>>>>>>>>>>>>>  ] 626/669, 7.9 task/s, elapsed: 79s, ETA:     5s
[>>>>>>>>>>>>>>>>>>>>>>>>>>>>  ] 627/669, 7.9 task/s, elapsed: 79s, ETA:     5s
[>>>>>>>>>>>>>>>>>>>>>>>>>>>>  ] 628/669, 7.9 task/s, elapsed: 79s, ETA:     5s
[>>>>>>>>>>>>>>>>>>>>>>>>>>>>  ] 629/669, 7.9 task/s, elapsed: 79s, ETA:     5s
[>>>>>>>>>>>>>>>>>>>>>>>>>>>>  ] 630/669, 7.9 task/s, elapsed: 79s, ETA:     5s
[>>>>>>>>>>>>>>>>>>>>>>>>>>>>  ] 631/669, 7.9 task/s, elapsed: 80s, ETA:     5s
[>>>>>>>>>>>>>>>>>>>>>>>>>>>>  ] 632/669, 7.9 task/s, elapsed: 80s, ETA:     5s
[>>>>>>>>>>>>>>>>>>>>>>>>>>>>  ] 633/669, 7.9 task/s, elapsed: 80s, ETA:     5s
[>>>>>>>>>>>>>>>>>>>>>>>>>>>>  ] 634/669, 7.9 task/s, elapsed: 80s, ETA:     4s
[>>>>>>>>>>>>>>>>>>>>>>>>>>>>  ] 635/669, 7.9 task/s, elapsed: 80s, ETA:     4s
[>>>>>>>>>>>>>>>>>>>>>>>>>>>>  ] 636/669, 7.9 task/s, elapsed: 80s, ETA:     4s
[>>>>>>>>>>>>>>>>>>>>>>>>>>>>  ] 637/669, 7.9 task/s, elapsed: 80s, ETA:     4s
[>>>>>>>>>>>>>>>>>>>>>>>>>>>>  ] 638/669, 7.9 task/s, elapsed: 81s, ETA:     4s
[>>>>>>>>>>>>>>>>>>>>>>>>>>>>  ] 639/669, 7.9 task/s, elapsed: 81s, ETA:     4s
[>>>>>>>>>>>>>>>>>>>>>>>>>>>>  ] 640/669, 7.9 task/s, elapsed: 81s, ETA:     4s
[>>>>>>>>>>>>>>>>>>>>>>>>>>>>  ] 641/669, 7.9 task/s, elapsed: 81s, ETA:     4s
[>>>>>>>>>>>>>>>>>>>>>>>>>>>>  ] 642/669, 7.9 task/s, elapsed: 81s, ETA:     3s
[>>>>>>>>>>>>>>>>>>>>>>>>>>>>  ] 643/669, 7.9 task/s, elapsed: 81s, ETA:     3s
[>>>>>>>>>>>>>>>>>>>>>>>>>>>>  ] 644/669, 7.9 task/s, elapsed: 81s, ETA:     3s
[>>>>>>>>>>>>>>>>>>>>>>>>>>>>  ] 645/669, 7.9 task/s, elapsed: 82s, ETA:     3s
[>>>>>>>>>>>>>>>>>>>>>>>>>>>>  ] 646/669, 7.9 task/s, elapsed: 82s, ETA:     3s
[>>>>>>>>>>>>>>>>>>>>>>>>>>>>> ] 647/669, 7.9 task/s, elapsed: 82s, ETA:     3s
[>>>>>>>>>>>>>>>>>>>>>>>>>>>>> ] 648/669, 7.9 task/s, elapsed: 82s, ETA:     3s
[>>>>>>>>>>>>>>>>>>>>>>>>>>>>> ] 649/669, 7.9 task/s, elapsed: 82s, ETA:     3s
[>>>>>>>>>>>>>>>>>>>>>>>>>>>>> ] 650/669, 7.9 task/s, elapsed: 82s, ETA:     2s
[>>>>>>>>>>>>>>>>>>>>>>>>>>>>> ] 651/669, 7.9 task/s, elapsed: 82s, ETA:     2s
[>>>>>>>>>>>>>>>>>>>>>>>>>>>>> ] 652/669, 7.9 task/s, elapsed: 82s, ETA:     2s
[>>>>>>>>>>>>>>>>>>>>>>>>>>>>> ] 653/669, 7.9 task/s, elapsed: 83s, ETA:     2s
[>>>>>>>>>>>>>>>>>>>>>>>>>>>>> ] 654/669, 7.9 task/s, elapsed: 83s, ETA:     2s
[>>>>>>>>>>>>>>>>>>>>>>>>>>>>> ] 655/669, 7.9 task/s, elapsed: 83s, ETA:     2s
[>>>>>>>>>>>>>>>>>>>>>>>>>>>>> ] 656/669, 7.9 task/s, elapsed: 83s, ETA:     2s
[>>>>>>>>>>>>>>>>>>>>>>>>>>>>> ] 657/669, 7.9 task/s, elapsed: 83s, ETA:     2s
[>>>>>>>>>>>>>>>>>>>>>>>>>>>>> ] 658/669, 7.9 task/s, elapsed: 83s, ETA:     1s
[>>>>>>>>>>>>>>>>>>>>>>>>>>>>> ] 659/669, 7.9 task/s, elapsed: 83s, ETA:     1s
[>>>>>>>>>>>>>>>>>>>>>>>>>>>>> ] 660/669, 7.9 task/s, elapsed: 83s, ETA:     1s
[>>>>>>>>>>>>>>>>>>>>>>>>>>>>> ] 661/669, 7.9 task/s, elapsed: 84s, ETA:     1s
[>>>>>>>>>>>>>>>>>>>>>>>>>>>>> ] 662/669, 7.9 task/s, elapsed: 84s, ETA:     1s
[>>>>>>>>>>>>>>>>>>>>>>>>>>>>> ] 663/669, 7.9 task/s, elapsed: 84s, ETA:     1s
[>>>>>>>>>>>>>>>>>>>>>>>>>>>>> ] 664/669, 7.9 task/s, elapsed: 84s, ETA:     1s
[>>>>>>>>>>>>>>>>>>>>>>>>>>>>> ] 665/669, 7.9 task/s, elapsed: 84s, ETA:     1s
[>>>>>>>>>>>>>>>>>>>>>>>>>>>>> ] 666/669, 7.9 task/s, elapsed: 84s, ETA:     0s
[>>>>>>>>>>>>>>>>>>>>>>>>>>>>> ] 667/669, 7.9 task/s, elapsed: 84s, ETA:     0s
[>>>>>>>>>>>>>>>>>>>>>>>>>>>>> ] 668/669, 7.9 task/s, elapsed: 84s, ETA:     0s
[>>>>>>>>>>>>>>>>>>>>>>>>>>>>>>] 669/669, 7.9 task/s, elapsed: 85s, ETA:     0s2026-06-30 03:08:55,311 - mmdet - INFO - Evaluating bbox...
2026-06-30 03:08:57,899 - mmdet - INFO - 
+-----------+-------+-----------+-------+-------------+-------+
| category  | AP    | category  | AP    | category    | AP    |
+-----------+-------+-----------+-------+-------------+-------+
| bicycle   | 0.235 | chair     | 0.566 | diningtable | 0.158 |
| bottle    | 0.403 | motorbike | 0.294 | car         | 0.297 |
| tvmonitor | 0.109 | bus       | 0.279 | None        | None  |
+-----------+-------+-----------+-------+-------------+-------+
2026-06-30 03:08:57,899 - mmdet - INFO - Evaluating segm...
/content/EALLIS/mmdetection/mmdet/datasets/coco.py:453: UserWarning: The key "bbox" is deleted for more accurate mask AP of small/medium/large instances since v2.12.0. This does not change the overall mAP calculation.
  warnings.warn(
2026-06-30 03:09:00,444 - mmdet - INFO - 
+-----------+-------+-----------+-------+-------------+-------+
| category  | AP    | category  | AP    | category    | AP    |
+-----------+-------+-----------+-------+-------------+-------+
| bicycle   | 0.117 | chair     | 0.522 | diningtable | 0.114 |
| bottle    | 0.416 | motorbike | 0.293 | car         | 0.138 |
| tvmonitor | 0.030 | bus       | 0.287 | None        | None  |
+-----------+-------+-----------+-------+-------------+-------+
2026-06-30 03:09:00,505 - mmdet - INFO - Exp name: train_kaggle.py
2026-06-30 03:09:00,506 - mmdet - INFO - Epoch(val) [3][669]	bbox_mAP: 0.2930, bbox_mAP_50: 0.4900, bbox_mAP_75: 0.3050, bbox_mAP_s: 0.0080, bbox_mAP_m: 0.0750, bbox_mAP_l: 0.3600, bbox_mAP_copypaste: 0.293 0.490 0.305 0.008 0.075 0.360, segm_mAP: 0.2400, segm_mAP_50: 0.4370, segm_mAP_75: 0.2270, segm_mAP_s: 0.0040, segm_mAP_m: 0.0600, segm_mAP_l: 0.3070, segm_mAP_copypaste: 0.240 0.437 0.227 0.004 0.060 0.307
/usr/local/lib/python3.12/dist-packages/torch/utils/data/dataloader.py:432: UserWarning: This DataLoader will create 4 worker processes in total. Our suggested max number of worker in current system is 2, which is smaller than what this DataLoader is going to create. Please be aware that excessive worker creation might get DataLoader running slow or even freeze, lower the worker number to avoid potential slowness/freeze if necessary.
  self.check_worker_number_rationality()
Loading and preparing results...
DONE (t=0.97s)
creating index...
index created!
Running per image evaluation...
Evaluate annotation type *bbox*
DONE (t=1.30s).
Accumulating evaluation results...
DONE (t=0.29s).
 Average Precision  (AP) @[ IoU=0.50:0.95 | area=   all | maxDets=100 ] = 0.293
 Average Precision  (AP) @[ IoU=0.50      | area=   all | maxDets=1000 ] = 0.490
 Average Precision  (AP) @[ IoU=0.75      | area=   all | maxDets=1000 ] = 0.305
 Average Precision  (AP) @[ IoU=0.50:0.95 | area= small | maxDets=1000 ] = 0.008
 Average Precision  (AP) @[ IoU=0.50:0.95 | area=medium | maxDets=1000 ] = 0.075
 Average Precision  (AP) @[ IoU=0.50:0.95 | area= large | maxDets=1000 ] = 0.360
 Average Recall     (AR) @[ IoU=0.50:0.95 | area=   all | maxDets=100 ] = 0.393
 Average Recall     (AR) @[ IoU=0.50:0.95 | area=   all | maxDets=300 ] = 0.393
 Average Recall     (AR) @[ IoU=0.50:0.95 | area=   all | maxDets=1000 ] = 0.393
 Average Recall     (AR) @[ IoU=0.50:0.95 | area= small | maxDets=1000 ] = 0.008
 Average Recall     (AR) @[ IoU=0.50:0.95 | area=medium | maxDets=1000 ] = 0.149
 Average Recall     (AR) @[ IoU=0.50:0.95 | area= large | maxDets=1000 ] = 0.462
Loading and preparing results...
DONE (t=0.17s)
creating index...
index created!
Running per image evaluation...
Evaluate annotation type *segm*
DONE (t=1.74s).
Accumulating evaluation results...
DONE (t=0.49s).
 Average Precision  (AP) @[ IoU=0.50:0.95 | area=   all | maxDets=100 ] = 0.240
 Average Precision  (AP) @[ IoU=0.50      | area=   all | maxDets=1000 ] = 0.437
 Average Precision  (AP) @[ IoU=0.75      | area=   all | maxDets=1000 ] = 0.227
 Average Precision  (AP) @[ IoU=0.50:0.95 | area= small | maxDets=1000 ] = 0.004
 Average Precision  (AP) @[ IoU=0.50:0.95 | area=medium | maxDets=1000 ] = 0.060
 Average Precision  (AP) @[ IoU=0.50:0.95 | area= large | maxDets=1000 ] = 0.307
 Average Recall     (AR) @[ IoU=0.50:0.95 | area=   all | maxDets=100 ] = 0.322
 Average Recall     (AR) @[ IoU=0.50:0.95 | area=   all | maxDets=300 ] = 0.322
 Average Recall     (AR) @[ IoU=0.50:0.95 | area=   all | maxDets=1000 ] = 0.322
 Average Recall     (AR) @[ IoU=0.50:0.95 | area= small | maxDets=1000 ] = 0.008
 Average Recall     (AR) @[ IoU=0.50:0.95 | area=medium | maxDets=1000 ] = 0.126
 Average Recall     (AR) @[ IoU=0.50:0.95 | area= large | maxDets=1000 ] = 0.385
OrderedDict({'bbox_mAP': 0.293, 'bbox_mAP_50': 0.49, 'bbox_mAP_75': 0.305, 'bbox_mAP_s': 0.008, 'bbox_mAP_m': 0.075, 'bbox_mAP_l': 0.36, 'bbox_mAP_copypaste': '0.293 0.490 0.305 0.008 0.075 0.360', 'segm_mAP': 0.24, 'segm_mAP_50': 0.437, 'segm_mAP_75': 0.227, 'segm_mAP_s': 0.004, 'segm_mAP_m': 0.06, 'segm_mAP_l': 0.307, 'segm_mAP_copypaste': '0.240 0.437 0.227 0.004 0.060 0.307'})
/usr/lib/python3.12/multiprocessing/popen_fork.py:66: DeprecationWarning: This process (pid=21096) is multi-threaded, use of fork() may lead to deadlocks in the child.
  self.pid = os.fork()
/content/EALLIS/mmdetection/mmdet/core/anchor/anchor_generator.py:323: UserWarning: ``grid_anchors`` would be deprecated soon. Please use ``grid_priors`` 
  warnings.warn('``grid_anchors`` would be deprecated soon. '
/content/EALLIS/mmdetection/mmdet/core/anchor/anchor_generator.py:359: UserWarning: ``single_level_grid_anchors`` would be deprecated soon. Please use ``single_level_grid_priors`` 
  warnings.warn(
2026-06-30 03:11:50,774 - mmdet - INFO - Epoch [4][50/1324]	lr: 1.000e-03, eta: 2:14:51, time: 3.403, data_time: 0.172, memory: 10985, noise_inv_loss: 0.0008, clean_loss_rpn_cls: 0.0191, clean_loss_rpn_bbox: 0.0166, clean_loss_cls: 0.1074, clean_acc: 96.1182, clean_loss_bbox: 0.1385, clean_loss_mask: 0.2817, clean_edge_loss: 0.7241, loss_rpn_cls: 0.0335, loss_rpn_bbox: 0.0187, loss_cls: 0.1230, acc: 95.8062, loss_bbox: 0.1393, loss_mask: 0.3255, edge_loss: 0.7300, loss: 2.6584
2026-06-30 03:14:33,988 - mmdet - INFO - Epoch [4][100/1324]	lr: 1.000e-03, eta: 2:12:20, time: 3.264, data_time: 0.038, memory: 10985, noise_inv_loss: 0.0008, clean_loss_rpn_cls: 0.0185, clean_loss_rpn_bbox: 0.0169, clean_loss_cls: 0.1057, clean_acc: 96.0498, clean_loss_bbox: 0.1416, clean_loss_mask: 0.2714, clean_edge_loss: 0.7325, loss_rpn_cls: 0.0323, loss_rpn_bbox: 0.0190, loss_cls: 0.1260, acc: 95.5854, loss_bbox: 0.1473, loss_mask: 0.3171, edge_loss: 0.7390, loss: 2.6680
2026-06-30 03:17:17,000 - mmdet - INFO - Epoch [4][150/1324]	lr: 1.000e-03, eta: 2:09:48, time: 3.260, data_time: 0.040, memory: 10985, noise_inv_loss: 0.0008, clean_loss_rpn_cls: 0.0169, clean_loss_rpn_bbox: 0.0169, clean_loss_cls: 0.1013, clean_acc: 96.2651, clean_loss_bbox: 0.1358, clean_loss_mask: 0.2653, clean_edge_loss: 0.7289, loss_rpn_cls: 0.0304, loss_rpn_bbox: 0.0189, loss_cls: 0.1190, acc: 95.9126, loss_bbox: 0.1392, loss_mask: 0.3026, edge_loss: 0.7338, loss: 2.6098
2026-06-30 03:19:55,896 - mmdet - INFO - Epoch [4][200/1324]	lr: 1.000e-03, eta: 2:07:14, time: 3.178, data_time: 0.040, memory: 10985, noise_inv_loss: 0.0008, clean_loss_rpn_cls: 0.0168, clean_loss_rpn_bbox: 0.0162, clean_loss_cls: 0.0960, clean_acc: 96.4297, clean_loss_bbox: 0.1274, clean_loss_mask: 0.2661, clean_edge_loss: 0.7089, loss_rpn_cls: 0.0285, loss_rpn_bbox: 0.0183, loss_cls: 0.1127, acc: 96.0864, loss_bbox: 0.1291, loss_mask: 0.3085, edge_loss: 0.7138, loss: 2.5431
2026-06-30 03:22:35,257 - mmdet - INFO - Epoch [4][250/1324]	lr: 1.000e-03, eta: 2:04:40, time: 3.187, data_time: 0.040, memory: 10985, noise_inv_loss: 0.0008, clean_loss_rpn_cls: 0.0155, clean_loss_rpn_bbox: 0.0136, clean_loss_cls: 0.0939, clean_acc: 96.6650, clean_loss_bbox: 0.1248, clean_loss_mask: 0.2661, clean_edge_loss: 0.7157, loss_rpn_cls: 0.0285, loss_rpn_bbox: 0.0158, loss_cls: 0.1094, acc: 96.3857, loss_bbox: 0.1274, loss_mask: 0.3143, edge_loss: 0.7201, loss: 2.5460
2026-06-30 03:25:18,015 - mmdet - INFO - Epoch [4][300/1324]	lr: 1.000e-03, eta: 2:02:08, time: 3.255, data_time: 0.040, memory: 10985, noise_inv_loss: 0.0008, clean_loss_rpn_cls: 0.0160, clean_loss_rpn_bbox: 0.0167, clean_loss_cls: 0.1043, clean_acc: 96.0625, clean_loss_bbox: 0.1453, clean_loss_mask: 0.2733, clean_edge_loss: 0.7291, loss_rpn_cls: 0.0301, loss_rpn_bbox: 0.0185, loss_cls: 0.1222, acc: 95.6758, loss_bbox: 0.1491, loss_mask: 0.3130, edge_loss: 0.7343, loss: 2.6529
2026-06-30 03:27:58,712 - mmdet - INFO - Epoch [4][350/1324]	lr: 1.000e-03, eta: 1:59:34, time: 3.214, data_time: 0.042, memory: 10985, noise_inv_loss: 0.0008, clean_loss_rpn_cls: 0.0153, clean_loss_rpn_bbox: 0.0148, clean_loss_cls: 0.0956, clean_acc: 96.3965, clean_loss_bbox: 0.1310, clean_loss_mask: 0.2658, clean_edge_loss: 0.7171, loss_rpn_cls: 0.0247, loss_rpn_bbox: 0.0159, loss_cls: 0.1099, acc: 96.0933, loss_bbox: 0.1333, loss_mask: 0.3030, edge_loss: 0.7214, loss: 2.5485
2026-06-30 03:30:39,273 - mmdet - INFO - Epoch [4][400/1324]	lr: 1.000e-03, eta: 1:57:00, time: 3.211, data_time: 0.039, memory: 10985, noise_inv_loss: 0.0008, clean_loss_rpn_cls: 0.0174, clean_loss_rpn_bbox: 0.0159, clean_loss_cls: 0.0993, clean_acc: 96.2920, clean_loss_bbox: 0.1325, clean_loss_mask: 0.2731, clean_edge_loss: 0.7371, loss_rpn_cls: 0.0297, loss_rpn_bbox: 0.0181, loss_cls: 0.1152, acc: 96.0205, loss_bbox: 0.1342, loss_mask: 0.3155, edge_loss: 0.7417, loss: 2.6305
2026-06-30 03:33:19,814 - mmdet - INFO - Epoch [4][450/1324]	lr: 1.000e-03, eta: 1:54:26, time: 3.211, data_time: 0.039, memory: 10985, noise_inv_loss: 0.0009, clean_loss_rpn_cls: 0.0156, clean_loss_rpn_bbox: 0.0161, clean_loss_cls: 0.1018, clean_acc: 96.1904, clean_loss_bbox: 0.1356, clean_loss_mask: 0.2742, clean_edge_loss: 0.7275, loss_rpn_cls: 0.0271, loss_rpn_bbox: 0.0180, loss_cls: 0.1234, acc: 95.7085, loss_bbox: 0.1432, loss_mask: 0.3183, edge_loss: 0.7339, loss: 2.6355
2026-06-30 03:36:00,639 - mmdet - INFO - Epoch [4][500/1324]	lr: 1.000e-03, eta: 1:51:52, time: 3.216, data_time: 0.039, memory: 10985, noise_inv_loss: 0.0008, clean_loss_rpn_cls: 0.0160, clean_loss_rpn_bbox: 0.0158, clean_loss_cls: 0.0946, clean_acc: 96.4805, clean_loss_bbox: 0.1308, clean_loss_mask: 0.2702, clean_edge_loss: 0.7215, loss_rpn_cls: 0.0254, loss_rpn_bbox: 0.0173, loss_cls: 0.1142, acc: 96.0298, loss_bbox: 0.1370, loss_mask: 0.3133, edge_loss: 0.7273, loss: 2.5843
2026-06-30 03:38:42,469 - mmdet - INFO - Epoch [4][550/1324]	lr: 1.000e-03, eta: 1:49:19, time: 3.237, data_time: 0.041, memory: 10985, noise_inv_loss: 0.0008, clean_loss_rpn_cls: 0.0151, clean_loss_rpn_bbox: 0.0153, clean_loss_cls: 0.0938, clean_acc: 96.5015, clean_loss_bbox: 0.1277, clean_loss_mask: 0.2537, clean_edge_loss: 0.7195, loss_rpn_cls: 0.0269, loss_rpn_bbox: 0.0172, loss_cls: 0.1081, acc: 96.2676, loss_bbox: 0.1309, loss_mask: 0.2868, edge_loss: 0.7242, loss: 2.5201
2026-06-30 03:41:21,886 - mmdet - INFO - Epoch [4][600/1324]	lr: 1.000e-03, eta: 1:46:44, time: 3.188, data_time: 0.039, memory: 10985, noise_inv_loss: 0.0008, clean_loss_rpn_cls: 0.0168, clean_loss_rpn_bbox: 0.0156, clean_loss_cls: 0.0942, clean_acc: 96.5166, clean_loss_bbox: 0.1259, clean_loss_mask: 0.2641, clean_edge_loss: 0.7252, loss_rpn_cls: 0.0268, loss_rpn_bbox: 0.0173, loss_cls: 0.1103, acc: 96.1357, loss_bbox: 0.1304, loss_mask: 0.2997, edge_loss: 0.7312, loss: 2.5583
2026-06-30 03:44:03,399 - mmdet - INFO - Epoch [4][650/1324]	lr: 1.000e-03, eta: 1:44:10, time: 3.230, data_time: 0.043, memory: 10985, noise_inv_loss: 0.0009, clean_loss_rpn_cls: 0.0162, clean_loss_rpn_bbox: 0.0175, clean_loss_cls: 0.1014, clean_acc: 96.2061, clean_loss_bbox: 0.1414, clean_loss_mask: 0.2784, clean_edge_loss: 0.7309, loss_rpn_cls: 0.0291, loss_rpn_bbox: 0.0195, loss_cls: 0.1227, acc: 95.7603, loss_bbox: 0.1457, loss_mask: 0.3237, edge_loss: 0.7359, loss: 2.6633
2026-06-30 03:46:43,475 - mmdet - INFO - Epoch [4][700/1324]	lr: 1.000e-03, eta: 1:41:35, time: 3.201, data_time: 0.040, memory: 10985, noise_inv_loss: 0.0008, clean_loss_rpn_cls: 0.0167, clean_loss_rpn_bbox: 0.0149, clean_loss_cls: 0.0945, clean_acc: 96.5366, clean_loss_bbox: 0.1283, clean_loss_mask: 0.2840, clean_edge_loss: 0.7281, loss_rpn_cls: 0.0296, loss_rpn_bbox: 0.0173, loss_cls: 0.1117, acc: 96.1768, loss_bbox: 0.1330, loss_mask: 0.3283, edge_loss: 0.7332, loss: 2.6205
2026-06-30 03:49:24,385 - mmdet - INFO - Epoch [4][750/1324]	lr: 1.000e-03, eta: 1:39:00, time: 3.218, data_time: 0.043, memory: 10985, noise_inv_loss: 0.0008, clean_loss_rpn_cls: 0.0173, clean_loss_rpn_bbox: 0.0159, clean_loss_cls: 0.1036, clean_acc: 96.1890, clean_loss_bbox: 0.1389, clean_loss_mask: 0.2745, clean_edge_loss: 0.7161, loss_rpn_cls: 0.0282, loss_rpn_bbox: 0.0176, loss_cls: 0.1193, acc: 95.9136, loss_bbox: 0.1410, loss_mask: 0.3165, edge_loss: 0.7214, loss: 2.6113
2026-06-30 03:52:04,351 - mmdet - INFO - Epoch [4][800/1324]	lr: 1.000e-03, eta: 1:36:25, time: 3.199, data_time: 0.040, memory: 10985, noise_inv_loss: 0.0008, clean_loss_rpn_cls: 0.0138, clean_loss_rpn_bbox: 0.0137, clean_loss_cls: 0.0935, clean_acc: 96.5728, clean_loss_bbox: 0.1275, clean_loss_mask: 0.2619, clean_edge_loss: 0.7179, loss_rpn_cls: 0.0238, loss_rpn_bbox: 0.0155, loss_cls: 0.1088, acc: 96.2695, loss_bbox: 0.1329, loss_mask: 0.2976, edge_loss: 0.7214, loss: 2.5292
2026-06-30 03:54:42,674 - mmdet - INFO - Epoch [4][850/1324]	lr: 1.000e-03, eta: 1:33:49, time: 3.166, data_time: 0.040, memory: 10985, noise_inv_loss: 0.0009, clean_loss_rpn_cls: 0.0128, clean_loss_rpn_bbox: 0.0131, clean_loss_cls: 0.0925, clean_acc: 96.5518, clean_loss_bbox: 0.1182, clean_loss_mask: 0.2645, clean_edge_loss: 0.7252, loss_rpn_cls: 0.0243, loss_rpn_bbox: 0.0150, loss_cls: 0.1083, acc: 96.2407, loss_bbox: 0.1225, loss_mask: 0.3094, edge_loss: 0.7299, loss: 2.5366
2026-06-30 03:57:19,760 - mmdet - INFO - Epoch [4][900/1324]	lr: 1.000e-03, eta: 1:31:13, time: 3.142, data_time: 0.037, memory: 10985, noise_inv_loss: 0.0008, clean_loss_rpn_cls: 0.0156, clean_loss_rpn_bbox: 0.0148, clean_loss_cls: 0.0987, clean_acc: 96.4282, clean_loss_bbox: 0.1303, clean_loss_mask: 0.2688, clean_edge_loss: 0.7299, loss_rpn_cls: 0.0245, loss_rpn_bbox: 0.0168, loss_cls: 0.1189, acc: 96.0005, loss_bbox: 0.1390, loss_mask: 0.3154, edge_loss: 0.7362, loss: 2.6096
2026-06-30 03:59:57,585 - mmdet - INFO - Epoch [4][950/1324]	lr: 1.000e-03, eta: 1:28:37, time: 3.157, data_time: 0.039, memory: 10985, noise_inv_loss: 0.0008, clean_loss_rpn_cls: 0.0177, clean_loss_rpn_bbox: 0.0142, clean_loss_cls: 0.0923, clean_acc: 96.7324, clean_loss_bbox: 0.1223, clean_loss_mask: 0.2720, clean_edge_loss: 0.7184, loss_rpn_cls: 0.0288, loss_rpn_bbox: 0.0160, loss_cls: 0.1067, acc: 96.4204, loss_bbox: 0.1246, loss_mask: 0.3112, edge_loss: 0.7229, loss: 2.5481
2026-06-30 04:02:37,844 - mmdet - INFO - Epoch [4][1000/1324]	lr: 1.000e-03, eta: 1:26:01, time: 3.205, data_time: 0.040, memory: 10985, noise_inv_loss: 0.0009, clean_loss_rpn_cls: 0.0179, clean_loss_rpn_bbox: 0.0159, clean_loss_cls: 0.1023, clean_acc: 96.1587, clean_loss_bbox: 0.1366, clean_loss_mask: 0.2751, clean_edge_loss: 0.7133, loss_rpn_cls: 0.0323, loss_rpn_bbox: 0.0183, loss_cls: 0.1208, acc: 95.8188, loss_bbox: 0.1409, loss_mask: 0.3225, edge_loss: 0.7187, loss: 2.6153
2026-06-30 04:05:17,209 - mmdet - INFO - Epoch [4][1050/1324]	lr: 1.000e-03, eta: 1:23:26, time: 3.187, data_time: 0.036, memory: 10985, noise_inv_loss: 0.0008, clean_loss_rpn_cls: 0.0144, clean_loss_rpn_bbox: 0.0147, clean_loss_cls: 0.0924, clean_acc: 96.5283, clean_loss_bbox: 0.1262, clean_loss_mask: 0.2651, clean_edge_loss: 0.7222, loss_rpn_cls: 0.0268, loss_rpn_bbox: 0.0165, loss_cls: 0.1063, acc: 96.2715, loss_bbox: 0.1291, loss_mask: 0.3046, edge_loss: 0.7276, loss: 2.5468
2026-06-30 04:07:56,409 - mmdet - INFO - Epoch [4][1100/1324]	lr: 1.000e-03, eta: 1:20:50, time: 3.184, data_time: 0.033, memory: 10985, noise_inv_loss: 0.0009, clean_loss_rpn_cls: 0.0150, clean_loss_rpn_bbox: 0.0154, clean_loss_cls: 0.0981, clean_acc: 96.3545, clean_loss_bbox: 0.1325, clean_loss_mask: 0.2691, clean_edge_loss: 0.7329, loss_rpn_cls: 0.0285, loss_rpn_bbox: 0.0173, loss_cls: 0.1212, acc: 95.8901, loss_bbox: 0.1421, loss_mask: 0.3208, edge_loss: 0.7398, loss: 2.6336
2026-06-30 04:10:36,048 - mmdet - INFO - Epoch [4][1150/1324]	lr: 1.000e-03, eta: 1:18:14, time: 3.193, data_time: 0.038, memory: 10985, noise_inv_loss: 0.0008, clean_loss_rpn_cls: 0.0150, clean_loss_rpn_bbox: 0.0150, clean_loss_cls: 0.1004, clean_acc: 96.2251, clean_loss_bbox: 0.1370, clean_loss_mask: 0.2764, clean_edge_loss: 0.7212, loss_rpn_cls: 0.0266, loss_rpn_bbox: 0.0168, loss_cls: 0.1186, acc: 95.9180, loss_bbox: 0.1428, loss_mask: 0.3188, edge_loss: 0.7265, loss: 2.6160
2026-06-30 04:13:14,222 - mmdet - INFO - Epoch [4][1200/1324]	lr: 1.000e-03, eta: 1:15:38, time: 3.163, data_time: 0.038, memory: 10985, noise_inv_loss: 0.0009, clean_loss_rpn_cls: 0.0146, clean_loss_rpn_bbox: 0.0146, clean_loss_cls: 0.0921, clean_acc: 96.6030, clean_loss_bbox: 0.1259, clean_loss_mask: 0.2685, clean_edge_loss: 0.7227, loss_rpn_cls: 0.0265, loss_rpn_bbox: 0.0166, loss_cls: 0.1141, acc: 96.1411, loss_bbox: 0.1333, loss_mask: 0.3155, edge_loss: 0.7284, loss: 2.5738
2026-06-30 04:15:53,193 - mmdet - INFO - Epoch [4][1250/1324]	lr: 1.000e-03, eta: 1:13:02, time: 3.179, data_time: 0.039, memory: 10985, noise_inv_loss: 0.0008, clean_loss_rpn_cls: 0.0145, clean_loss_rpn_bbox: 0.0151, clean_loss_cls: 0.0924, clean_acc: 96.5537, clean_loss_bbox: 0.1250, clean_loss_mask: 0.2641, clean_edge_loss: 0.7268, loss_rpn_cls: 0.0270, loss_rpn_bbox: 0.0173, loss_cls: 0.1120, acc: 96.1582, loss_bbox: 0.1319, loss_mask: 0.3135, edge_loss: 0.7329, loss: 2.5735
2026-06-30 04:18:32,888 - mmdet - INFO - Epoch [4][1300/1324]	lr: 1.000e-03, eta: 1:10:26, time: 3.194, data_time: 0.040, memory: 10985, noise_inv_loss: 0.0009, clean_loss_rpn_cls: 0.0183, clean_loss_rpn_bbox: 0.0175, clean_loss_cls: 0.1013, clean_acc: 96.2417, clean_loss_bbox: 0.1398, clean_loss_mask: 0.2772, clean_edge_loss: 0.7236, loss_rpn_cls: 0.0273, loss_rpn_bbox: 0.0197, loss_cls: 0.1184, acc: 95.8696, loss_bbox: 0.1458, loss_mask: 0.3191, edge_loss: 0.7288, loss: 2.6377
[                                                  ] 0/669, elapsed: 0s, ETA:
[                                 ] 1/669, 1.2 task/s, elapsed: 1s, ETA:   558s
[                                 ] 2/669, 2.1 task/s, elapsed: 1s, ETA:   321s
[                                 ] 3/669, 2.8 task/s, elapsed: 1s, ETA:   235s
[                                 ] 4/669, 3.4 task/s, elapsed: 1s, ETA:   195s
[                                 ] 5/669, 4.0 task/s, elapsed: 1s, ETA:   167s
[                                 ] 6/669, 4.5 task/s, elapsed: 1s, ETA:   149s
[                                 ] 7/669, 4.9 task/s, elapsed: 1s, ETA:   136s
[                                 ] 8/669, 4.8 task/s, elapsed: 2s, ETA:   137s
[                                 ] 9/669, 5.1 task/s, elapsed: 2s, ETA:   128s
[                                ] 10/669, 5.3 task/s, elapsed: 2s, ETA:   125s
[                                ] 11/669, 5.4 task/s, elapsed: 2s, ETA:   123s
[                                ] 12/669, 5.5 task/s, elapsed: 2s, ETA:   120s
[                                ] 13/669, 5.7 task/s, elapsed: 2s, ETA:   116s
[                                ] 14/669, 5.9 task/s, elapsed: 2s, ETA:   112s
[                                ] 15/669, 6.1 task/s, elapsed: 2s, ETA:   108s
[                                ] 16/669, 6.2 task/s, elapsed: 3s, ETA:   105s
[                                ] 17/669, 6.4 task/s, elapsed: 3s, ETA:   102s
[                                ] 18/669, 6.5 task/s, elapsed: 3s, ETA:   100s
[                                ] 19/669, 6.7 task/s, elapsed: 3s, ETA:    97s
[                                ] 20/669, 6.8 task/s, elapsed: 3s, ETA:    95s
[>                               ] 21/669, 6.9 task/s, elapsed: 3s, ETA:    93s
[>                               ] 22/669, 7.0 task/s, elapsed: 3s, ETA:    93s
[>                               ] 23/669, 7.1 task/s, elapsed: 3s, ETA:    91s
[>                               ] 24/669, 7.2 task/s, elapsed: 3s, ETA:    90s
[>                               ] 25/669, 7.3 task/s, elapsed: 3s, ETA:    89s
[>                               ] 26/669, 7.3 task/s, elapsed: 4s, ETA:    88s
[>                               ] 27/669, 7.4 task/s, elapsed: 4s, ETA:    87s
[>                               ] 28/669, 7.4 task/s, elapsed: 4s, ETA:    87s
[>                               ] 29/669, 7.5 task/s, elapsed: 4s, ETA:    86s
[>                               ] 30/669, 7.5 task/s, elapsed: 4s, ETA:    85s
[>                               ] 31/669, 7.6 task/s, elapsed: 4s, ETA:    84s
[>                               ] 32/669, 7.7 task/s, elapsed: 4s, ETA:    83s
[>                               ] 33/669, 7.7 task/s, elapsed: 4s, ETA:    82s
[>                               ] 34/669, 7.8 task/s, elapsed: 4s, ETA:    81s
[>                               ] 35/669, 7.9 task/s, elapsed: 4s, ETA:    80s
[>                               ] 36/669, 7.9 task/s, elapsed: 5s, ETA:    80s
[>                               ] 37/669, 8.0 task/s, elapsed: 5s, ETA:    79s
[>                               ] 38/669, 8.1 task/s, elapsed: 5s, ETA:    78s
[>                               ] 39/669, 8.2 task/s, elapsed: 5s, ETA:    77s
[>                               ] 40/669, 8.2 task/s, elapsed: 5s, ETA:    77s
[>                               ] 41/669, 8.2 task/s, elapsed: 5s, ETA:    76s
[>>                              ] 42/669, 8.3 task/s, elapsed: 5s, ETA:    76s
[>>                              ] 43/669, 8.3 task/s, elapsed: 5s, ETA:    76s
[>>                              ] 44/669, 8.3 task/s, elapsed: 5s, ETA:    75s
[>>                              ] 45/669, 8.3 task/s, elapsed: 5s, ETA:    75s
[>>                              ] 46/669, 8.4 task/s, elapsed: 5s, ETA:    74s
[>>                              ] 47/669, 8.4 task/s, elapsed: 6s, ETA:    74s
[>>                              ] 48/669, 8.4 task/s, elapsed: 6s, ETA:    74s
[>>                              ] 49/669, 8.5 task/s, elapsed: 6s, ETA:    73s
[>>                              ] 50/669, 8.5 task/s, elapsed: 6s, ETA:    73s
[>>                              ] 51/669, 8.5 task/s, elapsed: 6s, ETA:    73s
[>>                              ] 52/669, 8.5 task/s, elapsed: 6s, ETA:    73s
[>>                              ] 53/669, 8.5 task/s, elapsed: 6s, ETA:    73s
[>>                              ] 54/669, 8.5 task/s, elapsed: 6s, ETA:    72s
[>>                              ] 55/669, 8.5 task/s, elapsed: 6s, ETA:    72s
[>>                              ] 56/669, 8.6 task/s, elapsed: 7s, ETA:    72s
[>>                              ] 57/669, 8.6 task/s, elapsed: 7s, ETA:    71s
[>>                              ] 58/669, 8.6 task/s, elapsed: 7s, ETA:    71s
[>>                              ] 59/669, 8.6 task/s, elapsed: 7s, ETA:    71s
[>>                              ] 60/669, 8.6 task/s, elapsed: 7s, ETA:    71s
[>>                              ] 61/669, 8.7 task/s, elapsed: 7s, ETA:    70s
[>>                              ] 62/669, 8.7 task/s, elapsed: 7s, ETA:    70s
[>>>                             ] 63/669, 8.7 task/s, elapsed: 7s, ETA:    69s
[>>>                             ] 64/669, 8.8 task/s, elapsed: 7s, ETA:    69s
[>>>                             ] 65/669, 8.8 task/s, elapsed: 7s, ETA:    69s
[>>>                             ] 66/669, 8.8 task/s, elapsed: 8s, ETA:    69s
[>>>                             ] 67/669, 8.8 task/s, elapsed: 8s, ETA:    69s
[>>>                             ] 68/669, 8.8 task/s, elapsed: 8s, ETA:    68s
[>>>                             ] 69/669, 8.8 task/s, elapsed: 8s, ETA:    68s
[>>>                             ] 70/669, 8.8 task/s, elapsed: 8s, ETA:    68s
[>>>                             ] 71/669, 8.8 task/s, elapsed: 8s, ETA:    68s
[>>>                             ] 72/669, 8.8 task/s, elapsed: 8s, ETA:    68s
[>>>                             ] 73/669, 8.8 task/s, elapsed: 8s, ETA:    68s
[>>>                             ] 74/669, 8.8 task/s, elapsed: 8s, ETA:    68s
[>>>                             ] 75/669, 8.8 task/s, elapsed: 8s, ETA:    67s
[>>>                             ] 76/669, 8.8 task/s, elapsed: 9s, ETA:    67s
[>>>                             ] 77/669, 8.9 task/s, elapsed: 9s, ETA:    67s
[>>>                             ] 78/669, 8.9 task/s, elapsed: 9s, ETA:    67s
[>>>                             ] 79/669, 8.9 task/s, elapsed: 9s, ETA:    66s
[>>>                             ] 80/669, 8.9 task/s, elapsed: 9s, ETA:    66s
[>>>                             ] 81/669, 8.9 task/s, elapsed: 9s, ETA:    66s
[>>>                             ] 82/669, 8.9 task/s, elapsed: 9s, ETA:    66s
[>>>                             ] 83/669, 9.0 task/s, elapsed: 9s, ETA:    65s
[>>>>                            ] 84/669, 9.0 task/s, elapsed: 9s, ETA:    65s
[>>>>                            ] 85/669, 9.0 task/s, elapsed: 9s, ETA:    65s
[>>>                            ] 86/669, 9.0 task/s, elapsed: 10s, ETA:    65s
[>>>>                           ] 87/669, 9.0 task/s, elapsed: 10s, ETA:    65s
[>>>>                           ] 88/669, 9.0 task/s, elapsed: 10s, ETA:    65s
[>>>>                           ] 89/669, 9.0 task/s, elapsed: 10s, ETA:    65s
[>>>>                           ] 90/669, 9.0 task/s, elapsed: 10s, ETA:    64s
[>>>>                           ] 91/669, 9.0 task/s, elapsed: 10s, ETA:    64s
[>>>>                           ] 92/669, 9.1 task/s, elapsed: 10s, ETA:    64s
[>>>>                           ] 93/669, 9.1 task/s, elapsed: 10s, ETA:    64s
[>>>>                           ] 94/669, 9.1 task/s, elapsed: 10s, ETA:    63s
[>>>>                           ] 95/669, 9.1 task/s, elapsed: 10s, ETA:    63s
[>>>>                           ] 96/669, 9.1 task/s, elapsed: 11s, ETA:    63s
[>>>>                           ] 97/669, 9.1 task/s, elapsed: 11s, ETA:    63s
[>>>>                           ] 98/669, 9.1 task/s, elapsed: 11s, ETA:    63s
[>>>>                           ] 99/669, 9.1 task/s, elapsed: 11s, ETA:    62s
[>>>>                          ] 100/669, 9.2 task/s, elapsed: 11s, ETA:    62s
[>>>>                          ] 101/669, 9.2 task/s, elapsed: 11s, ETA:    62s
[>>>>                          ] 102/669, 9.2 task/s, elapsed: 11s, ETA:    62s
[>>>>                          ] 103/669, 9.2 task/s, elapsed: 11s, ETA:    62s
[>>>>                          ] 104/669, 9.2 task/s, elapsed: 11s, ETA:    61s
[>>>>                          ] 105/669, 9.2 task/s, elapsed: 11s, ETA:    61s
[>>>>                          ] 106/669, 9.2 task/s, elapsed: 12s, ETA:    61s
[>>>>                          ] 107/669, 9.1 task/s, elapsed: 12s, ETA:    62s
[>>>>                          ] 108/669, 9.1 task/s, elapsed: 12s, ETA:    62s
[>>>>                          ] 109/669, 9.1 task/s, elapsed: 12s, ETA:    62s
[>>>>                          ] 110/669, 9.1 task/s, elapsed: 12s, ETA:    62s
[>>>>                          ] 111/669, 9.1 task/s, elapsed: 12s, ETA:    62s
[>>>>>                         ] 112/669, 9.0 task/s, elapsed: 12s, ETA:    62s
[>>>>>                         ] 113/669, 9.0 task/s, elapsed: 13s, ETA:    62s
[>>>>>                         ] 114/669, 9.0 task/s, elapsed: 13s, ETA:    62s
[>>>>>                         ] 115/669, 8.9 task/s, elapsed: 13s, ETA:    62s
[>>>>>                         ] 116/669, 8.9 task/s, elapsed: 13s, ETA:    62s
[>>>>>                         ] 117/669, 8.9 task/s, elapsed: 13s, ETA:    62s
[>>>>>                         ] 118/669, 8.9 task/s, elapsed: 13s, ETA:    62s
[>>>>>                         ] 119/669, 8.8 task/s, elapsed: 13s, ETA:    62s
[>>>>>                         ] 120/669, 8.8 task/s, elapsed: 14s, ETA:    62s
[>>>>>                         ] 121/669, 8.7 task/s, elapsed: 14s, ETA:    63s
[>>>>>                         ] 122/669, 8.8 task/s, elapsed: 14s, ETA:    62s
[>>>>>                         ] 123/669, 8.7 task/s, elapsed: 14s, ETA:    63s
[>>>>>                         ] 124/669, 8.7 task/s, elapsed: 14s, ETA:    62s
[>>>>>                         ] 125/669, 8.7 task/s, elapsed: 14s, ETA:    62s
[>>>>>                         ] 126/669, 8.7 task/s, elapsed: 14s, ETA:    62s
[>>>>>                         ] 127/669, 8.7 task/s, elapsed: 15s, ETA:    62s
[>>>>>                         ] 128/669, 8.7 task/s, elapsed: 15s, ETA:    62s
[>>>>>                         ] 129/669, 8.7 task/s, elapsed: 15s, ETA:    62s
[>>>>>                         ] 130/669, 8.7 task/s, elapsed: 15s, ETA:    62s
[>>>>>                         ] 131/669, 8.7 task/s, elapsed: 15s, ETA:    62s
[>>>>>                         ] 132/669, 8.7 task/s, elapsed: 15s, ETA:    62s
[>>>>>                         ] 133/669, 8.7 task/s, elapsed: 15s, ETA:    62s
[>>>>>>                        ] 134/669, 8.7 task/s, elapsed: 15s, ETA:    61s
[>>>>>>                        ] 135/669, 8.7 task/s, elapsed: 15s, ETA:    61s
[>>>>>>                        ] 136/669, 8.7 task/s, elapsed: 16s, ETA:    61s
[>>>>>>                        ] 137/669, 8.7 task/s, elapsed: 16s, ETA:    61s
[>>>>>>                        ] 138/669, 8.7 task/s, elapsed: 16s, ETA:    61s
[>>>>>>                        ] 139/669, 8.7 task/s, elapsed: 16s, ETA:    61s
[>>>>>>                        ] 140/669, 8.7 task/s, elapsed: 16s, ETA:    61s
[>>>>>>                        ] 141/669, 8.7 task/s, elapsed: 16s, ETA:    60s
[>>>>>>                        ] 142/669, 8.7 task/s, elapsed: 16s, ETA:    60s
[>>>>>>                        ] 143/669, 8.7 task/s, elapsed: 16s, ETA:    60s
[>>>>>>                        ] 144/669, 8.7 task/s, elapsed: 16s, ETA:    60s
[>>>>>>                        ] 145/669, 8.7 task/s, elapsed: 17s, ETA:    60s
[>>>>>>                        ] 146/669, 8.7 task/s, elapsed: 17s, ETA:    60s
[>>>>>>                        ] 147/669, 8.7 task/s, elapsed: 17s, ETA:    60s
[>>>>>>                        ] 148/669, 8.7 task/s, elapsed: 17s, ETA:    60s
[>>>>>>                        ] 149/669, 8.7 task/s, elapsed: 17s, ETA:    60s
[>>>>>>                        ] 150/669, 8.7 task/s, elapsed: 17s, ETA:    60s
[>>>>>>                        ] 151/669, 8.7 task/s, elapsed: 17s, ETA:    60s
[>>>>>>                        ] 152/669, 8.7 task/s, elapsed: 17s, ETA:    59s
[>>>>>>                        ] 153/669, 8.7 task/s, elapsed: 18s, ETA:    59s
[>>>>>>                        ] 154/669, 8.7 task/s, elapsed: 18s, ETA:    59s
[>>>>>>                        ] 155/669, 8.7 task/s, elapsed: 18s, ETA:    59s
[>>>>>>                        ] 156/669, 8.7 task/s, elapsed: 18s, ETA:    59s
[>>>>>>>                       ] 157/669, 8.7 task/s, elapsed: 18s, ETA:    59s
[>>>>>>>                       ] 158/669, 8.8 task/s, elapsed: 18s, ETA:    58s
[>>>>>>>                       ] 159/669, 8.8 task/s, elapsed: 18s, ETA:    58s
[>>>>>>>                       ] 160/669, 8.8 task/s, elapsed: 18s, ETA:    58s
[>>>>>>>                       ] 161/669, 8.8 task/s, elapsed: 18s, ETA:    58s
[>>>>>>>                       ] 162/669, 8.8 task/s, elapsed: 18s, ETA:    58s
[>>>>>>>                       ] 163/669, 8.8 task/s, elapsed: 19s, ETA:    58s
[>>>>>>>                       ] 164/669, 8.8 task/s, elapsed: 19s, ETA:    57s
[>>>>>>>                       ] 165/669, 8.8 task/s, elapsed: 19s, ETA:    57s
[>>>>>>>                       ] 166/669, 8.8 task/s, elapsed: 19s, ETA:    57s
[>>>>>>>                       ] 167/669, 8.8 task/s, elapsed: 19s, ETA:    57s
[>>>>>>>                       ] 168/669, 8.8 task/s, elapsed: 19s, ETA:    57s
[>>>>>>>                       ] 169/669, 8.8 task/s, elapsed: 19s, ETA:    57s
[>>>>>>>                       ] 170/669, 8.8 task/s, elapsed: 19s, ETA:    56s
[>>>>>>>                       ] 171/669, 8.9 task/s, elapsed: 19s, ETA:    56s
[>>>>>>>                       ] 172/669, 8.9 task/s, elapsed: 19s, ETA:    56s
[>>>>>>>                       ] 173/669, 8.9 task/s, elapsed: 20s, ETA:    56s
[>>>>>>>                       ] 174/669, 8.9 task/s, elapsed: 20s, ETA:    56s
[>>>>>>>                       ] 175/669, 8.9 task/s, elapsed: 20s, ETA:    56s
[>>>>>>>                       ] 176/669, 8.9 task/s, elapsed: 20s, ETA:    55s
[>>>>>>>                       ] 177/669, 8.9 task/s, elapsed: 20s, ETA:    55s
[>>>>>>>                       ] 178/669, 8.9 task/s, elapsed: 20s, ETA:    55s
[>>>>>>>>                      ] 179/669, 8.9 task/s, elapsed: 20s, ETA:    55s
[>>>>>>>>                      ] 180/669, 8.9 task/s, elapsed: 20s, ETA:    55s
[>>>>>>>>                      ] 181/669, 8.9 task/s, elapsed: 20s, ETA:    55s
[>>>>>>>>                      ] 182/669, 8.9 task/s, elapsed: 20s, ETA:    55s
[>>>>>>>>                      ] 183/669, 8.9 task/s, elapsed: 20s, ETA:    54s
[>>>>>>>>                      ] 184/669, 8.9 task/s, elapsed: 21s, ETA:    54s
[>>>>>>>>                      ] 185/669, 9.0 task/s, elapsed: 21s, ETA:    54s
[>>>>>>>>                      ] 186/669, 9.0 task/s, elapsed: 21s, ETA:    54s
[>>>>>>>>                      ] 187/669, 8.9 task/s, elapsed: 21s, ETA:    54s
[>>>>>>>>                      ] 188/669, 8.9 task/s, elapsed: 21s, ETA:    54s
[>>>>>>>>                      ] 189/669, 8.9 task/s, elapsed: 21s, ETA:    54s
[>>>>>>>>                      ] 190/669, 8.8 task/s, elapsed: 21s, ETA:    54s
[>>>>>>>>                      ] 191/669, 8.8 task/s, elapsed: 22s, ETA:    54s
[>>>>>>>>                      ] 192/669, 8.8 task/s, elapsed: 22s, ETA:    54s
[>>>>>>>>                      ] 193/669, 8.8 task/s, elapsed: 22s, ETA:    54s
[>>>>>>>>                      ] 194/669, 8.8 task/s, elapsed: 22s, ETA:    54s
[>>>>>>>>                      ] 195/669, 8.8 task/s, elapsed: 22s, ETA:    54s
[>>>>>>>>                      ] 196/669, 8.8 task/s, elapsed: 22s, ETA:    54s
[>>>>>>>>                      ] 197/669, 8.7 task/s, elapsed: 23s, ETA:    54s
[>>>>>>>>                      ] 198/669, 8.8 task/s, elapsed: 23s, ETA:    54s
[>>>>>>>>                      ] 199/669, 8.7 task/s, elapsed: 23s, ETA:    54s
[>>>>>>>>                      ] 200/669, 8.7 task/s, elapsed: 23s, ETA:    54s
[>>>>>>>>>                     ] 201/669, 8.7 task/s, elapsed: 23s, ETA:    54s
[>>>>>>>>>                     ] 202/669, 8.7 task/s, elapsed: 23s, ETA:    54s
[>>>>>>>>>                     ] 203/669, 8.7 task/s, elapsed: 23s, ETA:    54s
[>>>>>>>>>                     ] 204/669, 8.7 task/s, elapsed: 24s, ETA:    54s
[>>>>>>>>>                     ] 205/669, 8.7 task/s, elapsed: 24s, ETA:    54s
[>>>>>>>>>                     ] 206/669, 8.7 task/s, elapsed: 24s, ETA:    53s
[>>>>>>>>>                     ] 207/669, 8.7 task/s, elapsed: 24s, ETA:    53s
[>>>>>>>>>                     ] 208/669, 8.7 task/s, elapsed: 24s, ETA:    53s
[>>>>>>>>>                     ] 209/669, 8.7 task/s, elapsed: 24s, ETA:    53s
[>>>>>>>>>                     ] 210/669, 8.7 task/s, elapsed: 24s, ETA:    53s
[>>>>>>>>>                     ] 211/669, 8.7 task/s, elapsed: 24s, ETA:    53s
[>>>>>>>>>                     ] 212/669, 8.7 task/s, elapsed: 24s, ETA:    52s
[>>>>>>>>>                     ] 213/669, 8.7 task/s, elapsed: 24s, ETA:    52s
[>>>>>>>>>                     ] 214/669, 8.7 task/s, elapsed: 25s, ETA:    52s
[>>>>>>>>>                     ] 215/669, 8.7 task/s, elapsed: 25s, ETA:    52s
[>>>>>>>>>                     ] 216/669, 8.7 task/s, elapsed: 25s, ETA:    52s
[>>>>>>>>>                     ] 217/669, 8.7 task/s, elapsed: 25s, ETA:    52s
[>>>>>>>>>                     ] 218/669, 8.7 task/s, elapsed: 25s, ETA:    52s
[>>>>>>>>>                     ] 219/669, 8.7 task/s, elapsed: 25s, ETA:    52s
[>>>>>>>>>                     ] 220/669, 8.7 task/s, elapsed: 25s, ETA:    51s
[>>>>>>>>>                     ] 221/669, 8.7 task/s, elapsed: 25s, ETA:    51s
[>>>>>>>>>                     ] 222/669, 8.7 task/s, elapsed: 25s, ETA:    51s
[>>>>>>>>>>                    ] 223/669, 8.7 task/s, elapsed: 26s, ETA:    51s
[>>>>>>>>>>                    ] 224/669, 8.7 task/s, elapsed: 26s, ETA:    51s
[>>>>>>>>>>                    ] 225/669, 8.7 task/s, elapsed: 26s, ETA:    51s
[>>>>>>>>>>                    ] 226/669, 8.7 task/s, elapsed: 26s, ETA:    51s
[>>>>>>>>>>                    ] 227/669, 8.7 task/s, elapsed: 26s, ETA:    51s
[>>>>>>>>>>                    ] 228/669, 8.7 task/s, elapsed: 26s, ETA:    51s
[>>>>>>>>>>                    ] 229/669, 8.7 task/s, elapsed: 26s, ETA:    51s
[>>>>>>>>>>                    ] 230/669, 8.7 task/s, elapsed: 26s, ETA:    50s
[>>>>>>>>>>                    ] 231/669, 8.7 task/s, elapsed: 27s, ETA:    50s
[>>>>>>>>>>                    ] 232/669, 8.7 task/s, elapsed: 27s, ETA:    50s
[>>>>>>>>>>                    ] 233/669, 8.7 task/s, elapsed: 27s, ETA:    50s
[>>>>>>>>>>                    ] 234/669, 8.7 task/s, elapsed: 27s, ETA:    50s
[>>>>>>>>>>                    ] 235/669, 8.7 task/s, elapsed: 27s, ETA:    50s
[>>>>>>>>>>                    ] 236/669, 8.7 task/s, elapsed: 27s, ETA:    50s
[>>>>>>>>>>                    ] 237/669, 8.7 task/s, elapsed: 27s, ETA:    50s
[>>>>>>>>>>                    ] 238/669, 8.7 task/s, elapsed: 27s, ETA:    50s
[>>>>>>>>>>                    ] 239/669, 8.7 task/s, elapsed: 27s, ETA:    49s
[>>>>>>>>>>                    ] 240/669, 8.7 task/s, elapsed: 28s, ETA:    49s
[>>>>>>>>>>                    ] 241/669, 8.7 task/s, elapsed: 28s, ETA:    49s
[>>>>>>>>>>                    ] 242/669, 8.7 task/s, elapsed: 28s, ETA:    49s
[>>>>>>>>>>                    ] 243/669, 8.7 task/s, elapsed: 28s, ETA:    49s
[>>>>>>>>>>                    ] 244/669, 8.7 task/s, elapsed: 28s, ETA:    49s
[>>>>>>>>>>                    ] 245/669, 8.6 task/s, elapsed: 28s, ETA:    49s
[>>>>>>>>>>>                   ] 246/669, 8.6 task/s, elapsed: 29s, ETA:    49s
[>>>>>>>>>>>                   ] 247/669, 8.6 task/s, elapsed: 29s, ETA:    49s
[>>>>>>>>>>>                   ] 248/669, 8.6 task/s, elapsed: 29s, ETA:    49s
[>>>>>>>>>>>                   ] 249/669, 8.5 task/s, elapsed: 29s, ETA:    49s
[>>>>>>>>>>>                   ] 250/669, 8.5 task/s, elapsed: 29s, ETA:    49s
[>>>>>>>>>>>                   ] 251/669, 8.5 task/s, elapsed: 29s, ETA:    49s
[>>>>>>>>>>>                   ] 252/669, 8.5 task/s, elapsed: 29s, ETA:    49s
[>>>>>>>>>>>                   ] 253/669, 8.6 task/s, elapsed: 30s, ETA:    49s
[>>>>>>>>>>>                   ] 254/669, 8.5 task/s, elapsed: 30s, ETA:    49s
[>>>>>>>>>>>                   ] 255/669, 8.5 task/s, elapsed: 30s, ETA:    48s
[>>>>>>>>>>>                   ] 256/669, 8.5 task/s, elapsed: 30s, ETA:    48s
[>>>>>>>>>>>                   ] 257/669, 8.6 task/s, elapsed: 30s, ETA:    48s
[>>>>>>>>>>>                   ] 258/669, 8.6 task/s, elapsed: 30s, ETA:    48s
[>>>>>>>>>>>                   ] 259/669, 8.6 task/s, elapsed: 30s, ETA:    48s
[>>>>>>>>>>>                   ] 260/669, 8.6 task/s, elapsed: 30s, ETA:    48s
[>>>>>>>>>>>                   ] 261/669, 8.6 task/s, elapsed: 30s, ETA:    48s
[>>>>>>>>>>>                   ] 262/669, 8.5 task/s, elapsed: 31s, ETA:    48s
[>>>>>>>>>>>                   ] 263/669, 8.5 task/s, elapsed: 31s, ETA:    48s
[>>>>>>>>>>>                   ] 264/669, 8.5 task/s, elapsed: 31s, ETA:    48s
[>>>>>>>>>>>                   ] 265/669, 8.5 task/s, elapsed: 31s, ETA:    47s
[>>>>>>>>>>>                   ] 266/669, 8.5 task/s, elapsed: 31s, ETA:    47s
[>>>>>>>>>>>                   ] 267/669, 8.5 task/s, elapsed: 31s, ETA:    47s
[>>>>>>>>>>>>                  ] 268/669, 8.5 task/s, elapsed: 32s, ETA:    47s
[>>>>>>>>>>>>                  ] 269/669, 8.5 task/s, elapsed: 32s, ETA:    47s
[>>>>>>>>>>>>                  ] 270/669, 8.5 task/s, elapsed: 32s, ETA:    47s
[>>>>>>>>>>>>                  ] 271/669, 8.5 task/s, elapsed: 32s, ETA:    47s
[>>>>>>>>>>>>                  ] 272/669, 8.5 task/s, elapsed: 32s, ETA:    47s
[>>>>>>>>>>>>                  ] 273/669, 8.5 task/s, elapsed: 32s, ETA:    47s
[>>>>>>>>>>>>                  ] 274/669, 8.5 task/s, elapsed: 32s, ETA:    47s
[>>>>>>>>>>>>                  ] 275/669, 8.5 task/s, elapsed: 33s, ETA:    47s
[>>>>>>>>>>>>                  ] 276/669, 8.5 task/s, elapsed: 33s, ETA:    46s
[>>>>>>>>>>>>                  ] 277/669, 8.5 task/s, elapsed: 33s, ETA:    46s
[>>>>>>>>>>>>                  ] 278/669, 8.5 task/s, elapsed: 33s, ETA:    46s
[>>>>>>>>>>>>                  ] 279/669, 8.5 task/s, elapsed: 33s, ETA:    46s
[>>>>>>>>>>>>                  ] 280/669, 8.5 task/s, elapsed: 33s, ETA:    46s
[>>>>>>>>>>>>                  ] 281/669, 8.5 task/s, elapsed: 33s, ETA:    46s
[>>>>>>>>>>>>                  ] 282/669, 8.5 task/s, elapsed: 33s, ETA:    46s
[>>>>>>>>>>>>                  ] 283/669, 8.4 task/s, elapsed: 33s, ETA:    46s
[>>>>>>>>>>>>                  ] 284/669, 8.4 task/s, elapsed: 34s, ETA:    46s
[>>>>>>>>>>>>                  ] 285/669, 8.4 task/s, elapsed: 34s, ETA:    46s
[>>>>>>>>>>>>                  ] 286/669, 8.4 task/s, elapsed: 34s, ETA:    45s
[>>>>>>>>>>>>                  ] 287/669, 8.4 task/s, elapsed: 34s, ETA:    45s
[>>>>>>>>>>>>                  ] 288/669, 8.4 task/s, elapsed: 34s, ETA:    45s
[>>>>>>>>>>>>                  ] 289/669, 8.5 task/s, elapsed: 34s, ETA:    45s
[>>>>>>>>>>>>>                 ] 290/669, 8.5 task/s, elapsed: 34s, ETA:    45s
[>>>>>>>>>>>>>                 ] 291/669, 8.5 task/s, elapsed: 34s, ETA:    45s
[>>>>>>>>>>>>>                 ] 292/669, 8.5 task/s, elapsed: 34s, ETA:    45s
[>>>>>>>>>>>>>                 ] 293/669, 8.5 task/s, elapsed: 35s, ETA:    44s
[>>>>>>>>>>>>>                 ] 294/669, 8.5 task/s, elapsed: 35s, ETA:    44s
[>>>>>>>>>>>>>                 ] 295/669, 8.5 task/s, elapsed: 35s, ETA:    44s
[>>>>>>>>>>>>>                 ] 296/669, 8.5 task/s, elapsed: 35s, ETA:    44s
[>>>>>>>>>>>>>                 ] 297/669, 8.5 task/s, elapsed: 35s, ETA:    44s
[>>>>>>>>>>>>>                 ] 298/669, 8.5 task/s, elapsed: 35s, ETA:    44s
[>>>>>>>>>>>>>                 ] 299/669, 8.5 task/s, elapsed: 35s, ETA:    44s
[>>>>>>>>>>>>>                 ] 300/669, 8.5 task/s, elapsed: 35s, ETA:    43s
[>>>>>>>>>>>>>                 ] 301/669, 8.5 task/s, elapsed: 35s, ETA:    43s
[>>>>>>>>>>>>>                 ] 302/669, 8.5 task/s, elapsed: 36s, ETA:    43s
[>>>>>>>>>>>>>                 ] 303/669, 8.5 task/s, elapsed: 36s, ETA:    43s
[>>>>>>>>>>>>>                 ] 304/669, 8.5 task/s, elapsed: 36s, ETA:    43s
[>>>>>>>>>>>>>                 ] 305/669, 8.5 task/s, elapsed: 36s, ETA:    43s
[>>>>>>>>>>>>>                 ] 306/669, 8.5 task/s, elapsed: 36s, ETA:    43s
[>>>>>>>>>>>>>                 ] 307/669, 8.5 task/s, elapsed: 36s, ETA:    42s
[>>>>>>>>>>>>>                 ] 308/669, 8.5 task/s, elapsed: 36s, ETA:    42s
[>>>>>>>>>>>>>                 ] 309/669, 8.5 task/s, elapsed: 36s, ETA:    42s
[>>>>>>>>>>>>>                 ] 310/669, 8.5 task/s, elapsed: 36s, ETA:    42s
[>>>>>>>>>>>>>                 ] 311/669, 8.5 task/s, elapsed: 36s, ETA:    42s
[>>>>>>>>>>>>>                 ] 312/669, 8.6 task/s, elapsed: 36s, ETA:    42s
[>>>>>>>>>>>>>>                ] 313/669, 8.6 task/s, elapsed: 37s, ETA:    42s
[>>>>>>>>>>>>>>                ] 314/669, 8.6 task/s, elapsed: 37s, ETA:    41s
[>>>>>>>>>>>>>>                ] 315/669, 8.6 task/s, elapsed: 37s, ETA:    41s
[>>>>>>>>>>>>>>                ] 316/669, 8.6 task/s, elapsed: 37s, ETA:    41s
[>>>>>>>>>>>>>>                ] 317/669, 8.6 task/s, elapsed: 37s, ETA:    41s
[>>>>>>>>>>>>>>                ] 318/669, 8.6 task/s, elapsed: 37s, ETA:    41s
[>>>>>>>>>>>>>>                ] 319/669, 8.6 task/s, elapsed: 37s, ETA:    41s
[>>>>>>>>>>>>>>                ] 320/669, 8.6 task/s, elapsed: 37s, ETA:    41s
[>>>>>>>>>>>>>>                ] 321/669, 8.6 task/s, elapsed: 37s, ETA:    41s
[>>>>>>>>>>>>>>                ] 322/669, 8.6 task/s, elapsed: 37s, ETA:    40s
[>>>>>>>>>>>>>>                ] 323/669, 8.6 task/s, elapsed: 38s, ETA:    40s
[>>>>>>>>>>>>>>                ] 324/669, 8.6 task/s, elapsed: 38s, ETA:    40s
[>>>>>>>>>>>>>>                ] 325/669, 8.6 task/s, elapsed: 38s, ETA:    40s
[>>>>>>>>>>>>>>                ] 326/669, 8.6 task/s, elapsed: 38s, ETA:    40s
[>>>>>>>>>>>>>>                ] 327/669, 8.6 task/s, elapsed: 38s, ETA:    40s
[>>>>>>>>>>>>>>                ] 328/669, 8.6 task/s, elapsed: 38s, ETA:    40s
[>>>>>>>>>>>>>>                ] 329/669, 8.6 task/s, elapsed: 38s, ETA:    39s
[>>>>>>>>>>>>>>                ] 330/669, 8.6 task/s, elapsed: 38s, ETA:    39s
[>>>>>>>>>>>>>>                ] 331/669, 8.6 task/s, elapsed: 38s, ETA:    39s
[>>>>>>>>>>>>>>                ] 332/669, 8.6 task/s, elapsed: 38s, ETA:    39s
[>>>>>>>>>>>>>>                ] 333/669, 8.6 task/s, elapsed: 39s, ETA:    39s
[>>>>>>>>>>>>>>                ] 334/669, 8.7 task/s, elapsed: 39s, ETA:    39s
[>>>>>>>>>>>>>>>               ] 335/669, 8.7 task/s, elapsed: 39s, ETA:    39s
[>>>>>>>>>>>>>>>               ] 336/669, 8.7 task/s, elapsed: 39s, ETA:    38s
[>>>>>>>>>>>>>>>               ] 337/669, 8.7 task/s, elapsed: 39s, ETA:    38s
[>>>>>>>>>>>>>>>               ] 338/669, 8.7 task/s, elapsed: 39s, ETA:    38s
[>>>>>>>>>>>>>>>               ] 339/669, 8.7 task/s, elapsed: 39s, ETA:    38s
[>>>>>>>>>>>>>>>               ] 340/669, 8.7 task/s, elapsed: 39s, ETA:    38s
[>>>>>>>>>>>>>>>               ] 341/669, 8.7 task/s, elapsed: 39s, ETA:    38s
[>>>>>>>>>>>>>>>               ] 342/669, 8.7 task/s, elapsed: 40s, ETA:    38s
[>>>>>>>>>>>>>>>               ] 343/669, 8.7 task/s, elapsed: 40s, ETA:    38s
[>>>>>>>>>>>>>>>               ] 344/669, 8.7 task/s, elapsed: 40s, ETA:    38s
[>>>>>>>>>>>>>>>               ] 345/669, 8.7 task/s, elapsed: 40s, ETA:    37s
[>>>>>>>>>>>>>>>               ] 346/669, 8.7 task/s, elapsed: 40s, ETA:    37s
[>>>>>>>>>>>>>>>               ] 347/669, 8.7 task/s, elapsed: 40s, ETA:    37s
[>>>>>>>>>>>>>>>               ] 348/669, 8.7 task/s, elapsed: 40s, ETA:    37s
[>>>>>>>>>>>>>>>               ] 349/669, 8.7 task/s, elapsed: 40s, ETA:    37s
[>>>>>>>>>>>>>>>               ] 350/669, 8.7 task/s, elapsed: 40s, ETA:    37s
[>>>>>>>>>>>>>>>               ] 351/669, 8.7 task/s, elapsed: 40s, ETA:    37s
[>>>>>>>>>>>>>>>               ] 352/669, 8.7 task/s, elapsed: 41s, ETA:    36s
[>>>>>>>>>>>>>>>               ] 353/669, 8.7 task/s, elapsed: 41s, ETA:    36s
[>>>>>>>>>>>>>>>               ] 354/669, 8.7 task/s, elapsed: 41s, ETA:    36s
[>>>>>>>>>>>>>>>               ] 355/669, 8.7 task/s, elapsed: 41s, ETA:    36s
[>>>>>>>>>>>>>>>               ] 356/669, 8.7 task/s, elapsed: 41s, ETA:    36s
[>>>>>>>>>>>>>>>>              ] 357/669, 8.7 task/s, elapsed: 41s, ETA:    36s
[>>>>>>>>>>>>>>>>              ] 358/669, 8.7 task/s, elapsed: 41s, ETA:    36s
[>>>>>>>>>>>>>>>>              ] 359/669, 8.7 task/s, elapsed: 41s, ETA:    36s
[>>>>>>>>>>>>>>>>              ] 360/669, 8.7 task/s, elapsed: 41s, ETA:    36s
[>>>>>>>>>>>>>>>>              ] 361/669, 8.7 task/s, elapsed: 42s, ETA:    35s
[>>>>>>>>>>>>>>>>              ] 362/669, 8.7 task/s, elapsed: 42s, ETA:    35s
[>>>>>>>>>>>>>>>>              ] 363/669, 8.7 task/s, elapsed: 42s, ETA:    35s
[>>>>>>>>>>>>>>>>              ] 364/669, 8.7 task/s, elapsed: 42s, ETA:    35s
[>>>>>>>>>>>>>>>>              ] 365/669, 8.7 task/s, elapsed: 42s, ETA:    35s
[>>>>>>>>>>>>>>>>              ] 366/669, 8.7 task/s, elapsed: 42s, ETA:    35s
[>>>>>>>>>>>>>>>>              ] 367/669, 8.7 task/s, elapsed: 42s, ETA:    35s
[>>>>>>>>>>>>>>>>              ] 368/669, 8.7 task/s, elapsed: 42s, ETA:    35s
[>>>>>>>>>>>>>>>>              ] 369/669, 8.7 task/s, elapsed: 42s, ETA:    35s
[>>>>>>>>>>>>>>>>              ] 370/669, 8.7 task/s, elapsed: 43s, ETA:    34s
[>>>>>>>>>>>>>>>>              ] 371/669, 8.7 task/s, elapsed: 43s, ETA:    34s
[>>>>>>>>>>>>>>>>              ] 372/669, 8.7 task/s, elapsed: 43s, ETA:    34s
[>>>>>>>>>>>>>>>>              ] 373/669, 8.7 task/s, elapsed: 43s, ETA:    34s
[>>>>>>>>>>>>>>>>              ] 374/669, 8.7 task/s, elapsed: 43s, ETA:    34s
[>>>>>>>>>>>>>>>>              ] 375/669, 8.7 task/s, elapsed: 43s, ETA:    34s
[>>>>>>>>>>>>>>>>              ] 376/669, 8.7 task/s, elapsed: 43s, ETA:    34s
[>>>>>>>>>>>>>>>>              ] 377/669, 8.7 task/s, elapsed: 43s, ETA:    34s
[>>>>>>>>>>>>>>>>              ] 378/669, 8.7 task/s, elapsed: 44s, ETA:    34s
[>>>>>>>>>>>>>>>>              ] 379/669, 8.7 task/s, elapsed: 44s, ETA:    33s
[>>>>>>>>>>>>>>>>>             ] 380/669, 8.7 task/s, elapsed: 44s, ETA:    33s
[>>>>>>>>>>>>>>>>>             ] 381/669, 8.7 task/s, elapsed: 44s, ETA:    33s
[>>>>>>>>>>>>>>>>>             ] 382/669, 8.7 task/s, elapsed: 44s, ETA:    33s
[>>>>>>>>>>>>>>>>>             ] 383/669, 8.7 task/s, elapsed: 44s, ETA:    33s
[>>>>>>>>>>>>>>>>>             ] 384/669, 8.7 task/s, elapsed: 44s, ETA:    33s
[>>>>>>>>>>>>>>>>>             ] 385/669, 8.7 task/s, elapsed: 44s, ETA:    33s
[>>>>>>>>>>>>>>>>>             ] 386/669, 8.7 task/s, elapsed: 44s, ETA:    33s
[>>>>>>>>>>>>>>>>>             ] 387/669, 8.7 task/s, elapsed: 44s, ETA:    32s
[>>>>>>>>>>>>>>>>>             ] 388/669, 8.7 task/s, elapsed: 45s, ETA:    32s
[>>>>>>>>>>>>>>>>>             ] 389/669, 8.7 task/s, elapsed: 45s, ETA:    32s
[>>>>>>>>>>>>>>>>>             ] 390/669, 8.7 task/s, elapsed: 45s, ETA:    32s
[>>>>>>>>>>>>>>>>>             ] 391/669, 8.7 task/s, elapsed: 45s, ETA:    32s
[>>>>>>>>>>>>>>>>>             ] 392/669, 8.7 task/s, elapsed: 45s, ETA:    32s
[>>>>>>>>>>>>>>>>>             ] 393/669, 8.7 task/s, elapsed: 45s, ETA:    32s
[>>>>>>>>>>>>>>>>>             ] 394/669, 8.7 task/s, elapsed: 45s, ETA:    31s
[>>>>>>>>>>>>>>>>>             ] 395/669, 8.7 task/s, elapsed: 45s, ETA:    31s
[>>>>>>>>>>>>>>>>>             ] 396/669, 8.7 task/s, elapsed: 45s, ETA:    31s
[>>>>>>>>>>>>>>>>>             ] 397/669, 8.7 task/s, elapsed: 45s, ETA:    31s
[>>>>>>>>>>>>>>>>>             ] 398/669, 8.7 task/s, elapsed: 46s, ETA:    31s
[>>>>>>>>>>>>>>>>>             ] 399/669, 8.7 task/s, elapsed: 46s, ETA:    31s
[>>>>>>>>>>>>>>>>>             ] 400/669, 8.7 task/s, elapsed: 46s, ETA:    31s
[>>>>>>>>>>>>>>>>>             ] 401/669, 8.7 task/s, elapsed: 46s, ETA:    31s
[>>>>>>>>>>>>>>>>>>            ] 402/669, 8.8 task/s, elapsed: 46s, ETA:    31s
[>>>>>>>>>>>>>>>>>>            ] 403/669, 8.8 task/s, elapsed: 46s, ETA:    30s
[>>>>>>>>>>>>>>>>>>            ] 404/669, 8.8 task/s, elapsed: 46s, ETA:    30s
[>>>>>>>>>>>>>>>>>>            ] 405/669, 8.8 task/s, elapsed: 46s, ETA:    30s
[>>>>>>>>>>>>>>>>>>            ] 406/669, 8.8 task/s, elapsed: 46s, ETA:    30s
[>>>>>>>>>>>>>>>>>>            ] 407/669, 8.8 task/s, elapsed: 46s, ETA:    30s
[>>>>>>>>>>>>>>>>>>            ] 408/669, 8.8 task/s, elapsed: 46s, ETA:    30s
[>>>>>>>>>>>>>>>>>>            ] 409/669, 8.8 task/s, elapsed: 47s, ETA:    30s
[>>>>>>>>>>>>>>>>>>            ] 410/669, 8.8 task/s, elapsed: 47s, ETA:    30s
[>>>>>>>>>>>>>>>>>>            ] 411/669, 8.8 task/s, elapsed: 47s, ETA:    29s
[>>>>>>>>>>>>>>>>>>            ] 412/669, 8.8 task/s, elapsed: 47s, ETA:    29s
[>>>>>>>>>>>>>>>>>>            ] 413/669, 8.8 task/s, elapsed: 47s, ETA:    29s
[>>>>>>>>>>>>>>>>>>            ] 414/669, 8.8 task/s, elapsed: 47s, ETA:    29s
[>>>>>>>>>>>>>>>>>>            ] 415/669, 8.8 task/s, elapsed: 47s, ETA:    29s
[>>>>>>>>>>>>>>>>>>            ] 416/669, 8.8 task/s, elapsed: 47s, ETA:    29s
[>>>>>>>>>>>>>>>>>>            ] 417/669, 8.8 task/s, elapsed: 47s, ETA:    29s
[>>>>>>>>>>>>>>>>>>            ] 418/669, 8.8 task/s, elapsed: 48s, ETA:    29s
[>>>>>>>>>>>>>>>>>>            ] 419/669, 8.8 task/s, elapsed: 48s, ETA:    28s
[>>>>>>>>>>>>>>>>>>            ] 420/669, 8.8 task/s, elapsed: 48s, ETA:    28s
[>>>>>>>>>>>>>>>>>>            ] 421/669, 8.8 task/s, elapsed: 48s, ETA:    28s
[>>>>>>>>>>>>>>>>>>            ] 422/669, 8.8 task/s, elapsed: 48s, ETA:    28s
[>>>>>>>>>>>>>>>>>>            ] 423/669, 8.8 task/s, elapsed: 48s, ETA:    28s
[>>>>>>>>>>>>>>>>>>>           ] 424/669, 8.8 task/s, elapsed: 48s, ETA:    28s
[>>>>>>>>>>>>>>>>>>>           ] 425/669, 8.8 task/s, elapsed: 48s, ETA:    28s
[>>>>>>>>>>>>>>>>>>>           ] 426/669, 8.8 task/s, elapsed: 48s, ETA:    28s
[>>>>>>>>>>>>>>>>>>>           ] 427/669, 8.8 task/s, elapsed: 48s, ETA:    27s
[>>>>>>>>>>>>>>>>>>>           ] 428/669, 8.8 task/s, elapsed: 48s, ETA:    27s
[>>>>>>>>>>>>>>>>>>>           ] 429/669, 8.8 task/s, elapsed: 49s, ETA:    27s
[>>>>>>>>>>>>>>>>>>>           ] 430/669, 8.8 task/s, elapsed: 49s, ETA:    27s
[>>>>>>>>>>>>>>>>>>>           ] 431/669, 8.9 task/s, elapsed: 49s, ETA:    27s
[>>>>>>>>>>>>>>>>>>>           ] 432/669, 8.9 task/s, elapsed: 49s, ETA:    27s
[>>>>>>>>>>>>>>>>>>>           ] 433/669, 8.9 task/s, elapsed: 49s, ETA:    27s
[>>>>>>>>>>>>>>>>>>>           ] 434/669, 8.9 task/s, elapsed: 49s, ETA:    27s
[>>>>>>>>>>>>>>>>>>>           ] 435/669, 8.9 task/s, elapsed: 49s, ETA:    26s
[>>>>>>>>>>>>>>>>>>>           ] 436/669, 8.9 task/s, elapsed: 49s, ETA:    26s
[>>>>>>>>>>>>>>>>>>>           ] 437/669, 8.9 task/s, elapsed: 49s, ETA:    26s
[>>>>>>>>>>>>>>>>>>>           ] 438/669, 8.9 task/s, elapsed: 49s, ETA:    26s
[>>>>>>>>>>>>>>>>>>>           ] 439/669, 8.9 task/s, elapsed: 49s, ETA:    26s
[>>>>>>>>>>>>>>>>>>>           ] 440/669, 8.9 task/s, elapsed: 50s, ETA:    26s
[>>>>>>>>>>>>>>>>>>>           ] 441/669, 8.9 task/s, elapsed: 50s, ETA:    26s
[>>>>>>>>>>>>>>>>>>>           ] 442/669, 8.9 task/s, elapsed: 50s, ETA:    26s
[>>>>>>>>>>>>>>>>>>>           ] 443/669, 8.9 task/s, elapsed: 50s, ETA:    25s
[>>>>>>>>>>>>>>>>>>>           ] 444/669, 8.9 task/s, elapsed: 50s, ETA:    25s
[>>>>>>>>>>>>>>>>>>>           ] 445/669, 8.9 task/s, elapsed: 50s, ETA:    25s
[>>>>>>>>>>>>>>>>>>>>          ] 446/669, 8.9 task/s, elapsed: 50s, ETA:    25s
[>>>>>>>>>>>>>>>>>>>>          ] 447/669, 8.9 task/s, elapsed: 50s, ETA:    25s
[>>>>>>>>>>>>>>>>>>>>          ] 448/669, 8.9 task/s, elapsed: 50s, ETA:    25s
[>>>>>>>>>>>>>>>>>>>>          ] 449/669, 8.9 task/s, elapsed: 50s, ETA:    25s
[>>>>>>>>>>>>>>>>>>>>          ] 450/669, 8.9 task/s, elapsed: 51s, ETA:    25s
[>>>>>>>>>>>>>>>>>>>>          ] 451/669, 8.9 task/s, elapsed: 51s, ETA:    24s
[>>>>>>>>>>>>>>>>>>>>          ] 452/669, 8.9 task/s, elapsed: 51s, ETA:    24s
[>>>>>>>>>>>>>>>>>>>>          ] 453/669, 8.9 task/s, elapsed: 51s, ETA:    24s
[>>>>>>>>>>>>>>>>>>>>          ] 454/669, 8.9 task/s, elapsed: 51s, ETA:    24s
[>>>>>>>>>>>>>>>>>>>>          ] 455/669, 8.9 task/s, elapsed: 51s, ETA:    24s
[>>>>>>>>>>>>>>>>>>>>          ] 456/669, 8.9 task/s, elapsed: 51s, ETA:    24s
[>>>>>>>>>>>>>>>>>>>>          ] 457/669, 8.9 task/s, elapsed: 51s, ETA:    24s
[>>>>>>>>>>>>>>>>>>>>          ] 458/669, 8.9 task/s, elapsed: 51s, ETA:    24s
[>>>>>>>>>>>>>>>>>>>>          ] 459/669, 8.9 task/s, elapsed: 51s, ETA:    24s
[>>>>>>>>>>>>>>>>>>>>          ] 460/669, 8.9 task/s, elapsed: 52s, ETA:    23s
[>>>>>>>>>>>>>>>>>>>>          ] 461/669, 8.9 task/s, elapsed: 52s, ETA:    23s
[>>>>>>>>>>>>>>>>>>>>          ] 462/669, 8.9 task/s, elapsed: 52s, ETA:    23s
[>>>>>>>>>>>>>>>>>>>>          ] 463/669, 8.9 task/s, elapsed: 52s, ETA:    23s
[>>>>>>>>>>>>>>>>>>>>          ] 464/669, 8.9 task/s, elapsed: 52s, ETA:    23s
[>>>>>>>>>>>>>>>>>>>>          ] 465/669, 8.9 task/s, elapsed: 52s, ETA:    23s
[>>>>>>>>>>>>>>>>>>>>          ] 466/669, 8.9 task/s, elapsed: 52s, ETA:    23s
[>>>>>>>>>>>>>>>>>>>>          ] 467/669, 8.9 task/s, elapsed: 52s, ETA:    23s
[>>>>>>>>>>>>>>>>>>>>          ] 468/669, 8.9 task/s, elapsed: 52s, ETA:    23s
[>>>>>>>>>>>>>>>>>>>>>         ] 469/669, 8.9 task/s, elapsed: 53s, ETA:    22s
[>>>>>>>>>>>>>>>>>>>>>         ] 470/669, 8.9 task/s, elapsed: 53s, ETA:    22s
[>>>>>>>>>>>>>>>>>>>>>         ] 471/669, 8.9 task/s, elapsed: 53s, ETA:    22s
[>>>>>>>>>>>>>>>>>>>>>         ] 472/669, 8.9 task/s, elapsed: 53s, ETA:    22s
[>>>>>>>>>>>>>>>>>>>>>         ] 473/669, 8.9 task/s, elapsed: 53s, ETA:    22s
[>>>>>>>>>>>>>>>>>>>>>         ] 474/669, 8.9 task/s, elapsed: 53s, ETA:    22s
[>>>>>>>>>>>>>>>>>>>>>         ] 475/669, 8.9 task/s, elapsed: 53s, ETA:    22s
[>>>>>>>>>>>>>>>>>>>>>         ] 476/669, 8.9 task/s, elapsed: 53s, ETA:    22s
[>>>>>>>>>>>>>>>>>>>>>         ] 477/669, 8.9 task/s, elapsed: 53s, ETA:    21s
[>>>>>>>>>>>>>>>>>>>>>         ] 478/669, 8.9 task/s, elapsed: 53s, ETA:    21s
[>>>>>>>>>>>>>>>>>>>>>         ] 479/669, 8.9 task/s, elapsed: 54s, ETA:    21s
[>>>>>>>>>>>>>>>>>>>>>         ] 480/669, 8.9 task/s, elapsed: 54s, ETA:    21s
[>>>>>>>>>>>>>>>>>>>>>         ] 481/669, 8.9 task/s, elapsed: 54s, ETA:    21s
[>>>>>>>>>>>>>>>>>>>>>         ] 482/669, 8.9 task/s, elapsed: 54s, ETA:    21s
[>>>>>>>>>>>>>>>>>>>>>         ] 483/669, 8.9 task/s, elapsed: 54s, ETA:    21s
[>>>>>>>>>>>>>>>>>>>>>         ] 484/669, 8.9 task/s, elapsed: 54s, ETA:    21s
[>>>>>>>>>>>>>>>>>>>>>         ] 485/669, 8.9 task/s, elapsed: 54s, ETA:    21s
[>>>>>>>>>>>>>>>>>>>>>         ] 486/669, 8.9 task/s, elapsed: 54s, ETA:    20s
[>>>>>>>>>>>>>>>>>>>>>         ] 487/669, 8.9 task/s, elapsed: 55s, ETA:    20s
[>>>>>>>>>>>>>>>>>>>>>         ] 488/669, 8.9 task/s, elapsed: 55s, ETA:    20s
[>>>>>>>>>>>>>>>>>>>>>         ] 489/669, 8.9 task/s, elapsed: 55s, ETA:    20s
[>>>>>>>>>>>>>>>>>>>>>         ] 490/669, 8.9 task/s, elapsed: 55s, ETA:    20s
[>>>>>>>>>>>>>>>>>>>>>>        ] 491/669, 8.9 task/s, elapsed: 55s, ETA:    20s
[>>>>>>>>>>>>>>>>>>>>>>        ] 492/669, 8.9 task/s, elapsed: 55s, ETA:    20s
[>>>>>>>>>>>>>>>>>>>>>>        ] 493/669, 8.9 task/s, elapsed: 55s, ETA:    20s
[>>>>>>>>>>>>>>>>>>>>>>        ] 494/669, 8.9 task/s, elapsed: 56s, ETA:    20s
[>>>>>>>>>>>>>>>>>>>>>>        ] 495/669, 8.9 task/s, elapsed: 56s, ETA:    20s
[>>>>>>>>>>>>>>>>>>>>>>        ] 496/669, 8.9 task/s, elapsed: 56s, ETA:    19s
[>>>>>>>>>>>>>>>>>>>>>>        ] 497/669, 8.9 task/s, elapsed: 56s, ETA:    19s
[>>>>>>>>>>>>>>>>>>>>>>        ] 498/669, 8.9 task/s, elapsed: 56s, ETA:    19s
[>>>>>>>>>>>>>>>>>>>>>>        ] 499/669, 8.9 task/s, elapsed: 56s, ETA:    19s
[>>>>>>>>>>>>>>>>>>>>>>        ] 500/669, 8.9 task/s, elapsed: 56s, ETA:    19s
[>>>>>>>>>>>>>>>>>>>>>>        ] 501/669, 8.9 task/s, elapsed: 57s, ETA:    19s
[>>>>>>>>>>>>>>>>>>>>>>        ] 502/669, 8.9 task/s, elapsed: 57s, ETA:    19s
[>>>>>>>>>>>>>>>>>>>>>>        ] 503/669, 8.9 task/s, elapsed: 57s, ETA:    19s
[>>>>>>>>>>>>>>>>>>>>>>        ] 504/669, 8.9 task/s, elapsed: 57s, ETA:    19s
[>>>>>>>>>>>>>>>>>>>>>>        ] 505/669, 8.9 task/s, elapsed: 57s, ETA:    18s
[>>>>>>>>>>>>>>>>>>>>>>        ] 506/669, 8.9 task/s, elapsed: 57s, ETA:    18s
[>>>>>>>>>>>>>>>>>>>>>>        ] 507/669, 8.9 task/s, elapsed: 57s, ETA:    18s
[>>>>>>>>>>>>>>>>>>>>>>        ] 508/669, 8.9 task/s, elapsed: 57s, ETA:    18s
[>>>>>>>>>>>>>>>>>>>>>>        ] 509/669, 8.9 task/s, elapsed: 57s, ETA:    18s
[>>>>>>>>>>>>>>>>>>>>>>        ] 510/669, 8.9 task/s, elapsed: 58s, ETA:    18s
[>>>>>>>>>>>>>>>>>>>>>>        ] 511/669, 8.9 task/s, elapsed: 58s, ETA:    18s
[>>>>>>>>>>>>>>>>>>>>>>        ] 512/669, 8.9 task/s, elapsed: 58s, ETA:    18s
[>>>>>>>>>>>>>>>>>>>>>>>       ] 513/669, 8.9 task/s, elapsed: 58s, ETA:    18s
[>>>>>>>>>>>>>>>>>>>>>>>       ] 514/669, 8.9 task/s, elapsed: 58s, ETA:    17s
[>>>>>>>>>>>>>>>>>>>>>>>       ] 515/669, 8.9 task/s, elapsed: 58s, ETA:    17s
[>>>>>>>>>>>>>>>>>>>>>>>       ] 516/669, 8.9 task/s, elapsed: 58s, ETA:    17s
[>>>>>>>>>>>>>>>>>>>>>>>       ] 517/669, 8.9 task/s, elapsed: 58s, ETA:    17s
[>>>>>>>>>>>>>>>>>>>>>>>       ] 518/669, 8.9 task/s, elapsed: 58s, ETA:    17s
[>>>>>>>>>>>>>>>>>>>>>>>       ] 519/669, 8.9 task/s, elapsed: 58s, ETA:    17s
[>>>>>>>>>>>>>>>>>>>>>>>       ] 520/669, 8.9 task/s, elapsed: 59s, ETA:    17s
[>>>>>>>>>>>>>>>>>>>>>>>       ] 521/669, 8.9 task/s, elapsed: 59s, ETA:    17s
[>>>>>>>>>>>>>>>>>>>>>>>       ] 522/669, 8.9 task/s, elapsed: 59s, ETA:    17s
[>>>>>>>>>>>>>>>>>>>>>>>       ] 523/669, 8.9 task/s, elapsed: 59s, ETA:    16s
[>>>>>>>>>>>>>>>>>>>>>>>       ] 524/669, 8.9 task/s, elapsed: 59s, ETA:    16s
[>>>>>>>>>>>>>>>>>>>>>>>       ] 525/669, 8.9 task/s, elapsed: 59s, ETA:    16s
[>>>>>>>>>>>>>>>>>>>>>>>       ] 526/669, 8.9 task/s, elapsed: 59s, ETA:    16s
[>>>>>>>>>>>>>>>>>>>>>>>       ] 527/669, 8.9 task/s, elapsed: 59s, ETA:    16s
[>>>>>>>>>>>>>>>>>>>>>>>       ] 528/669, 8.9 task/s, elapsed: 60s, ETA:    16s
[>>>>>>>>>>>>>>>>>>>>>>>       ] 529/669, 8.9 task/s, elapsed: 60s, ETA:    16s
[>>>>>>>>>>>>>>>>>>>>>>>       ] 530/669, 8.9 task/s, elapsed: 60s, ETA:    16s
[>>>>>>>>>>>>>>>>>>>>>>>       ] 531/669, 8.9 task/s, elapsed: 60s, ETA:    16s
[>>>>>>>>>>>>>>>>>>>>>>>       ] 532/669, 8.9 task/s, elapsed: 60s, ETA:    15s
[>>>>>>>>>>>>>>>>>>>>>>>       ] 533/669, 8.9 task/s, elapsed: 60s, ETA:    15s
[>>>>>>>>>>>>>>>>>>>>>>>       ] 534/669, 8.9 task/s, elapsed: 60s, ETA:    15s
[>>>>>>>>>>>>>>>>>>>>>>>       ] 535/669, 8.9 task/s, elapsed: 60s, ETA:    15s
[>>>>>>>>>>>>>>>>>>>>>>>>      ] 536/669, 8.9 task/s, elapsed: 60s, ETA:    15s
[>>>>>>>>>>>>>>>>>>>>>>>>      ] 537/669, 8.9 task/s, elapsed: 60s, ETA:    15s
[>>>>>>>>>>>>>>>>>>>>>>>>      ] 538/669, 8.9 task/s, elapsed: 61s, ETA:    15s
[>>>>>>>>>>>>>>>>>>>>>>>>      ] 539/669, 8.9 task/s, elapsed: 61s, ETA:    15s
[>>>>>>>>>>>>>>>>>>>>>>>>      ] 540/669, 8.9 task/s, elapsed: 61s, ETA:    15s
[>>>>>>>>>>>>>>>>>>>>>>>>      ] 541/669, 8.9 task/s, elapsed: 61s, ETA:    14s
[>>>>>>>>>>>>>>>>>>>>>>>>      ] 542/669, 8.9 task/s, elapsed: 61s, ETA:    14s
[>>>>>>>>>>>>>>>>>>>>>>>>      ] 543/669, 8.9 task/s, elapsed: 61s, ETA:    14s
[>>>>>>>>>>>>>>>>>>>>>>>>      ] 544/669, 8.9 task/s, elapsed: 61s, ETA:    14s
[>>>>>>>>>>>>>>>>>>>>>>>>      ] 545/669, 8.9 task/s, elapsed: 61s, ETA:    14s
[>>>>>>>>>>>>>>>>>>>>>>>>      ] 546/669, 8.9 task/s, elapsed: 61s, ETA:    14s
[>>>>>>>>>>>>>>>>>>>>>>>>      ] 547/669, 8.9 task/s, elapsed: 61s, ETA:    14s
[>>>>>>>>>>>>>>>>>>>>>>>>      ] 548/669, 8.9 task/s, elapsed: 62s, ETA:    14s
[>>>>>>>>>>>>>>>>>>>>>>>>      ] 549/669, 8.9 task/s, elapsed: 62s, ETA:    13s
[>>>>>>>>>>>>>>>>>>>>>>>>      ] 550/669, 8.9 task/s, elapsed: 62s, ETA:    13s
[>>>>>>>>>>>>>>>>>>>>>>>>      ] 551/669, 8.9 task/s, elapsed: 62s, ETA:    13s
[>>>>>>>>>>>>>>>>>>>>>>>>      ] 552/669, 8.9 task/s, elapsed: 62s, ETA:    13s
[>>>>>>>>>>>>>>>>>>>>>>>>      ] 553/669, 8.9 task/s, elapsed: 62s, ETA:    13s
[>>>>>>>>>>>>>>>>>>>>>>>>      ] 554/669, 8.9 task/s, elapsed: 62s, ETA:    13s
[>>>>>>>>>>>>>>>>>>>>>>>>      ] 555/669, 8.9 task/s, elapsed: 62s, ETA:    13s
[>>>>>>>>>>>>>>>>>>>>>>>>      ] 556/669, 8.9 task/s, elapsed: 62s, ETA:    13s
[>>>>>>>>>>>>>>>>>>>>>>>>      ] 557/669, 8.9 task/s, elapsed: 62s, ETA:    13s
[>>>>>>>>>>>>>>>>>>>>>>>>>     ] 558/669, 8.9 task/s, elapsed: 62s, ETA:    12s
[>>>>>>>>>>>>>>>>>>>>>>>>>     ] 559/669, 8.9 task/s, elapsed: 63s, ETA:    12s
[>>>>>>>>>>>>>>>>>>>>>>>>>     ] 560/669, 8.9 task/s, elapsed: 63s, ETA:    12s
[>>>>>>>>>>>>>>>>>>>>>>>>>     ] 561/669, 8.9 task/s, elapsed: 63s, ETA:    12s
[>>>>>>>>>>>>>>>>>>>>>>>>>     ] 562/669, 8.9 task/s, elapsed: 63s, ETA:    12s
[>>>>>>>>>>>>>>>>>>>>>>>>>     ] 563/669, 8.9 task/s, elapsed: 63s, ETA:    12s
[>>>>>>>>>>>>>>>>>>>>>>>>>     ] 564/669, 8.9 task/s, elapsed: 63s, ETA:    12s
[>>>>>>>>>>>>>>>>>>>>>>>>>     ] 565/669, 8.9 task/s, elapsed: 63s, ETA:    12s
[>>>>>>>>>>>>>>>>>>>>>>>>>     ] 566/669, 8.9 task/s, elapsed: 63s, ETA:    12s
[>>>>>>>>>>>>>>>>>>>>>>>>>     ] 567/669, 8.9 task/s, elapsed: 63s, ETA:    11s
[>>>>>>>>>>>>>>>>>>>>>>>>>     ] 568/669, 8.9 task/s, elapsed: 64s, ETA:    11s
[>>>>>>>>>>>>>>>>>>>>>>>>>     ] 569/669, 8.9 task/s, elapsed: 64s, ETA:    11s
[>>>>>>>>>>>>>>>>>>>>>>>>>     ] 570/669, 8.9 task/s, elapsed: 64s, ETA:    11s
[>>>>>>>>>>>>>>>>>>>>>>>>>     ] 571/669, 8.9 task/s, elapsed: 64s, ETA:    11s
[>>>>>>>>>>>>>>>>>>>>>>>>>     ] 572/669, 8.9 task/s, elapsed: 64s, ETA:    11s
[>>>>>>>>>>>>>>>>>>>>>>>>>     ] 573/669, 8.9 task/s, elapsed: 64s, ETA:    11s
[>>>>>>>>>>>>>>>>>>>>>>>>>     ] 574/669, 8.9 task/s, elapsed: 64s, ETA:    11s
[>>>>>>>>>>>>>>>>>>>>>>>>>     ] 575/669, 8.9 task/s, elapsed: 64s, ETA:    11s
[>>>>>>>>>>>>>>>>>>>>>>>>>     ] 576/669, 8.9 task/s, elapsed: 64s, ETA:    10s
[>>>>>>>>>>>>>>>>>>>>>>>>>     ] 577/669, 8.9 task/s, elapsed: 64s, ETA:    10s
[>>>>>>>>>>>>>>>>>>>>>>>>>     ] 578/669, 9.0 task/s, elapsed: 65s, ETA:    10s
[>>>>>>>>>>>>>>>>>>>>>>>>>     ] 579/669, 9.0 task/s, elapsed: 65s, ETA:    10s
[>>>>>>>>>>>>>>>>>>>>>>>>>>    ] 580/669, 9.0 task/s, elapsed: 65s, ETA:    10s
[>>>>>>>>>>>>>>>>>>>>>>>>>>    ] 581/669, 8.9 task/s, elapsed: 65s, ETA:    10s
[>>>>>>>>>>>>>>>>>>>>>>>>>>    ] 582/669, 9.0 task/s, elapsed: 65s, ETA:    10s
[>>>>>>>>>>>>>>>>>>>>>>>>>>    ] 583/669, 9.0 task/s, elapsed: 65s, ETA:    10s
[>>>>>>>>>>>>>>>>>>>>>>>>>>    ] 584/669, 9.0 task/s, elapsed: 65s, ETA:     9s
[>>>>>>>>>>>>>>>>>>>>>>>>>>    ] 585/669, 9.0 task/s, elapsed: 65s, ETA:     9s
[>>>>>>>>>>>>>>>>>>>>>>>>>>    ] 586/669, 9.0 task/s, elapsed: 65s, ETA:     9s
[>>>>>>>>>>>>>>>>>>>>>>>>>>    ] 587/669, 9.0 task/s, elapsed: 66s, ETA:     9s
[>>>>>>>>>>>>>>>>>>>>>>>>>>    ] 588/669, 9.0 task/s, elapsed: 66s, ETA:     9s
[>>>>>>>>>>>>>>>>>>>>>>>>>>    ] 589/669, 9.0 task/s, elapsed: 66s, ETA:     9s
[>>>>>>>>>>>>>>>>>>>>>>>>>>    ] 590/669, 9.0 task/s, elapsed: 66s, ETA:     9s
[>>>>>>>>>>>>>>>>>>>>>>>>>>    ] 591/669, 9.0 task/s, elapsed: 66s, ETA:     9s
[>>>>>>>>>>>>>>>>>>>>>>>>>>    ] 592/669, 9.0 task/s, elapsed: 66s, ETA:     9s
[>>>>>>>>>>>>>>>>>>>>>>>>>>    ] 593/669, 9.0 task/s, elapsed: 66s, ETA:     8s
[>>>>>>>>>>>>>>>>>>>>>>>>>>    ] 594/669, 9.0 task/s, elapsed: 66s, ETA:     8s
[>>>>>>>>>>>>>>>>>>>>>>>>>>    ] 595/669, 9.0 task/s, elapsed: 66s, ETA:     8s
[>>>>>>>>>>>>>>>>>>>>>>>>>>    ] 596/669, 9.0 task/s, elapsed: 66s, ETA:     8s
[>>>>>>>>>>>>>>>>>>>>>>>>>>    ] 597/669, 9.0 task/s, elapsed: 67s, ETA:     8s
[>>>>>>>>>>>>>>>>>>>>>>>>>>    ] 598/669, 9.0 task/s, elapsed: 67s, ETA:     8s
[>>>>>>>>>>>>>>>>>>>>>>>>>>    ] 599/669, 9.0 task/s, elapsed: 67s, ETA:     8s
[>>>>>>>>>>>>>>>>>>>>>>>>>>    ] 600/669, 9.0 task/s, elapsed: 67s, ETA:     8s
[>>>>>>>>>>>>>>>>>>>>>>>>>>    ] 601/669, 9.0 task/s, elapsed: 67s, ETA:     8s
[>>>>>>>>>>>>>>>>>>>>>>>>>>    ] 602/669, 9.0 task/s, elapsed: 67s, ETA:     7s
[>>>>>>>>>>>>>>>>>>>>>>>>>>>   ] 603/669, 9.0 task/s, elapsed: 67s, ETA:     7s
[>>>>>>>>>>>>>>>>>>>>>>>>>>>   ] 604/669, 9.0 task/s, elapsed: 67s, ETA:     7s
[>>>>>>>>>>>>>>>>>>>>>>>>>>>   ] 605/669, 9.0 task/s, elapsed: 67s, ETA:     7s
[>>>>>>>>>>>>>>>>>>>>>>>>>>>   ] 606/669, 9.0 task/s, elapsed: 67s, ETA:     7s
[>>>>>>>>>>>>>>>>>>>>>>>>>>>   ] 607/669, 9.0 task/s, elapsed: 68s, ETA:     7s
[>>>>>>>>>>>>>>>>>>>>>>>>>>>   ] 608/669, 9.0 task/s, elapsed: 68s, ETA:     7s
[>>>>>>>>>>>>>>>>>>>>>>>>>>>   ] 609/669, 9.0 task/s, elapsed: 68s, ETA:     7s
[>>>>>>>>>>>>>>>>>>>>>>>>>>>   ] 610/669, 9.0 task/s, elapsed: 68s, ETA:     7s
[>>>>>>>>>>>>>>>>>>>>>>>>>>>   ] 611/669, 9.0 task/s, elapsed: 68s, ETA:     6s
[>>>>>>>>>>>>>>>>>>>>>>>>>>>   ] 612/669, 9.0 task/s, elapsed: 68s, ETA:     6s
[>>>>>>>>>>>>>>>>>>>>>>>>>>>   ] 613/669, 9.0 task/s, elapsed: 68s, ETA:     6s
[>>>>>>>>>>>>>>>>>>>>>>>>>>>   ] 614/669, 9.0 task/s, elapsed: 68s, ETA:     6s
[>>>>>>>>>>>>>>>>>>>>>>>>>>>   ] 615/669, 9.0 task/s, elapsed: 69s, ETA:     6s
[>>>>>>>>>>>>>>>>>>>>>>>>>>>   ] 616/669, 9.0 task/s, elapsed: 69s, ETA:     6s
[>>>>>>>>>>>>>>>>>>>>>>>>>>>   ] 617/669, 9.0 task/s, elapsed: 69s, ETA:     6s
[>>>>>>>>>>>>>>>>>>>>>>>>>>>   ] 618/669, 9.0 task/s, elapsed: 69s, ETA:     6s
[>>>>>>>>>>>>>>>>>>>>>>>>>>>   ] 619/669, 9.0 task/s, elapsed: 69s, ETA:     6s
[>>>>>>>>>>>>>>>>>>>>>>>>>>>   ] 620/669, 9.0 task/s, elapsed: 69s, ETA:     5s
[>>>>>>>>>>>>>>>>>>>>>>>>>>>   ] 621/669, 9.0 task/s, elapsed: 69s, ETA:     5s
[>>>>>>>>>>>>>>>>>>>>>>>>>>>   ] 622/669, 8.9 task/s, elapsed: 69s, ETA:     5s
[>>>>>>>>>>>>>>>>>>>>>>>>>>>   ] 623/669, 8.9 task/s, elapsed: 70s, ETA:     5s
[>>>>>>>>>>>>>>>>>>>>>>>>>>>   ] 624/669, 8.9 task/s, elapsed: 70s, ETA:     5s
[>>>>>>>>>>>>>>>>>>>>>>>>>>>>  ] 625/669, 8.9 task/s, elapsed: 70s, ETA:     5s
[>>>>>>>>>>>>>>>>>>>>>>>>>>>>  ] 626/669, 8.9 task/s, elapsed: 70s, ETA:     5s
[>>>>>>>>>>>>>>>>>>>>>>>>>>>>  ] 627/669, 8.9 task/s, elapsed: 70s, ETA:     5s
[>>>>>>>>>>>>>>>>>>>>>>>>>>>>  ] 628/669, 8.9 task/s, elapsed: 70s, ETA:     5s
[>>>>>>>>>>>>>>>>>>>>>>>>>>>>  ] 629/669, 8.9 task/s, elapsed: 71s, ETA:     4s
[>>>>>>>>>>>>>>>>>>>>>>>>>>>>  ] 630/669, 8.9 task/s, elapsed: 71s, ETA:     4s
[>>>>>>>>>>>>>>>>>>>>>>>>>>>>  ] 631/669, 8.9 task/s, elapsed: 71s, ETA:     4s
[>>>>>>>>>>>>>>>>>>>>>>>>>>>>  ] 632/669, 8.9 task/s, elapsed: 71s, ETA:     4s
[>>>>>>>>>>>>>>>>>>>>>>>>>>>>  ] 633/669, 8.9 task/s, elapsed: 71s, ETA:     4s
[>>>>>>>>>>>>>>>>>>>>>>>>>>>>  ] 634/669, 8.9 task/s, elapsed: 71s, ETA:     4s
[>>>>>>>>>>>>>>>>>>>>>>>>>>>>  ] 635/669, 8.9 task/s, elapsed: 72s, ETA:     4s
[>>>>>>>>>>>>>>>>>>>>>>>>>>>>  ] 636/669, 8.9 task/s, elapsed: 72s, ETA:     4s
[>>>>>>>>>>>>>>>>>>>>>>>>>>>>  ] 637/669, 8.9 task/s, elapsed: 72s, ETA:     4s
[>>>>>>>>>>>>>>>>>>>>>>>>>>>>  ] 638/669, 8.9 task/s, elapsed: 72s, ETA:     4s
[>>>>>>>>>>>>>>>>>>>>>>>>>>>>  ] 639/669, 8.9 task/s, elapsed: 72s, ETA:     3s
[>>>>>>>>>>>>>>>>>>>>>>>>>>>>  ] 640/669, 8.9 task/s, elapsed: 72s, ETA:     3s
[>>>>>>>>>>>>>>>>>>>>>>>>>>>>  ] 641/669, 8.9 task/s, elapsed: 72s, ETA:     3s
[>>>>>>>>>>>>>>>>>>>>>>>>>>>>  ] 642/669, 8.9 task/s, elapsed: 72s, ETA:     3s
[>>>>>>>>>>>>>>>>>>>>>>>>>>>>  ] 643/669, 8.9 task/s, elapsed: 73s, ETA:     3s
[>>>>>>>>>>>>>>>>>>>>>>>>>>>>  ] 644/669, 8.9 task/s, elapsed: 73s, ETA:     3s
[>>>>>>>>>>>>>>>>>>>>>>>>>>>>  ] 645/669, 8.9 task/s, elapsed: 73s, ETA:     3s
[>>>>>>>>>>>>>>>>>>>>>>>>>>>>  ] 646/669, 8.9 task/s, elapsed: 73s, ETA:     3s
[>>>>>>>>>>>>>>>>>>>>>>>>>>>>> ] 647/669, 8.9 task/s, elapsed: 73s, ETA:     2s
[>>>>>>>>>>>>>>>>>>>>>>>>>>>>> ] 648/669, 8.9 task/s, elapsed: 73s, ETA:     2s
[>>>>>>>>>>>>>>>>>>>>>>>>>>>>> ] 649/669, 8.9 task/s, elapsed: 73s, ETA:     2s
[>>>>>>>>>>>>>>>>>>>>>>>>>>>>> ] 650/669, 8.9 task/s, elapsed: 73s, ETA:     2s
[>>>>>>>>>>>>>>>>>>>>>>>>>>>>> ] 651/669, 8.9 task/s, elapsed: 73s, ETA:     2s
[>>>>>>>>>>>>>>>>>>>>>>>>>>>>> ] 652/669, 8.9 task/s, elapsed: 74s, ETA:     2s
[>>>>>>>>>>>>>>>>>>>>>>>>>>>>> ] 653/669, 8.9 task/s, elapsed: 74s, ETA:     2s
[>>>>>>>>>>>>>>>>>>>>>>>>>>>>> ] 654/669, 8.9 task/s, elapsed: 74s, ETA:     2s
[>>>>>>>>>>>>>>>>>>>>>>>>>>>>> ] 655/669, 8.9 task/s, elapsed: 74s, ETA:     2s
[>>>>>>>>>>>>>>>>>>>>>>>>>>>>> ] 656/669, 8.9 task/s, elapsed: 74s, ETA:     1s
[>>>>>>>>>>>>>>>>>>>>>>>>>>>>> ] 657/669, 8.9 task/s, elapsed: 74s, ETA:     1s
[>>>>>>>>>>>>>>>>>>>>>>>>>>>>> ] 658/669, 8.9 task/s, elapsed: 74s, ETA:     1s
[>>>>>>>>>>>>>>>>>>>>>>>>>>>>> ] 659/669, 8.9 task/s, elapsed: 74s, ETA:     1s
[>>>>>>>>>>>>>>>>>>>>>>>>>>>>> ] 660/669, 8.9 task/s, elapsed: 74s, ETA:     1s
[>>>>>>>>>>>>>>>>>>>>>>>>>>>>> ] 661/669, 8.9 task/s, elapsed: 75s, ETA:     1s
[>>>>>>>>>>>>>>>>>>>>>>>>>>>>> ] 662/669, 8.9 task/s, elapsed: 75s, ETA:     1s
[>>>>>>>>>>>>>>>>>>>>>>>>>>>>> ] 663/669, 8.9 task/s, elapsed: 75s, ETA:     1s
[>>>>>>>>>>>>>>>>>>>>>>>>>>>>> ] 664/669, 8.9 task/s, elapsed: 75s, ETA:     1s
[>>>>>>>>>>>>>>>>>>>>>>>>>>>>> ] 665/669, 8.9 task/s, elapsed: 75s, ETA:     0s
[>>>>>>>>>>>>>>>>>>>>>>>>>>>>> ] 666/669, 8.9 task/s, elapsed: 75s, ETA:     0s
[>>>>>>>>>>>>>>>>>>>>>>>>>>>>> ] 667/669, 8.9 task/s, elapsed: 75s, ETA:     0s
[>>>>>>>>>>>>>>>>>>>>>>>>>>>>> ] 668/669, 8.9 task/s, elapsed: 75s, ETA:     0s
[>>>>>>>>>>>>>>>>>>>>>>>>>>>>>>] 669/669, 8.9 task/s, elapsed: 75s, ETA:     0s2026-06-30 04:21:04,174 - mmdet - INFO - Evaluating bbox...
2026-06-30 04:21:05,449 - mmdet - INFO - 
+-----------+-------+-----------+-------+-------------+-------+
| category  | AP    | category  | AP    | category    | AP    |
+-----------+-------+-----------+-------+-------------+-------+
| bicycle   | 0.262 | chair     | 0.590 | diningtable | 0.226 |
| bottle    | 0.459 | motorbike | 0.320 | car         | 0.311 |
| tvmonitor | 0.127 | bus       | 0.296 | None        | None  |
+-----------+-------+-----------+-------+-------------+-------+
2026-06-30 04:21:05,450 - mmdet - INFO - Evaluating segm...
/content/EALLIS/mmdetection/mmdet/datasets/coco.py:453: UserWarning: The key "bbox" is deleted for more accurate mask AP of small/medium/large instances since v2.12.0. This does not change the overall mAP calculation.
  warnings.warn(
2026-06-30 04:21:07,114 - mmdet - INFO - 
+-----------+-------+-----------+-------+-------------+-------+
| category  | AP    | category  | AP    | category    | AP    |
+-----------+-------+-----------+-------+-------------+-------+
| bicycle   | 0.132 | chair     | 0.559 | diningtable | 0.166 |
| bottle    | 0.452 | motorbike | 0.320 | car         | 0.140 |
| tvmonitor | 0.039 | bus       | 0.311 | None        | None  |
+-----------+-------+-----------+-------+-------------+-------+
2026-06-30 04:21:07,139 - mmdet - INFO - The previous best checkpoint /content/drive/MyDrive/Ablation/full/best_bbox_mAP_epoch_1.pth was removed
2026-06-30 04:21:34,607 - mmdet - INFO - Now best checkpoint is saved as best_bbox_mAP_epoch_4.pth.
2026-06-30 04:21:34,608 - mmdet - INFO - Best bbox_mAP is 0.3240 at 4 epoch.
2026-06-30 04:21:34,617 - mmdet - INFO - Exp name: train_kaggle.py
2026-06-30 04:21:34,618 - mmdet - INFO - Epoch(val) [4][669]	bbox_mAP: 0.3240, bbox_mAP_50: 0.5250, bbox_mAP_75: 0.3490, bbox_mAP_s: 0.0000, bbox_mAP_m: 0.0840, bbox_mAP_l: 0.3950, bbox_mAP_copypaste: 0.324 0.525 0.349 0.000 0.084 0.395, segm_mAP: 0.2650, segm_mAP_50: 0.4660, segm_mAP_75: 0.2580, segm_mAP_s: 0.0000, segm_mAP_m: 0.0650, segm_mAP_l: 0.3330, segm_mAP_copypaste: 0.265 0.466 0.258 0.000 0.065 0.333
/usr/local/lib/python3.12/dist-packages/torch/utils/data/dataloader.py:432: UserWarning: This DataLoader will create 4 worker processes in total. Our suggested max number of worker in current system is 2, which is smaller than what this DataLoader is going to create. Please be aware that excessive worker creation might get DataLoader running slow or even freeze, lower the worker number to avoid potential slowness/freeze if necessary.
  self.check_worker_number_rationality()
Loading and preparing results...
DONE (t=0.01s)
creating index...
index created!
Running per image evaluation...
Evaluate annotation type *bbox*
DONE (t=1.02s).
Accumulating evaluation results...
DONE (t=0.22s).
 Average Precision  (AP) @[ IoU=0.50:0.95 | area=   all | maxDets=100 ] = 0.324
 Average Precision  (AP) @[ IoU=0.50      | area=   all | maxDets=1000 ] = 0.525
 Average Precision  (AP) @[ IoU=0.75      | area=   all | maxDets=1000 ] = 0.349
 Average Precision  (AP) @[ IoU=0.50:0.95 | area= small | maxDets=1000 ] = 0.000
 Average Precision  (AP) @[ IoU=0.50:0.95 | area=medium | maxDets=1000 ] = 0.084
 Average Precision  (AP) @[ IoU=0.50:0.95 | area= large | maxDets=1000 ] = 0.395
 Average Recall     (AR) @[ IoU=0.50:0.95 | area=   all | maxDets=100 ] = 0.416
 Average Recall     (AR) @[ IoU=0.50:0.95 | area=   all | maxDets=300 ] = 0.416
 Average Recall     (AR) @[ IoU=0.50:0.95 | area=   all | maxDets=1000 ] = 0.416
 Average Recall     (AR) @[ IoU=0.50:0.95 | area= small | maxDets=1000 ] = 0.000
 Average Recall     (AR) @[ IoU=0.50:0.95 | area=medium | maxDets=1000 ] = 0.149
 Average Recall     (AR) @[ IoU=0.50:0.95 | area= large | maxDets=1000 ] = 0.494
Loading and preparing results...
DONE (t=0.15s)
creating index...
index created!
Running per image evaluation...
Evaluate annotation type *segm*
DONE (t=1.20s).
Accumulating evaluation results...
DONE (t=0.22s).
 Average Precision  (AP) @[ IoU=0.50:0.95 | area=   all | maxDets=100 ] = 0.265
 Average Precision  (AP) @[ IoU=0.50      | area=   all | maxDets=1000 ] = 0.466
 Average Precision  (AP) @[ IoU=0.75      | area=   all | maxDets=1000 ] = 0.258
 Average Precision  (AP) @[ IoU=0.50:0.95 | area= small | maxDets=1000 ] = 0.000
 Average Precision  (AP) @[ IoU=0.50:0.95 | area=medium | maxDets=1000 ] = 0.065
 Average Precision  (AP) @[ IoU=0.50:0.95 | area= large | maxDets=1000 ] = 0.333
 Average Recall     (AR) @[ IoU=0.50:0.95 | area=   all | maxDets=100 ] = 0.344
 Average Recall     (AR) @[ IoU=0.50:0.95 | area=   all | maxDets=300 ] = 0.344
 Average Recall     (AR) @[ IoU=0.50:0.95 | area=   all | maxDets=1000 ] = 0.344
 Average Recall     (AR) @[ IoU=0.50:0.95 | area= small | maxDets=1000 ] = 0.000
 Average Recall     (AR) @[ IoU=0.50:0.95 | area=medium | maxDets=1000 ] = 0.131
 Average Recall     (AR) @[ IoU=0.50:0.95 | area= large | maxDets=1000 ] = 0.414
OrderedDict({'bbox_mAP': 0.324, 'bbox_mAP_50': 0.525, 'bbox_mAP_75': 0.349, 'bbox_mAP_s': 0.0, 'bbox_mAP_m': 0.084, 'bbox_mAP_l': 0.395, 'bbox_mAP_copypaste': '0.324 0.525 0.349 0.000 0.084 0.395', 'segm_mAP': 0.265, 'segm_mAP_50': 0.466, 'segm_mAP_75': 0.258, 'segm_mAP_s': 0.0, 'segm_mAP_m': 0.065, 'segm_mAP_l': 0.333, 'segm_mAP_copypaste': '0.265 0.466 0.258 0.000 0.065 0.333'})
/usr/lib/python3.12/multiprocessing/popen_fork.py:66: DeprecationWarning: This process (pid=21096) is multi-threaded, use of fork() may lead to deadlocks in the child.
  self.pid = os.fork()
/content/EALLIS/mmdetection/mmdet/core/anchor/anchor_generator.py:323: UserWarning: ``grid_anchors`` would be deprecated soon. Please use ``grid_priors`` 
  warnings.warn('``grid_anchors`` would be deprecated soon. '
/content/EALLIS/mmdetection/mmdet/core/anchor/anchor_generator.py:359: UserWarning: ``single_level_grid_anchors`` would be deprecated soon. Please use ``single_level_grid_priors`` 
  warnings.warn(
2026-06-30 04:24:21,587 - mmdet - INFO - Epoch [12][50/1324]	lr: 1.000e-03, eta: 1:06:18, time: 3.337, data_time: 0.189, memory: 10985, noise_inv_loss: 0.0009, clean_loss_rpn_cls: 0.0154, clean_loss_rpn_bbox: 0.0162, clean_loss_cls: 0.0971, clean_acc: 96.3296, clean_loss_bbox: 0.1350, clean_loss_mask: 0.2581, clean_edge_loss: 0.7316, loss_rpn_cls: 0.0290, loss_rpn_bbox: 0.0183, loss_cls: 0.1182, acc: 95.9204, loss_bbox: 0.1409, loss_mask: 0.3068, edge_loss: 0.7374, loss: 2.6049
2026-06-30 04:26:54,013 - mmdet - INFO - Epoch [12][100/1324]	lr: 1.000e-03, eta: 1:03:41, time: 3.048, data_time: 0.037, memory: 10985, noise_inv_loss: 0.0009, clean_loss_rpn_cls: 0.0149, clean_loss_rpn_bbox: 0.0140, clean_loss_cls: 0.0870, clean_acc: 96.7178, clean_loss_bbox: 0.1237, clean_loss_mask: 0.2541, clean_edge_loss: 0.7211, loss_rpn_cls: 0.0295, loss_rpn_bbox: 0.0163, loss_cls: 0.1088, acc: 96.2637, loss_bbox: 0.1316, loss_mask: 0.3022, edge_loss: 0.7274, loss: 2.5316
2026-06-30 04:29:27,717 - mmdet - INFO - Epoch [12][150/1324]	lr: 1.000e-03, eta: 1:01:04, time: 3.074, data_time: 0.037, memory: 10985, noise_inv_loss: 0.0009, clean_loss_rpn_cls: 0.0133, clean_loss_rpn_bbox: 0.0141, clean_loss_cls: 0.0885, clean_acc: 96.6851, clean_loss_bbox: 0.1258, clean_loss_mask: 0.2634, clean_edge_loss: 0.7265, loss_rpn_cls: 0.0232, loss_rpn_bbox: 0.0161, loss_cls: 0.1075, acc: 96.2202, loss_bbox: 0.1345, loss_mask: 0.3116, edge_loss: 0.7317, loss: 2.5570
2026-06-30 04:32:01,137 - mmdet - INFO - Epoch [12][200/1324]	lr: 1.000e-03, eta: 0:58:28, time: 3.068, data_time: 0.039, memory: 10985, noise_inv_loss: 0.0008, clean_loss_rpn_cls: 0.0142, clean_loss_rpn_bbox: 0.0146, clean_loss_cls: 0.0909, clean_acc: 96.6597, clean_loss_bbox: 0.1290, clean_loss_mask: 0.2561, clean_edge_loss: 0.7252, loss_rpn_cls: 0.0246, loss_rpn_bbox: 0.0163, loss_cls: 0.1096, acc: 96.2036, loss_bbox: 0.1344, loss_mask: 0.2976, edge_loss: 0.7313, loss: 2.5445
2026-06-30 04:34:34,954 - mmdet - INFO - Epoch [12][250/1324]	lr: 1.000e-03, eta: 0:55:51, time: 3.076, data_time: 0.041, memory: 10985, noise_inv_loss: 0.0008, clean_loss_rpn_cls: 0.0144, clean_loss_rpn_bbox: 0.0155, clean_loss_cls: 0.0927, clean_acc: 96.5684, clean_loss_bbox: 0.1323, clean_loss_mask: 0.2605, clean_edge_loss: 0.7263, loss_rpn_cls: 0.0257, loss_rpn_bbox: 0.0177, loss_cls: 0.1175, acc: 96.0361, loss_bbox: 0.1408, loss_mask: 0.3037, edge_loss: 0.7301, loss: 2.5780
2026-06-30 04:37:07,617 - mmdet - INFO - Epoch [12][300/1324]	lr: 1.000e-03, eta: 0:53:15, time: 3.053, data_time: 0.038, memory: 10985, noise_inv_loss: 0.0008, clean_loss_rpn_cls: 0.0144, clean_loss_rpn_bbox: 0.0143, clean_loss_cls: 0.0864, clean_acc: 96.7964, clean_loss_bbox: 0.1202, clean_loss_mask: 0.2512, clean_edge_loss: 0.7292, loss_rpn_cls: 0.0250, loss_rpn_bbox: 0.0163, loss_cls: 0.1043, acc: 96.3936, loss_bbox: 0.1288, loss_mask: 0.3007, edge_loss: 0.7352, loss: 2.5270
2026-06-30 04:39:40,136 - mmdet - INFO - Epoch [12][350/1324]	lr: 1.000e-03, eta: 0:50:38, time: 3.050, data_time: 0.036, memory: 10985, noise_inv_loss: 0.0009, clean_loss_rpn_cls: 0.0138, clean_loss_rpn_bbox: 0.0127, clean_loss_cls: 0.0867, clean_acc: 96.7227, clean_loss_bbox: 0.1185, clean_loss_mask: 0.2553, clean_edge_loss: 0.7165, loss_rpn_cls: 0.0239, loss_rpn_bbox: 0.0143, loss_cls: 0.1075, acc: 96.2368, loss_bbox: 0.1274, loss_mask: 0.3003, edge_loss: 0.7216, loss: 2.4992
2026-06-30 04:42:11,133 - mmdet - INFO - Epoch [12][400/1324]	lr: 1.000e-03, eta: 0:48:01, time: 3.020, data_time: 0.036, memory: 10985, noise_inv_loss: 0.0008, clean_loss_rpn_cls: 0.0126, clean_loss_rpn_bbox: 0.0129, clean_loss_cls: 0.0839, clean_acc: 96.8110, clean_loss_bbox: 0.1174, clean_loss_mask: 0.2594, clean_edge_loss: 0.7131, loss_rpn_cls: 0.0236, loss_rpn_bbox: 0.0145, loss_cls: 0.1024, acc: 96.4082, loss_bbox: 0.1226, loss_mask: 0.2986, edge_loss: 0.7190, loss: 2.4809
2026-06-30 04:44:46,700 - mmdet - INFO - Epoch [12][450/1324]	lr: 1.000e-03, eta: 0:45:25, time: 3.111, data_time: 0.040, memory: 11435, noise_inv_loss: 0.0008, clean_loss_rpn_cls: 0.0164, clean_loss_rpn_bbox: 0.0166, clean_loss_cls: 0.0994, clean_acc: 96.2544, clean_loss_bbox: 0.1409, clean_loss_mask: 0.2595, clean_edge_loss: 0.7401, loss_rpn_cls: 0.0288, loss_rpn_bbox: 0.0190, loss_cls: 0.1174, acc: 95.8726, loss_bbox: 0.1473, loss_mask: 0.3001, edge_loss: 0.7454, loss: 2.6316
2026-06-30 04:47:20,722 - mmdet - INFO - Epoch [12][500/1324]	lr: 1.000e-03, eta: 0:42:49, time: 3.080, data_time: 0.039, memory: 11435, noise_inv_loss: 0.0009, clean_loss_rpn_cls: 0.0140, clean_loss_rpn_bbox: 0.0153, clean_loss_cls: 0.0857, clean_acc: 96.7515, clean_loss_bbox: 0.1243, clean_loss_mask: 0.2611, clean_edge_loss: 0.7183, loss_rpn_cls: 0.0276, loss_rpn_bbox: 0.0177, loss_cls: 0.1048, acc: 96.3838, loss_bbox: 0.1285, loss_mask: 0.3054, edge_loss: 0.7253, loss: 2.5288
2026-06-30 04:49:54,054 - mmdet - INFO - Epoch [12][550/1324]	lr: 1.000e-03, eta: 0:40:13, time: 3.067, data_time: 0.040, memory: 11435, noise_inv_loss: 0.0009, clean_loss_rpn_cls: 0.0155, clean_loss_rpn_bbox: 0.0150, clean_loss_cls: 0.0917, clean_acc: 96.5669, clean_loss_bbox: 0.1313, clean_loss_mask: 0.2609, clean_edge_loss: 0.7158, loss_rpn_cls: 0.0255, loss_rpn_bbox: 0.0170, loss_cls: 0.1110, acc: 96.0596, loss_bbox: 0.1375, loss_mask: 0.3038, edge_loss: 0.7216, loss: 2.5474
2026-06-30 04:52:27,557 - mmdet - INFO - Epoch [12][600/1324]	lr: 1.000e-03, eta: 0:37:37, time: 3.070, data_time: 0.036, memory: 11435, noise_inv_loss: 0.0008, clean_loss_rpn_cls: 0.0147, clean_loss_rpn_bbox: 0.0139, clean_loss_cls: 0.0881, clean_acc: 96.7739, clean_loss_bbox: 0.1230, clean_loss_mask: 0.2524, clean_edge_loss: 0.7229, loss_rpn_cls: 0.0252, loss_rpn_bbox: 0.0155, loss_cls: 0.1051, acc: 96.3911, loss_bbox: 0.1303, loss_mask: 0.2919, edge_loss: 0.7277, loss: 2.5117
2026-06-30 04:55:00,580 - mmdet - INFO - Epoch [12][650/1324]	lr: 1.000e-03, eta: 0:35:00, time: 3.060, data_time: 0.039, memory: 11435, noise_inv_loss: 0.0008, clean_loss_rpn_cls: 0.0154, clean_loss_rpn_bbox: 0.0163, clean_loss_cls: 0.0986, clean_acc: 96.3945, clean_loss_bbox: 0.1353, clean_loss_mask: 0.2707, clean_edge_loss: 0.7166, loss_rpn_cls: 0.0251, loss_rpn_bbox: 0.0175, loss_cls: 0.1161, acc: 96.0479, loss_bbox: 0.1397, loss_mask: 0.3151, edge_loss: 0.7225, loss: 2.5897
2026-06-30 04:57:34,536 - mmdet - INFO - Epoch [12][700/1324]	lr: 1.000e-03, eta: 0:32:24, time: 3.079, data_time: 0.037, memory: 11435, noise_inv_loss: 0.0008, clean_loss_rpn_cls: 0.0132, clean_loss_rpn_bbox: 0.0138, clean_loss_cls: 0.0900, clean_acc: 96.6328, clean_loss_bbox: 0.1261, clean_loss_mask: 0.2703, clean_edge_loss: 0.7156, loss_rpn_cls: 0.0258, loss_rpn_bbox: 0.0159, loss_cls: 0.1067, acc: 96.3350, loss_bbox: 0.1308, loss_mask: 0.3150, edge_loss: 0.7205, loss: 2.5447
2026-06-30 05:00:08,324 - mmdet - INFO - Epoch [12][750/1324]	lr: 1.000e-03, eta: 0:29:48, time: 3.076, data_time: 0.036, memory: 11435, noise_inv_loss: 0.0009, clean_loss_rpn_cls: 0.0129, clean_loss_rpn_bbox: 0.0130, clean_loss_cls: 0.0902, clean_acc: 96.5327, clean_loss_bbox: 0.1259, clean_loss_mask: 0.2576, clean_edge_loss: 0.7206, loss_rpn_cls: 0.0232, loss_rpn_bbox: 0.0149, loss_cls: 0.1099, acc: 96.1401, loss_bbox: 0.1318, loss_mask: 0.3030, edge_loss: 0.7243, loss: 2.5280
2026-06-30 05:02:41,081 - mmdet - INFO - Epoch [12][800/1324]	lr: 1.000e-03, eta: 0:27:12, time: 3.055, data_time: 0.034, memory: 11435, noise_inv_loss: 0.0009, clean_loss_rpn_cls: 0.0124, clean_loss_rpn_bbox: 0.0131, clean_loss_cls: 0.0858, clean_acc: 96.8086, clean_loss_bbox: 0.1170, clean_loss_mask: 0.2633, clean_edge_loss: 0.7122, loss_rpn_cls: 0.0250, loss_rpn_bbox: 0.0152, loss_cls: 0.1030, acc: 96.4292, loss_bbox: 0.1225, loss_mask: 0.3111, edge_loss: 0.7177, loss: 2.4991
2026-06-30 05:05:14,707 - mmdet - INFO - Epoch [12][850/1324]	lr: 1.000e-03, eta: 0:24:36, time: 3.073, data_time: 0.038, memory: 11435, noise_inv_loss: 0.0009, clean_loss_rpn_cls: 0.0158, clean_loss_rpn_bbox: 0.0150, clean_loss_cls: 0.0912, clean_acc: 96.6040, clean_loss_bbox: 0.1263, clean_loss_mask: 0.2535, clean_edge_loss: 0.7164, loss_rpn_cls: 0.0256, loss_rpn_bbox: 0.0169, loss_cls: 0.1097, acc: 96.1772, loss_bbox: 0.1332, loss_mask: 0.2981, edge_loss: 0.7221, loss: 2.5247
2026-06-30 05:07:47,530 - mmdet - INFO - Epoch [12][900/1324]	lr: 1.000e-03, eta: 0:22:00, time: 3.056, data_time: 0.039, memory: 11435, noise_inv_loss: 0.0009, clean_loss_rpn_cls: 0.0160, clean_loss_rpn_bbox: 0.0174, clean_loss_cls: 0.1018, clean_acc: 96.1826, clean_loss_bbox: 0.1421, clean_loss_mask: 0.2673, clean_edge_loss: 0.7280, loss_rpn_cls: 0.0319, loss_rpn_bbox: 0.0199, loss_cls: 0.1230, acc: 95.7246, loss_bbox: 0.1502, loss_mask: 0.3158, edge_loss: 0.7341, loss: 2.6481
2026-06-30 05:10:22,741 - mmdet - INFO - Epoch [12][950/1324]	lr: 1.000e-03, eta: 0:19:25, time: 3.104, data_time: 0.042, memory: 11435, noise_inv_loss: 0.0009, clean_loss_rpn_cls: 0.0143, clean_loss_rpn_bbox: 0.0182, clean_loss_cls: 0.0987, clean_acc: 96.3018, clean_loss_bbox: 0.1449, clean_loss_mask: 0.2689, clean_edge_loss: 0.7313, loss_rpn_cls: 0.0265, loss_rpn_bbox: 0.0207, loss_cls: 0.1186, acc: 95.8052, loss_bbox: 0.1504, loss_mask: 0.3145, edge_loss: 0.7375, loss: 2.6453
2026-06-30 05:12:54,427 - mmdet - INFO - Epoch [12][1000/1324]	lr: 1.000e-03, eta: 0:16:49, time: 3.034, data_time: 0.037, memory: 11435, noise_inv_loss: 0.0009, clean_loss_rpn_cls: 0.0131, clean_loss_rpn_bbox: 0.0140, clean_loss_cls: 0.0887, clean_acc: 96.6626, clean_loss_bbox: 0.1205, clean_loss_mask: 0.2634, clean_edge_loss: 0.7172, loss_rpn_cls: 0.0252, loss_rpn_bbox: 0.0163, loss_cls: 0.1092, acc: 96.2520, loss_bbox: 0.1283, loss_mask: 0.3119, edge_loss: 0.7222, loss: 2.5309
2026-06-30 05:15:28,478 - mmdet - INFO - Epoch [12][1050/1324]	lr: 1.000e-03, eta: 0:14:13, time: 3.081, data_time: 0.038, memory: 11435, noise_inv_loss: 0.0009, clean_loss_rpn_cls: 0.0144, clean_loss_rpn_bbox: 0.0152, clean_loss_cls: 0.0948, clean_acc: 96.4678, clean_loss_bbox: 0.1291, clean_loss_mask: 0.2683, clean_edge_loss: 0.7184, loss_rpn_cls: 0.0297, loss_rpn_bbox: 0.0177, loss_cls: 0.1122, acc: 96.1528, loss_bbox: 0.1340, loss_mask: 0.3125, edge_loss: 0.7253, loss: 2.5724
2026-06-30 05:18:01,167 - mmdet - INFO - Epoch [12][1100/1324]	lr: 1.000e-03, eta: 0:11:37, time: 3.054, data_time: 0.037, memory: 11435, noise_inv_loss: 0.0008, clean_loss_rpn_cls: 0.0132, clean_loss_rpn_bbox: 0.0157, clean_loss_cls: 0.0920, clean_acc: 96.5151, clean_loss_bbox: 0.1321, clean_loss_mask: 0.2654, clean_edge_loss: 0.7227, loss_rpn_cls: 0.0258, loss_rpn_bbox: 0.0182, loss_cls: 0.1115, acc: 96.1089, loss_bbox: 0.1372, loss_mask: 0.3101, edge_loss: 0.7285, loss: 2.5733
2026-06-30 05:20:33,725 - mmdet - INFO - Epoch [12][1150/1324]	lr: 1.000e-03, eta: 0:09:01, time: 3.051, data_time: 0.040, memory: 11435, noise_inv_loss: 0.0009, clean_loss_rpn_cls: 0.0138, clean_loss_rpn_bbox: 0.0145, clean_loss_cls: 0.0909, clean_acc: 96.6001, clean_loss_bbox: 0.1261, clean_loss_mask: 0.2679, clean_edge_loss: 0.7182, loss_rpn_cls: 0.0256, loss_rpn_bbox: 0.0166, loss_cls: 0.1108, acc: 96.1738, loss_bbox: 0.1357, loss_mask: 0.3175, edge_loss: 0.7245, loss: 2.5631
2026-06-30 05:23:07,796 - mmdet - INFO - Epoch [12][1200/1324]	lr: 1.000e-03, eta: 0:06:25, time: 3.081, data_time: 0.037, memory: 11435, noise_inv_loss: 0.0009, clean_loss_rpn_cls: 0.0146, clean_loss_rpn_bbox: 0.0147, clean_loss_cls: 0.0935, clean_acc: 96.5210, clean_loss_bbox: 0.1275, clean_loss_mask: 0.2561, clean_edge_loss: 0.7133, loss_rpn_cls: 0.0283, loss_rpn_bbox: 0.0167, loss_cls: 0.1119, acc: 96.2222, loss_bbox: 0.1306, loss_mask: 0.2996, edge_loss: 0.7191, loss: 2.5268
2026-06-30 05:25:41,912 - mmdet - INFO - Epoch [12][1250/1324]	lr: 1.000e-03, eta: 0:03:50, time: 3.082, data_time: 0.038, memory: 11435, noise_inv_loss: 0.0009, clean_loss_rpn_cls: 0.0141, clean_loss_rpn_bbox: 0.0143, clean_loss_cls: 0.0925, clean_acc: 96.5845, clean_loss_bbox: 0.1279, clean_loss_mask: 0.2733, clean_edge_loss: 0.7250, loss_rpn_cls: 0.0256, loss_rpn_bbox: 0.0162, loss_cls: 0.1118, acc: 96.1362, loss_bbox: 0.1349, loss_mask: 0.3118, edge_loss: 0.7309, loss: 2.5792
2026-06-30 05:28:15,625 - mmdet - INFO - Epoch [12][1300/1324]	lr: 1.000e-03, eta: 0:01:14, time: 3.074, data_time: 0.037, memory: 11435, noise_inv_loss: 0.0009, clean_loss_rpn_cls: 0.0151, clean_loss_rpn_bbox: 0.0157, clean_loss_cls: 0.0895, clean_acc: 96.6880, clean_loss_bbox: 0.1256, clean_loss_mask: 0.2668, clean_edge_loss: 0.7176, loss_rpn_cls: 0.0300, loss_rpn_bbox: 0.0185, loss_cls: 0.1073, acc: 96.3110, loss_bbox: 0.1310, loss_mask: 0.3094, edge_loss: 0.7226, loss: 2.5498
2026-06-30 05:29:27,024 - mmdet - INFO - Saving checkpoint at 5 epochs
[                                                  ] 0/669, elapsed: 0s, ETA:
[                                 ] 1/669, 1.3 task/s, elapsed: 1s, ETA:   500s
[                                 ] 2/669, 2.3 task/s, elapsed: 1s, ETA:   284s
[                                 ] 3/669, 3.2 task/s, elapsed: 1s, ETA:   210s
[                                 ] 4/669, 3.8 task/s, elapsed: 1s, ETA:   175s
[                                 ] 5/669, 4.4 task/s, elapsed: 1s, ETA:   150s
[                                 ] 6/669, 4.9 task/s, elapsed: 1s, ETA:   135s
[                                 ] 7/669, 5.3 task/s, elapsed: 1s, ETA:   125s
[                                 ] 8/669, 5.3 task/s, elapsed: 2s, ETA:   124s
[                                 ] 9/669, 5.7 task/s, elapsed: 2s, ETA:   116s
[                                ] 10/669, 5.9 task/s, elapsed: 2s, ETA:   112s
[                                ] 11/669, 6.0 task/s, elapsed: 2s, ETA:   110s
[                                ] 12/669, 6.1 task/s, elapsed: 2s, ETA:   109s
[                                ] 13/669, 6.2 task/s, elapsed: 2s, ETA:   106s
[                                ] 14/669, 6.4 task/s, elapsed: 2s, ETA:   102s
[                                ] 15/669, 6.6 task/s, elapsed: 2s, ETA:    99s
[                                ] 16/669, 6.8 task/s, elapsed: 2s, ETA:    96s
[                                ] 17/669, 6.9 task/s, elapsed: 2s, ETA:    94s
[                                ] 18/669, 7.0 task/s, elapsed: 3s, ETA:    93s
[                                ] 19/669, 7.2 task/s, elapsed: 3s, ETA:    90s
[                                ] 20/669, 7.3 task/s, elapsed: 3s, ETA:    89s
[>                               ] 21/669, 7.4 task/s, elapsed: 3s, ETA:    87s
[>                               ] 22/669, 7.5 task/s, elapsed: 3s, ETA:    86s
[>                               ] 23/669, 7.6 task/s, elapsed: 3s, ETA:    85s
[>                               ] 24/669, 7.7 task/s, elapsed: 3s, ETA:    84s
[>                               ] 25/669, 7.8 task/s, elapsed: 3s, ETA:    83s
[>                               ] 26/669, 7.9 task/s, elapsed: 3s, ETA:    82s
[>                               ] 27/669, 8.0 task/s, elapsed: 3s, ETA:    81s
[>                               ] 28/669, 7.9 task/s, elapsed: 4s, ETA:    81s
[>                               ] 29/669, 8.0 task/s, elapsed: 4s, ETA:    80s
[>                               ] 30/669, 8.0 task/s, elapsed: 4s, ETA:    79s
[>                               ] 31/669, 8.1 task/s, elapsed: 4s, ETA:    79s
[>                               ] 32/669, 8.2 task/s, elapsed: 4s, ETA:    78s
[>                               ] 33/669, 8.2 task/s, elapsed: 4s, ETA:    78s
[>                               ] 34/669, 8.2 task/s, elapsed: 4s, ETA:    77s
[>                               ] 35/669, 8.3 task/s, elapsed: 4s, ETA:    77s
[>                               ] 36/669, 8.3 task/s, elapsed: 4s, ETA:    76s
[>                               ] 37/669, 8.4 task/s, elapsed: 4s, ETA:    75s
[>                               ] 38/669, 8.4 task/s, elapsed: 5s, ETA:    75s
[>                               ] 39/669, 8.5 task/s, elapsed: 5s, ETA:    74s
[>                               ] 40/669, 8.5 task/s, elapsed: 5s, ETA:    74s
[>                               ] 41/669, 8.6 task/s, elapsed: 5s, ETA:    73s
[>>                              ] 42/669, 8.6 task/s, elapsed: 5s, ETA:    73s
[>>                              ] 43/669, 8.5 task/s, elapsed: 5s, ETA:    73s
[>>                              ] 44/669, 8.5 task/s, elapsed: 5s, ETA:    73s
[>>                              ] 45/669, 8.5 task/s, elapsed: 5s, ETA:    73s
[>>                              ] 46/669, 8.5 task/s, elapsed: 5s, ETA:    73s
[>>                              ] 47/669, 8.5 task/s, elapsed: 6s, ETA:    73s
[>>                              ] 48/669, 8.5 task/s, elapsed: 6s, ETA:    73s
[>>                              ] 49/669, 8.5 task/s, elapsed: 6s, ETA:    73s
[>>                              ] 50/669, 8.5 task/s, elapsed: 6s, ETA:    73s
[>>                              ] 51/669, 8.5 task/s, elapsed: 6s, ETA:    73s
[>>                              ] 52/669, 8.5 task/s, elapsed: 6s, ETA:    73s
[>>                              ] 53/669, 8.5 task/s, elapsed: 6s, ETA:    73s
[>>                              ] 54/669, 8.5 task/s, elapsed: 6s, ETA:    72s
[>>                              ] 55/669, 8.5 task/s, elapsed: 6s, ETA:    72s
[>>                              ] 56/669, 8.5 task/s, elapsed: 7s, ETA:    72s
[>>                              ] 57/669, 8.6 task/s, elapsed: 7s, ETA:    72s
[>>                              ] 58/669, 8.6 task/s, elapsed: 7s, ETA:    71s
[>>                              ] 59/669, 8.5 task/s, elapsed: 7s, ETA:    72s
[>>                              ] 60/669, 8.6 task/s, elapsed: 7s, ETA:    71s
[>>                              ] 61/669, 8.6 task/s, elapsed: 7s, ETA:    71s
[>>                              ] 62/669, 8.6 task/s, elapsed: 7s, ETA:    71s
[>>>                             ] 63/669, 8.6 task/s, elapsed: 7s, ETA:    70s
[>>>                             ] 64/669, 8.7 task/s, elapsed: 7s, ETA:    70s
[>>>                             ] 65/669, 8.6 task/s, elapsed: 8s, ETA:    70s
[>>>                             ] 66/669, 8.6 task/s, elapsed: 8s, ETA:    70s
[>>>                             ] 67/669, 8.6 task/s, elapsed: 8s, ETA:    70s
[>>>                             ] 68/669, 8.6 task/s, elapsed: 8s, ETA:    70s
[>>>                             ] 69/669, 8.7 task/s, elapsed: 8s, ETA:    69s
[>>>                             ] 70/669, 8.7 task/s, elapsed: 8s, ETA:    69s
[>>>                             ] 71/669, 8.7 task/s, elapsed: 8s, ETA:    69s
[>>>                             ] 72/669, 8.7 task/s, elapsed: 8s, ETA:    68s
[>>>                             ] 73/669, 8.7 task/s, elapsed: 8s, ETA:    68s
[>>>                             ] 74/669, 8.7 task/s, elapsed: 8s, ETA:    68s
[>>>                             ] 75/669, 8.7 task/s, elapsed: 9s, ETA:    68s
[>>>                             ] 76/669, 8.7 task/s, elapsed: 9s, ETA:    68s
[>>>                             ] 77/669, 8.7 task/s, elapsed: 9s, ETA:    68s
[>>>                             ] 78/669, 8.8 task/s, elapsed: 9s, ETA:    68s
[>>>                             ] 79/669, 8.8 task/s, elapsed: 9s, ETA:    67s
[>>>                             ] 80/669, 8.8 task/s, elapsed: 9s, ETA:    67s
[>>>                             ] 81/669, 8.8 task/s, elapsed: 9s, ETA:    67s
[>>>                             ] 82/669, 8.8 task/s, elapsed: 9s, ETA:    67s
[>>>                             ] 83/669, 8.8 task/s, elapsed: 9s, ETA:    66s
[>>>                            ] 84/669, 8.8 task/s, elapsed: 10s, ETA:    66s
[>>>                            ] 85/669, 8.9 task/s, elapsed: 10s, ETA:    66s
[>>>                            ] 86/669, 8.8 task/s, elapsed: 10s, ETA:    66s
[>>>>                           ] 87/669, 8.8 task/s, elapsed: 10s, ETA:    66s
[>>>>                           ] 88/669, 8.7 task/s, elapsed: 10s, ETA:    66s
[>>>>                           ] 89/669, 8.8 task/s, elapsed: 10s, ETA:    66s
[>>>>                           ] 90/669, 8.8 task/s, elapsed: 10s, ETA:    66s
[>>>>                           ] 91/669, 8.8 task/s, elapsed: 10s, ETA:    66s
[>>>>                           ] 92/669, 8.8 task/s, elapsed: 10s, ETA:    65s
[>>>>                           ] 93/669, 8.8 task/s, elapsed: 11s, ETA:    65s
[>>>>                           ] 94/669, 8.8 task/s, elapsed: 11s, ETA:    65s
[>>>>                           ] 95/669, 8.8 task/s, elapsed: 11s, ETA:    65s
[>>>>                           ] 96/669, 8.8 task/s, elapsed: 11s, ETA:    65s
[>>>>                           ] 97/669, 8.9 task/s, elapsed: 11s, ETA:    65s
[>>>>                           ] 98/669, 8.9 task/s, elapsed: 11s, ETA:    65s
[>>>>                           ] 99/669, 8.9 task/s, elapsed: 11s, ETA:    64s
[>>>>                          ] 100/669, 8.9 task/s, elapsed: 11s, ETA:    64s
[>>>>                          ] 101/669, 8.9 task/s, elapsed: 11s, ETA:    64s
[>>>>                          ] 102/669, 8.9 task/s, elapsed: 11s, ETA:    64s
[>>>>                          ] 103/669, 8.9 task/s, elapsed: 12s, ETA:    63s
[>>>>                          ] 104/669, 8.9 task/s, elapsed: 12s, ETA:    63s
[>>>>                          ] 105/669, 8.9 task/s, elapsed: 12s, ETA:    63s
[>>>>                          ] 106/669, 9.0 task/s, elapsed: 12s, ETA:    63s
[>>>>                          ] 107/669, 8.9 task/s, elapsed: 12s, ETA:    63s
[>>>>                          ] 108/669, 8.9 task/s, elapsed: 12s, ETA:    63s
[>>>>                          ] 109/669, 8.9 task/s, elapsed: 12s, ETA:    63s
[>>>>                          ] 110/669, 8.9 task/s, elapsed: 12s, ETA:    63s
[>>>>                          ] 111/669, 8.9 task/s, elapsed: 13s, ETA:    63s
[>>>>>                         ] 112/669, 8.9 task/s, elapsed: 13s, ETA:    63s
[>>>>>                         ] 113/669, 8.8 task/s, elapsed: 13s, ETA:    63s
[>>>>>                         ] 114/669, 8.8 task/s, elapsed: 13s, ETA:    63s
[>>>>>                         ] 115/669, 8.8 task/s, elapsed: 13s, ETA:    63s
[>>>>>                         ] 116/669, 8.8 task/s, elapsed: 13s, ETA:    63s
[>>>>>                         ] 117/669, 8.8 task/s, elapsed: 13s, ETA:    63s
[>>>>>                         ] 118/669, 8.8 task/s, elapsed: 13s, ETA:    63s
[>>>>>                         ] 119/669, 8.7 task/s, elapsed: 14s, ETA:    63s
[>>>>>                         ] 120/669, 8.7 task/s, elapsed: 14s, ETA:    63s
[>>>>>                         ] 121/669, 8.7 task/s, elapsed: 14s, ETA:    63s
[>>>>>                         ] 122/669, 8.7 task/s, elapsed: 14s, ETA:    63s
[>>>>>                         ] 123/669, 8.7 task/s, elapsed: 14s, ETA:    63s
[>>>>>                         ] 124/669, 8.7 task/s, elapsed: 14s, ETA:    63s
[>>>>>                         ] 125/669, 8.7 task/s, elapsed: 14s, ETA:    63s
[>>>>>                         ] 126/669, 8.7 task/s, elapsed: 15s, ETA:    63s
[>>>>>                         ] 127/669, 8.7 task/s, elapsed: 15s, ETA:    62s
[>>>>>                         ] 128/669, 8.7 task/s, elapsed: 15s, ETA:    62s
[>>>>>                         ] 129/669, 8.7 task/s, elapsed: 15s, ETA:    62s
[>>>>>                         ] 130/669, 8.7 task/s, elapsed: 15s, ETA:    62s
[>>>>>                         ] 131/669, 8.7 task/s, elapsed: 15s, ETA:    62s
[>>>>>                         ] 132/669, 8.7 task/s, elapsed: 15s, ETA:    62s
[>>>>>                         ] 133/669, 8.7 task/s, elapsed: 15s, ETA:    61s
[>>>>>>                        ] 134/669, 8.7 task/s, elapsed: 15s, ETA:    61s
[>>>>>>                        ] 135/669, 8.7 task/s, elapsed: 15s, ETA:    61s
[>>>>>>                        ] 136/669, 8.7 task/s, elapsed: 16s, ETA:    61s
[>>>>>>                        ] 137/669, 8.7 task/s, elapsed: 16s, ETA:    61s
[>>>>>>                        ] 138/669, 8.7 task/s, elapsed: 16s, ETA:    61s
[>>>>>>                        ] 139/669, 8.7 task/s, elapsed: 16s, ETA:    61s
[>>>>>>                        ] 140/669, 8.7 task/s, elapsed: 16s, ETA:    61s
[>>>>>>                        ] 141/669, 8.7 task/s, elapsed: 16s, ETA:    61s
[>>>>>>                        ] 142/669, 8.7 task/s, elapsed: 16s, ETA:    61s
[>>>>>>                        ] 143/669, 8.7 task/s, elapsed: 16s, ETA:    60s
[>>>>>>                        ] 144/669, 8.7 task/s, elapsed: 17s, ETA:    60s
[>>>>>>                        ] 145/669, 8.7 task/s, elapsed: 17s, ETA:    60s
[>>>>>>                        ] 146/669, 8.7 task/s, elapsed: 17s, ETA:    60s
[>>>>>>                        ] 147/669, 8.7 task/s, elapsed: 17s, ETA:    60s
[>>>>>>                        ] 148/669, 8.6 task/s, elapsed: 17s, ETA:    60s
[>>>>>>                        ] 149/669, 8.6 task/s, elapsed: 17s, ETA:    60s
[>>>>>>                        ] 150/669, 8.6 task/s, elapsed: 17s, ETA:    60s
[>>>>>>                        ] 151/669, 8.6 task/s, elapsed: 18s, ETA:    60s
[>>>>>>                        ] 152/669, 8.6 task/s, elapsed: 18s, ETA:    60s
[>>>>>>                        ] 153/669, 8.6 task/s, elapsed: 18s, ETA:    60s
[>>>>>>                        ] 154/669, 8.6 task/s, elapsed: 18s, ETA:    60s
[>>>>>>                        ] 155/669, 8.6 task/s, elapsed: 18s, ETA:    60s
[>>>>>>                        ] 156/669, 8.6 task/s, elapsed: 18s, ETA:    60s
[>>>>>>>                       ] 157/669, 8.6 task/s, elapsed: 18s, ETA:    60s
[>>>>>>>                       ] 158/669, 8.6 task/s, elapsed: 18s, ETA:    60s
[>>>>>>>                       ] 159/669, 8.5 task/s, elapsed: 19s, ETA:    60s
[>>>>>>>                       ] 160/669, 8.5 task/s, elapsed: 19s, ETA:    60s
[>>>>>>>                       ] 161/669, 8.5 task/s, elapsed: 19s, ETA:    60s
[>>>>>>>                       ] 162/669, 8.5 task/s, elapsed: 19s, ETA:    59s
[>>>>>>>                       ] 163/669, 8.5 task/s, elapsed: 19s, ETA:    59s
[>>>>>>>                       ] 164/669, 8.6 task/s, elapsed: 19s, ETA:    59s
[>>>>>>>                       ] 165/669, 8.6 task/s, elapsed: 19s, ETA:    59s
[>>>>>>>                       ] 166/669, 8.5 task/s, elapsed: 19s, ETA:    59s
[>>>>>>>                       ] 167/669, 8.5 task/s, elapsed: 20s, ETA:    59s
[>>>>>>>                       ] 168/669, 8.5 task/s, elapsed: 20s, ETA:    59s
[>>>>>>>                       ] 169/669, 8.5 task/s, elapsed: 20s, ETA:    59s
[>>>>>>>                       ] 170/669, 8.5 task/s, elapsed: 20s, ETA:    58s
[>>>>>>>                       ] 171/669, 8.6 task/s, elapsed: 20s, ETA:    58s
[>>>>>>>                       ] 172/669, 8.6 task/s, elapsed: 20s, ETA:    58s
[>>>>>>>                       ] 173/669, 8.6 task/s, elapsed: 20s, ETA:    58s
[>>>>>>>                       ] 174/669, 8.6 task/s, elapsed: 20s, ETA:    58s
[>>>>>>>                       ] 175/669, 8.6 task/s, elapsed: 20s, ETA:    58s
[>>>>>>>                       ] 176/669, 8.5 task/s, elapsed: 21s, ETA:    58s
[>>>>>>>                       ] 177/669, 8.5 task/s, elapsed: 21s, ETA:    58s
[>>>>>>>                       ] 178/669, 8.5 task/s, elapsed: 21s, ETA:    58s
[>>>>>>>>                      ] 179/669, 8.5 task/s, elapsed: 21s, ETA:    57s
[>>>>>>>>                      ] 180/669, 8.6 task/s, elapsed: 21s, ETA:    57s
[>>>>>>>>                      ] 181/669, 8.6 task/s, elapsed: 21s, ETA:    57s
[>>>>>>>>                      ] 182/669, 8.6 task/s, elapsed: 21s, ETA:    57s
[>>>>>>>>                      ] 183/669, 8.6 task/s, elapsed: 21s, ETA:    57s
[>>>>>>>>                      ] 184/669, 8.6 task/s, elapsed: 21s, ETA:    57s
[>>>>>>>>                      ] 185/669, 8.6 task/s, elapsed: 22s, ETA:    56s
[>>>>>>>>                      ] 186/669, 8.6 task/s, elapsed: 22s, ETA:    56s
[>>>>>>>>                      ] 187/669, 8.5 task/s, elapsed: 22s, ETA:    57s
[>>>>>>>>                      ] 188/669, 8.5 task/s, elapsed: 22s, ETA:    57s
[>>>>>>>>                      ] 189/669, 8.5 task/s, elapsed: 22s, ETA:    57s
[>>>>>>>>                      ] 190/669, 8.4 task/s, elapsed: 23s, ETA:    57s
[>>>>>>>>                      ] 191/669, 8.4 task/s, elapsed: 23s, ETA:    57s
[>>>>>>>>                      ] 192/669, 8.4 task/s, elapsed: 23s, ETA:    57s
[>>>>>>>>                      ] 193/669, 8.4 task/s, elapsed: 23s, ETA:    57s
[>>>>>>>>                      ] 194/669, 8.4 task/s, elapsed: 23s, ETA:    56s
[>>>>>>>>                      ] 195/669, 8.4 task/s, elapsed: 23s, ETA:    56s
[>>>>>>>>                      ] 196/669, 8.4 task/s, elapsed: 23s, ETA:    56s
[>>>>>>>>                      ] 197/669, 8.4 task/s, elapsed: 24s, ETA:    56s
[>>>>>>>>                      ] 198/669, 8.4 task/s, elapsed: 24s, ETA:    56s
[>>>>>>>>                      ] 199/669, 8.4 task/s, elapsed: 24s, ETA:    56s
[>>>>>>>>                      ] 200/669, 8.4 task/s, elapsed: 24s, ETA:    56s
[>>>>>>>>>                     ] 201/669, 8.3 task/s, elapsed: 24s, ETA:    56s
[>>>>>>>>>                     ] 202/669, 8.3 task/s, elapsed: 24s, ETA:    56s
[>>>>>>>>>                     ] 203/669, 8.3 task/s, elapsed: 24s, ETA:    56s
[>>>>>>>>>                     ] 204/669, 8.3 task/s, elapsed: 24s, ETA:    56s
[>>>>>>>>>                     ] 205/669, 8.3 task/s, elapsed: 25s, ETA:    56s
[>>>>>>>>>                     ] 206/669, 8.3 task/s, elapsed: 25s, ETA:    55s
[>>>>>>>>>                     ] 207/669, 8.4 task/s, elapsed: 25s, ETA:    55s
[>>>>>>>>>                     ] 208/669, 8.4 task/s, elapsed: 25s, ETA:    55s
[>>>>>>>>>                     ] 209/669, 8.4 task/s, elapsed: 25s, ETA:    55s
[>>>>>>>>>                     ] 210/669, 8.4 task/s, elapsed: 25s, ETA:    55s
[>>>>>>>>>                     ] 211/669, 8.4 task/s, elapsed: 25s, ETA:    55s
[>>>>>>>>>                     ] 212/669, 8.4 task/s, elapsed: 25s, ETA:    54s
[>>>>>>>>>                     ] 213/669, 8.4 task/s, elapsed: 25s, ETA:    54s
[>>>>>>>>>                     ] 214/669, 8.4 task/s, elapsed: 25s, ETA:    54s
[>>>>>>>>>                     ] 215/669, 8.4 task/s, elapsed: 26s, ETA:    54s
[>>>>>>>>>                     ] 216/669, 8.4 task/s, elapsed: 26s, ETA:    54s
[>>>>>>>>>                     ] 217/669, 8.4 task/s, elapsed: 26s, ETA:    54s
[>>>>>>>>>                     ] 218/669, 8.4 task/s, elapsed: 26s, ETA:    54s
[>>>>>>>>>                     ] 219/669, 8.4 task/s, elapsed: 26s, ETA:    53s
[>>>>>>>>>                     ] 220/669, 8.4 task/s, elapsed: 26s, ETA:    53s
[>>>>>>>>>                     ] 221/669, 8.4 task/s, elapsed: 26s, ETA:    53s
[>>>>>>>>>                     ] 222/669, 8.4 task/s, elapsed: 26s, ETA:    53s
[>>>>>>>>>>                    ] 223/669, 8.5 task/s, elapsed: 26s, ETA:    53s
[>>>>>>>>>>                    ] 224/669, 8.5 task/s, elapsed: 26s, ETA:    53s
[>>>>>>>>>>                    ] 225/669, 8.5 task/s, elapsed: 27s, ETA:    52s
[>>>>>>>>>>                    ] 226/669, 8.5 task/s, elapsed: 27s, ETA:    52s
[>>>>>>>>>>                    ] 227/669, 8.5 task/s, elapsed: 27s, ETA:    52s
[>>>>>>>>>>                    ] 228/669, 8.5 task/s, elapsed: 27s, ETA:    52s
[>>>>>>>>>>                    ] 229/669, 8.5 task/s, elapsed: 27s, ETA:    52s
[>>>>>>>>>>                    ] 230/669, 8.5 task/s, elapsed: 27s, ETA:    52s
[>>>>>>>>>>                    ] 231/669, 8.5 task/s, elapsed: 27s, ETA:    52s
[>>>>>>>>>>                    ] 232/669, 8.5 task/s, elapsed: 27s, ETA:    51s
[>>>>>>>>>>                    ] 233/669, 8.5 task/s, elapsed: 27s, ETA:    51s
[>>>>>>>>>>                    ] 234/669, 8.5 task/s, elapsed: 27s, ETA:    51s
[>>>>>>>>>>                    ] 235/669, 8.5 task/s, elapsed: 28s, ETA:    51s
[>>>>>>>>>>                    ] 236/669, 8.5 task/s, elapsed: 28s, ETA:    51s
[>>>>>>>>>>                    ] 237/669, 8.5 task/s, elapsed: 28s, ETA:    51s
[>>>>>>>>>>                    ] 238/669, 8.6 task/s, elapsed: 28s, ETA:    50s
[>>>>>>>>>>                    ] 239/669, 8.6 task/s, elapsed: 28s, ETA:    50s
[>>>>>>>>>>                    ] 240/669, 8.6 task/s, elapsed: 28s, ETA:    50s
[>>>>>>>>>>                    ] 241/669, 8.6 task/s, elapsed: 28s, ETA:    50s
[>>>>>>>>>>                    ] 242/669, 8.6 task/s, elapsed: 28s, ETA:    50s
[>>>>>>>>>>                    ] 243/669, 8.6 task/s, elapsed: 28s, ETA:    50s
[>>>>>>>>>>                    ] 244/669, 8.6 task/s, elapsed: 28s, ETA:    50s
[>>>>>>>>>>                    ] 245/669, 8.6 task/s, elapsed: 29s, ETA:    49s
[>>>>>>>>>>>                   ] 246/669, 8.6 task/s, elapsed: 29s, ETA:    49s
[>>>>>>>>>>>                   ] 247/669, 8.6 task/s, elapsed: 29s, ETA:    49s
[>>>>>>>>>>>                   ] 248/669, 8.6 task/s, elapsed: 29s, ETA:    49s
[>>>>>>>>>>>                   ] 249/669, 8.6 task/s, elapsed: 29s, ETA:    49s
[>>>>>>>>>>>                   ] 250/669, 8.6 task/s, elapsed: 29s, ETA:    49s
[>>>>>>>>>>>                   ] 251/669, 8.6 task/s, elapsed: 29s, ETA:    49s
[>>>>>>>>>>>                   ] 252/669, 8.6 task/s, elapsed: 29s, ETA:    49s
[>>>>>>>>>>>                   ] 253/669, 8.6 task/s, elapsed: 29s, ETA:    48s
[>>>>>>>>>>>                   ] 254/669, 8.6 task/s, elapsed: 30s, ETA:    48s
[>>>>>>>>>>>                   ] 255/669, 8.6 task/s, elapsed: 30s, ETA:    48s
[>>>>>>>>>>>                   ] 256/669, 8.6 task/s, elapsed: 30s, ETA:    48s
[>>>>>>>>>>>                   ] 257/669, 8.6 task/s, elapsed: 30s, ETA:    48s
[>>>>>>>>>>>                   ] 258/669, 8.6 task/s, elapsed: 30s, ETA:    48s
[>>>>>>>>>>>                   ] 259/669, 8.6 task/s, elapsed: 30s, ETA:    48s
[>>>>>>>>>>>                   ] 260/669, 8.6 task/s, elapsed: 30s, ETA:    48s
[>>>>>>>>>>>                   ] 261/669, 8.6 task/s, elapsed: 30s, ETA:    47s
[>>>>>>>>>>>                   ] 262/669, 8.6 task/s, elapsed: 31s, ETA:    47s
[>>>>>>>>>>>                   ] 263/669, 8.6 task/s, elapsed: 31s, ETA:    47s
[>>>>>>>>>>>                   ] 264/669, 8.6 task/s, elapsed: 31s, ETA:    47s
[>>>>>>>>>>>                   ] 265/669, 8.6 task/s, elapsed: 31s, ETA:    47s
[>>>>>>>>>>>                   ] 266/669, 8.6 task/s, elapsed: 31s, ETA:    47s
[>>>>>>>>>>>                   ] 267/669, 8.6 task/s, elapsed: 31s, ETA:    47s
[>>>>>>>>>>>>                  ] 268/669, 8.5 task/s, elapsed: 31s, ETA:    47s
[>>>>>>>>>>>>                  ] 269/669, 8.5 task/s, elapsed: 31s, ETA:    47s
[>>>>>>>>>>>>                  ] 270/669, 8.5 task/s, elapsed: 32s, ETA:    47s
[>>>>>>>>>>>>                  ] 271/669, 8.5 task/s, elapsed: 32s, ETA:    47s
[>>>>>>>>>>>>                  ] 272/669, 8.5 task/s, elapsed: 32s, ETA:    46s
[>>>>>>>>>>>>                  ] 273/669, 8.5 task/s, elapsed: 32s, ETA:    46s
[>>>>>>>>>>>>                  ] 274/669, 8.5 task/s, elapsed: 32s, ETA:    46s
[>>>>>>>>>>>>                  ] 275/669, 8.5 task/s, elapsed: 32s, ETA:    46s
[>>>>>>>>>>>>                  ] 276/669, 8.5 task/s, elapsed: 32s, ETA:    46s
[>>>>>>>>>>>>                  ] 277/669, 8.5 task/s, elapsed: 33s, ETA:    46s
[>>>>>>>>>>>>                  ] 278/669, 8.5 task/s, elapsed: 33s, ETA:    46s
[>>>>>>>>>>>>                  ] 279/669, 8.5 task/s, elapsed: 33s, ETA:    46s
[>>>>>>>>>>>>                  ] 280/669, 8.5 task/s, elapsed: 33s, ETA:    46s
[>>>>>>>>>>>>                  ] 281/669, 8.5 task/s, elapsed: 33s, ETA:    46s
[>>>>>>>>>>>>                  ] 282/669, 8.5 task/s, elapsed: 33s, ETA:    46s
[>>>>>>>>>>>>                  ] 283/669, 8.5 task/s, elapsed: 33s, ETA:    46s
[>>>>>>>>>>>>                  ] 284/669, 8.5 task/s, elapsed: 34s, ETA:    45s
[>>>>>>>>>>>>                  ] 285/669, 8.4 task/s, elapsed: 34s, ETA:    45s
[>>>>>>>>>>>>                  ] 286/669, 8.4 task/s, elapsed: 34s, ETA:    45s
[>>>>>>>>>>>>                  ] 287/669, 8.4 task/s, elapsed: 34s, ETA:    45s
[>>>>>>>>>>>>                  ] 288/669, 8.4 task/s, elapsed: 34s, ETA:    45s
[>>>>>>>>>>>>                  ] 289/669, 8.4 task/s, elapsed: 34s, ETA:    45s
[>>>>>>>>>>>>>                 ] 290/669, 8.4 task/s, elapsed: 34s, ETA:    45s
[>>>>>>>>>>>>>                 ] 291/669, 8.4 task/s, elapsed: 34s, ETA:    45s
[>>>>>>>>>>>>>                 ] 292/669, 8.4 task/s, elapsed: 35s, ETA:    45s
[>>>>>>>>>>>>>                 ] 293/669, 8.4 task/s, elapsed: 35s, ETA:    45s
[>>>>>>>>>>>>>                 ] 294/669, 8.4 task/s, elapsed: 35s, ETA:    45s
[>>>>>>>>>>>>>                 ] 295/669, 8.4 task/s, elapsed: 35s, ETA:    44s
[>>>>>>>>>>>>>                 ] 296/669, 8.4 task/s, elapsed: 35s, ETA:    44s
[>>>>>>>>>>>>>                 ] 297/669, 8.4 task/s, elapsed: 35s, ETA:    44s
[>>>>>>>>>>>>>                 ] 298/669, 8.4 task/s, elapsed: 35s, ETA:    44s
[>>>>>>>>>>>>>                 ] 299/669, 8.4 task/s, elapsed: 35s, ETA:    44s
[>>>>>>>>>>>>>                 ] 300/669, 8.4 task/s, elapsed: 36s, ETA:    44s
[>>>>>>>>>>>>>                 ] 301/669, 8.4 task/s, elapsed: 36s, ETA:    44s
[>>>>>>>>>>>>>                 ] 302/669, 8.4 task/s, elapsed: 36s, ETA:    44s
[>>>>>>>>>>>>>                 ] 303/669, 8.4 task/s, elapsed: 36s, ETA:    43s
[>>>>>>>>>>>>>                 ] 304/669, 8.4 task/s, elapsed: 36s, ETA:    43s
[>>>>>>>>>>>>>                 ] 305/669, 8.4 task/s, elapsed: 36s, ETA:    43s
[>>>>>>>>>>>>>                 ] 306/669, 8.4 task/s, elapsed: 36s, ETA:    43s
[>>>>>>>>>>>>>                 ] 307/669, 8.4 task/s, elapsed: 36s, ETA:    43s
[>>>>>>>>>>>>>                 ] 308/669, 8.4 task/s, elapsed: 37s, ETA:    43s
[>>>>>>>>>>>>>                 ] 309/669, 8.4 task/s, elapsed: 37s, ETA:    43s
[>>>>>>>>>>>>>                 ] 310/669, 8.4 task/s, elapsed: 37s, ETA:    43s
[>>>>>>>>>>>>>                 ] 311/669, 8.5 task/s, elapsed: 37s, ETA:    42s
[>>>>>>>>>>>>>                 ] 312/669, 8.5 task/s, elapsed: 37s, ETA:    42s
[>>>>>>>>>>>>>>                ] 313/669, 8.5 task/s, elapsed: 37s, ETA:    42s
[>>>>>>>>>>>>>>                ] 314/669, 8.5 task/s, elapsed: 37s, ETA:    42s
[>>>>>>>>>>>>>>                ] 315/669, 8.5 task/s, elapsed: 37s, ETA:    42s
[>>>>>>>>>>>>>>                ] 316/669, 8.5 task/s, elapsed: 37s, ETA:    42s
[>>>>>>>>>>>>>>                ] 317/669, 8.5 task/s, elapsed: 37s, ETA:    42s
[>>>>>>>>>>>>>>                ] 318/669, 8.5 task/s, elapsed: 37s, ETA:    41s
[>>>>>>>>>>>>>>                ] 319/669, 8.5 task/s, elapsed: 38s, ETA:    41s
[>>>>>>>>>>>>>>                ] 320/669, 8.5 task/s, elapsed: 38s, ETA:    41s
[>>>>>>>>>>>>>>                ] 321/669, 8.5 task/s, elapsed: 38s, ETA:    41s
[>>>>>>>>>>>>>>                ] 322/669, 8.5 task/s, elapsed: 38s, ETA:    41s
[>>>>>>>>>>>>>>                ] 323/669, 8.5 task/s, elapsed: 38s, ETA:    41s
[>>>>>>>>>>>>>>                ] 324/669, 8.5 task/s, elapsed: 38s, ETA:    40s
[>>>>>>>>>>>>>>                ] 325/669, 8.5 task/s, elapsed: 38s, ETA:    40s
[>>>>>>>>>>>>>>                ] 326/669, 8.5 task/s, elapsed: 38s, ETA:    40s
[>>>>>>>>>>>>>>                ] 327/669, 8.5 task/s, elapsed: 38s, ETA:    40s
[>>>>>>>>>>>>>>                ] 328/669, 8.5 task/s, elapsed: 38s, ETA:    40s
[>>>>>>>>>>>>>>                ] 329/669, 8.5 task/s, elapsed: 39s, ETA:    40s
[>>>>>>>>>>>>>>                ] 330/669, 8.5 task/s, elapsed: 39s, ETA:    40s
[>>>>>>>>>>>>>>                ] 331/669, 8.6 task/s, elapsed: 39s, ETA:    40s
[>>>>>>>>>>>>>>                ] 332/669, 8.6 task/s, elapsed: 39s, ETA:    39s
[>>>>>>>>>>>>>>                ] 333/669, 8.6 task/s, elapsed: 39s, ETA:    39s
[>>>>>>>>>>>>>>                ] 334/669, 8.6 task/s, elapsed: 39s, ETA:    39s
[>>>>>>>>>>>>>>>               ] 335/669, 8.6 task/s, elapsed: 39s, ETA:    39s
[>>>>>>>>>>>>>>>               ] 336/669, 8.6 task/s, elapsed: 39s, ETA:    39s
[>>>>>>>>>>>>>>>               ] 337/669, 8.6 task/s, elapsed: 39s, ETA:    39s
[>>>>>>>>>>>>>>>               ] 338/669, 8.6 task/s, elapsed: 39s, ETA:    39s
[>>>>>>>>>>>>>>>               ] 339/669, 8.6 task/s, elapsed: 39s, ETA:    38s
[>>>>>>>>>>>>>>>               ] 340/669, 8.6 task/s, elapsed: 40s, ETA:    38s
[>>>>>>>>>>>>>>>               ] 341/669, 8.6 task/s, elapsed: 40s, ETA:    38s
[>>>>>>>>>>>>>>>               ] 342/669, 8.6 task/s, elapsed: 40s, ETA:    38s
[>>>>>>>>>>>>>>>               ] 343/669, 8.6 task/s, elapsed: 40s, ETA:    38s
[>>>>>>>>>>>>>>>               ] 344/669, 8.6 task/s, elapsed: 40s, ETA:    38s
[>>>>>>>>>>>>>>>               ] 345/669, 8.6 task/s, elapsed: 40s, ETA:    38s
[>>>>>>>>>>>>>>>               ] 346/669, 8.6 task/s, elapsed: 40s, ETA:    37s
[>>>>>>>>>>>>>>>               ] 347/669, 8.6 task/s, elapsed: 40s, ETA:    37s
[>>>>>>>>>>>>>>>               ] 348/669, 8.6 task/s, elapsed: 40s, ETA:    37s
[>>>>>>>>>>>>>>>               ] 349/669, 8.6 task/s, elapsed: 40s, ETA:    37s
[>>>>>>>>>>>>>>>               ] 350/669, 8.6 task/s, elapsed: 40s, ETA:    37s
[>>>>>>>>>>>>>>>               ] 351/669, 8.7 task/s, elapsed: 41s, ETA:    37s
[>>>>>>>>>>>>>>>               ] 352/669, 8.7 task/s, elapsed: 41s, ETA:    37s
[>>>>>>>>>>>>>>>               ] 353/669, 8.7 task/s, elapsed: 41s, ETA:    36s
[>>>>>>>>>>>>>>>               ] 354/669, 8.7 task/s, elapsed: 41s, ETA:    36s
[>>>>>>>>>>>>>>>               ] 355/669, 8.7 task/s, elapsed: 41s, ETA:    36s
[>>>>>>>>>>>>>>>               ] 356/669, 8.7 task/s, elapsed: 41s, ETA:    36s
[>>>>>>>>>>>>>>>>              ] 357/669, 8.7 task/s, elapsed: 41s, ETA:    36s
[>>>>>>>>>>>>>>>>              ] 358/669, 8.7 task/s, elapsed: 41s, ETA:    36s
[>>>>>>>>>>>>>>>>              ] 359/669, 8.7 task/s, elapsed: 41s, ETA:    36s
[>>>>>>>>>>>>>>>>              ] 360/669, 8.7 task/s, elapsed: 41s, ETA:    36s
[>>>>>>>>>>>>>>>>              ] 361/669, 8.7 task/s, elapsed: 42s, ETA:    35s
[>>>>>>>>>>>>>>>>              ] 362/669, 8.7 task/s, elapsed: 42s, ETA:    35s
[>>>>>>>>>>>>>>>>              ] 363/669, 8.7 task/s, elapsed: 42s, ETA:    35s
[>>>>>>>>>>>>>>>>              ] 364/669, 8.7 task/s, elapsed: 42s, ETA:    35s
[>>>>>>>>>>>>>>>>              ] 365/669, 8.7 task/s, elapsed: 42s, ETA:    35s
[>>>>>>>>>>>>>>>>              ] 366/669, 8.7 task/s, elapsed: 42s, ETA:    35s
[>>>>>>>>>>>>>>>>              ] 367/669, 8.7 task/s, elapsed: 42s, ETA:    35s
[>>>>>>>>>>>>>>>>              ] 368/669, 8.7 task/s, elapsed: 42s, ETA:    34s
[>>>>>>>>>>>>>>>>              ] 369/669, 8.7 task/s, elapsed: 42s, ETA:    34s
[>>>>>>>>>>>>>>>>              ] 370/669, 8.7 task/s, elapsed: 42s, ETA:    34s
[>>>>>>>>>>>>>>>>              ] 371/669, 8.7 task/s, elapsed: 42s, ETA:    34s
[>>>>>>>>>>>>>>>>              ] 372/669, 8.7 task/s, elapsed: 43s, ETA:    34s
[>>>>>>>>>>>>>>>>              ] 373/669, 8.7 task/s, elapsed: 43s, ETA:    34s
[>>>>>>>>>>>>>>>>              ] 374/669, 8.8 task/s, elapsed: 43s, ETA:    34s
[>>>>>>>>>>>>>>>>              ] 375/669, 8.8 task/s, elapsed: 43s, ETA:    34s
[>>>>>>>>>>>>>>>>              ] 376/669, 8.8 task/s, elapsed: 43s, ETA:    33s
[>>>>>>>>>>>>>>>>              ] 377/669, 8.8 task/s, elapsed: 43s, ETA:    33s
[>>>>>>>>>>>>>>>>              ] 378/669, 8.8 task/s, elapsed: 43s, ETA:    33s
[>>>>>>>>>>>>>>>>              ] 379/669, 8.8 task/s, elapsed: 43s, ETA:    33s
[>>>>>>>>>>>>>>>>>             ] 380/669, 8.8 task/s, elapsed: 43s, ETA:    33s
[>>>>>>>>>>>>>>>>>             ] 381/669, 8.8 task/s, elapsed: 43s, ETA:    33s
[>>>>>>>>>>>>>>>>>             ] 382/669, 8.8 task/s, elapsed: 44s, ETA:    33s
[>>>>>>>>>>>>>>>>>             ] 383/669, 8.8 task/s, elapsed: 44s, ETA:    33s
[>>>>>>>>>>>>>>>>>             ] 384/669, 8.8 task/s, elapsed: 44s, ETA:    32s
[>>>>>>>>>>>>>>>>>             ] 385/669, 8.8 task/s, elapsed: 44s, ETA:    32s
[>>>>>>>>>>>>>>>>>             ] 386/669, 8.8 task/s, elapsed: 44s, ETA:    32s
[>>>>>>>>>>>>>>>>>             ] 387/669, 8.8 task/s, elapsed: 44s, ETA:    32s
[>>>>>>>>>>>>>>>>>             ] 388/669, 8.8 task/s, elapsed: 44s, ETA:    32s
[>>>>>>>>>>>>>>>>>             ] 389/669, 8.8 task/s, elapsed: 44s, ETA:    32s
[>>>>>>>>>>>>>>>>>             ] 390/669, 8.8 task/s, elapsed: 44s, ETA:    32s
[>>>>>>>>>>>>>>>>>             ] 391/669, 8.8 task/s, elapsed: 44s, ETA:    32s
[>>>>>>>>>>>>>>>>>             ] 392/669, 8.8 task/s, elapsed: 44s, ETA:    31s
[>>>>>>>>>>>>>>>>>             ] 393/669, 8.8 task/s, elapsed: 45s, ETA:    31s
[>>>>>>>>>>>>>>>>>             ] 394/669, 8.8 task/s, elapsed: 45s, ETA:    31s
[>>>>>>>>>>>>>>>>>             ] 395/669, 8.8 task/s, elapsed: 45s, ETA:    31s
[>>>>>>>>>>>>>>>>>             ] 396/669, 8.8 task/s, elapsed: 45s, ETA:    31s
[>>>>>>>>>>>>>>>>>             ] 397/669, 8.8 task/s, elapsed: 45s, ETA:    31s
[>>>>>>>>>>>>>>>>>             ] 398/669, 8.8 task/s, elapsed: 45s, ETA:    31s
[>>>>>>>>>>>>>>>>>             ] 399/669, 8.8 task/s, elapsed: 45s, ETA:    31s
[>>>>>>>>>>>>>>>>>             ] 400/669, 8.8 task/s, elapsed: 45s, ETA:    30s
[>>>>>>>>>>>>>>>>>             ] 401/669, 8.8 task/s, elapsed: 45s, ETA:    30s
[>>>>>>>>>>>>>>>>>>            ] 402/669, 8.8 task/s, elapsed: 45s, ETA:    30s
[>>>>>>>>>>>>>>>>>>            ] 403/669, 8.9 task/s, elapsed: 46s, ETA:    30s
[>>>>>>>>>>>>>>>>>>            ] 404/669, 8.9 task/s, elapsed: 46s, ETA:    30s
[>>>>>>>>>>>>>>>>>>            ] 405/669, 8.9 task/s, elapsed: 46s, ETA:    30s
[>>>>>>>>>>>>>>>>>>            ] 406/669, 8.9 task/s, elapsed: 46s, ETA:    30s
[>>>>>>>>>>>>>>>>>>            ] 407/669, 8.9 task/s, elapsed: 46s, ETA:    30s
[>>>>>>>>>>>>>>>>>>            ] 408/669, 8.9 task/s, elapsed: 46s, ETA:    29s
[>>>>>>>>>>>>>>>>>>            ] 409/669, 8.9 task/s, elapsed: 46s, ETA:    29s
[>>>>>>>>>>>>>>>>>>            ] 410/669, 8.9 task/s, elapsed: 46s, ETA:    29s
[>>>>>>>>>>>>>>>>>>            ] 411/669, 8.9 task/s, elapsed: 46s, ETA:    29s
[>>>>>>>>>>>>>>>>>>            ] 412/669, 8.9 task/s, elapsed: 46s, ETA:    29s
[>>>>>>>>>>>>>>>>>>            ] 413/669, 8.9 task/s, elapsed: 47s, ETA:    29s
[>>>>>>>>>>>>>>>>>>            ] 414/669, 8.9 task/s, elapsed: 47s, ETA:    29s
[>>>>>>>>>>>>>>>>>>            ] 415/669, 8.9 task/s, elapsed: 47s, ETA:    29s
[>>>>>>>>>>>>>>>>>>            ] 416/669, 8.9 task/s, elapsed: 47s, ETA:    29s
[>>>>>>>>>>>>>>>>>>            ] 417/669, 8.9 task/s, elapsed: 47s, ETA:    28s
[>>>>>>>>>>>>>>>>>>            ] 418/669, 8.9 task/s, elapsed: 47s, ETA:    28s
[>>>>>>>>>>>>>>>>>>            ] 419/669, 8.9 task/s, elapsed: 47s, ETA:    28s
[>>>>>>>>>>>>>>>>>>            ] 420/669, 8.9 task/s, elapsed: 47s, ETA:    28s
[>>>>>>>>>>>>>>>>>>            ] 421/669, 8.9 task/s, elapsed: 47s, ETA:    28s
[>>>>>>>>>>>>>>>>>>            ] 422/669, 8.9 task/s, elapsed: 48s, ETA:    28s
[>>>>>>>>>>>>>>>>>>            ] 423/669, 8.9 task/s, elapsed: 48s, ETA:    28s
[>>>>>>>>>>>>>>>>>>>           ] 424/669, 8.9 task/s, elapsed: 48s, ETA:    28s
[>>>>>>>>>>>>>>>>>>>           ] 425/669, 8.9 task/s, elapsed: 48s, ETA:    27s
[>>>>>>>>>>>>>>>>>>>           ] 426/669, 8.9 task/s, elapsed: 48s, ETA:    27s
[>>>>>>>>>>>>>>>>>>>           ] 427/669, 8.9 task/s, elapsed: 48s, ETA:    27s
[>>>>>>>>>>>>>>>>>>>           ] 428/669, 8.9 task/s, elapsed: 48s, ETA:    27s
[>>>>>>>>>>>>>>>>>>>           ] 429/669, 8.9 task/s, elapsed: 48s, ETA:    27s
[>>>>>>>>>>>>>>>>>>>           ] 430/669, 8.9 task/s, elapsed: 48s, ETA:    27s
[>>>>>>>>>>>>>>>>>>>           ] 431/669, 8.9 task/s, elapsed: 48s, ETA:    27s
[>>>>>>>>>>>>>>>>>>>           ] 432/669, 8.9 task/s, elapsed: 49s, ETA:    27s
[>>>>>>>>>>>>>>>>>>>           ] 433/669, 8.9 task/s, elapsed: 49s, ETA:    26s
[>>>>>>>>>>>>>>>>>>>           ] 434/669, 8.9 task/s, elapsed: 49s, ETA:    26s
[>>>>>>>>>>>>>>>>>>>           ] 435/669, 8.9 task/s, elapsed: 49s, ETA:    26s
[>>>>>>>>>>>>>>>>>>>           ] 436/669, 8.9 task/s, elapsed: 49s, ETA:    26s
[>>>>>>>>>>>>>>>>>>>           ] 437/669, 8.9 task/s, elapsed: 49s, ETA:    26s
[>>>>>>>>>>>>>>>>>>>           ] 438/669, 8.9 task/s, elapsed: 49s, ETA:    26s
[>>>>>>>>>>>>>>>>>>>           ] 439/669, 8.9 task/s, elapsed: 49s, ETA:    26s
[>>>>>>>>>>>>>>>>>>>           ] 440/669, 8.9 task/s, elapsed: 49s, ETA:    26s
[>>>>>>>>>>>>>>>>>>>           ] 441/669, 8.9 task/s, elapsed: 49s, ETA:    26s
[>>>>>>>>>>>>>>>>>>>           ] 442/669, 8.9 task/s, elapsed: 50s, ETA:    25s
[>>>>>>>>>>>>>>>>>>>           ] 443/669, 8.9 task/s, elapsed: 50s, ETA:    25s
[>>>>>>>>>>>>>>>>>>>           ] 444/669, 8.9 task/s, elapsed: 50s, ETA:    25s
[>>>>>>>>>>>>>>>>>>>           ] 445/669, 8.9 task/s, elapsed: 50s, ETA:    25s
[>>>>>>>>>>>>>>>>>>>>          ] 446/669, 8.9 task/s, elapsed: 50s, ETA:    25s
[>>>>>>>>>>>>>>>>>>>>          ] 447/669, 8.9 task/s, elapsed: 50s, ETA:    25s
[>>>>>>>>>>>>>>>>>>>>          ] 448/669, 8.9 task/s, elapsed: 50s, ETA:    25s
[>>>>>>>>>>>>>>>>>>>>          ] 449/669, 8.9 task/s, elapsed: 50s, ETA:    25s
[>>>>>>>>>>>>>>>>>>>>          ] 450/669, 8.9 task/s, elapsed: 51s, ETA:    25s
[>>>>>>>>>>>>>>>>>>>>          ] 451/669, 8.9 task/s, elapsed: 51s, ETA:    25s
[>>>>>>>>>>>>>>>>>>>>          ] 452/669, 8.9 task/s, elapsed: 51s, ETA:    24s
[>>>>>>>>>>>>>>>>>>>>          ] 453/669, 8.9 task/s, elapsed: 51s, ETA:    24s
[>>>>>>>>>>>>>>>>>>>>          ] 454/669, 8.9 task/s, elapsed: 51s, ETA:    24s
[>>>>>>>>>>>>>>>>>>>>          ] 455/669, 8.9 task/s, elapsed: 51s, ETA:    24s
[>>>>>>>>>>>>>>>>>>>>          ] 456/669, 8.9 task/s, elapsed: 51s, ETA:    24s
[>>>>>>>>>>>>>>>>>>>>          ] 457/669, 8.9 task/s, elapsed: 51s, ETA:    24s
[>>>>>>>>>>>>>>>>>>>>          ] 458/669, 8.9 task/s, elapsed: 51s, ETA:    24s
[>>>>>>>>>>>>>>>>>>>>          ] 459/669, 8.9 task/s, elapsed: 52s, ETA:    24s
[>>>>>>>>>>>>>>>>>>>>          ] 460/669, 8.9 task/s, elapsed: 52s, ETA:    23s
[>>>>>>>>>>>>>>>>>>>>          ] 461/669, 8.9 task/s, elapsed: 52s, ETA:    23s
[>>>>>>>>>>>>>>>>>>>>          ] 462/669, 8.9 task/s, elapsed: 52s, ETA:    23s
[>>>>>>>>>>>>>>>>>>>>          ] 463/669, 8.9 task/s, elapsed: 52s, ETA:    23s
[>>>>>>>>>>>>>>>>>>>>          ] 464/669, 8.9 task/s, elapsed: 52s, ETA:    23s
[>>>>>>>>>>>>>>>>>>>>          ] 465/669, 8.9 task/s, elapsed: 52s, ETA:    23s
[>>>>>>>>>>>>>>>>>>>>          ] 466/669, 8.9 task/s, elapsed: 52s, ETA:    23s
[>>>>>>>>>>>>>>>>>>>>          ] 467/669, 8.9 task/s, elapsed: 52s, ETA:    23s
[>>>>>>>>>>>>>>>>>>>>          ] 468/669, 8.9 task/s, elapsed: 52s, ETA:    23s
[>>>>>>>>>>>>>>>>>>>>>         ] 469/669, 8.9 task/s, elapsed: 53s, ETA:    22s
[>>>>>>>>>>>>>>>>>>>>>         ] 470/669, 8.9 task/s, elapsed: 53s, ETA:    22s
[>>>>>>>>>>>>>>>>>>>>>         ] 471/669, 8.9 task/s, elapsed: 53s, ETA:    22s
[>>>>>>>>>>>>>>>>>>>>>         ] 472/669, 8.9 task/s, elapsed: 53s, ETA:    22s
[>>>>>>>>>>>>>>>>>>>>>         ] 473/669, 8.9 task/s, elapsed: 53s, ETA:    22s
[>>>>>>>>>>>>>>>>>>>>>         ] 474/669, 8.9 task/s, elapsed: 53s, ETA:    22s
[>>>>>>>>>>>>>>>>>>>>>         ] 475/669, 8.9 task/s, elapsed: 53s, ETA:    22s
[>>>>>>>>>>>>>>>>>>>>>         ] 476/669, 8.9 task/s, elapsed: 53s, ETA:    22s
[>>>>>>>>>>>>>>>>>>>>>         ] 477/669, 8.9 task/s, elapsed: 53s, ETA:    21s
[>>>>>>>>>>>>>>>>>>>>>         ] 478/669, 8.9 task/s, elapsed: 53s, ETA:    21s
[>>>>>>>>>>>>>>>>>>>>>         ] 479/669, 9.0 task/s, elapsed: 54s, ETA:    21s
[>>>>>>>>>>>>>>>>>>>>>         ] 480/669, 9.0 task/s, elapsed: 54s, ETA:    21s
[>>>>>>>>>>>>>>>>>>>>>         ] 481/669, 9.0 task/s, elapsed: 54s, ETA:    21s
[>>>>>>>>>>>>>>>>>>>>>         ] 482/669, 9.0 task/s, elapsed: 54s, ETA:    21s
[>>>>>>>>>>>>>>>>>>>>>         ] 483/669, 9.0 task/s, elapsed: 54s, ETA:    21s
[>>>>>>>>>>>>>>>>>>>>>         ] 484/669, 9.0 task/s, elapsed: 54s, ETA:    21s
[>>>>>>>>>>>>>>>>>>>>>         ] 485/669, 9.0 task/s, elapsed: 54s, ETA:    21s
[>>>>>>>>>>>>>>>>>>>>>         ] 486/669, 9.0 task/s, elapsed: 54s, ETA:    20s
[>>>>>>>>>>>>>>>>>>>>>         ] 487/669, 9.0 task/s, elapsed: 54s, ETA:    20s
[>>>>>>>>>>>>>>>>>>>>>         ] 488/669, 9.0 task/s, elapsed: 54s, ETA:    20s
[>>>>>>>>>>>>>>>>>>>>>         ] 489/669, 9.0 task/s, elapsed: 55s, ETA:    20s
[>>>>>>>>>>>>>>>>>>>>>         ] 490/669, 9.0 task/s, elapsed: 55s, ETA:    20s
[>>>>>>>>>>>>>>>>>>>>>>        ] 491/669, 9.0 task/s, elapsed: 55s, ETA:    20s
[>>>>>>>>>>>>>>>>>>>>>>        ] 492/669, 9.0 task/s, elapsed: 55s, ETA:    20s
[>>>>>>>>>>>>>>>>>>>>>>        ] 493/669, 9.0 task/s, elapsed: 55s, ETA:    20s
[>>>>>>>>>>>>>>>>>>>>>>        ] 494/669, 9.0 task/s, elapsed: 55s, ETA:    20s
[>>>>>>>>>>>>>>>>>>>>>>        ] 495/669, 9.0 task/s, elapsed: 55s, ETA:    19s
[>>>>>>>>>>>>>>>>>>>>>>        ] 496/669, 9.0 task/s, elapsed: 55s, ETA:    19s
[>>>>>>>>>>>>>>>>>>>>>>        ] 497/669, 9.0 task/s, elapsed: 55s, ETA:    19s
[>>>>>>>>>>>>>>>>>>>>>>        ] 498/669, 9.0 task/s, elapsed: 55s, ETA:    19s
[>>>>>>>>>>>>>>>>>>>>>>        ] 499/669, 9.0 task/s, elapsed: 56s, ETA:    19s
[>>>>>>>>>>>>>>>>>>>>>>        ] 500/669, 9.0 task/s, elapsed: 56s, ETA:    19s
[>>>>>>>>>>>>>>>>>>>>>>        ] 501/669, 9.0 task/s, elapsed: 56s, ETA:    19s
[>>>>>>>>>>>>>>>>>>>>>>        ] 502/669, 9.0 task/s, elapsed: 56s, ETA:    19s
[>>>>>>>>>>>>>>>>>>>>>>        ] 503/669, 9.0 task/s, elapsed: 56s, ETA:    18s
[>>>>>>>>>>>>>>>>>>>>>>        ] 504/669, 9.0 task/s, elapsed: 56s, ETA:    18s
[>>>>>>>>>>>>>>>>>>>>>>        ] 505/669, 9.0 task/s, elapsed: 56s, ETA:    18s
[>>>>>>>>>>>>>>>>>>>>>>        ] 506/669, 9.0 task/s, elapsed: 56s, ETA:    18s
[>>>>>>>>>>>>>>>>>>>>>>        ] 507/669, 9.0 task/s, elapsed: 56s, ETA:    18s
[>>>>>>>>>>>>>>>>>>>>>>        ] 508/669, 9.0 task/s, elapsed: 56s, ETA:    18s
[>>>>>>>>>>>>>>>>>>>>>>        ] 509/669, 9.0 task/s, elapsed: 56s, ETA:    18s
[>>>>>>>>>>>>>>>>>>>>>>        ] 510/669, 9.0 task/s, elapsed: 57s, ETA:    18s
[>>>>>>>>>>>>>>>>>>>>>>        ] 511/669, 9.0 task/s, elapsed: 57s, ETA:    18s
[>>>>>>>>>>>>>>>>>>>>>>        ] 512/669, 9.0 task/s, elapsed: 57s, ETA:    17s
[>>>>>>>>>>>>>>>>>>>>>>>       ] 513/669, 9.0 task/s, elapsed: 57s, ETA:    17s
[>>>>>>>>>>>>>>>>>>>>>>>       ] 514/669, 9.0 task/s, elapsed: 57s, ETA:    17s
[>>>>>>>>>>>>>>>>>>>>>>>       ] 515/669, 9.0 task/s, elapsed: 57s, ETA:    17s
[>>>>>>>>>>>>>>>>>>>>>>>       ] 516/669, 9.0 task/s, elapsed: 57s, ETA:    17s
[>>>>>>>>>>>>>>>>>>>>>>>       ] 517/669, 9.0 task/s, elapsed: 57s, ETA:    17s
[>>>>>>>>>>>>>>>>>>>>>>>       ] 518/669, 9.0 task/s, elapsed: 57s, ETA:    17s
[>>>>>>>>>>>>>>>>>>>>>>>       ] 519/669, 9.0 task/s, elapsed: 57s, ETA:    17s
[>>>>>>>>>>>>>>>>>>>>>>>       ] 520/669, 9.0 task/s, elapsed: 58s, ETA:    16s
[>>>>>>>>>>>>>>>>>>>>>>>       ] 521/669, 9.0 task/s, elapsed: 58s, ETA:    16s
[>>>>>>>>>>>>>>>>>>>>>>>       ] 522/669, 9.0 task/s, elapsed: 58s, ETA:    16s
[>>>>>>>>>>>>>>>>>>>>>>>       ] 523/669, 9.0 task/s, elapsed: 58s, ETA:    16s
[>>>>>>>>>>>>>>>>>>>>>>>       ] 524/669, 9.0 task/s, elapsed: 58s, ETA:    16s
[>>>>>>>>>>>>>>>>>>>>>>>       ] 525/669, 9.0 task/s, elapsed: 58s, ETA:    16s
[>>>>>>>>>>>>>>>>>>>>>>>       ] 526/669, 9.0 task/s, elapsed: 58s, ETA:    16s
[>>>>>>>>>>>>>>>>>>>>>>>       ] 527/669, 9.0 task/s, elapsed: 58s, ETA:    16s
[>>>>>>>>>>>>>>>>>>>>>>>       ] 528/669, 9.0 task/s, elapsed: 58s, ETA:    16s
[>>>>>>>>>>>>>>>>>>>>>>>       ] 529/669, 9.0 task/s, elapsed: 59s, ETA:    16s
[>>>>>>>>>>>>>>>>>>>>>>>       ] 530/669, 9.0 task/s, elapsed: 59s, ETA:    15s
[>>>>>>>>>>>>>>>>>>>>>>>       ] 531/669, 9.0 task/s, elapsed: 59s, ETA:    15s
[>>>>>>>>>>>>>>>>>>>>>>>       ] 532/669, 9.0 task/s, elapsed: 59s, ETA:    15s
[>>>>>>>>>>>>>>>>>>>>>>>       ] 533/669, 9.0 task/s, elapsed: 59s, ETA:    15s
[>>>>>>>>>>>>>>>>>>>>>>>       ] 534/669, 9.0 task/s, elapsed: 59s, ETA:    15s
[>>>>>>>>>>>>>>>>>>>>>>>       ] 535/669, 9.0 task/s, elapsed: 59s, ETA:    15s
[>>>>>>>>>>>>>>>>>>>>>>>>      ] 536/669, 9.0 task/s, elapsed: 59s, ETA:    15s
[>>>>>>>>>>>>>>>>>>>>>>>>      ] 537/669, 9.0 task/s, elapsed: 59s, ETA:    15s
[>>>>>>>>>>>>>>>>>>>>>>>>      ] 538/669, 9.1 task/s, elapsed: 59s, ETA:    14s
[>>>>>>>>>>>>>>>>>>>>>>>>      ] 539/669, 9.1 task/s, elapsed: 60s, ETA:    14s
[>>>>>>>>>>>>>>>>>>>>>>>>      ] 540/669, 9.1 task/s, elapsed: 60s, ETA:    14s
[>>>>>>>>>>>>>>>>>>>>>>>>      ] 541/669, 9.1 task/s, elapsed: 60s, ETA:    14s
[>>>>>>>>>>>>>>>>>>>>>>>>      ] 542/669, 9.1 task/s, elapsed: 60s, ETA:    14s
[>>>>>>>>>>>>>>>>>>>>>>>>      ] 543/669, 9.1 task/s, elapsed: 60s, ETA:    14s
[>>>>>>>>>>>>>>>>>>>>>>>>      ] 544/669, 9.1 task/s, elapsed: 60s, ETA:    14s
[>>>>>>>>>>>>>>>>>>>>>>>>      ] 545/669, 9.1 task/s, elapsed: 60s, ETA:    14s
[>>>>>>>>>>>>>>>>>>>>>>>>      ] 546/669, 9.1 task/s, elapsed: 60s, ETA:    14s
[>>>>>>>>>>>>>>>>>>>>>>>>      ] 547/669, 9.1 task/s, elapsed: 60s, ETA:    13s
[>>>>>>>>>>>>>>>>>>>>>>>>      ] 548/669, 9.1 task/s, elapsed: 60s, ETA:    13s
[>>>>>>>>>>>>>>>>>>>>>>>>      ] 549/669, 9.1 task/s, elapsed: 61s, ETA:    13s
[>>>>>>>>>>>>>>>>>>>>>>>>      ] 550/669, 9.1 task/s, elapsed: 61s, ETA:    13s
[>>>>>>>>>>>>>>>>>>>>>>>>      ] 551/669, 9.1 task/s, elapsed: 61s, ETA:    13s
[>>>>>>>>>>>>>>>>>>>>>>>>      ] 552/669, 9.1 task/s, elapsed: 61s, ETA:    13s
[>>>>>>>>>>>>>>>>>>>>>>>>      ] 553/669, 9.1 task/s, elapsed: 61s, ETA:    13s
[>>>>>>>>>>>>>>>>>>>>>>>>      ] 554/669, 9.1 task/s, elapsed: 61s, ETA:    13s
[>>>>>>>>>>>>>>>>>>>>>>>>      ] 555/669, 9.1 task/s, elapsed: 61s, ETA:    13s
[>>>>>>>>>>>>>>>>>>>>>>>>      ] 556/669, 9.1 task/s, elapsed: 61s, ETA:    12s
[>>>>>>>>>>>>>>>>>>>>>>>>      ] 557/669, 9.1 task/s, elapsed: 61s, ETA:    12s
[>>>>>>>>>>>>>>>>>>>>>>>>>     ] 558/669, 9.1 task/s, elapsed: 61s, ETA:    12s
[>>>>>>>>>>>>>>>>>>>>>>>>>     ] 559/669, 9.1 task/s, elapsed: 62s, ETA:    12s
[>>>>>>>>>>>>>>>>>>>>>>>>>     ] 560/669, 9.1 task/s, elapsed: 62s, ETA:    12s
[>>>>>>>>>>>>>>>>>>>>>>>>>     ] 561/669, 9.1 task/s, elapsed: 62s, ETA:    12s
[>>>>>>>>>>>>>>>>>>>>>>>>>     ] 562/669, 9.1 task/s, elapsed: 62s, ETA:    12s
[>>>>>>>>>>>>>>>>>>>>>>>>>     ] 563/669, 9.1 task/s, elapsed: 62s, ETA:    12s
[>>>>>>>>>>>>>>>>>>>>>>>>>     ] 564/669, 9.1 task/s, elapsed: 62s, ETA:    12s
[>>>>>>>>>>>>>>>>>>>>>>>>>     ] 565/669, 9.1 task/s, elapsed: 62s, ETA:    11s
[>>>>>>>>>>>>>>>>>>>>>>>>>     ] 566/669, 9.1 task/s, elapsed: 62s, ETA:    11s
[>>>>>>>>>>>>>>>>>>>>>>>>>     ] 567/669, 9.1 task/s, elapsed: 63s, ETA:    11s
[>>>>>>>>>>>>>>>>>>>>>>>>>     ] 568/669, 9.1 task/s, elapsed: 63s, ETA:    11s
[>>>>>>>>>>>>>>>>>>>>>>>>>     ] 569/669, 9.1 task/s, elapsed: 63s, ETA:    11s
[>>>>>>>>>>>>>>>>>>>>>>>>>     ] 570/669, 9.1 task/s, elapsed: 63s, ETA:    11s
[>>>>>>>>>>>>>>>>>>>>>>>>>     ] 571/669, 9.1 task/s, elapsed: 63s, ETA:    11s
[>>>>>>>>>>>>>>>>>>>>>>>>>     ] 572/669, 9.1 task/s, elapsed: 63s, ETA:    11s
[>>>>>>>>>>>>>>>>>>>>>>>>>     ] 573/669, 9.1 task/s, elapsed: 63s, ETA:    11s
[>>>>>>>>>>>>>>>>>>>>>>>>>     ] 574/669, 9.1 task/s, elapsed: 63s, ETA:    10s
[>>>>>>>>>>>>>>>>>>>>>>>>>     ] 575/669, 9.1 task/s, elapsed: 63s, ETA:    10s
[>>>>>>>>>>>>>>>>>>>>>>>>>     ] 576/669, 9.1 task/s, elapsed: 64s, ETA:    10s
[>>>>>>>>>>>>>>>>>>>>>>>>>     ] 577/669, 9.1 task/s, elapsed: 64s, ETA:    10s
[>>>>>>>>>>>>>>>>>>>>>>>>>     ] 578/669, 9.1 task/s, elapsed: 64s, ETA:    10s
[>>>>>>>>>>>>>>>>>>>>>>>>>     ] 579/669, 9.1 task/s, elapsed: 64s, ETA:    10s
[>>>>>>>>>>>>>>>>>>>>>>>>>>    ] 580/669, 9.1 task/s, elapsed: 64s, ETA:    10s
[>>>>>>>>>>>>>>>>>>>>>>>>>>    ] 581/669, 9.0 task/s, elapsed: 64s, ETA:    10s
[>>>>>>>>>>>>>>>>>>>>>>>>>>    ] 582/669, 9.1 task/s, elapsed: 64s, ETA:    10s
[>>>>>>>>>>>>>>>>>>>>>>>>>>    ] 583/669, 9.0 task/s, elapsed: 64s, ETA:    10s
[>>>>>>>>>>>>>>>>>>>>>>>>>>    ] 584/669, 9.0 task/s, elapsed: 65s, ETA:     9s
[>>>>>>>>>>>>>>>>>>>>>>>>>>    ] 585/669, 9.1 task/s, elapsed: 65s, ETA:     9s
[>>>>>>>>>>>>>>>>>>>>>>>>>>    ] 586/669, 9.0 task/s, elapsed: 65s, ETA:     9s
[>>>>>>>>>>>>>>>>>>>>>>>>>>    ] 587/669, 9.1 task/s, elapsed: 65s, ETA:     9s
[>>>>>>>>>>>>>>>>>>>>>>>>>>    ] 588/669, 9.1 task/s, elapsed: 65s, ETA:     9s
[>>>>>>>>>>>>>>>>>>>>>>>>>>    ] 589/669, 9.1 task/s, elapsed: 65s, ETA:     9s
[>>>>>>>>>>>>>>>>>>>>>>>>>>    ] 590/669, 9.1 task/s, elapsed: 65s, ETA:     9s
[>>>>>>>>>>>>>>>>>>>>>>>>>>    ] 591/669, 9.1 task/s, elapsed: 65s, ETA:     9s
[>>>>>>>>>>>>>>>>>>>>>>>>>>    ] 592/669, 9.1 task/s, elapsed: 65s, ETA:     8s
[>>>>>>>>>>>>>>>>>>>>>>>>>>    ] 593/669, 9.1 task/s, elapsed: 65s, ETA:     8s
[>>>>>>>>>>>>>>>>>>>>>>>>>>    ] 594/669, 9.1 task/s, elapsed: 66s, ETA:     8s
[>>>>>>>>>>>>>>>>>>>>>>>>>>    ] 595/669, 9.1 task/s, elapsed: 66s, ETA:     8s
[>>>>>>>>>>>>>>>>>>>>>>>>>>    ] 596/669, 9.1 task/s, elapsed: 66s, ETA:     8s
[>>>>>>>>>>>>>>>>>>>>>>>>>>    ] 597/669, 9.1 task/s, elapsed: 66s, ETA:     8s
[>>>>>>>>>>>>>>>>>>>>>>>>>>    ] 598/669, 9.1 task/s, elapsed: 66s, ETA:     8s
[>>>>>>>>>>>>>>>>>>>>>>>>>>    ] 599/669, 9.1 task/s, elapsed: 66s, ETA:     8s
[>>>>>>>>>>>>>>>>>>>>>>>>>>    ] 600/669, 9.1 task/s, elapsed: 66s, ETA:     8s
[>>>>>>>>>>>>>>>>>>>>>>>>>>    ] 601/669, 9.1 task/s, elapsed: 66s, ETA:     7s
[>>>>>>>>>>>>>>>>>>>>>>>>>>    ] 602/669, 9.1 task/s, elapsed: 66s, ETA:     7s
[>>>>>>>>>>>>>>>>>>>>>>>>>>>   ] 603/669, 9.1 task/s, elapsed: 66s, ETA:     7s
[>>>>>>>>>>>>>>>>>>>>>>>>>>>   ] 604/669, 9.1 task/s, elapsed: 66s, ETA:     7s
[>>>>>>>>>>>>>>>>>>>>>>>>>>>   ] 605/669, 9.1 task/s, elapsed: 67s, ETA:     7s
[>>>>>>>>>>>>>>>>>>>>>>>>>>>   ] 606/669, 9.1 task/s, elapsed: 67s, ETA:     7s
[>>>>>>>>>>>>>>>>>>>>>>>>>>>   ] 607/669, 9.1 task/s, elapsed: 67s, ETA:     7s
[>>>>>>>>>>>>>>>>>>>>>>>>>>>   ] 608/669, 9.1 task/s, elapsed: 67s, ETA:     7s
[>>>>>>>>>>>>>>>>>>>>>>>>>>>   ] 609/669, 9.1 task/s, elapsed: 67s, ETA:     7s
[>>>>>>>>>>>>>>>>>>>>>>>>>>>   ] 610/669, 9.1 task/s, elapsed: 67s, ETA:     6s
[>>>>>>>>>>>>>>>>>>>>>>>>>>>   ] 611/669, 9.1 task/s, elapsed: 67s, ETA:     6s
[>>>>>>>>>>>>>>>>>>>>>>>>>>>   ] 612/669, 9.1 task/s, elapsed: 67s, ETA:     6s
[>>>>>>>>>>>>>>>>>>>>>>>>>>>   ] 613/669, 9.1 task/s, elapsed: 67s, ETA:     6s
[>>>>>>>>>>>>>>>>>>>>>>>>>>>   ] 614/669, 9.1 task/s, elapsed: 67s, ETA:     6s
[>>>>>>>>>>>>>>>>>>>>>>>>>>>   ] 615/669, 9.1 task/s, elapsed: 68s, ETA:     6s
[>>>>>>>>>>>>>>>>>>>>>>>>>>>   ] 616/669, 9.1 task/s, elapsed: 68s, ETA:     6s
[>>>>>>>>>>>>>>>>>>>>>>>>>>>   ] 617/669, 9.1 task/s, elapsed: 68s, ETA:     6s
[>>>>>>>>>>>>>>>>>>>>>>>>>>>   ] 618/669, 9.1 task/s, elapsed: 68s, ETA:     6s
[>>>>>>>>>>>>>>>>>>>>>>>>>>>   ] 619/669, 9.1 task/s, elapsed: 68s, ETA:     5s
[>>>>>>>>>>>>>>>>>>>>>>>>>>>   ] 620/669, 9.1 task/s, elapsed: 68s, ETA:     5s
[>>>>>>>>>>>>>>>>>>>>>>>>>>>   ] 621/669, 9.1 task/s, elapsed: 68s, ETA:     5s
[>>>>>>>>>>>>>>>>>>>>>>>>>>>   ] 622/669, 9.1 task/s, elapsed: 68s, ETA:     5s
[>>>>>>>>>>>>>>>>>>>>>>>>>>>   ] 623/669, 9.1 task/s, elapsed: 68s, ETA:     5s
[>>>>>>>>>>>>>>>>>>>>>>>>>>>   ] 624/669, 9.1 task/s, elapsed: 68s, ETA:     5s
[>>>>>>>>>>>>>>>>>>>>>>>>>>>>  ] 625/669, 9.1 task/s, elapsed: 69s, ETA:     5s
[>>>>>>>>>>>>>>>>>>>>>>>>>>>>  ] 626/669, 9.1 task/s, elapsed: 69s, ETA:     5s
[>>>>>>>>>>>>>>>>>>>>>>>>>>>>  ] 627/669, 9.1 task/s, elapsed: 69s, ETA:     5s
[>>>>>>>>>>>>>>>>>>>>>>>>>>>>  ] 628/669, 9.1 task/s, elapsed: 69s, ETA:     5s
[>>>>>>>>>>>>>>>>>>>>>>>>>>>>  ] 629/669, 9.1 task/s, elapsed: 69s, ETA:     4s
[>>>>>>>>>>>>>>>>>>>>>>>>>>>>  ] 630/669, 9.1 task/s, elapsed: 69s, ETA:     4s
[>>>>>>>>>>>>>>>>>>>>>>>>>>>>  ] 631/669, 9.1 task/s, elapsed: 69s, ETA:     4s
[>>>>>>>>>>>>>>>>>>>>>>>>>>>>  ] 632/669, 9.1 task/s, elapsed: 69s, ETA:     4s
[>>>>>>>>>>>>>>>>>>>>>>>>>>>>  ] 633/669, 9.1 task/s, elapsed: 70s, ETA:     4s
[>>>>>>>>>>>>>>>>>>>>>>>>>>>>  ] 634/669, 9.1 task/s, elapsed: 70s, ETA:     4s
[>>>>>>>>>>>>>>>>>>>>>>>>>>>>  ] 635/669, 9.1 task/s, elapsed: 70s, ETA:     4s
[>>>>>>>>>>>>>>>>>>>>>>>>>>>>  ] 636/669, 9.1 task/s, elapsed: 70s, ETA:     4s
[>>>>>>>>>>>>>>>>>>>>>>>>>>>>  ] 637/669, 9.1 task/s, elapsed: 70s, ETA:     4s
[>>>>>>>>>>>>>>>>>>>>>>>>>>>>  ] 638/669, 9.1 task/s, elapsed: 70s, ETA:     3s
[>>>>>>>>>>>>>>>>>>>>>>>>>>>>  ] 639/669, 9.1 task/s, elapsed: 70s, ETA:     3s
[>>>>>>>>>>>>>>>>>>>>>>>>>>>>  ] 640/669, 9.1 task/s, elapsed: 70s, ETA:     3s
[>>>>>>>>>>>>>>>>>>>>>>>>>>>>  ] 641/669, 9.1 task/s, elapsed: 70s, ETA:     3s
[>>>>>>>>>>>>>>>>>>>>>>>>>>>>  ] 642/669, 9.1 task/s, elapsed: 71s, ETA:     3s
[>>>>>>>>>>>>>>>>>>>>>>>>>>>>  ] 643/669, 9.1 task/s, elapsed: 71s, ETA:     3s
[>>>>>>>>>>>>>>>>>>>>>>>>>>>>  ] 644/669, 9.1 task/s, elapsed: 71s, ETA:     3s
[>>>>>>>>>>>>>>>>>>>>>>>>>>>>  ] 645/669, 9.1 task/s, elapsed: 71s, ETA:     3s
[>>>>>>>>>>>>>>>>>>>>>>>>>>>>  ] 646/669, 9.1 task/s, elapsed: 71s, ETA:     3s
[>>>>>>>>>>>>>>>>>>>>>>>>>>>>> ] 647/669, 9.1 task/s, elapsed: 71s, ETA:     2s
[>>>>>>>>>>>>>>>>>>>>>>>>>>>>> ] 648/669, 9.1 task/s, elapsed: 71s, ETA:     2s
[>>>>>>>>>>>>>>>>>>>>>>>>>>>>> ] 649/669, 9.1 task/s, elapsed: 71s, ETA:     2s
[>>>>>>>>>>>>>>>>>>>>>>>>>>>>> ] 650/669, 9.1 task/s, elapsed: 71s, ETA:     2s
[>>>>>>>>>>>>>>>>>>>>>>>>>>>>> ] 651/669, 9.1 task/s, elapsed: 72s, ETA:     2s
[>>>>>>>>>>>>>>>>>>>>>>>>>>>>> ] 652/669, 9.1 task/s, elapsed: 72s, ETA:     2s
[>>>>>>>>>>>>>>>>>>>>>>>>>>>>> ] 653/669, 9.1 task/s, elapsed: 72s, ETA:     2s
[>>>>>>>>>>>>>>>>>>>>>>>>>>>>> ] 654/669, 9.1 task/s, elapsed: 72s, ETA:     2s
[>>>>>>>>>>>>>>>>>>>>>>>>>>>>> ] 655/669, 9.1 task/s, elapsed: 72s, ETA:     2s
[>>>>>>>>>>>>>>>>>>>>>>>>>>>>> ] 656/669, 9.1 task/s, elapsed: 72s, ETA:     1s
[>>>>>>>>>>>>>>>>>>>>>>>>>>>>> ] 657/669, 9.1 task/s, elapsed: 72s, ETA:     1s
[>>>>>>>>>>>>>>>>>>>>>>>>>>>>> ] 658/669, 9.1 task/s, elapsed: 72s, ETA:     1s
[>>>>>>>>>>>>>>>>>>>>>>>>>>>>> ] 659/669, 9.1 task/s, elapsed: 72s, ETA:     1s
[>>>>>>>>>>>>>>>>>>>>>>>>>>>>> ] 660/669, 9.1 task/s, elapsed: 73s, ETA:     1s
[>>>>>>>>>>>>>>>>>>>>>>>>>>>>> ] 661/669, 9.1 task/s, elapsed: 73s, ETA:     1s
[>>>>>>>>>>>>>>>>>>>>>>>>>>>>> ] 662/669, 9.1 task/s, elapsed: 73s, ETA:     1s
[>>>>>>>>>>>>>>>>>>>>>>>>>>>>> ] 663/669, 9.1 task/s, elapsed: 73s, ETA:     1s
[>>>>>>>>>>>>>>>>>>>>>>>>>>>>> ] 664/669, 9.1 task/s, elapsed: 73s, ETA:     1s
[>>>>>>>>>>>>>>>>>>>>>>>>>>>>> ] 665/669, 9.1 task/s, elapsed: 73s, ETA:     0s
[>>>>>>>>>>>>>>>>>>>>>>>>>>>>> ] 666/669, 9.1 task/s, elapsed: 73s, ETA:     0s
[>>>>>>>>>>>>>>>>>>>>>>>>>>>>> ] 667/669, 9.1 task/s, elapsed: 73s, ETA:     0s
[>>>>>>>>>>>>>>>>>>>>>>>>>>>>> ] 668/669, 9.1 task/s, elapsed: 73s, ETA:     0s
[>>>>>>>>>>>>>>>>>>>>>>>>>>>>>>] 669/669, 9.1 task/s, elapsed: 73s, ETA:     0s2026-06-30 05:30:50,218 - mmdet - INFO - Evaluating bbox...
2026-06-30 05:30:51,815 - mmdet - INFO - 
+-----------+-------+-----------+-------+-------------+-------+
| category  | AP    | category  | AP    | category    | AP    |
+-----------+-------+-----------+-------+-------------+-------+
| bicycle   | 0.249 | chair     | 0.583 | diningtable | 0.215 |
| bottle    | 0.444 | motorbike | 0.323 | car         | 0.308 |
| tvmonitor | 0.116 | bus       | 0.278 | None        | None  |
+-----------+-------+-----------+-------+-------------+-------+
2026-06-30 05:30:51,816 - mmdet - INFO - Evaluating segm...
/content/EALLIS/mmdetection/mmdet/datasets/coco.py:453: UserWarning: The key "bbox" is deleted for more accurate mask AP of small/medium/large instances since v2.12.0. This does not change the overall mAP calculation.
  warnings.warn(
2026-06-30 05:30:54,674 - mmdet - INFO - 
+-----------+-------+-----------+-------+-------------+-------+
| category  | AP    | category  | AP    | category    | AP    |
+-----------+-------+-----------+-------+-------------+-------+
| bicycle   | 0.135 | chair     | 0.554 | diningtable | 0.157 |
| bottle    | 0.448 | motorbike | 0.318 | car         | 0.145 |
| tvmonitor | 0.039 | bus       | 0.289 | None        | None  |
+-----------+-------+-----------+-------+-------------+-------+
2026-06-30 05:30:54,722 - mmdet - INFO - Exp name: train_kaggle.py
2026-06-30 05:30:54,723 - mmdet - INFO - Epoch(val) [12][669]	bbox_mAP: 0.4200, bbox_mAP_50: 0.5050, bbox_mAP_75: 0.3370, bbox_mAP_s: 0.0000, bbox_mAP_m: 0.0820, bbox_mAP_l: 0.3850, bbox_mAP_copypaste: 0.420 0.505 0.337 0.000 0.082 0.385, segm_mAP: 0.3450, segm_mAP_50: 0.4540, segm_mAP_75: 0.3400, segm_mAP_s: 0.0000, segm_mAP_m: 0.0630, segm_mAP_l: 0.3290, segm_mAP_copypaste: 0.345 0.454 0.340 0.000 0.063 0.329
Loading and preparing results...
DONE (t=0.01s)
creating index...
index created!
Running per image evaluation...
Evaluate annotation type *bbox*
DONE (t=1.21s).
Accumulating evaluation results...
DONE (t=0.35s).
 Average Precision  (AP) @[ IoU=0.50:0.95 | area=   all | maxDets=100 ] = 0.420
 Average Precision  (AP) @[ IoU=0.50      | area=   all | maxDets=1000 ] = 0.505
 Average Precision  (AP) @[ IoU=0.75      | area=   all | maxDets=1000 ] = 0.337
 Average Precision  (AP) @[ IoU=0.50:0.95 | area= small | maxDets=1000 ] = 0.000
 Average Precision  (AP) @[ IoU=0.50:0.95 | area=medium | maxDets=1000 ] = 0.082
 Average Precision  (AP) @[ IoU=0.50:0.95 | area= large | maxDets=1000 ] = 0.385
 Average Recall     (AR) @[ IoU=0.50:0.95 | area=   all | maxDets=100 ] = 0.406
 Average Recall     (AR) @[ IoU=0.50:0.95 | area=   all | maxDets=300 ] = 0.406
 Average Recall     (AR) @[ IoU=0.50:0.95 | area=   all | maxDets=1000 ] = 0.406
 Average Recall     (AR) @[ IoU=0.50:0.95 | area= small | maxDets=1000 ] = 0.000
 Average Recall     (AR) @[ IoU=0.50:0.95 | area=medium | maxDets=1000 ] = 0.153
 Average Recall     (AR) @[ IoU=0.50:0.95 | area= large | maxDets=1000 ] = 0.480
Loading and preparing results...
DONE (t=0.22s)
creating index...
index created!
Running per image evaluation...
Evaluate annotation type *segm*
DONE (t=2.13s).
Accumulating evaluation results...
DONE (t=0.37s).
 Average Precision  (AP) @[ IoU=0.50:0.95 | area=   all | maxDets=100 ] = 0.345
 Average Precision  (AP) @[ IoU=0.50      | area=   all | maxDets=1000 ] = 0.454
 Average Precision  (AP) @[ IoU=0.75      | area=   all | maxDets=1000 ] = 0.340
 Average Precision  (AP) @[ IoU=0.50:0.95 | area= small | maxDets=1000 ] = 0.000
 Average Precision  (AP) @[ IoU=0.50:0.95 | area=medium | maxDets=1000 ] = 0.063
 Average Precision  (AP) @[ IoU=0.50:0.95 | area= large | maxDets=1000 ] = 0.329
 Average Recall     (AR) @[ IoU=0.50:0.95 | area=   all | maxDets=100 ] = 0.338
 Average Recall     (AR) @[ IoU=0.50:0.95 | area=   all | maxDets=300 ] = 0.338
 Average Recall     (AR) @[ IoU=0.50:0.95 | area=   all | maxDets=1000 ] = 0.338
 Average Recall     (AR) @[ IoU=0.50:0.95 | area= small | maxDets=1000 ] = 0.000
 Average Recall     (AR) @[ IoU=0.50:0.95 | area=medium | maxDets=1000 ] = 0.128
 Average Recall     (AR) @[ IoU=0.50:0.95 | area= large | maxDets=1000 ] = 0.406
OrderedDict({'bbox_mAP': 0.42, 'bbox_mAP_50': 0.505, 'bbox_mAP_75': 0.337, 'bbox_mAP_s': 0.0, 'bbox_mAP_m': 0.082, 'bbox_mAP_l': 0.385, 'bbox_mAP_copypaste': '0.420 0.505 0.337 0.000 0.082 0.385', 'segm_mAP': 0.345, 'segm_mAP_50': 0.454, 'segm_mAP_75': 0.34, 'segm_mAP_s': 0.0, 'segm_mAP_m': 0.063, 'segm_mAP_l': 0.329, 'segm_mAP_copypaste': '0.345 0.454 0.340 0.000 0.063 0.329'})
